Employee Name,Job Title,Base Pay,Overtime Pay,Other Pay,Benefits,Total Pay,Total Pay & Benefits,Year,Notes,Agency,Status
Jay D Fraser,CITY MANAGER,130742.05,0.00,31071.55,54022.18,161813.60,215835.78,2016,,Boulder City,FT
Scott P Hansen,DIRECTOR/PUBLIC WORKS,123417.90,0.00,34365.30,40143.36,157783.20,197926.56,2016,,Boulder City,FT
Roger C Hall,DIRECTOR/PARKS AND RECREATION,99300.74,0.00,47302.25,50571.52,146602.99,197174.51,2016,,Boulder City,FT
David R Olsen,CITY ATTORNEY,126717.80,0.00,19325.80,50349.90,146043.60,196393.50,2016,,Boulder City,FT
Kevin D Nicholson,FIRE CHIEF,129678.90,0.00,15122.30,51263.28,144801.20,196064.48,2016,,Boulder City,FT
James A Vivone,FIRE CAPTAIN,83466.08,31627.05,24616.37,50073.56,139709.50,189783.06,2016,,Boulder City,FT
Brok A Armantrout,DIRECTOR/COMM DEVELOPMENT,114715.31,0.00,19166.70,47009.65,133882.01,180891.66,2016,,Boulder City,FT
John A Glenn,POLICE SERGEANT,94156.50,9045.42,32637.95,44392.37,135839.87,180232.24,2016,,Boulder City,FT
Lorene M Krumm,CITY CLERK,110138.91,0.00,19543.11,47009.66,129682.02,176691.68,2016,,Boulder City,FT
Walter West,FIRE CAPTAIN,55521.96,17404.04,54327.82,49209.05,127253.82,176462.87,2016,,Boulder City,FT
Aaron D Johnson,POLICE SERGEANT/DETECTIVE,92937.31,7690.89,29453.86,44814.37,130082.06,174896.43,2016,,Boulder City,FT
Rory V Dwyer,ADMININSTRATOR/ELECTRIC UTILIT,111055.60,0.00,15480.00,46145.42,126535.60,172681.02,2016,,Boulder City,FT
Vincent W Albowicz,POLICE SERGEANT,86494.10,7878.83,33219.64,42262.96,127592.57,169855.53,2016,,Boulder City,FT
Aaron R Bleck,FIRE CAPTAIN,73728.00,24359.12,25447.66,45932.47,123534.78,169467.25,2016,,Boulder City,FT
Charles J Gebhart,DIV CHIEF OF OPERATIONS,90102.90,0.00,22756.20,55838.90,112859.10,168698.00,2016,,Boulder City,FT
Bryce B Boldt,ADMINISTRATIVE OFFICER,108250.45,0.00,14364.95,45000.29,122615.40,167615.69,2016,,Boulder City,FT
Ian T Ham,POLICE OFFICER,78194.68,13261.28,35946.18,38682.11,127402.14,166084.25,2016,,Boulder City,FT
Lisa Byrd,POLICE SERGEANT/DETECTIVE,85651.49,3206.19,32930.66,41595.05,121788.34,163383.39,2016,,Boulder City,FT
Richard A Nutzman,POLICE OFFICER,71101.98,14457.66,36112.71,41063.94,121672.35,162736.29,2016,,Boulder City,FT
David L Krumm,POLICE OFFICER,72642.26,15414.36,33194.98,38064.80,121251.60,159316.40,2016,,Boulder City,FT
Jim T Keane,CITY ENGINEER,95505.60,0.00,30940.80,31567.78,126446.40,158014.18,2016,,Boulder City,FT
Marvis E Poole,SUPERVISOR/ELECTRICAL DIST,84820.50,14726.19,17517.40,40740.17,117064.09,157804.26,2016,,Boulder City,FT
Denzil C Mooney,FIRE ENGINEER,75995.52,19621.02,27447.18,34577.79,123063.72,157641.51,2016,,Boulder City,FT
Robert Nichols,ELECTRIC LINEWORKER/SENIOR,72747.73,22271.02,22374.58,38350.39,117393.33,155743.72,2016,,Boulder City,FT
Todd C Huff,POLICE OFFICER/DETECTIVE,74356.44,7876.87,33600.88,38538.28,115834.19,154372.47,2016,,Boulder City,FT
John P Daly,POLICE OFFICER,68028.82,7899.35,40637.69,37180.22,116565.86,153746.08,2016,,Boulder City,FT
Mark R Dubois,POLICE OFFICER,78563.78,5285.21,29875.52,37799.02,113724.51,151523.53,2016,,Boulder City,FT
Craig Tomao,POLICE OFFICER/DETECTIVE,69809.54,4064.54,37901.96,37553.69,111776.04,149329.73,2016,,Boulder City,FT
Gary R Poindexter,SUPERINTENDENT/PUBLIC WORKS,81390.08,0.00,35794.73,30762.82,117184.81,147947.63,2016,,Boulder City,FT
Thomas S Healing,POLICE SERGEANT,74198.64,5245.96,31410.14,36678.56,110854.74,147533.30,2016,,Boulder City,FT
Douglas M Honey,CHIEF ACCOUNTANT,89608.62,0.00,16021.30,39834.08,105629.92,145464.00,2016,,Boulder City,FT
Scott V Pastore,POLICE OFFICER,70655.32,8096.10,31602.27,34767.32,110353.69,145121.01,2016,,Boulder City,FT
Jeffrey G Grasso,POLICE OFFICER,70749.81,8942.52,30783.66,34152.10,110475.99,144628.09,2016,,Boulder City,FT
Roger P Martens,TECHNICIAN/SUBSTATION MAINTENA,70321.43,16543.99,19035.42,37987.82,105900.84,143888.66,2016,,Boulder City,FT
Michael Gabiola,FIRE ENGINEER,75279.84,9058.32,25716.37,33371.57,110054.53,143426.10,2016,,Boulder City,FT
Bernadette M Graham,COURT ADMINISTRATOR,83785.11,0.00,19771.69,39834.08,103556.80,143390.88,2016,,Boulder City,FT
Mary S Danielewicz,CITY PLANNER,84466.45,0.00,19090.35,39787.04,103556.80,143343.84,2016,,Boulder City,FT
Kerry L Ahearn,MANAGER/AIRPORT,86058.47,0.00,17498.33,39787.04,103556.80,143343.84,2016,,Boulder City,FT
Shirley D Hughes,DIRECTOR/FINANCE,78186.42,0.00,32451.99,32440.04,110638.41,143078.45,2016,,Boulder City,PT
Thomas Perkins,POLICE OFFICER,73988.94,3693.36,30074.62,34759.71,107756.92,142516.63,2016,,Boulder City,FT
Gary A Peck,ELECTRIC LINEWORKER,76889.05,16060.91,12483.29,36913.08,105433.25,142346.33,2016,,Boulder City,FT
Armando M Salazar,POLICE OFFICER,73797.00,4911.41,29013.10,34602.10,107721.51,142323.61,2016,,Boulder City,FT
Harold D Hadley,FIREFIGHTER PARAMEDIC,58613.76,14860.83,35087.13,32751.45,108561.72,141313.17,2016,,Boulder City,FT
Jason A Janson,ELECTRIC LINEWORKER,73116.94,14482.94,16561.36,36744.44,104161.24,140905.68,2016,,Boulder City,FT
Brian L Shea,FIREFIGHTER PARAMEDIC,70763.04,15409.01,22184.42,31478.23,108356.47,139834.70,2016,,Boulder City,FT
Vaun W Robinson,TECHNICIAN/SUBSTATION MAINTENA,74184.46,14259.37,14534.55,36498.59,102978.38,139476.97,2016,,Boulder City,FT
David P Olson,POLICE OFFICER/DETECTIVE,71162.30,0.00,31757.69,36092.58,102919.99,139012.57,2016,,Boulder City,FT
Michael P Noe,SUPERVISOR/WATER & SEWER,81390.89,4482.26,14389.72,38513.46,100262.87,138776.33,2016,,Boulder City,FT
Brett R Wibrew,POLICE OFFICER/DETECTIVE,70956.69,0.00,31638.78,35823.39,102595.47,138418.86,2016,,Boulder City,FT
Jon D Kingma,FIRE ENGINEER,75279.84,3588.04,25991.51,33371.57,104859.39,138230.96,2016,,Boulder City,FT
Justin N Clift,FIREFIGHTER PARAMEDIC,68307.12,12245.92,25467.46,32011.50,106020.50,138032.00,2016,,Boulder City,FT
Grant F Case,POLICE OFFICER,56370.12,1751.74,44735.03,34878.29,102856.89,137735.18,2016,,Boulder City,FT
Brandon M Ashby,POLICE OFFICER,71151.69,1053.01,30234.87,34896.56,102439.57,137336.13,2016,,Boulder City,FT
Brandon C Featherly,FIREFIGHTER PARAMEDIC,68365.44,11441.81,25898.26,31478.23,105705.51,137183.74,2016,,Boulder City,FT
Michael J Daniel,POLICE OFFICER,69324.43,2129.63,30518.61,34027.65,101972.67,136000.32,2016,,Boulder City,FT
Jarrod C Lindquist,ELECTRIC LINEWORKER,73462.54,9634.62,15424.99,36951.32,98522.15,135473.47,2016,,Boulder City,FT
Chadd L Richner,POLICE OFFICER,73038.20,3116.56,25403.67,33656.54,101558.43,135214.97,2016,,Boulder City,FT
Daniel R Schuster,FIREFIGHTER PARAMEDIC,69572.49,13707.33,21512.80,30303.27,104792.62,135095.89,2016,,Boulder City,FT
James M Kindel,EMS COORDINATOR,85384.75,0.00,11146.45,37709.76,96531.20,134240.96,2016,,Boulder City,FT
Keith E Sandin,POLICE OFFICER,67707.10,309.29,31516.20,34009.37,99532.59,133541.96,2016,,Boulder City,FT
Francisco Apeceche,ELECTRIC LINEWORKER,69707.49,6476.58,19245.78,37093.61,95429.85,132523.46,2016,,Boulder City,FT
Victor L Miller,JUDGE-MUNI COURT,91319.54,0.00,14700.00,26360.55,106019.54,132380.09,2016,,Boulder City,PT
Damon Butler,ELECTRIC LINEWORKER,66180.86,5941.05,23008.00,36783.25,95129.91,131913.16,2016,,Boulder City,FT
Michael H Edelstein,TECHNICIAN/ELECTRICAL MAINT,57287.08,4529.28,33150.75,36513.21,94967.11,131480.32,2016,,Boulder City,FT
Jeannette E Woolsey,POLICE OFFICER,54609.57,2075.08,41143.45,33461.86,97828.10,131289.96,2016,,Boulder City,FT
Tiffany Driscoll,POLICE OFFICER,61968.16,1219.18,33802.54,33138.73,96989.88,130128.61,2016,,Boulder City,FT
Todd A Cazett,POLICE OFFICER,59292.08,0.00,35439.32,33106.94,94731.40,127838.34,2016,,Boulder City,FT
Joshua A Barrone,FIREFIGHTER PARAMEDIC,63508.96,14864.37,19470.54,28376.23,97843.87,126220.10,2016,,Boulder City,FT
Skip A Spilman,DEV SVCS CONSERV SPECIALIST,73245.80,0.00,27084.60,24775.11,100330.40,125105.51,2016,,Boulder City,FT
Nigel G Walton,FIREFIGHTER PARAMEDIC,65010.42,15021.11,16707.92,27381.06,96739.45,124120.51,2016,,Boulder City,FT
David W Stanton,ADMINISTRATOR/CONTRACTS,72646.04,2494.04,14117.77,34780.75,89257.85,124038.60,2016,,Boulder City,FT
Sauri Sergio Solis-Sauri,SUPERVISOR/LANDSCAPE,73098.93,0.00,15345.67,34733.69,88444.60,123178.29,2016,,Boulder City,FT
Shane Cunningham,COORDINATOR/DESIGN & CONSTRUCT,69576.40,2759.20,26523.60,24296.73,98859.20,123155.93,2016,,Boulder City,FT
Ryan P Spradling,FIREFIGHTER PARAMEDIC,56608.16,13458.49,24718.34,27191.07,94784.99,121976.06,2016,,Boulder City,FT
Alexander Zoukas,FIREFIGHTER PARAMEDIC,64398.72,8769.20,18485.32,28568.57,91653.24,120221.81,2016,,Boulder City,FT
Nicholas C Giles,FIREFIGHTER PARAMEDIC,65143.36,12757.30,13679.29,27366.49,91579.95,118946.44,2016,,Boulder City,FT
James V Whitworth,FIREFIGHTER PARAMEDIC,61034.00,6787.22,22142.45,28568.57,89963.67,118532.24,2016,,Boulder City,FT
Christopher E Slack,POLICE OFFICER,60657.28,3668.60,24352.62,28443.59,88678.50,117122.09,2016,,Boulder City,FT
Terry W Thomas,COMBINATION INSPECTOR,69070.31,3320.02,9571.09,32459.34,81961.42,114420.76,2016,,Boulder City,FT
Wayne B Low,WASTEWATER TRMT PLANT OPER,42802.12,7376.96,29803.28,32320.92,79982.36,112303.28,2016,,Boulder City,FT
Patricia A Sullivan,COORDINATOR/RECREATION PROGRM,58007.16,0.00,30020.50,22031.18,88027.66,110058.84,2016,,Boulder City,FT
Marissa M Adou,COORDINATOR AIRPORT,65842.30,0.00,10207.30,32531.18,76049.60,108580.78,2016,,Boulder City,FT
Michael A Grimes,TECHNICIAN/ENGINEERING,61779.32,5300.82,9510.28,31161.30,76590.42,107751.72,2016,,Boulder City,FT
Ruby E Perkins,DISPATCH SUPERVISOR,62982.12,316.44,11963.61,31203.34,75262.17,106465.51,2016,,Boulder City,FT
Todd D Abratowski,MAINT WORKER/SR WATER & SEWER,50965.94,12723.98,11652.26,30425.74,75342.18,105767.92,2016,,Boulder City,FT
David R Joseph,TECHNICIAN/WATER & SEWER,46904.32,8823.34,18987.33,30981.25,74714.99,105696.24,2016,,Boulder City,FT
Edward T Shafer,TECHNICIAN/WATER & SEWER,43369.72,7581.71,22739.77,30556.37,73691.20,104247.57,2016,,Boulder City,FT
Nancy B Sommer,EXECUTIVE SECRETARY,62883.57,0.00,19997.23,20974.12,82880.80,103854.92,2016,,Boulder City,FT
Christopher K Gelson,POLICE OFFICER,55108.59,1751.81,20867.15,25538.72,77727.55,103266.27,2016,,Boulder City,FT
Steven R Priscu,MAINT WORKER/SR WATER & SEWER,53187.48,10420.34,9430.72,30169.65,73038.54,103208.19,2016,,Boulder City,FT
Tami J Mckay,DEPUTY CITY CLERK,63080.56,0.00,10677.25,29339.66,73757.81,103097.47,2016,,Boulder City,FT
David R Smith,MAINT WORKER/SR WATER & SEWER,50043.18,10020.16,11686.72,30001.08,71750.06,101751.14,2016,,Boulder City,FT
David W Sullins,MAINTENANCE COORD/STREET,54629.54,3712.73,13164.67,29718.49,71506.94,101225.43,2016,,Boulder City,FT
Timothy J Lynch,MAINTENANCE COORD/STREET,56032.06,2959.53,12354.91,29630.94,71346.50,100977.44,2016,,Boulder City,FT
Dann Deboer,EQUIPMENT MECHANIC,55577.21,1393.67,12235.45,29586.11,69206.33,98792.44,2016,,Boulder City,FT
Lourdes Martin,PERSONNEL ANALYST,57787.30,0.00,11005.65,29881.57,68792.95,98674.52,2016,,Boulder City,FT
Sicily Orton,DISPATCHER,51842.46,3393.73,14590.41,28605.87,69826.60,98432.47,2016,,Boulder City,FT
Ruth A Inabnitt,ANIMAL CONTROL SUPERVISOR,54009.96,4764.63,11052.05,28092.29,69826.64,97918.93,2016,,Boulder City,FT
James J Reed,MAINTENANCE COORD/STREET,35210.05,257.36,32527.32,29478.31,67994.73,97473.04,2016,,Boulder City,FT
Joel T Pepper,MAINT WORKER/SR WATER & SEWER,43501.78,6250.40,18335.09,29252.88,68087.27,97340.15,2016,,Boulder City,FT
Erich M Irmer,MAINT CREW LEADER/BLDG & FACIL,44126.58,0.00,23667.62,29422.15,67794.20,97216.35,2016,,Boulder City,FT
Rosalind C Daly,DISPATCHER,49085.90,2843.22,16693.75,28276.11,68622.87,96898.98,2016,,Boulder City,FT
David Duncan,TECHNICIAN/IRRIGATION,56245.94,877.37,10554.62,28684.24,67677.93,96362.17,2016,,Boulder City,FT
Louis Nicole M St Louis,DISPATCHER,47939.48,6617.26,13616.13,27306.56,68172.87,95479.43,2016,,Boulder City,FT
Jennifer A Rogers,SECRETARY/DEPARTMENT,51121.78,835.37,24478.33,18538.48,76435.48,94973.96,2016,,Boulder City,FT
Christopher W Croft,TECHNICIAN/ENGINEERING,55850.04,3242.88,6501.96,28556.74,65594.88,94151.62,2016,,Boulder City,FT
Jennifer L Giles,DISPATCHER,50280.35,3228.25,12404.38,27854.02,65912.98,93767.00,2016,,Boulder City,FT
Tina M Ransom,DISPATCHER,46098.46,1650.00,17670.27,28155.53,65418.73,93574.26,2016,,Boulder City,FT
Tara Thackeray,PARALEGAL,54750.34,0.00,9236.69,28853.27,63987.03,92840.30,2016,,Boulder City,FT
Curtiss W Easter,LANDSCAPE MAINT WORKER/SENIOR,53593.12,2202.76,8960.28,27621.96,64756.16,92378.12,2016,,Boulder City,FT
Aaron C Power,FIREFIGHTER,55114.16,7716.83,6912.88,22261.90,69743.87,92005.77,2016,,Boulder City,FT
Timothy J Shea,POLICE CHIEF,64829.20,0.00,2571.60,23889.16,67400.80,91289.96,2016,,Boulder City,PT
Cynthia L Outram,CLERK/UTILITIES,50407.62,821.92,13090.90,26797.74,64320.44,91118.18,2016,,Boulder City,FT
Bill W Gibson,MAINT WORKER/SENIOR,49348.75,606.98,13269.45,27706.02,63225.18,90931.20,2016,,Boulder City,FT
Erik J Corderman,MAINT WORKER/BLDG & FACILITIES,51915.90,1136.79,10005.56,27640.11,63058.25,90698.36,2016,,Boulder City,FT
Kelley A Fulton,COURT CLERK/SENIOR,51631.05,1868.33,9536.95,27627.12,63036.33,90663.45,2016,,Boulder City,FT
Pauline R Hornyak,COURT CLERK/SENIOR,52229.03,1456.18,8938.97,27627.12,62624.18,90251.30,2016,,Boulder City,FT
Roger D Reese,TECHNICIAN/SIGN & DELINEATION,47584.56,448.26,14275.48,27825.40,62308.30,90133.70,2016,,Boulder City,FT
Kelly I Haugh,DISPATCHER,46905.45,1344.06,14805.97,27002.14,63055.48,90057.62,2016,,Boulder City,FT
Julie A Calloway,COORDINATOR/RECREATION,53260.36,0.00,8745.25,27861.63,62005.61,89867.24,2016,,Boulder City,FT
Randall G Schmelzer,METER READER,50087.70,2747.52,9508.90,27279.05,62344.12,89623.17,2016,,Boulder City,FT
Adam B Carver,MAINTENANCE WORKER/WTR & SEWR,44973.85,4974.67,12449.72,27205.32,62398.24,89603.56,2016,,Boulder City,FT
James C Ropp,LANDSCAPE MAINT WORKER/SENIOR,35283.30,0.00,26146.11,27640.11,61429.41,89069.52,2016,,Boulder City,FT
Gerianne Nolan,DEVELOPMNT SERVICES SPECIALIST,52225.82,468.99,18859.70,17336.15,71554.51,88890.66,2016,,Boulder City,FT
Lia J Griffin,CLERK/ACCOUNTS PAYABLE,49724.29,0.00,21320.55,17260.12,71044.84,88304.96,2016,,Boulder City,FT
Roxanne P Pickens,TECHNICIAN/ARCHIVES AND RECORD,49430.27,0.00,11114.54,27760.12,60544.81,88304.93,2016,,Boulder City,FT
Brady D Prestwich,SUPERVISOR/UTIL BILLING & COLL,57043.06,1784.20,4953.75,24153.25,63781.01,87934.26,2016,,Boulder City,FT
Benjamin E Jurek,TECHNICIAN/IT SUPPORT,52704.45,333.12,6848.35,27784.59,59885.92,87670.51,2016,,Boulder City,FT
Aaron W Mcmorran,EQUIPMENT OPERATOR/STREET,48371.14,1400.18,10449.48,26909.62,60220.80,87130.42,2016,,Boulder City,FT
Inez J Dunmire,OFFICE ASSISTANT,47229.08,953.58,11792.82,27026.13,59975.48,87001.61,2016,,Boulder City,FT
Thomas K Duncan,METER READER,48403.46,445.88,11193.17,26841.74,60042.51,86884.25,2016,,Boulder City,FT
William R Trelease,CLERK/UTILITIES,53021.35,457.54,6316.25,26797.74,59795.14,86592.88,2016,,Boulder City,FT
Dain J Szafranski,CITY MARSHAL,55767.60,0.00,8697.36,21925.16,64464.96,86390.12,2016,,Boulder City,FT
Nancy J Connell,SECRETARY/DIVISIONAL,47012.07,0.00,12383.62,26814.01,59395.69,86209.70,2016,,Boulder City,FT
William R Avery,OFFICE ASSISTANT,50295.32,314.69,7865.94,26785.14,58475.95,85261.09,2016,,Boulder City,FT
Ladonna H Grasso,CLERK/MEDICAL BILLING,48620.81,0.00,8774.69,26546.25,57395.50,83941.75,2016,,Boulder City,FT
Michelle J Meeds,ACCOUNTING TECHNICIAN,49677.38,0.00,7255.43,26670.22,56932.81,83603.03,2016,,Boulder City,FT
Del D Lloyd,MAINT WORKER/LANDSCAPE,47529.93,518.41,9225.50,26135.25,57273.84,83409.09,2016,,Boulder City,FT
Jacob M Andersen,COORDINATOR/AQUATICS,47980.89,0.00,8479.27,26735.16,56460.16,83195.32,2016,,Boulder City,FT
Mark Mccreery,MAINTENANCE WORKER/WTR & SEWR,43458.69,686.80,12314.81,26177.51,56460.30,82637.81,2016,,Boulder City,FT
Robert R Blouch,ELECTRICIAN/METERING STREETLIG,51361.41,0.00,6472.04,24792.86,57833.45,82626.31,2016,,Boulder City,FT
Ron E Nybo,BUILDING OFFICIAL,25404.75,0.00,43584.87,12836.23,68989.62,81825.85,2016,,Boulder City,PT
Robert A Kreger,CUSTODIAL WORKER/SENIOR,49190.30,0.00,6487.90,26029.67,55678.20,81707.87,2016,,Boulder City,FT
William W Wilbur,MAINT WORKER/LANDSCAPE,47629.88,1235.57,6827.55,25265.58,55693.00,80958.58,2016,,Boulder City,FT
Shanon M Reiman,SECRETARY/DEPARTMENT,48088.30,108.44,5912.51,25620.16,54109.25,79729.41,2016,,Boulder City,FT
Vanessa J Ward,SECRETARY/DEPARTMENT,43622.03,0.00,9612.60,25401.11,53234.63,78635.74,2016,,Boulder City,FT
Ryan J Allain,CUSTODIAL WORKER,45691.00,0.00,7293.60,25275.54,52984.60,78260.14,2016,,Boulder City,FT
William R Moorhead,MAINT WORKER/LANDSCAPE,45139.38,811.70,6947.12,24769.62,52898.20,77667.82,2016,,Boulder City,FT
Matthew D Rogers,CUSTODIAL WORKER,44308.39,0.00,7717.11,24901.86,52025.50,76927.36,2016,,Boulder City,FT
Shane D Joseph,CUSTODIAL WORKER,43452.64,0.00,6273.56,24363.11,49726.20,74089.31,2016,,Boulder City,FT
Samuel Owens,MAINTENANCE WORKER/STREET,40575.71,2183.69,7406.51,23874.79,50165.91,74040.70,2016,,Boulder City,FT
Michael S Crook,WARRANT AND EVIDENCE TECHNICIA,45671.77,111.96,3470.63,24224.44,49254.36,73478.80,2016,,Boulder City,FT
Russell C Leonard,MAINT WORKER/LANDSCAPE,41233.60,0.00,8037.42,23841.42,49271.02,73112.44,2016,,Boulder City,FT
Jennifer L Switzer,GIS ANALYST,40966.16,352.96,7170.67,24534.94,48489.79,73024.73,2016,,Boulder City,FT
Kelly E Lehr,COORDINATOR/RECREATION,43585.43,0.00,3276.97,22130.73,46862.40,68993.13,2016,,Boulder City,FT
Caryn M Wright,ENVIRONMENTAL COMPLIANCE COORD,41451.06,0.00,0.00,11606.29,41451.06,53057.35,2016,,Boulder City,PT
Cheree A Brennan,PT ASST AQUATICS CORDINATOR,33326.00,42.75,9540.73,9331.28,42909.48,52240.76,2016,,Boulder City,FT
Eric D Montgomery,METER READER PT,36369.66,34.37,215.00,10183.53,36619.03,46802.56,2016,,Boulder City,PT
Susan Barros,OFFICE ASSISTANT,29766.57,0.00,936.87,10531.92,30703.44,41235.36,2016,,Boulder City,PT
Robin A Kariam,COORD/ASSIST RECREATION,28435.50,0.00,1659.00,7961.94,30094.50,38056.44,2016,,Boulder City,PT
Deborah A Barth,COORD/YOUTH CENTER,28424.81,0.00,0.00,7958.99,28424.81,36383.80,2016,,Boulder City,PT
Rodney S Woodbury,MAYOR,26000.04,0.00,0.00,7280.04,26000.04,33280.08,2016,,Boulder City,PT
Corey Jenkins,AIRPORT OPERATIONS AGENT,20714.40,0.00,1016.00,11484.54,21730.40,33214.94,2016,,Boulder City,PT
David W Judson,ANIMAL CONTROL OFFICER,19787.02,0.00,1696.01,10347.27,21483.03,31830.30,2016,,Boulder City,PT
Daniel A Nordstrom,POLICE OFFICER,13779.43,126.68,6545.37,6888.10,20451.48,27339.58,2016,,Boulder City,PT
Marcie D Gibson,SUPERVISOR/RECREATION,20776.25,0.00,542.85,5817.35,21319.10,27136.45,2016,,Boulder City,PT
Angela Brooks,ANIMAL CONTROL OFFICER,15876.57,0.00,2673.23,8058.94,18549.80,26608.74,2016,,Boulder City,PT
Hyun J Kim,DIRECTOR/FINANCE,18054.00,0.00,601.80,7065.46,18655.80,25721.26,2016,,Boulder City,PT
Edgar R Shuman,COUNCILMEMBER,20000.04,0.00,0.00,5600.04,20000.04,25600.08,2016,,Boulder City,PT
Stephanie A Boyle,COORD/SAFEKEY,18975.00,0.00,0.00,5313.00,18975.00,24288.00,2016,,Boulder City,PT
Levi G Gilliam,POLICE OFFICER,5998.40,0.00,13762.39,3175.12,19760.79,22935.91,2016,,Boulder City,PT
Frances L Trumble,OFFICE ASSISTANT FINANCE,16432.00,1404.00,0.00,4092.48,17836.00,21928.48,2016,,Boulder City,PT
Theresa M Grothe,ATTENDANT,6902.87,0.00,14318.81,0.00,21221.68,21221.68,2016,,Boulder City,PT
Steven R Corry,COORDINATOR/RECREATION,8436.00,0.00,7492.01,4391.39,15928.01,20319.40,2016,,Boulder City,PT
Margaret R Leavitt,COUNCILMEMBER,20000.04,0.00,0.00,0.00,20000.04,20000.04,2016,,Boulder City,PT
James J Petrie,SUPERVISOR/UTIL BILLING & COLL,0.00,0.00,20000.00,0.00,20000.00,20000.00,2016,,Boulder City,PT
Pamela S Hickey,OFFICE ASSISTANT,18686.50,0.00,0.00,0.00,18686.50,18686.50,2016,,Boulder City,PT
Wendy J Krumm,COURT CLERK,17417.75,0.00,0.00,0.00,17417.75,17417.75,2016,,Boulder City,PT
Sharon Berger,OFFICE ASSISTANT (N/PERS) FIN,17104.00,150.00,0.00,0.00,17254.00,17254.00,2016,,Boulder City,PT
Jennifer A Spinkelink,OFFICE ASSISTANT,16617.50,0.00,0.00,0.00,16617.50,16617.50,2016,,Boulder City,PT
Jennifer L Silvia,ANIMAL CONTROL KENNEL WORKER,16368.75,93.75,0.00,0.00,16462.50,16462.50,2016,,Boulder City,PT
Tricia M Singleton,OFFICE ASST COMM DEV,16180.27,0.00,0.00,0.00,16180.27,16180.27,2016,,Boulder City,PT
Holly L Webb,BCTV TECHNICIAN-PT,16104.40,0.00,0.00,0.00,16104.40,16104.40,2016,,Boulder City,PT
Flores Itzel Reyes-Flores,OFFICE ASST COMM DEV,15360.00,0.00,0.00,0.00,15360.00,15360.00,2016,,Boulder City,PT
Ronald E Miller,POLICE OFFICER PART TIME,14539.94,0.00,0.00,0.00,14539.94,14539.94,2016,,Boulder City,PT
Cam C Walker,COUNCILMEMBER,11202.84,0.00,0.00,3136.80,11202.84,14339.64,2016,,Boulder City,PT
Brandi C Carstensen,INSTRUCTOR/COMMISSION,0.00,0.00,13435.80,0.00,13435.80,13435.80,2016,,Boulder City,PT
Lisa S Wright,SUPERVISOR/RECREATION,12617.50,0.00,0.00,0.00,12617.50,12617.50,2016,,Boulder City,PT
Teri L Ruiz,OFFICE ASSISTANT,12353.12,0.00,0.00,0.00,12353.12,12353.12,2016,,Boulder City,PT
Robert W Eaton,COURT MARSHAL-PT,12153.43,0.00,11.83,0.00,12165.26,12165.26,2016,,Boulder City,PT
Shannon M Pinkard,INSTRUCTOR/COMMISSION,0.00,0.00,11839.40,0.00,11839.40,11839.40,2016,,Boulder City,PT
Brooke L Rinella,DISPATCHER - PART TIME,11393.83,0.00,0.00,0.00,11393.83,11393.83,2016,,Boulder City,PT
Kimberly L Smith,CUSTODIAL ASSISTANT,11315.25,0.00,0.00,0.00,11315.25,11315.25,2016,,Boulder City,PT
Coy Duncan R Mc Coy,COUNCILMEMBER,11202.84,0.00,0.00,0.00,11202.84,11202.84,2016,,Boulder City,PT
Dustin J Magruder,SAFEKEY AIDE,10560.00,0.00,0.00,0.00,10560.00,10560.00,2016,,Boulder City,PT
Brianna Egan,OFFICE ASSISTANT,10478.63,0.00,0.00,0.00,10478.63,10478.63,2016,,Boulder City,PT
Brent M Speyer,POLICE COMMANDER,6403.60,0.00,913.40,2842.00,7317.00,10159.00,2016,,Boulder City,PT
Bryanna L Gibbs,SAFEKEY LEADER,9582.50,0.00,0.00,0.00,9582.50,9582.50,2016,,Boulder City,PT
Douglas E Massy,POLICE OFFICER PART TIME,9406.82,0.00,8.00,0.00,9414.82,9414.82,2016,,Boulder City,PT
Willard E Tillman,COURT MARSHAL-PT,9329.93,0.00,9.25,0.00,9339.18,9339.18,2016,,Boulder City,PT
Peter A Torres,CUSTODIAL ASSISTANT,9224.50,0.00,0.00,0.00,9224.50,9224.50,2016,,Boulder City,PT
Pamela K Purkey,COURT MARSHAL-PT,9099.40,0.00,24.40,0.00,9123.80,9123.80,2016,,Boulder City,PT
Carol A Mckeever,OFFICE ASSISTANT FINANCE,6888.66,0.00,0.00,1928.82,6888.66,8817.48,2016,,Boulder City,PT
Margaret A Yeager,WSI LIFEGUARD,8131.53,0.00,525.00,0.00,8656.53,8656.53,2016,,Boulder City,PT
Judith R Holt,WSI LIFEGUARD,8222.84,0.00,0.00,0.00,8222.84,8222.84,2016,,Boulder City,PT
Isaiah Z Clark,HEAD LIFEGUARD,7818.53,0.00,0.00,0.00,7818.53,7818.53,2016,,Boulder City,PT
Brittany A Ricciardo,OFFICE ASSISTANT,7713.75,0.00,0.00,0.00,7713.75,7713.75,2016,,Boulder City,PT
Troy Wilborn,LIFEGUARD,7429.17,0.00,0.00,0.00,7429.17,7429.17,2016,,Boulder City,PT
Bradley P Kline,MAINT WORKER ASSISTANT - PT,7247.28,0.00,0.00,0.00,7247.28,7247.28,2016,,Boulder City,PT
Norman J Henrich,ATTENDANT,6243.79,0.00,860.25,0.00,7104.04,7104.04,2016,,Boulder City,PT
Makenzy R Waldo,SAFEKEY AIDE,7010.48,0.00,0.00,0.00,7010.48,7010.48,2016,,Boulder City,PT
Megan C Garnett,INSTRUCTOR/COMMISSION,1776.03,0.00,5216.73,0.00,6992.76,6992.76,2016,,Boulder City,PT
Carolyn A King,CASHIER/POOL,6902.03,0.00,0.00,0.00,6902.03,6902.03,2016,,Boulder City,PT
Christopher J Herrera,LIFEGUARD,6892.91,0.00,0.00,0.00,6892.91,6892.91,2016,,Boulder City,PT
Alexis G Stebbens,WSI LIFEGUARD,6823.49,0.00,20.75,0.00,6844.24,6844.24,2016,,Boulder City,PT
Linda L Molisee,SAFEKEY AIDE,6516.67,0.00,0.00,0.00,6516.67,6516.67,2016,,Boulder City,PT
Kathleen M Feeney,SAFEKEY AIDE,6401.03,0.00,0.00,0.00,6401.03,6401.03,2016,,Boulder City,PT
Joren J Selinger,WSI LIFEGUARD,5887.32,0.00,332.50,0.00,6219.82,6219.82,2016,,Boulder City,PT
Dean T Winters,RECREATION OFFICIAL,4760.36,0.00,1330.00,0.00,6090.36,6090.36,2016,,Boulder City,PT
Timothy R Oliver,MAINTENANCE WORKER POOL,5985.66,0.00,0.00,0.00,5985.66,5985.66,2016,,Boulder City,PT
James M Graff,RECREATION OFFICIAL,3933.02,0.00,1839.00,0.00,5772.02,5772.02,2016,,Boulder City,PT
Elizabeth J Mcgregor,CASHIER/POOL,5698.70,0.00,0.00,0.00,5698.70,5698.70,2016,,Boulder City,PT
Connor K Leavitt,RECREATION OFFICIAL,5335.95,0.00,224.00,0.00,5559.95,5559.95,2016,,Boulder City,PT
Virginia M Perkins,INSTRUCTOR/COMMISSION,0.00,0.00,5450.20,0.00,5450.20,5450.20,2016,,Boulder City,PT
Pierre Lynn R St Pierre,SAFEKEY AIDE,0.00,0.00,5361.30,0.00,5361.30,5361.30,2016,,Boulder City,PT
Jose L Fernandez,ATTENDANT,4796.14,0.00,434.75,0.00,5230.89,5230.89,2016,,Boulder City,PT
Aaron Jones,AIRPORT OPERATIONS AGENT,1892.40,0.00,1826.27,1463.54,3718.67,5182.21,2016,,Boulder City,PT
Trava Onken,ATTENDANT,4562.30,0.00,561.40,0.00,5123.70,5123.70,2016,,Boulder City,PT
Brandy N Rowe,SAFEKEY AIDE,4904.66,0.00,0.00,0.00,4904.66,4904.66,2016,,Boulder City,PT
Carl W Ford,FIRE RESERVE,4885.00,0.00,0.00,0.00,4885.00,4885.00,2016,,Boulder City,PT
David J Duncan,SAFEKEY AIDE,4795.36,0.00,0.00,0.00,4795.36,4795.36,2016,,Boulder City,PT
Mackenzie Sean R Murphy,SAFEKEY AIDE,4776.78,0.00,0.00,0.00,4776.78,4776.78,2016,,Boulder City,PT
Clinton S Petty,WSI LIFEGUARD,4623.02,0.00,0.00,0.00,4623.02,4623.02,2016,,Boulder City,PT
Richard E Walters,CROSSING GUARD,4522.50,0.00,0.00,0.00,4522.50,4522.50,2016,,Boulder City,PT
Jerry D Cook,CROSSING GUARD,4522.50,0.00,0.00,0.00,4522.50,4522.50,2016,,Boulder City,PT
Susan K Kohlman,CROSSING GUARD,4513.50,0.00,0.00,0.00,4513.50,4513.50,2016,,Boulder City,PT
Robert G Acevedo,FIRE RESERVE,4480.00,0.00,0.00,0.00,4480.00,4480.00,2016,,Boulder City,PT
Aubrey S Klouse,WSI LIFEGUARD,3610.01,0.00,863.09,0.00,4473.10,4473.10,2016,,Boulder City,PT
Ian N Donnelly,SAFEKEY AIDE,4469.12,0.00,0.00,0.00,4469.12,4469.12,2016,,Boulder City,PT
Dinah S Leasure,CROSSING GUARD,4261.50,0.00,0.00,0.00,4261.50,4261.50,2016,,Boulder City,PT
Ashley M Haney,CASHIER/POOL,4244.63,0.00,0.00,0.00,4244.63,4244.63,2016,,Boulder City,PT
Ellen Sylvanie,CROSSING GUARD,4225.50,0.00,0.00,0.00,4225.50,4225.50,2016,,Boulder City,PT
Steven M Ward,CROSSING GUARD,4131.00,0.00,0.00,0.00,4131.00,4131.00,2016,,Boulder City,PT
Marilyn J Ward,CROSSING GUARD,4117.50,0.00,0.00,0.00,4117.50,4117.50,2016,,Boulder City,PT
Karin E Macbride,CROSSING GUARD,3978.00,0.00,0.00,0.00,3978.00,3978.00,2016,,Boulder City,PT
Linda M Estes,INSTRUCTOR/WATER SAFETY,19.00,0.00,3901.90,0.00,3920.90,3920.90,2016,,Boulder City,PT
Jessica M Mix,INSTRUCTOR/COMMISSION,0.00,0.00,3825.50,0.00,3825.50,3825.50,2016,,Boulder City,PT
Garrett B Calloway,RECREATION OFFICIAL,2344.50,0.00,1404.00,0.00,3748.50,3748.50,2016,,Boulder City,PT
Tyson J Morris,WSI LIFEGUARD,3601.32,38.16,7.25,0.00,3646.73,3646.73,2016,,Boulder City,PT
Jahmaka J Gray,RECREATION OFFICIAL,2652.40,0.00,801.00,0.00,3453.40,3453.40,2016,,Boulder City,PT
Hannah R Doane,SAFEKEY AIDE,3374.27,0.00,0.00,0.00,3374.27,3374.27,2016,,Boulder City,PT
Christina L Fernandez,CASHIER/POOL,3304.15,0.00,0.00,0.00,3304.15,3304.15,2016,,Boulder City,PT
James H Konst,INSTRUCTOR/COMMISSION,0.00,0.00,3265.50,0.00,3265.50,3265.50,2016,,Boulder City,PT
Robin S Sekulich,DISPATCHER - PART TIME,3201.32,0.00,0.00,0.00,3201.32,3201.32,2016,,Boulder City,PT
Skylar L Mckay,RECREATION OFFICIAL,2582.30,0.00,559.00,0.00,3141.30,3141.30,2016,,Boulder City,PT
Summer D Wachtel,INSTRUCTOR/COMMISSION,2567.82,0.00,546.00,0.00,3113.82,3113.82,2016,,Boulder City,PT
Tara A Spinkelink,RECREATION OFFICIAL,1740.82,0.00,1365.00,0.00,3105.82,3105.82,2016,,Boulder City,PT
Dennis R Carhart,INSTRUCTOR/COMMISSION,2784.25,0.00,286.75,0.00,3071.00,3071.00,2016,,Boulder City,PT
Lari M Brown,OFFICE ASSISTANT FINANCE,2384.00,18.00,0.00,667.52,2402.00,3069.52,2016,,Boulder City,PT
Patti Brayton,COURT MARSHAL-PT,3037.32,0.00,0.00,0.00,3037.32,3037.32,2016,,Boulder City,PT
Melissa Liang,INTERN,2988.00,0.00,0.00,0.00,2988.00,2988.00,2016,,Boulder City,PT
Cierra B Wachtel,INSTRUCTOR/COMMISSION,2627.63,0.00,323.40,0.00,2951.03,2951.03,2016,,Boulder City,PT
Jacob A Derby,RECREATION OFFICIAL,1571.67,0.00,1281.00,0.00,2852.67,2852.67,2016,,Boulder City,PT
Velzani F Moncayo,LIFEGUARD 1,2851.80,0.00,0.00,0.00,2851.80,2851.80,2016,,Boulder City,PT
Anthony T Carvalho,LIFEGUARD 1,2846.27,0.00,0.00,0.00,2846.27,2846.27,2016,,Boulder City,PT
Coral B Leon,RECREATION OFFICIAL,1419.73,0.00,1369.00,0.00,2788.73,2788.73,2016,,Boulder City,PT
Francyl S Gawryn,INSTRUCTOR/COMMISSION,0.00,0.00,2746.10,0.00,2746.10,2746.10,2016,,Boulder City,PT
William R Nordstrom,CROSSING GUARD,2727.00,0.00,0.00,0.00,2727.00,2727.00,2016,,Boulder City,PT
Carlee Jo J Blumenthal,SAFEKEY AIDE,2670.95,0.00,0.00,0.00,2670.95,2670.95,2016,,Boulder City,PT
Nava Emiliano Brito Nava,FIRE RESERVE,2640.00,0.00,0.00,0.00,2640.00,2640.00,2016,,Boulder City,PT
Randy L Shea,RECREATION OFFICIAL,926.25,0.00,1638.00,0.00,2564.25,2564.25,2016,,Boulder City,PT
Chad J Anderson,RECREATION OFFICIAL,1445.88,0.00,1053.00,0.00,2498.88,2498.88,2016,,Boulder City,PT
Thomas B Morris,FIRE RESERVE,2455.00,0.00,0.00,0.00,2455.00,2455.00,2016,,Boulder City,PT
Sydney M Elkins,CASHIER/POOL,2442.01,0.00,0.00,0.00,2442.01,2442.01,2016,,Boulder City,PT
Briar Huff,COURT MARSHAL-PT,2408.38,0.00,0.00,0.00,2408.38,2408.38,2016,,Boulder City,PT
Amy Dieleman,INSTRUCTOR/COMMISSION,0.00,0.00,2390.50,0.00,2390.50,2390.50,2016,,Boulder City,PT
Zachary D Murphy,RECREATION OFFICIAL,2043.96,0.00,330.00,0.00,2373.96,2373.96,2016,,Boulder City,PT
Wyatt R Tilman,RECREATION OFFICIAL,1770.13,0.00,583.00,0.00,2353.13,2353.13,2016,,Boulder City,PT
Jami R Goudy,SUPERVISOR/ASSISTANT,1890.51,0.00,453.00,0.00,2343.51,2343.51,2016,,Boulder City,PT
Braden P Klouse,LIFEGUARD,2314.13,0.00,0.00,0.00,2314.13,2314.13,2016,,Boulder City,PT
Tyler Campbell,RECREATION OFFICIAL,1571.67,0.00,682.00,0.00,2253.67,2253.67,2016,,Boulder City,PT
Benjamin M Missel,LIFEGUARD,2235.78,0.00,0.00,0.00,2235.78,2235.78,2016,,Boulder City,PT
Christopher F Notaro,FIRE RESERVE,2170.00,0.00,0.00,0.00,2170.00,2170.00,2016,,Boulder City,PT
Brian J Artino,FIRE RESERVE,2162.16,0.00,0.00,0.00,2162.16,2162.16,2016,,Boulder City,PT
Rio Michael Del Rio,CUSTODIAL ASSISTANT,2145.00,0.00,0.00,0.00,2145.00,2145.00,2016,,Boulder City,PT
Sierra Selinger,LIFEGUARD,2021.26,0.00,0.00,0.00,2021.26,2021.26,2016,,Boulder City,PT
Monte J Morris,WSI LIFEGUARD,1919.01,0.00,0.00,0.00,1919.01,1919.01,2016,,Boulder City,PT
Patricia B Brown,CROSSING GUARD,1903.50,0.00,0.00,0.00,1903.50,1903.50,2016,,Boulder City,PT
Michael A Archer,INSTRUCTOR/COMMISSION,0.00,0.00,1829.80,0.00,1829.80,1829.80,2016,,Boulder City,PT
Cade J Braden,LIFEGUARD,1802.63,6.19,0.00,0.00,1808.82,1808.82,2016,,Boulder City,PT
Michele B Schiemer,CASHIER/POOL,1769.39,0.00,0.00,0.00,1769.39,1769.39,2016,,Boulder City,PT
Mario E Castanon,RECREATION OFFICIAL,1347.25,0.00,332.00,0.00,1679.25,1679.25,2016,,Boulder City,PT
Ginny L Penuelas,WSI LIFEGUARD,1462.00,0.00,82.06,0.00,1544.06,1544.06,2016,,Boulder City,PT
Taylor A Mckeever,LIFEGUARD 1,1538.52,0.00,0.00,0.00,1538.52,1538.52,2016,,Boulder City,PT
Julie A Connell,INSTRUCTOR/COMMISSION,0.00,0.00,1485.75,0.00,1485.75,1485.75,2016,,Boulder City,PT
Daniel J Haskin,COORD/ASSIST RECREATION,1485.00,0.00,0.00,0.00,1485.00,1485.00,2016,,Boulder City,PT
Katherine R Bethke,INSTRUCTOR/COMMISSION,0.00,0.00,1473.50,0.00,1473.50,1473.50,2016,,Boulder City,PT
Megan D Morton,RECREATION OFFICIAL,728.88,0.00,717.00,0.00,1445.88,1445.88,2016,,Boulder City,PT
Craig R Corey,INSTRUCTOR/COMMISSION,0.00,0.00,1370.26,0.00,1370.26,1370.26,2016,,Boulder City,PT
Michael A Chubb,INSTRUCTOR/COMMISSION,0.00,0.00,1322.30,0.00,1322.30,1322.30,2016,,Boulder City,PT
Bilal W Amin,INSTRUCTOR/COMMISSION,0.00,0.00,1310.40,0.00,1310.40,1310.40,2016,,Boulder City,PT
Lynnmarie Petronsky,INSTRUCTOR/COMMISSION,0.00,0.00,1309.00,0.00,1309.00,1309.00,2016,,Boulder City,PT
Emmalee B Torgesen,RECREATION OFFICIAL,738.40,0.00,556.00,0.00,1294.40,1294.40,2016,,Boulder City,PT
Norman T Hinson,RECREATION OFFICIAL,1245.76,0.00,0.00,0.00,1245.76,1245.76,2016,,Boulder City,PT
Sondra A Wachtel,INSTRUCTOR/COMMISSION,0.00,0.00,1220.63,0.00,1220.63,1220.63,2016,,Boulder City,PT
Kathryn T Walker,INSTRUCTOR/WATER SAFETY,280.25,0.00,934.85,0.00,1215.10,1215.10,2016,,Boulder City,PT
Andrea M Nevel,CASHIER/POOL,1214.82,0.00,0.00,0.00,1214.82,1214.82,2016,,Boulder City,PT
Quentin D Turner,RECREATION OFFICIAL,724.63,0.00,427.00,0.00,1151.63,1151.63,2016,,Boulder City,PT
Joyce A Dimanno,ATTENDANT,955.07,0.00,185.00,0.00,1140.07,1140.07,2016,,Boulder City,PT
Bailey A Owens,CASHIER/POOL,1095.19,0.00,0.00,0.00,1095.19,1095.19,2016,,Boulder City,PT
Payton L Hess,LIFEGUARD,1076.63,0.00,0.00,0.00,1076.63,1076.63,2016,,Boulder City,PT
Jenny T Ballif,INSTRUCTOR/COMMISSION,0.00,0.00,1075.20,0.00,1075.20,1075.20,2016,,Boulder City,PT
Emily C Owens,LIFEGUARD,1072.51,0.00,0.00,0.00,1072.51,1072.51,2016,,Boulder City,PT
David R Liggett,FIRE RESERVE,1067.50,0.00,0.00,0.00,1067.50,1067.50,2016,,Boulder City,PT
Jillian C Porter,LIFEGUARD,1043.63,0.00,0.00,0.00,1043.63,1043.63,2016,,Boulder City,PT
Richard A Hindman,INSTRUCTOR/COMMISSION,0.00,0.00,1022.00,0.00,1022.00,1022.00,2016,,Boulder City,PT
Shelby K Gebhart,WSI LIFEGUARD,979.14,0.00,0.00,0.00,979.14,979.14,2016,,Boulder City,PT
Timothy C Parker,FIRE RESERVE,975.00,0.00,0.00,0.00,975.00,975.00,2016,,Boulder City,PT
Beatrice M Werner,INSTRUCTOR/COMMISSION,0.00,0.00,957.60,0.00,957.60,957.60,2016,,Boulder City,PT
Jon M Stevens,INSTRUCTOR/COMMISSION,0.00,0.00,929.60,0.00,929.60,929.60,2016,,Boulder City,PT
Beth K Vandenberg,ATTENDANT,360.75,0.00,550.38,0.00,911.13,911.13,2016,,Boulder City,PT
Jennifer Henry,CROSSING GUARD,859.50,0.00,0.00,0.00,859.50,859.50,2016,,Boulder City,PT
Kelly Braver,Not Provided,840.00,0.00,0.00,0.00,840.00,840.00,2016,,Boulder City,PT
Judith A Rudd,CROSSING GUARD,814.50,0.00,0.00,0.00,814.50,814.50,2016,,Boulder City,PT
Colleen M Fay,INSTRUCTOR/WATER SAFETY,30.63,0.00,747.10,0.00,777.73,777.73,2016,,Boulder City,PT
Austin L Wishard,RECREATION OFFICIAL,333.63,0.00,396.00,0.00,729.63,729.63,2016,,Boulder City,PT
Jacob D Hubel,RECREATION OFFICIAL,550.69,0.00,155.00,0.00,705.69,705.69,2016,,Boulder City,PT
William J Wilson,FIRE RESERVE,690.00,0.00,0.00,0.00,690.00,690.00,2016,,Boulder City,PT
Carol M Peterson,INSTRUCTOR/WATER SAFETY,193.50,0.00,486.11,0.00,679.61,679.61,2016,,Boulder City,PT
Eva R Ponce,CUSTODIAL ASSISTANT,594.00,0.00,0.00,0.00,594.00,594.00,2016,,Boulder City,PT
James T Carpenter,COURT MARSHAL-PT,590.59,0.00,0.00,0.00,590.59,590.59,2016,,Boulder City,PT
Barbara A Agostini,COORD/ASSIST Y CENTER,546.00,0.00,0.00,0.00,546.00,546.00,2016,,Boulder City,PT
Patricia H Amon,INSTRUCTOR/COMMISSION,0.00,0.00,535.50,0.00,535.50,535.50,2016,,Boulder City,PT
Thomas J Dickinson,LIFEGUARD,509.45,0.00,0.00,0.00,509.45,509.45,2016,,Boulder City,PT
James F Deutz,INSTRUCTOR/COMMISSION,16.50,0.00,453.60,0.00,470.10,470.10,2016,,Boulder City,PT
Aimee J Finn,RECREATION OFFICIAL,294.96,0.00,155.00,0.00,449.96,449.96,2016,,Boulder City,PT
Zachary Trone,RECREATION OFFICIAL,365.07,0.00,74.00,0.00,439.07,439.07,2016,,Boulder City,PT
Debbie A Miller,CROSSING GUARD,427.50,0.00,0.00,0.00,427.50,427.50,2016,,Boulder City,PT
Allison B Calloway,RECREATION OFFICIAL,349.13,0.00,0.00,0.00,349.13,349.13,2016,,Boulder City,PT
Cynthia A Fullmer,INSTRUCTOR/WATER SAFETY,146.75,0.00,196.75,0.00,343.50,343.50,2016,,Boulder City,PT
Alyxsiah R Rashaad,OFFICE ASSISTANT FINANCE,256.00,0.00,0.00,71.68,256.00,327.68,2016,,Boulder City,PT
Alexas B Cota,FIRE RESERVE,320.00,0.00,0.00,0.00,320.00,320.00,2016,,Boulder City,PT
Staci M Selinger,WSI LIFEGUARD,0.00,0.00,315.35,0.00,315.35,315.35,2016,,Boulder City,PT
Laurel L Fielding,WSI LIFEGUARD,18.75,0.00,293.89,0.00,312.64,312.64,2016,,Boulder City,PT
Buddy A Boggs,SAFEKEY AIDE,309.38,0.00,0.00,0.00,309.38,309.38,2016,,Boulder City,PT
Deanya Aguirre,CASHIER/POOL,309.38,0.00,0.00,0.00,309.38,309.38,2016,,Boulder City,PT
Kurt J Thien,FIRE RESERVE,305.00,0.00,0.00,0.00,305.00,305.00,2016,,Boulder City,PT
Gary E Miller,CROSSING GUARD,270.00,0.00,0.00,0.00,270.00,270.00,2016,,Boulder City,PT
Cortney L Blumenthal,RECREATION OFFICIAL,150.57,0.00,110.00,0.00,260.57,260.57,2016,,Boulder City,PT
Angela K Wright,CASHIER/POOL,258.88,0.00,0.00,0.00,258.88,258.88,2016,,Boulder City,PT
Jenny M Harris,SAFEKEY AIDE,229.50,0.00,0.00,0.00,229.50,229.50,2016,,Boulder City,PT
Cyrus J Quintana,SAFEKEY AIDE,177.38,0.00,0.00,0.00,177.38,177.38,2016,,Boulder City,PT
Chet Freedman,INSTRUCTOR/COMMISSION,0.00,0.00,140.00,0.00,140.00,140.00,2016,,Boulder City,PT
Lars J Palmer,LIFEGUARD 1,80.75,0.00,0.00,0.00,80.75,80.75,2016,,Boulder City,PT
Evan L Klouse,WSI LIFEGUARD,0.00,0.00,57.94,0.00,57.94,57.94,2016,,Boulder City,PT
Deborah A Downs,INSTRUCTOR/COMMISSION,0.00,0.00,56.00,0.00,56.00,56.00,2016,,Boulder City,PT
Jessicka R David,CASHIER/POOL,49.50,0.00,0.00,0.00,49.50,49.50,2016,,Boulder City,PT
