Employee Name,Job Title,Base Pay,Overtime Pay,Other Pay,Benefits,Total Pay,Total Pay & Benefits,Year,Notes,Agency,Status
Meghan Kelly,Professional Engineer,72536.00,0.00,0.00,34318.00,72536.00,106854.00,2016,,Nevada Tahoe Conservation District,""
Monica Grammenos,Professional Engineer,72453.00,0.00,0.00,17932.00,72453.00,90385.00,2016,,Nevada Tahoe Conservation District,""
Dominique Fellers,Environmental Scientist III,63108.00,0.00,0.00,25169.00,63108.00,88277.00,2016,,Nevada Tahoe Conservation District,""
Michael Pook,Environmental Scientist III,47817.00,0.00,2642.00,21763.00,50459.00,72222.00,2016,,Nevada Tahoe Conservation District,""
Mark Thorpe,Administrator,49700.00,0.00,0.00,21583.00,49700.00,71283.00,2016,,Nevada Tahoe Conservation District,""
Jason Brand,Program Manager,15441.00,0.00,5033.00,11036.00,20474.00,31510.00,2016,,Nevada Tahoe Conservation District,""
