Employee Name,Job Title,Base Pay,Overtime Pay,Other Pay,Benefits,Total Pay,Total Pay & Benefits,Year,Notes,Agency,Status
Ryan Sommers,Fire Chief,152481.62,0.00,33502.78,77032.63,185984.40,263017.03,2016,,North Lake Tahoe Fire Protection District,""
Mark Regan,Assistant Fire Marshall,140774.51,0.00,16286.60,73487.71,157061.11,230548.82,2016,,North Lake Tahoe Fire Protection District,""
Jeff Sambrano,Battalion Chief,129645.62,0.00,11020.00,75672.77,140665.62,216338.39,2016,,North Lake Tahoe Fire Protection District,""
Carol Green,Captain,87330.88,52376.47,20972.96,53570.28,160680.31,214250.59,2016,,North Lake Tahoe Fire Protection District,""
Isaac Powning,Fuels Management Officer,80223.80,61608.66,7441.48,61509.27,149273.94,210783.21,2016,,North Lake Tahoe Fire Protection District,""
John McClellan,Captain,87330.88,26842.91,26095.29,70237.15,140269.08,210506.23,2016,,North Lake Tahoe Fire Protection District,""
Steve Eikam,Battalion Chief,128714.95,0.00,12268.89,69327.58,140983.84,210311.42,2016,,North Lake Tahoe Fire Protection District,""
Bryan Calder,Battalion Chief,129645.62,0.00,0.00,75672.77,129645.62,205318.39,2016,,North Lake Tahoe Fire Protection District,""
Jay Euse,Captain,87330.88,25490.75,19514.31,69293.81,132335.94,201629.75,2016,,North Lake Tahoe Fire Protection District,""
Bruce Hicks,Captain,87330.88,26571.21,21998.69,64283.66,135900.78,200184.44,2016,,North Lake Tahoe Fire Protection District,""
Scott Zimmerman,Engineer,75653.76,28286.07,16037.88,62827.28,119977.71,182804.99,2016,,North Lake Tahoe Fire Protection District,""
Shayne Reed,Captain,87592.56,18034.19,13193.79,63525.04,118820.54,182345.58,2016,,North Lake Tahoe Fire Protection District,""
Kenneth Leijon,Engineer,75653.76,18285.61,23039.24,64811.51,116978.61,181790.12,2016,,North Lake Tahoe Fire Protection District,""
Brett Jacobsen,Engineer,75653.76,30311.98,19219.85,55983.37,125185.59,181168.96,2016,,North Lake Tahoe Fire Protection District,""
Ryan Dominguez,Foreman,41995.00,1161.00,1660.00,136114.90,44816.00,180930.90,2016,,North Lake Tahoe Fire Protection District,""
Scott Woodcock,Firefighter,80388.00,14185.44,18884.77,65271.70,113458.21,178729.91,2016,,North Lake Tahoe Fire Protection District,""
Stephen Higley,Captain,85450.40,11275.25,19666.02,59046.86,116391.67,175438.53,2016,,North Lake Tahoe Fire Protection District,""
Ronald Johnson,Paramedic,75653.76,16834.36,19051.64,60053.02,111539.76,171592.78,2016,,North Lake Tahoe Fire Protection District,""
Jeffry Byrne,Paramedic,75653.76,25952.52,9865.04,59731.21,111471.32,171202.53,2016,,North Lake Tahoe Fire Protection District,""
Todd Bassett,Paramedic,75653.76,12987.65,22751.70,59562.67,111393.11,170955.78,2016,,North Lake Tahoe Fire Protection District,""
Bruce Toy,Paramedic,75653.76,8592.08,28495.42,53813.81,112741.26,166555.07,2016,,North Lake Tahoe Fire Protection District,""
Michael D. Brown,"Fire Chief, retired",41674.50,0.00,81881.37,42216.57,123555.87,165772.44,2016,,North Lake Tahoe Fire Protection District,""
Monte Santos,Captain,85532.17,10004.07,11414.22,56273.46,106950.46,163223.92,2016,,North Lake Tahoe Fire Protection District,""
Jacob Fonken,Paramedic,74099.20,27995.61,3705.05,54625.45,105799.86,160425.31,2016,,North Lake Tahoe Fire Protection District,""
Timothy Allen,Captain,87330.88,31925.26,17353.41,23585.15,136609.55,160194.70,2016,,North Lake Tahoe Fire Protection District,""
Sharon Cary,Business Manager,117146.00,0.00,0.00,42569.85,117146.00,159715.85,2016,,North Lake Tahoe Fire Protection District,""
Scott Peterson,Engineer,75653.76,6582.22,16053.62,59736.10,98289.60,158025.70,2016,,North Lake Tahoe Fire Protection District,""
Jeff Cutler,Engineer,75653.76,6568.40,15881.62,59675.42,98103.78,157779.20,2016,,North Lake Tahoe Fire Protection District,""
Mike Steiner,Firefighter,75380.49,3088.84,24829.01,52559.77,103298.34,155858.11,2016,,North Lake Tahoe Fire Protection District,""
David Melkonian,Paramedic,74904.48,20124.36,4652.08,55578.99,99680.92,155259.91,2016,,North Lake Tahoe Fire Protection District,""
James Nelligan,Paramedic,74592.00,17176.55,4929.79,57798.23,96698.34,154496.57,2016,,North Lake Tahoe Fire Protection District,""
Casey Quinlan,Paramedic,75653.76,10681.42,7565.22,59802.25,93900.40,153702.65,2016,,North Lake Tahoe Fire Protection District,""
Shane Schuster,Paramedic,74099.20,17724.11,3705.05,57588.71,95528.36,153117.07,2016,,North Lake Tahoe Fire Protection District,""
Jed Horan,Paramedic,80060.00,2916.75,9959.52,58773.26,92936.27,151709.53,2016,,North Lake Tahoe Fire Protection District,""
Justin Ashby,Paramedic,74904.49,12336.03,5575.76,54967.74,92816.28,147784.02,2016,,North Lake Tahoe Fire Protection District,""
Russell Barnum,Paramedic,75653.76,3919.35,9330.26,56901.51,88903.37,145804.88,2016,,North Lake Tahoe Fire Protection District,""
Stephen Park,Paramedic,73133.76,9312.86,3656.76,57178.18,86103.38,143281.56,2016,,North Lake Tahoe Fire Protection District,""
Alex Hughes,Paramedic,72265.76,5947.22,4813.42,53876.05,83026.40,136902.45,2016,,North Lake Tahoe Fire Protection District,""
Michael Roen,Seasonal Firefighter,72457.28,4590.10,3204.98,53788.23,80252.36,134040.59,2016,,North Lake Tahoe Fire Protection District,""
Jason Knight,Paramedic,72680.72,4463.17,4178.69,49703.12,81322.58,131025.70,2016,,North Lake Tahoe Fire Protection District,""
Brian Maples,Paramedic,74099.20,1704.48,4904.95,49882.27,80708.63,130590.90,2016,,North Lake Tahoe Fire Protection District,""
Jake Chatelle,Firefighter,68883.36,2633.50,7958.42,49209.22,79475.28,128684.50,2016,,North Lake Tahoe Fire Protection District,""
Jill Andersen,Paramedic,75653.76,1072.26,7565.22,43533.67,84291.24,127824.91,2016,,North Lake Tahoe Fire Protection District,""
Micah Wilcock,Paramedic,72265.76,15583.97,4813.42,35118.05,92663.15,127781.20,2016,,North Lake Tahoe Fire Protection District,""
Al Rosenstengel,Mechanic,64426.80,602.85,30846.48,30609.16,95876.13,126485.29,2016,,North Lake Tahoe Fire Protection District,""
Tia Rancourt,Pub Ed Officer,63007.82,3500.91,15154.82,44643.53,81663.55,126307.08,2016,,North Lake Tahoe Fire Protection District,""
Patrick Schafer,Forester,70660.00,5569.98,9213.50,40642.50,85443.48,126085.98,2016,,North Lake Tahoe Fire Protection District,""
Stephen Alcorn,Captain,31590.16,177.57,51188.10,38944.34,82955.83,121900.17,2016,,North Lake Tahoe Fire Protection District,""
Zac Bray,Foreman,52300.00,10569.50,8731.98,50293.30,71601.48,121894.78,2016,,North Lake Tahoe Fire Protection District,""
Thomas Rores,Firefighter,65582.74,1784.84,9712.99,39075.42,77080.57,116155.99,2016,,North Lake Tahoe Fire Protection District,""
Eric Darragh,Crew Supervisor,45900.00,26595.00,4287.00,31541.82,76782.00,108323.82,2016,,North Lake Tahoe Fire Protection District,""
Tracy Collins,Accountant,60613.00,0.00,9191.20,34742.93,69804.20,104547.13,2016,,North Lake Tahoe Fire Protection District,""
Joshua Whitman,Foreman,41840.00,23874.38,2940.00,30734.90,68654.38,99389.28,2016,,North Lake Tahoe Fire Protection District,""
April Shackelford,Squad Boss,54486.20,574.98,4211.70,25876.60,59272.88,85149.48,2016,,North Lake Tahoe Fire Protection District,""
Randy William,MIS Spec.,59368.40,7435.80,0.00,16623.15,66804.20,83427.35,2016,,North Lake Tahoe Fire Protection District,""
Stephen Drescher,Paramedic,42669.20,1820.31,6218.82,23908.78,50708.33,74617.11,2016,,North Lake Tahoe Fire Protection District,""
Matthew Liguori,Paramedic,31169.60,5467.34,1558.48,36369.69,38195.42,74565.11,2016,,North Lake Tahoe Fire Protection District,""
Jennifer Doohue,Fire Inspector II,41848.90,1249.37,2654.66,26177.99,45752.93,71930.92,2016,,North Lake Tahoe Fire Protection District,""
Patrick Blount,Seasonal Firefighter,26472.00,26305.52,6600.00,2512.16,59377.52,61889.68,2016,,North Lake Tahoe Fire Protection District,""
Daniel Bradley,Seasonal Firefighter,29568.00,25294.50,462.00,2794.16,55324.50,58118.66,2016,,North Lake Tahoe Fire Protection District,""
Vicki Nolan-Baumann,Admin. Asst,15668.52,329.72,13907.77,22335.58,29906.01,52241.59,2016,,North Lake Tahoe Fire Protection District,""
Samuel Klippenstein,Seasonal Firefighter,18180.00,25050.01,5392.86,597.80,48622.87,49220.67,2016,,North Lake Tahoe Fire Protection District,""
Andrew Thorne,Seasonal Firefighter,25050.00,22306.13,0.00,1814.40,47356.13,49170.53,2016,,North Lake Tahoe Fire Protection District,""
Nicholas Dufur,Seasonal Firefighter,17880.00,22279.13,6637.65,588.00,46796.78,47384.78,2016,,North Lake Tahoe Fire Protection District,""
Carson Tomicic,Seasonal Firefighter,16980.00,25842.01,1068.75,558.06,43890.76,44448.82,2016,,North Lake Tahoe Fire Protection District,""
Dylan Ghan,Seasonal Firefighter,16980.00,18801.11,6156.00,558.60,41937.11,42495.71,2016,,North Lake Tahoe Fire Protection District,""
Bodoe Blakely,Seasonal Firefighter,15780.00,20563.51,5218.91,519.40,41562.42,42081.82,2016,,North Lake Tahoe Fire Protection District,""
Jeffrey Ellis,Seasonal Firefighter,17280.00,21203.74,2798.50,568.00,41282.24,41850.24,2016,,North Lake Tahoe Fire Protection District,""
Zachary Parker,Seasonal Firefighter,17880.00,18062.45,4177.50,588.00,40119.95,40707.95,2016,,North Lake Tahoe Fire Protection District,""
Elizabeth Erdelyi,Admin assistant,26620.00,1089.00,2067.12,7700.00,29776.12,37476.12,2016,,North Lake Tahoe Fire Protection District,""
Chris Magenheimer,Battalion Chief,13723.08,0.00,0.00,23207.68,13723.08,36930.76,2016,,North Lake Tahoe Fire Protection District,""
Erik Hopper,Seasonal Firefighter,14320.00,19900.51,2099.00,0.00,36319.51,36319.51,2016,,North Lake Tahoe Fire Protection District,""
Jordan Kholer,Paramedic,10846.01,812.00,703.87,23579.86,12361.88,35941.74,2016,,North Lake Tahoe Fire Protection District,""
Mark Nolan,Seasonal Firefighter,14180.00,20516.63,1168.75,0.00,35865.38,35865.38,2016,,North Lake Tahoe Fire Protection District,""
Adrian Luquin,Seasonal Firefighter,14180.00,15889.68,5254.29,0.00,35323.97,35323.97,2016,,North Lake Tahoe Fire Protection District,""
Kyle Neckles,Seasonal Firefighter,14700.00,14929.97,3954.38,0.00,33584.35,33584.35,2016,,North Lake Tahoe Fire Protection District,""
Jason Kiesling,Seasonal Firefighter,13140.00,14513.73,5006.03,0.00,32659.76,32659.76,2016,,North Lake Tahoe Fire Protection District,""
Clint Grinsell,Seasonal Firefighter,15055.00,15116.27,1472.63,499.80,31643.90,32143.70,2016,,North Lake Tahoe Fire Protection District,""
Austin Rauh,Seasonal Firefighter,17000.00,12773.44,1160.00,568.40,30933.44,31501.84,2016,,North Lake Tahoe Fire Protection District,""
David Curtis,Seasonal Firefighter,13660.00,13865.36,3701.79,0.00,31227.15,31227.15,2016,,North Lake Tahoe Fire Protection District,""
Austin Brown,Seasonal Firefighter,15380.00,13737.38,1105.00,509.60,30222.38,30731.98,2016,,North Lake Tahoe Fire Protection District,""
Derek Chavez,Seasonal Forester,23653.68,4171.86,0.00,1086.62,27825.54,28912.16,2016,,North Lake Tahoe Fire Protection District,""
Brian Pointer,Seasonal Firefighter,13140.00,14114.08,1338.75,0.00,28592.83,28592.83,2016,,North Lake Tahoe Fire Protection District,""
Alan Green,IT Manager,13322.40,264.13,873.60,13857.88,14460.13,28318.01,2016,,North Lake Tahoe Fire Protection District,""
Collin Thompson,Seasonal Firefighter,14680.00,3754.13,6941.88,0.00,25376.01,25376.01,2016,,North Lake Tahoe Fire Protection District,""
Manuel Castaneda,Seasonal Forester,15400.00,7919.07,269.75,509.60,23588.82,24098.42,2016,,North Lake Tahoe Fire Protection District,""
Rodney Collins,Seasonal Forester,0.00,23659.56,0.00,0.00,23659.56,23659.56,2016,,North Lake Tahoe Fire Protection District,""
Eric Sundell,Seasonal Firefighter,15400.00,7579.32,39.00,509.60,23018.32,23527.92,2016,,North Lake Tahoe Fire Protection District,""
Andrew Esparza,Seasonal Firefighter,14360.00,5512.31,1414.00,0.00,21286.31,21286.31,2016,,North Lake Tahoe Fire Protection District,""
Blake Nachtsheim,Seasonal Firefighter,13320.00,5848.14,1471.50,0.00,20639.64,20639.64,2016,,North Lake Tahoe Fire Protection District,""
Britt Brown,Seasonal Firefighter,12928.00,1888.51,2880.00,0.00,17696.51,17696.51,2016,,North Lake Tahoe Fire Protection District,""
Victor Diep,Seasonal Firefighter,13220.00,1963.50,757.25,0.00,15940.75,15940.75,2016,,North Lake Tahoe Fire Protection District,""
Justin Cooper,Seasonal Forester,12415.00,1848.20,110.50,0.00,14373.70,14373.70,2016,,North Lake Tahoe Fire Protection District,""
Treyton Northrup,Seasonal Firefighter,8880.00,581.25,4447.88,0.00,13909.13,13909.13,2016,,North Lake Tahoe Fire Protection District,""
Tyler Wickham,Seasonal Firefighter,7440.00,3783.01,1050.00,0.00,12273.01,12273.01,2016,,North Lake Tahoe Fire Protection District,""
Aaron Kenneston,Seasonal Firefighter,4445.63,1873.95,0.00,0.00,6319.58,6319.58,2016,,North Lake Tahoe Fire Protection District,""
Paul Zahler,Director,3600.00,0.00,0.00,1008.00,3600.00,4608.00,2016,,North Lake Tahoe Fire Protection District,""
Susan Herron,Director,3600.00,0.00,0.00,1008.00,3600.00,4608.00,2016,,North Lake Tahoe Fire Protection District,""
Jeff Warner,Director,3600.00,0.00,0.00,1008.00,3600.00,4608.00,2016,,North Lake Tahoe Fire Protection District,""
Joshua Phillips,Mechanic,3464.00,0.00,0.00,969.92,3464.00,4433.92,2016,,North Lake Tahoe Fire Protection District,""
Dale Smith,Director,3600.00,0.00,0.00,0.00,3600.00,3600.00,2016,,North Lake Tahoe Fire Protection District,""
Dennis Perry,Director,3600.00,0.00,0.00,0.00,3600.00,3600.00,2016,,North Lake Tahoe Fire Protection District,""
Jessie Hick,Seasonal Firefighter,1500.00,0.00,0.00,0.00,1500.00,1500.00,2016,,North Lake Tahoe Fire Protection District,""
Charles Tabano,Seasonal Firefighter,875.00,0.00,0.00,0.00,875.00,875.00,2016,,North Lake Tahoe Fire Protection District,""
Dakota Aiazzi,Seasonal Firefighter,500.00,0.00,0.00,0.00,500.00,500.00,2016,,North Lake Tahoe Fire Protection District,""
