Employee Name,Job Title,Base Pay,Overtime Pay,Other Pay,Benefits,Total Pay,Total Pay & Benefits,Year,Notes,Agency,Status
Tina Leiss,Executive Officer,157147.57,0.00,0.00,52058.84,157147.57,209206.41,2016,,NVPERS,""
Stephen Edmundson,Investment Officer,143450.51,0.00,0.00,48223.64,143450.51,191674.15,2016,,NVPERS,""
Christopher Nielsen,General Counsel,130845.76,0.00,0.00,44694.37,130845.76,175540.13,2016,,NVPERS,""
Cheryl Price,Operations Officer,122251.07,0.00,0.00,42287.86,122251.07,164538.93,2016,,NVPERS,""
Lauren Larson,Chief Financial Officer,116801.95,0.00,0.00,40762.03,116801.95,157563.98,2016,,NVPERS,""
Charlie Park,Manager IT,109115.41,0.00,0.00,38609.83,109115.41,147725.24,2016,,NVPERS,""
Shell Lemburg,IT Professional 4,81772.71,0.00,0.00,30953.84,81772.71,112726.55,2016,,NVPERS,""
Kabrina Feser,Administrative Analyst,81101.65,0.00,0.00,30765.93,81101.65,111867.58,2016,,NVPERS,""
Jean Barnett,Chief Accountant,80543.27,0.00,0.00,29215.43,80543.27,109758.70,2016,,NVPERS,""
Marsha Lawrence,IT Professional 4,79276.10,0.00,0.00,30254.78,79276.10,109530.88,2016,,NVPERS,""
Bond John,IT Professional 3,72309.97,0.00,0.00,28304.28,72309.97,100614.25,2016,,NVPERS,""
Sonya Hellwinkel,Director E&P Services,72309.96,0.00,0.00,28304.28,72309.96,100614.24,2016,,NVPERS,""
John Van Horn,Accountant III,69118.15,0.00,0.00,27410.56,69118.15,96528.71,2016,,NVPERS,""
Terry Richards,Accountant II,61947.08,0.00,0.00,25402.69,61947.08,87349.77,2016,,NVPERS,""
Pamela Young,Admin Services Co-Ordinator,59564.01,1611.00,0.00,24735.42,61175.01,85910.43,2016,,NVPERS,""
Carrie Harrison,Auditor III,59677.67,0.00,0.00,24767.22,59677.67,84444.89,2016,,NVPERS,""
Walter Zeron,Director M&R Services,57596.33,0.00,0.00,24184.38,57596.33,81780.71,2016,,NVPERS,""
Kristina Reyna,Retirement Examiner II,56969.29,0.00,0.00,24008.88,56969.29,80978.17,2016,,NVPERS,""
Dana Danforth,Auditor III,39558.89,22.36,24098.72,16686.66,63679.97,80366.63,2016,,NVPERS,""
Eurydice Webb,Retirement Examiner II,56454.44,0.00,0.00,23864.76,56454.44,80319.20,2016,,NVPERS,""
Rayna Palazzolo,Retirement Examiner II,54990.89,1093.05,0.00,23455.00,56083.94,79538.94,2016,,NVPERS,""
Kristina Kibbe,Management Analyst II,53226.53,1606.86,0.00,23009.06,54833.39,77842.45,2016,,NVPERS,""
Sherrie Nuckolls,Retirement Examiner I,51522.35,0.00,0.00,22483.70,51522.35,74006.05,2016,,NVPERS,""
Hema Ilango,IT Professional 3,58886.32,0.00,0.00,13087.32,58886.32,71973.64,2016,,NVPERS,""
David Hamilton,IT Professional 2,49338.29,41.30,0.00,20473.66,49379.59,69853.25,2016,,NVPERS,""
Gavin Meyers,IT Professional 2,53565.34,0.00,0.00,15824.49,53565.34,69389.83,2016,,NVPERS,""
Christine Lee,IT Technician 6,47048.56,0.00,0.00,21231.06,47048.56,68279.62,2016,,NVPERS,""
Nicole-Rene Doctolero,Retirement Examiner II,46240.53,0.00,0.00,21004.82,46240.53,67245.35,2016,,NVPERS,""
Ramon Chavez,Accountant II,51086.27,0.00,0.00,15464.94,51086.27,66551.21,2016,,NVPERS,""
Charyl Lacombe,Retirement Examiner II,44553.78,0.00,0.00,20532.57,44553.78,65086.35,2016,,NVPERS,""
Teresa Chalmers,Retirement Examiner II,49137.45,80.10,0.00,15182.37,49217.55,64399.92,2016,,NVPERS,""
Felicia King,Retirement Examiner I,43566.52,147.13,0.00,20256.13,43713.65,63969.78,2016,,NVPERS,""
Julie Hansen,Auditor II,48231.47,0.00,0.00,15051.05,48231.47,63282.52,2016,,NVPERS,""
Tara N Landis,Retirement Examiner I,46650.33,0.00,0.00,14821.76,46650.33,61472.09,2016,,NVPERS,""
Gloria Guerra,Accounting Assistant III,41169.16,0.00,0.00,19584.81,41169.16,60753.97,2016,,NVPERS,""
Mary Cunningham,Retirement Examiner I,44117.20,193.77,0.00,14454.54,44310.97,58765.51,2016,,NVPERS,""
Marie Boquist,Retirement Examiner I,39332.80,0.00,0.00,19070.74,39332.80,58403.54,2016,,NVPERS,""
Heather Torres,Retirement Examiner I,39193.38,0.00,0.00,19031.70,39193.38,58225.08,2016,,NVPERS,""
Lynda Anderson,Retirement Examiner I,38361.77,0.00,0.00,18798.83,38361.77,57160.60,2016,,NVPERS,""
Neal Keyes,Retirement Examiner I,42724.53,0.00,0.00,14252.55,42724.53,56977.08,2016,,NVPERS,""
Donald Williams,Retirement Examiner I,42567.92,62.04,0.00,14229.85,42629.96,56859.81,2016,,NVPERS,""
Mauricio Perez,Retirement Examiner I,42400.89,0.00,0.00,14205.64,42400.89,56606.53,2016,,NVPERS,""
Jessica Polisso,Retirement Examiner I,41421.52,0.00,0.00,14063.63,41421.52,55485.15,2016,,NVPERS,""
Tameron Chambers,Retirement Technician,35969.03,0.00,0.00,18128.82,35969.03,54097.85,2016,,NVPERS,""
Amanda Diaz,Retirement Examiner I,39952.30,0.00,207.12,13501.02,40159.42,53660.44,2016,,NVPERS,""
Jacqueline Wilson,Retirement Technician,35102.43,0.00,0.00,17886.17,35102.43,52988.60,2016,,NVPERS,""
Anthony Buscay,Retirement Technician,37353.81,0.00,0.00,13473.82,37353.81,50827.63,2016,,NVPERS,""
Trinna Barker,Accountant 2,33652.34,0.00,1079.00,16081.61,34731.34,50812.95,2016,,NVPERS,""
Dana Aiono,Retirement Technician,37063.73,0.00,0.00,13431.76,37063.73,50495.49,2016,,NVPERS,""
Kami Vega,Retirement Technician,36822.92,0.00,0.00,13396.84,36822.92,50219.76,2016,,NVPERS,""
Monica Vance,Retirement Technician,32315.89,0.00,0.00,17105.91,32315.89,49421.80,2016,,NVPERS,""
Terry Hart,Retirement Technician,32145.71,0.00,0.00,17058.27,32145.71,49203.98,2016,,NVPERS,""
Melissa Torres,Retirement Examiner I,38344.02,0.00,0.00,10736.36,38344.02,49080.38,2016,,NVPERS,""
Kimberly Macaluso,Administrative Assistant III,31757.60,0.00,0.00,16949.62,31757.60,48707.22,2016,,NVPERS,""
Mary Jobeth Clinger,Retirement Technician,35094.28,0.00,0.00,13146.14,35094.28,48240.42,2016,,NVPERS,""
Kimberly Bigler,Retirement Technician,35021.45,0.00,0.00,13135.58,35021.45,48157.03,2016,,NVPERS,""
Lisa Kordonowy,Retirement Technician,34979.74,0.00,0.00,13129.59,34979.74,48109.33,2016,,NVPERS,""
Jasmine Olivares,Administrative Assistant II,33555.78,0.00,0.00,12923.14,33555.78,46478.92,2016,,NVPERS,""
Victoria Zimmerman,Retirement Technician,29924.36,0.00,0.00,16436.35,29924.36,46360.71,2016,,NVPERS,""
Amanda Werner,Retirement Technician,32529.77,0.00,0.00,12774.31,32529.77,45304.08,2016,,NVPERS,""
Marie Anaya,Retirement Technician,30271.85,0.00,0.00,12446.86,30271.85,42718.71,2016,,NVPERS,""
Baarbara Polish,Retirement Technician,27140.44,0.00,0.00,14957.56,27140.44,42098.00,2016,,NVPERS,""
Zaide Diaz Sanchez,Admin Assistant,27114.09,0.00,0.00,11989.11,27114.09,39103.20,2016,,NVPERS,""
Diane Hamada,Admin Assistant IV,28542.24,0.00,0.00,10090.96,28542.24,38633.20,2016,,NVPERS,""
David Maraven,IT Technician Trainee,31472.72,0.00,0.00,4563.49,31472.72,36036.21,2016,,NVPERS,""
Sarah Stenger,Admin Aide,21202.16,0.00,0.00,9026.66,21202.16,30228.82,2016,,NVPERS,""
Karen Kimball,Admin Services Co-ordinator,9079.89,0.00,16391.87,4647.56,25471.76,30119.32,2016,,NVPERS,""
Leana Garcia,IT Technician 4,23920.33,0.00,0.00,3468.46,23920.33,27388.79,2016,,NVPERS,""
Alicia Albertson,Admin Assistant I,17539.36,0.00,0.00,2543.24,17539.36,20082.60,2016,,NVPERS,""
Daniel Rahme,IT Technician 3,7858.40,0.00,0.00,3946.41,7858.40,11804.81,2016,,NVPERS,""
Amanda Caccamise,Admin Aide,8788.64,0.00,0.00,1623.99,8788.64,10412.63,2016,,NVPERS,""
Robin Sanders,Admin Assistant II,4672.00,0.00,1118.36,2782.63,5790.36,8572.99,2016,,NVPERS,""
Jami Good,Admin Assistant I,7060.16,0.00,0.00,1023.71,7060.16,8083.87,2016,,NVPERS,""
Terry Kanger,Retirement Examiner I,5995.15,0.00,0.00,1194.81,5995.15,7189.96,2016,,NVPERS,""
Paul Bonaldi,Retirement Technician,790.57,0.00,1983.98,816.36,2774.55,3590.91,2016,,NVPERS,""
Sandra Lumley,Accountant II,2818.80,0.00,0.00,758.34,2818.80,3577.14,2016,,NVPERS,""
Amy Trelease,Retirement Examiner I,2581.20,0.00,0.00,722.74,2581.20,3303.94,2016,,NVPERS,""
