Employee Name,Job Title,Base Pay,Overtime Pay,Other Pay,Benefits,Total Pay,Total Pay & Benefits,Year,Notes,Agency,Status
MENDIS COOPER,Asst. General Manager,154472.25,0.00,11546.71,62045.17,166018.96,228064.13,2016,,Overton Power District #5,""
TERESA ROMERO,Assistant General Manager,119800.28,0.00,6027.40,51862.35,125827.68,177690.03,2016,,Overton Power District #5,""
JONATHAN JENSEN,Manager of Eng & Oper,106771.37,0.00,10466.52,47558.21,117237.89,164796.10,2016,,Overton Power District #5,""
BRUCE E HUGHES,Line Superintendent,104738.30,0.00,10858.52,47558.21,115596.82,163155.03,2016,,Overton Power District #5,""
COREY DALLEY,Line Foreman,95027.32,4586.21,11693.40,47647.29,111306.93,158954.22,2016,,Overton Power District #5,""
ORVILLE C DALTON,Lead Lineman,87935.14,3184.44,18550.34,45948.93,109669.92,155618.85,2016,,Overton Power District #5,""
MADS D HUGHES,Line Foreman,95874.71,2022.82,10322.00,47031.19,108219.53,155250.72,2016,,Overton Power District #5,""
KEVEN HANSEN,Operations Supervisor,90143.49,2272.83,10149.92,45076.92,102566.24,147643.16,2016,,Overton Power District #5,""
KYLE R LEAVITT,Lead Lineman,88532.01,3636.27,9470.82,45300.98,101639.10,146940.08,2016,,Overton Power District #5,""
RANDALL OZAKI,Eng/Regulatory Complaince,91588.53,0.00,10475.63,43296.44,102064.16,145360.60,2016,,Overton Power District #5,""
CODY HARDY,Lineman,85038.64,3390.45,11811.51,44691.13,100240.60,144931.73,2016,,Overton Power District #5,""
BOYD K EVANS,Coordinator of Engineering,89877.44,0.00,10852.36,43296.44,100729.80,144026.24,2016,,Overton Power District #5,""
STEVEN D BARLOW,Lineman,85327.32,3795.18,9813.28,44338.93,98935.78,143274.71,2016,,Overton Power District #5,""
BENJAMIN JANTZ,Lineman,85746.79,3116.36,8825.92,43914.58,97689.07,141603.65,2016,,Overton Power District #5,""
SCOTT FULLMAN,IT,81686.33,2313.75,14108.38,42432.64,98108.46,140541.10,2016,,Overton Power District #5,""
OMAR VALLEJO,Lineman,78801.10,2706.90,14359.48,43023.03,95867.48,138890.51,2016,,Overton Power District #5,""
M SHANE LEAVITT,Lineman,85613.83,2992.94,11743.19,34864.39,100349.96,135214.35,2016,,Overton Power District #5,""
DAVID EVERITT,Sustation Journeyman Tech,78746.07,2169.04,8981.66,42094.48,89896.77,131991.25,2016,,Overton Power District #5,""
ARTHUR VILLEZCAS,Sustation Journeyman Tech,79001.59,2793.58,8071.72,42078.02,89866.89,131944.91,2016,,Overton Power District #5,""
BRETT GALE,Staking Engineer,79108.32,428.10,4082.80,40166.72,83619.22,123785.94,2016,,Overton Power District #5,""
MELISA GARCIA,Accounting Supervisor,78411.60,0.00,4082.80,40070.84,82494.40,122565.24,2016,,Overton Power District #5,""
MERLIN WOLLENZIEN,Operations,73769.49,1097.16,7602.93,39675.23,82469.58,122144.81,2016,,Overton Power District #5,""
LUKE WHITNEY,CAD Technician,73423.59,1070.40,8464.02,38642.12,82958.01,121600.13,2016,,Overton Power District #5,""
MERRITT W PAICE,Auto CAD Tech,74940.15,0.00,7140.77,38642.12,82080.92,120723.04,2016,,Overton Power District #5,""
ARMANDO BAEZA,Inspector,73733.35,0.00,8024.09,38642.12,81757.44,120399.56,2016,,Overton Power District #5,""
KEITH BUCHHALTER,Customer Service Supervisor,74013.66,0.00,3892.60,38762.85,77906.26,116669.11,2016,,Overton Power District #5,""
JIM C ODEN,Mechanic,80995.12,0.00,5199.87,30357.92,86194.99,116552.91,2016,,Overton Power District #5,""
LORRIE LAIRD,Billing Supervisor,73552.38,0.00,4044.70,38274.53,77597.08,115871.61,2016,,Overton Power District #5,""
SALVADOR QUINONES,Meter Journeyman Tech,67527.27,195.84,7363.88,37986.95,75086.99,113073.94,2016,,Overton Power District #5,""
CHRISTIAN WOODRUFF,Meter Supervisor,72498.67,103.66,7252.74,29632.24,79855.07,109487.31,2016,,Overton Power District #5,""
SHANNON SHANER,Apprentice Meter tech,64881.66,139.17,7085.90,37162.16,72106.73,109268.89,2016,,Overton Power District #5,""
DAVID ANDERSEN,Purchasing Agent,67847.97,0.00,3549.00,36833.77,71396.97,108230.74,2016,,Overton Power District #5,""
BEATRICE LONG,Staking Engineer,75779.42,0.00,3847.20,21509.32,79626.62,101135.94,2016,,Overton Power District #5,""
LAWRENCE DORN,Warehouseman,61287.11,398.25,3232.80,35052.17,64918.16,99970.33,2016,,Overton Power District #5,""
KELLY CRONKLETON,Human Resources,59266.34,0.00,3445.48,34409.84,62711.82,97121.66,2016,,Overton Power District #5,""
JOLENE KRETSCHMANN,Work Order Clerk,58573.01,0.00,3097.60,34096.73,61670.61,95767.34,2016,,Overton Power District #5,""
LINDA PETERSON,Engineering Secretary,57390.85,0.00,3044.00,33771.52,60434.85,94206.37,2016,,Overton Power District #5,""
CARMA KIMBALL,Customer Service/Billing,57136.98,0.00,3044.00,33771.52,60180.98,93952.50,2016,,Overton Power District #5,""
SHAWNA L MARSHALL,Accounts Payable,58325.69,0.00,3097.60,29857.77,61423.29,91281.06,2016,,Overton Power District #5,""
John Garcia,First Class Groundman,53752.78,504.92,2864.00,32848.73,57121.70,89970.43,2016,,Overton Power District #5,""
REBECCA LAGROW,Executive Secretary,51835.44,0.00,5158.03,32137.18,56993.47,89130.65,2016,,Overton Power District #5,""
KRISTI EAMES,Customer Service/Billing,51389.63,0.00,2774.40,32137.18,54164.03,86301.21,2016,,Overton Power District #5,""
LINDA PERKOWSKI,Customer Service Supervisor,47716.94,0.00,2615.60,30902.03,50332.54,81234.57,2016,,Overton Power District #5,""
PATTI HESS,Customer Service,42742.98,167.18,2314.20,29346.32,45224.36,74570.68,2016,,Overton Power District #5,""
KARINA DELGADILLO,Customer Service,41727.46,182.37,2314.20,29346.32,44224.03,73570.35,2016,,Overton Power District #5,""
