Employee Name,Job Title,Base Pay,Overtime Pay,Other Pay,Benefits,Total Pay,Total Pay & Benefits,Year,Notes,Agency,Status
"Hicks, James R.",Road Supervisor,72101.16,0.00,0.00,0.00,72101.16,72101.16,2016,,Palomino Valley General Improvement District,""
"Schaufus, Daniel W",Equipment Operator,55437.41,0.00,0.00,0.00,55437.41,55437.41,2016,,Palomino Valley General Improvement District,""
"Hicks, Anthony",Equipment Operator,4900.00,0.00,0.00,0.00,4900.00,4900.00,2016,,Palomino Valley General Improvement District,""
"Cox, Norvin T.",Equipment Operator,4200.00,0.00,0.00,0.00,4200.00,4200.00,2016,,Palomino Valley General Improvement District,""
"Hunt, Lowell",Equipment Operator,2970.00,0.00,0.00,0.00,2970.00,2970.00,2016,,Palomino Valley General Improvement District,""
"Otto, Donald L",Equipment Operator,1242.50,0.00,0.00,0.00,1242.50,1242.50,2016,,Palomino Valley General Improvement District,""
