Employee Name,Job Title,Base Pay,Overtime Pay,Other Pay,Benefits,Total Pay,Total Pay & Benefits,Year,Notes,Agency,Status
Kristina Quigley,General Manager,235622.40,0.00,0.00,139777.10,235622.40,375399.50,2016,,Regional Transportation Commission of Southern Nevada,""
Frederick A Ohene,Deputy General Manager,199084.80,0.00,0.00,128699.42,199084.80,327784.22,2016,,Regional Transportation Commission of Southern Nevada,""
Mary J Maynard,Deputy General Manager,199084.80,0.00,0.00,112229.97,199084.80,311314.77,2016,,Regional Transportation Commission of Southern Nevada,""
Paul M Hand,Director of Engineering Services - Streets and Highways,143581.60,0.00,0.00,100602.28,143581.60,244183.88,2016,,Regional Transportation Commission of Southern Nevada,""
Angela R Torres-Castro,Senior Director Government Affairs/ Media Relations & Marketing,152958.40,0.00,0.00,85995.64,152958.40,238954.04,2016,,Regional Transportation Commission of Southern Nevada,""
Marc L Traasdahl,Director of Finance,145512.80,0.00,0.00,91929.18,145512.80,237441.98,2016,,Regional Transportation Commission of Southern Nevada,""
David C Swallow,Senior Director of Engineering & Technology,150798.40,0.00,0.00,84424.67,150798.40,235223.07,2016,,Regional Transportation Commission of Southern Nevada,""
Brian C Hoeft,Director of Freeway and Arterial Systems (FAST),143881.60,0.00,0.00,78884.73,143881.60,222766.33,2016,,Regional Transportation Commission of Southern Nevada,""
Shital K Patel,Manager of Project Management and Traffic Operations Engineering,143623.20,0.00,0.00,68180.51,143623.20,211803.71,2016,,Regional Transportation Commission of Southern Nevada,""
Tammara M Williams,Director of HR - Safety and Security Operations,125927.20,0.00,0.00,82457.82,125927.20,208385.02,2016,,Regional Transportation Commission of Southern Nevada,""
Cynthia Carter,Director of Fixed Route Services,125927.20,0.00,0.00,82179.66,125927.20,208106.86,2016,,Regional Transportation Commission of Southern Nevada,""
David D Crisler,Traffic Operations Supervisor,123256.00,0.00,0.00,76426.29,123256.00,199682.29,2016,,Regional Transportation Commission of Southern Nevada,""
Brian K Isennock,Manager IT,122501.60,0.00,0.00,75556.23,122501.60,198057.83,2016,,Regional Transportation Commission of Southern Nevada,""
Carl E Scarbrough,Director Transit Advertising and Amenities,117070.40,0.00,0.00,77859.73,117070.40,194930.13,2016,,Regional Transportation Commission of Southern Nevada,""
John R Penuelas,Manager Engineering,129864.00,0.00,0.00,58944.81,129864.00,188808.81,2016,,Regional Transportation Commission of Southern Nevada,""
Gregg S Rogers,Traffic Systems Maintenance Supervisor,123148.80,0.00,0.00,65139.67,123148.80,188288.47,2016,,Regional Transportation Commission of Southern Nevada,""
Jesus A Marmolejo,Manager Traffic Systems Maintenance,119521.60,0.00,0.00,68096.38,119521.60,187617.98,2016,,Regional Transportation Commission of Southern Nevada,""
Raymond C Hess,Director of Planning Services,120320.80,0.00,0.00,65692.14,120320.80,186012.94,2016,,Regional Transportation Commission of Southern Nevada,""
Warren R Rich,Director of Facilities,109698.40,0.00,0.00,75622.30,109698.40,185320.70,2016,,Regional Transportation Commission of Southern Nevada,""
Scott T Mazick,Director Technical Services,118368.80,0.00,0.00,65292.84,118368.80,183661.64,2016,,Regional Transportation Commission of Southern Nevada,""
Keith A Peirce,Senior Traffic Systems Technician,112232.81,2328.80,0.00,65624.67,114561.61,180186.28,2016,,Regional Transportation Commission of Southern Nevada,""
Brij Gulati,Principal Project Engineer,119076.80,0.00,0.00,60526.82,119076.80,179603.62,2016,,Regional Transportation Commission of Southern Nevada,""
Kenneth J Rodriguez,Manager Customer Care,115118.40,0.00,0.00,64463.86,115118.40,179582.26,2016,,Regional Transportation Commission of Southern Nevada,""
Jeffrey S Truby,Manager GIS,106478.40,0.00,0.00,72352.75,106478.40,178831.15,2016,,Regional Transportation Commission of Southern Nevada,""
John T Neville,Manager Technical Equipment,75564.00,0.00,27208.50,74013.96,102772.50,176786.46,2016,,Regional Transportation Commission of Southern Nevada,""
Ji-Rong Xie,Manager Transportation Planning,115347.20,0.00,0.00,60106.81,115347.20,175454.01,2016,,Regional Transportation Commission of Southern Nevada,""
Brent H Myers,Technical Equipment Supervisor,111378.40,0.00,0.00,63488.45,111378.40,174866.85,2016,,Regional Transportation Commission of Southern Nevada,""
Alfonso Albarran,Senior Systems Technician,97560.00,2203.64,16230.76,57532.67,115994.40,173527.07,2016,,Regional Transportation Commission of Southern Nevada,""
Marvin D Dennis,IT Projects Administrator,111131.20,0.00,0.00,58195.87,111131.20,169327.07,2016,,Regional Transportation Commission of Southern Nevada,""
Mace W Hardy,Senior Facilities Engineering Technician,86137.74,19466.54,0.00,63118.28,105604.28,168722.56,2016,,Regional Transportation Commission of Southern Nevada,""
Mohammad Farhan,Principal Transportation Planner,113684.03,0.00,0.00,54601.72,113684.03,168285.75,2016,,Regional Transportation Commission of Southern Nevada,""
Daniel L Howland,Director of Paratransit & Specialized Services,116004.80,0.00,0.00,51894.25,116004.80,167899.05,2016,,Regional Transportation Commission of Southern Nevada,""
Peter Kohler,Systems Programmer,103388.80,0.00,0.00,62545.38,103388.80,165934.18,2016,,Regional Transportation Commission of Southern Nevada,""
Hui Shen,Senior Transportation Planner,104356.80,0.00,0.00,60329.36,104356.80,164686.16,2016,,Regional Transportation Commission of Southern Nevada,""
Thomas W Theisen,Project Engineer,108810.40,0.00,0.00,54389.88,108810.40,163200.28,2016,,Regional Transportation Commission of Southern Nevada,""
Charles D Cheatham,Manager Purchasing and Contracts,108804.80,0.00,0.00,54331.97,108804.80,163136.77,2016,,Regional Transportation Commission of Southern Nevada,""
Dante DC Bongolan,Project Engineer,110254.40,0.00,0.00,50335.10,110254.40,160589.50,2016,,Regional Transportation Commission of Southern Nevada,""
Susan F Christiansen,Manager Government Affairs/Media Relations & Marketing,99615.20,0.00,0.00,59350.01,99615.20,158965.21,2016,,Regional Transportation Commission of Southern Nevada,""
Sherwin P Gutierrez,Accounting Supervisor,102305.60,0.00,0.00,54498.45,102305.60,156804.05,2016,,Regional Transportation Commission of Southern Nevada,""
Dachresha D Harris,Manager Human Resources/Safety & Security Operations,93670.40,0.00,11642.75,51448.14,105313.15,156761.29,2016,,Regional Transportation Commission of Southern Nevada,""
Daniel Godoy,Database Administrator,103724.80,0.00,0.00,52815.01,103724.80,156539.81,2016,,Regional Transportation Commission of Southern Nevada,""
Kenneth J Hutchens,Senior Traffic Engineering Technician,97502.40,0.00,0.00,58381.17,97502.40,155883.57,2016,,Regional Transportation Commission of Southern Nevada,""
Anna N Stofsky,Systems Programmer,104343.20,0.00,0.00,50942.37,104343.20,155285.57,2016,,Regional Transportation Commission of Southern Nevada,""
Stephen M Gebhard,Manager of Fleet Services,106000.00,0.00,0.00,49040.10,106000.00,155040.10,2016,,Regional Transportation Commission of Southern Nevada,""
Arvin Jordan,Network Analyst,100619.20,0.00,0.00,54356.70,100619.20,154975.90,2016,,Regional Transportation Commission of Southern Nevada,""
Michael C Roseberry,Senior Equipment Technician,92502.45,4322.31,4685.57,52710.08,101510.33,154220.41,2016,,Regional Transportation Commission of Southern Nevada,""
Carl Magnuson,Traffic Systems Technician,98212.80,1130.73,0.00,54104.70,99343.53,153448.23,2016,,Regional Transportation Commission of Southern Nevada,""
George Rosen,Senior Equipment Technician,88953.60,10242.87,0.00,52467.00,99196.47,151663.47,2016,,Regional Transportation Commission of Southern Nevada,""
Lonnie C Brown,FAST Architecture Planner,100300.80,0.00,0.00,51197.34,100300.80,151498.14,2016,,Regional Transportation Commission of Southern Nevada,""
Jeffrey T Boylan,Senior Equipment Technician,88232.00,11004.01,0.00,52031.36,99236.01,151267.37,2016,,Regional Transportation Commission of Southern Nevada,""
Ronald Floth,Bicycle and Community Outreach Coordinator,104187.20,0.00,0.00,45767.21,104187.20,149954.41,2016,,Regional Transportation Commission of Southern Nevada,""
Charles S Edelblute,Transit Amenities Technician,83225.63,16082.15,0.00,49443.07,99307.78,148750.85,2016,,Regional Transportation Commission of Southern Nevada,""
Rudy Long,Vehicle Maintenance Supervisor,102661.60,0.00,0.00,46070.70,102661.60,148732.30,2016,,Regional Transportation Commission of Southern Nevada,""
Tazmisha C Jones,Manager Quality Assurance,102616.00,0.00,0.00,45849.30,102616.00,148465.30,2016,,Regional Transportation Commission of Southern Nevada,""
John C Raborn,Manager Transportation Planning,98720.80,0.00,0.00,47424.96,98720.80,146145.76,2016,,Regional Transportation Commission of Southern Nevada,""
Nathaniel Hall,Graphic Designer,88089.60,0.00,0.00,57174.25,88089.60,145263.85,2016,,Regional Transportation Commission of Southern Nevada,""
Jan K Wadsworth,Graphic Designer,88089.60,0.00,0.00,54782.52,88089.60,142872.12,2016,,Regional Transportation Commission of Southern Nevada,""
Joslin K Frehner,Manager Technical Equipment,91592.00,0.00,0.00,50821.80,91592.00,142413.80,2016,,Regional Transportation Commission of Southern Nevada,""
Kenneth L Rich,Construction Inspector,97502.42,0.00,0.00,44698.50,97502.42,142200.92,2016,,Regional Transportation Commission of Southern Nevada,""
David M Clyde,Government Affairs & Legal Supervisor,95583.20,0.00,0.00,46444.30,95583.20,142027.50,2016,,Regional Transportation Commission of Southern Nevada,""
Lijuan Su,Senior Transportation Planner,96715.20,0.00,0.00,44468.47,96715.20,141183.67,2016,,Regional Transportation Commission of Southern Nevada,""
Nathan B Goldberg,Manager Transit Planning,96079.20,0.00,0.00,44523.34,96079.20,140602.54,2016,,Regional Transportation Commission of Southern Nevada,""
Nicholas J Rasavage,Transit Amenities Technician,71957.60,19198.63,0.00,47495.85,91156.23,138652.08,2016,,Regional Transportation Commission of Southern Nevada,""
David W Carter,Network Analyst,90964.80,0.00,0.00,44030.96,90964.80,134995.76,2016,,Regional Transportation Commission of Southern Nevada,""
Stefani J Biehl,Manager of Information Systems,89479.20,0.00,0.00,45227.17,89479.20,134706.37,2016,,Regional Transportation Commission of Southern Nevada,""
Cheri J Brown,Transit Operations Supervisor,83516.00,0.00,0.00,48294.05,83516.00,131810.05,2016,,Regional Transportation Commission of Southern Nevada,""
Nana M Ninchi,Senior Equipment Technician,72572.80,10831.45,0.00,48211.33,83404.25,131615.58,2016,,Regional Transportation Commission of Southern Nevada,""
John Wampole,Transit Amenities Worker,69730.41,15380.98,0.00,46083.47,85111.39,131194.86,2016,,Regional Transportation Commission of Southern Nevada,""
Michelle A Iannizzaro,Systems Technician,79479.24,2538.73,3686.02,45079.68,85703.99,130783.67,2016,,Regional Transportation Commission of Southern Nevada,""
Robert A Leavitt,Accounting Supervisor,90815.20,0.00,0.00,39633.39,90815.20,130448.59,2016,,Regional Transportation Commission of Southern Nevada,""
James V Neubert,Senior Traffic Engineering Technician,85320.80,0.00,4573.49,40160.42,89894.29,130054.71,2016,,Regional Transportation Commission of Southern Nevada,""
John J Ritsko,Senior GIS Analyst,89108.00,0.00,0.00,39155.36,89108.00,128263.36,2016,,Regional Transportation Commission of Southern Nevada,""
Eric M Traasdahl,Management Analyst,76226.40,0.00,0.00,51480.84,76226.40,127707.24,2016,,Regional Transportation Commission of Southern Nevada,""
R M Jaramillo,Transit Operations Supervisor,79494.42,0.00,0.00,47881.16,79494.42,127375.58,2016,,Regional Transportation Commission of Southern Nevada,""
Jacob B Simmons,Senior Transit Operations Planner,84119.20,0.00,0.00,43215.47,84119.20,127334.67,2016,,Regional Transportation Commission of Southern Nevada,""
Shondra Summers-Armstrong,Accounting Technician,77863.80,414.11,0.00,48068.77,78277.91,126346.68,2016,,Regional Transportation Commission of Southern Nevada,""
Michelle M Whitney,Revenue Control Supervisor,81577.60,0.00,0.00,44524.45,81577.60,126102.05,2016,,Regional Transportation Commission of Southern Nevada,""
Denice L Bower,Accounting Technician,76924.90,0.00,0.00,48575.25,76924.90,125500.15,2016,,Regional Transportation Commission of Southern Nevada,""
Raje P Lisboa,Facilities Engineering Technician,71251.25,10490.30,640.19,42775.32,82381.74,125157.06,2016,,Regional Transportation Commission of Southern Nevada,""
Raul Gasca,Traffic Systems Technician,79884.03,878.85,0.00,43579.53,80762.88,124342.41,2016,,Regional Transportation Commission of Southern Nevada,""
James L Shampoe,Transit Mobility Program Supervisor,81753.60,0.00,0.00,41547.45,81753.60,123301.05,2016,,Regional Transportation Commission of Southern Nevada,""
Andrew R Kjellman,Principal Transportation Planner,85296.80,0.00,0.00,37965.11,85296.80,123261.91,2016,,Regional Transportation Commission of Southern Nevada,""
Tobias B Goldberg,Traffic Engineering Technician,82259.79,1439.17,0.00,39264.24,83698.96,122963.20,2016,,Regional Transportation Commission of Southern Nevada,""
Marc K Maesaka,Facilities & Maintenance Supervisor,77133.60,0.00,0.00,45538.82,77133.60,122672.42,2016,,Regional Transportation Commission of Southern Nevada,""
Anthony Abraham,Technical Equipment Supervisor,75749.60,0.00,0.00,46473.56,75749.60,122223.16,2016,,Regional Transportation Commission of Southern Nevada,""
Mark T Zabarte,Database Administrator,83580.00,0.00,0.00,38384.43,83580.00,121964.43,2016,,Regional Transportation Commission of Southern Nevada,""
Charles J Podlesny,Senior Traffic Systems Technician,80829.60,0.00,4228.27,35338.59,85057.87,120396.46,2016,,Regional Transportation Commission of Southern Nevada,""
Brian J Robinson,Senior Traffic Communication Systems Technician - CDL,74779.20,733.17,0.00,44290.14,75512.37,119802.51,2016,,Regional Transportation Commission of Southern Nevada,""
Michael D Haas,IT Operations Supervisor,75003.20,0.00,0.00,44667.80,75003.20,119671.00,2016,,Regional Transportation Commission of Southern Nevada,""
Diella Newell,Management Analyst,78944.84,0.00,0.00,40629.30,78944.84,119574.14,2016,,Regional Transportation Commission of Southern Nevada,""
Yudid I Lopez,Risk Management/Safety & Security Supervisor,78514.40,0.00,0.00,40908.52,78514.40,119422.92,2016,,Regional Transportation Commission of Southern Nevada,""
Randy R Brown,Vehicle Maintenance Coordinator,72682.41,1257.59,0.00,44023.99,73940.00,117963.99,2016,,Regional Transportation Commission of Southern Nevada,""
Kevin D Dye,Traffic Communication Systems Technician - CDL,74719.20,0.00,0.00,42224.05,74719.20,116943.25,2016,,Regional Transportation Commission of Southern Nevada,""
Gang Xie,Senior Project Engineer,83275.20,0.00,0.00,32885.15,83275.20,116160.35,2016,,Regional Transportation Commission of Southern Nevada,""
Antonette K Braddock,Contracts Supervisor,87830.40,0.00,0.00,28303.48,87830.40,116133.88,2016,,Regional Transportation Commission of Southern Nevada,""
Raymund W Berlo,Senior Traffic Communication systems Technician - CDL,77429.60,297.17,0.00,37576.77,77726.77,115303.54,2016,,Regional Transportation Commission of Southern Nevada,""
Glen K Leavitt,Safety and Security Coordinator,74572.00,0.00,0.00,40317.74,74572.00,114889.74,2016,,Regional Transportation Commission of Southern Nevada,""
Bruce Theriault,Paratransit Eligibility Technician,72300.05,533.61,0.00,41222.55,72833.66,114056.21,2016,,Regional Transportation Commission of Southern Nevada,""
Paul L Craven,Systems Administrator,73748.80,0.00,0.00,38524.79,73748.80,112273.59,2016,,Regional Transportation Commission of Southern Nevada,""
Maria C Sarellano,Transit Operations Supervisor,80084.80,0.00,0.00,32099.33,80084.80,112184.13,2016,,Regional Transportation Commission of Southern Nevada,""
Repelita D Ramos,Senior Accountant,79147.20,0.00,0.00,32637.19,79147.20,111784.39,2016,,Regional Transportation Commission of Southern Nevada,""
Lisa Bean,Senior Accountant,75448.00,0.00,0.00,36107.46,75448.00,111555.46,2016,,Regional Transportation Commission of Southern Nevada,""
Jill R Delucca,Customer Care Supervisor,77514.40,0.00,0.00,32896.04,77514.40,110410.44,2016,,Regional Transportation Commission of Southern Nevada,""
Tania C Williams,Human Resources Supervisor,74001.60,0.00,0.00,34925.71,74001.60,108927.31,2016,,Regional Transportation Commission of Southern Nevada,""
Angela J Budavari,ADA Certification Supervisor,89085.00,0.00,0.00,19618.47,89085.00,108703.47,2016,,Regional Transportation Commission of Southern Nevada,""
Edgar Menendez,Traffic Communication Systems Technician - CDL,73558.05,0.00,0.00,34921.40,73558.05,108479.45,2016,,Regional Transportation Commission of Southern Nevada,""
Catherine Lu,Media & Marketing Supervisor,79465.60,0.00,0.00,28951.53,79465.60,108417.13,2016,,Regional Transportation Commission of Southern Nevada,""
Charles A Martinez,Equipment Technician,66596.81,5885.85,0.00,35467.61,72482.66,107950.27,2016,,Regional Transportation Commission of Southern Nevada,""
Janet Quick,Assistant Transit Operations Supervisor,70258.40,0.00,0.00,37242.84,70258.40,107501.24,2016,,Regional Transportation Commission of Southern Nevada,""
Aileen S Magnera,Advertising & Creative Supervisor,75435.20,0.00,0.00,31600.90,75435.20,107036.10,2016,,Regional Transportation Commission of Southern Nevada,""
Luis Valenzuela,Traffic Systems Technician,68381.60,2435.34,0.00,36176.47,70816.94,106993.41,2016,,Regional Transportation Commission of Southern Nevada,""
Akada J Hymes,Traffic Communication Systems Technician - CDL,68753.60,240.45,0.00,37775.70,68994.05,106769.75,2016,,Regional Transportation Commission of Southern Nevada,""
Jack E Jasinski,Equipment Technician,66736.80,7852.89,0.00,31764.97,74589.69,106354.66,2016,,Regional Transportation Commission of Southern Nevada,""
John W Doran,Traffic Engineering Technician,65622.47,4697.27,0.00,35771.39,70319.74,106091.13,2016,,Regional Transportation Commission of Southern Nevada,""
Demetrius L Blocker,Equipment Technician,61192.90,5760.63,3230.32,35781.35,70183.85,105965.20,2016,,Regional Transportation Commission of Southern Nevada,""
Luis A Chacon,Facilities Engineering Technician,57807.20,8911.38,0.00,39102.36,66718.58,105820.94,2016,,Regional Transportation Commission of Southern Nevada,""
Michael R Garren,Vault Attendant,38721.95,1800.75,40302.87,24033.28,80825.57,104858.85,2016,,Regional Transportation Commission of Southern Nevada,""
Clayton H Cottam,Traffic Systems Technician,69897.60,129.15,0.00,34467.59,70026.75,104494.34,2016,,Regional Transportation Commission of Southern Nevada,""
Brian K Horner,Equipment Technician,60152.02,5176.83,3308.50,35464.24,68637.35,104101.59,2016,,Regional Transportation Commission of Southern Nevada,""
Federico E Canites,Equipment Technician,60780.80,4041.87,3327.57,35740.02,68150.24,103890.26,2016,,Regional Transportation Commission of Southern Nevada,""
William L Traynor,Network Analyst,72620.00,0.00,0.00,31167.25,72620.00,103787.25,2016,,Regional Transportation Commission of Southern Nevada,""
Eric R Del Rosario,Equipment Technician,59827.20,4684.59,3290.72,35888.30,67802.51,103690.81,2016,,Regional Transportation Commission of Southern Nevada,""
Karen L Murdoch,Accounting Technician,61826.41,0.00,0.00,40659.36,61826.41,102485.77,2016,,Regional Transportation Commission of Southern Nevada,""
Walter C Vodrazka,Project Engineer,83524.80,0.00,0.00,18812.23,83524.80,102337.03,2016,,Regional Transportation Commission of Southern Nevada,""
Randy Sutton,Transit Quality Assurance Specialist,67028.01,0.00,0.00,35104.75,67028.01,102132.76,2016,,Regional Transportation Commission of Southern Nevada,""
Rae A Lathrop,Manager Regional Planning,79712.00,0.00,0.00,22026.79,79712.00,101738.79,2016,,Regional Transportation Commission of Southern Nevada,""
Catherine B Halka,Senior Transportation Planner,70098.00,0.00,0.00,29606.29,70098.00,99704.29,2016,,Regional Transportation Commission of Southern Nevada,""
Arthur Stutzman,Traffic Communication Systems Technician - CDL,67075.20,238.20,0.00,31691.06,67313.40,99004.46,2016,,Regional Transportation Commission of Southern Nevada,""
Jeanette N Carnero,Assistant Accounting Supervisor,67992.00,0.00,0.00,30120.35,67992.00,98112.35,2016,,Regional Transportation Commission of Southern Nevada,""
Theresa A Hizon,Senior Purchasing & Contracts Analyst,71763.20,0.00,0.00,25894.73,71763.20,97657.93,2016,,Regional Transportation Commission of Southern Nevada,""
Kelly L Backman,Executive Secretary,67068.80,0.00,0.00,29971.43,67068.80,97040.23,2016,,Regional Transportation Commission of Southern Nevada,""
Rene Sharp,Administrative Specialist,63924.74,0.00,0.00,32646.15,63924.74,96570.89,2016,,Regional Transportation Commission of Southern Nevada,""
Richard W Sorenson,Traffic Communication Systems Technician - CDL,67075.20,300.06,0.00,28357.06,67375.26,95732.32,2016,,Regional Transportation Commission of Southern Nevada,""
Theodore E Serbin,Transit Amenities Worker,50116.80,6276.72,2775.07,36390.84,59168.59,95559.43,2016,,Regional Transportation Commission of Southern Nevada,""
Ana G Diaz,Administrative Secretary,54974.40,1243.67,0.00,39325.31,56218.07,95543.38,2016,,Regional Transportation Commission of Southern Nevada,""
Roberto Gasca,Skilled Trades Worker,55542.45,4445.50,0.00,35459.02,59987.95,95446.97,2016,,Regional Transportation Commission of Southern Nevada,""
David A Hackett,Equipment Technician,60138.70,3722.28,3287.71,28237.82,67148.69,95386.51,2016,,Regional Transportation Commission of Southern Nevada,""
Jesse A Diaz,Marketing & Communications Coordinator,62893.60,0.00,0.00,32045.35,62893.60,94938.95,2016,,Regional Transportation Commission of Southern Nevada,""
Mark Tackett,Transit Quality Assurance Specialist,60732.00,0.00,0.00,34002.36,60732.00,94734.36,2016,,Regional Transportation Commission of Southern Nevada,""
Jane M Hedge,Office Specialist,59537.60,0.00,0.00,35066.51,59537.60,94604.11,2016,,Regional Transportation Commission of Southern Nevada,""
Eddie Moreno,Facilities Support Services Worker,48047.21,15413.29,0.00,31114.12,63460.50,94574.62,2016,,Regional Transportation Commission of Southern Nevada,""
Howard E Shaffer,Traffic Engineering Technician,64436.80,2099.19,2624.14,24733.81,69160.13,93893.94,2016,,Regional Transportation Commission of Southern Nevada,""
Josephine Thomas,Senior Customer Care Agent,61800.10,1262.69,0.00,30803.61,63062.79,93866.40,2016,,Regional Transportation Commission of Southern Nevada,""
Gary D Thompson,Equipment Technician,55482.41,5115.83,3051.92,30055.05,63650.16,93705.21,2016,,Regional Transportation Commission of Southern Nevada,""
Ryan B Smith,Systems Administrator,61936.80,0.00,0.00,31547.45,61936.80,93484.25,2016,,Regional Transportation Commission of Southern Nevada,""
Belden J Golden,Equipment Technician,56876.81,5273.71,0.00,29476.13,62150.52,91626.65,2016,,Regional Transportation Commission of Southern Nevada,""
Prestina S Coleman,Safety & Security Coordinator,58823.20,0.00,0.00,32712.95,58823.20,91536.15,2016,,Regional Transportation Commission of Southern Nevada,""
Monika Bertaki,Public Affairs Administrator,66219.20,0.00,0.00,25242.41,66219.20,91461.61,2016,,Regional Transportation Commission of Southern Nevada,""
Czarina B Juarez-Giron,Paratransit Eligibility Technician,58144.91,0.00,0.00,33232.99,58144.91,91377.90,2016,,Regional Transportation Commission of Southern Nevada,""
Michael E Lightfoot,Traffic Communication Systems Technician - CDL,67000.00,0.00,0.00,24212.09,67000.00,91212.09,2016,,Regional Transportation Commission of Southern Nevada,""
Eric M Scharn,Transit Amenities Worker,58135.83,3034.99,0.00,29789.43,61170.82,90960.25,2016,,Regional Transportation Commission of Southern Nevada,""
Theresa M Gaisser,Traffic Engineering Technician,61843.85,2267.19,0.00,26840.68,64111.04,90951.72,2016,,Regional Transportation Commission of Southern Nevada,""
R C Carrasco,Facilities Support Services Worker,55101.60,5904.98,0.00,29922.61,61006.58,90929.19,2016,,Regional Transportation Commission of Southern Nevada,""
Anthony S Harvey,Equipment Technician,52590.40,6688.12,2864.98,27722.75,62143.50,89866.25,2016,,Regional Transportation Commission of Southern Nevada,""
Kelley M Waynert,Public Affairs Administrator,64820.00,0.00,0.00,24850.63,64820.00,89670.63,2016,,Regional Transportation Commission of Southern Nevada,""
Harold E Sherard,Equipment Technician,57925.60,8804.15,0.00,22445.88,66729.75,89175.63,2016,,Regional Transportation Commission of Southern Nevada,""
Albert M Ruvalcaba,Facilities Support Services Worker,58074.40,1200.29,0.00,29187.24,59274.69,88461.93,2016,,Regional Transportation Commission of Southern Nevada,""
Mark H Hyfler,Accounting Technician,52094.42,0.00,0.00,35661.93,52094.42,87756.35,2016,,Regional Transportation Commission of Southern Nevada,""
Madalyn R Reyes,Assistant Vault Operations Supervisor,57994.43,0.00,0.00,29740.63,57994.43,87735.06,2016,,Regional Transportation Commission of Southern Nevada,""
Bebe A Razack,Human Resources Generalist,58691.20,0.00,0.00,28882.08,58691.20,87573.28,2016,,Regional Transportation Commission of Southern Nevada,""
Brenda R Bell,Management Analyst,66119.20,0.00,0.00,21446.00,66119.20,87565.20,2016,,Regional Transportation Commission of Southern Nevada,""
Angela M Miller,Customer Care Agent,52631.22,1583.58,0.00,32565.69,54214.80,86780.49,2016,,Regional Transportation Commission of Southern Nevada,""
Samone S Davis,Paratransit Eligibility Technician,55916.02,0.00,0.00,30039.72,55916.02,85955.74,2016,,Regional Transportation Commission of Southern Nevada,""
Jennifer J Lilore,Administrative Specialist,53446.44,117.99,0.00,31780.30,53564.43,85344.73,2016,,Regional Transportation Commission of Southern Nevada,""
Ming Ma,Transportation Planner,53956.80,0.00,0.00,31057.00,53956.80,85013.80,2016,,Regional Transportation Commission of Southern Nevada,""
Mary D Labman,Sales Representative,50731.19,1969.50,0.00,32246.94,52700.69,84947.63,2016,,Regional Transportation Commission of Southern Nevada,""
Gary Short,Customer Care Agent,48939.78,378.61,0.00,35549.05,49318.39,84867.44,2016,,Regional Transportation Commission of Southern Nevada,""
Faye R Smith,Custodian,49569.61,9444.60,0.00,25633.56,59014.21,84647.77,2016,,Regional Transportation Commission of Southern Nevada,""
Percella Watson,Vault Attendant,49816.01,2862.60,0.00,31559.67,52678.61,84238.28,2016,,Regional Transportation Commission of Southern Nevada,""
John S Hayes,Vault Attendant,50241.60,1080.15,0.00,32560.42,51321.75,83882.17,2016,,Regional Transportation Commission of Southern Nevada,""
Tammy D McMahan,Management Analyst,59689.60,0.00,0.00,24127.13,59689.60,83816.73,2016,,Regional Transportation Commission of Southern Nevada,""
Carlos Estrada,Customer Care Agent,52631.20,701.13,0.00,29717.37,53332.33,83049.70,2016,,Regional Transportation Commission of Southern Nevada,""
Gwendolyn Y Ware,Customer Care Agent,51892.04,365.25,0.00,30453.18,52257.29,82710.47,2016,,Regional Transportation Commission of Southern Nevada,""
Tamika Davis-Edwards,Administrative Specialist,52168.85,290.64,0.00,30062.54,52459.49,82522.03,2016,,Regional Transportation Commission of Southern Nevada,""
Seth D Contreras,Senior Transportation Planner,60992.80,0.00,1633.71,19792.89,62626.51,82419.40,2016,,Regional Transportation Commission of Southern Nevada,""
Lazaro Y Barron,Traffic Communication Systems Technician - CDL,59396.01,554.39,0.00,22431.94,59950.40,82382.34,2016,,Regional Transportation Commission of Southern Nevada,""
Marin L DuBois,Management Analyst,60296.00,0.00,0.00,22048.11,60296.00,82344.11,2016,,Regional Transportation Commission of Southern Nevada,""
Jecia A Hutchinson,Graphic Specialist,59526.42,196.70,0.00,22468.44,59723.12,82191.56,2016,,Regional Transportation Commission of Southern Nevada,""
Joseph A Psenicnik,Transit Amenities Technician,45556.80,13083.04,0.00,23262.21,58639.84,81902.05,2016,,Regional Transportation Commission of Southern Nevada,""
Nichole M Robinson,Management Analyst,53513.60,0.00,0.00,28288.93,53513.60,81802.53,2016,,Regional Transportation Commission of Southern Nevada,""
Theresa L Rand,Data Analyst,51813.60,0.00,0.00,29489.79,51813.60,81303.39,2016,,Regional Transportation Commission of Southern Nevada,""
Jose F Rodriguez,Traffic Systems Technician,57952.00,1340.83,0.00,21766.09,59292.83,81058.92,2016,,Regional Transportation Commission of Southern Nevada,""
James B Lomax,Skilled Trades Worker,49272.34,375.30,205.21,31169.23,49852.85,81022.08,2016,,Regional Transportation Commission of Southern Nevada,""
Jennifer D Schofield,Administrative Specialist,49427.22,512.79,0.00,30655.50,49940.01,80595.51,2016,,Regional Transportation Commission of Southern Nevada,""
Ginger G Fall,Office Specialist,51813.64,0.00,0.00,28707.56,51813.64,80521.20,2016,,Regional Transportation Commission of Southern Nevada,""
Edwin S Guevara,Transit Operations Planner,55420.00,0.00,0.00,25093.61,55420.00,80513.61,2016,,Regional Transportation Commission of Southern Nevada,""
Randall W Brazile,Facilities Engineering Technician,49628.80,7350.08,0.00,23502.00,56978.88,80480.88,2016,,Regional Transportation Commission of Southern Nevada,""
Benhur C Collado,Assistant Transit Operations Supervisor,50257.00,0.00,0.00,30142.99,50257.00,80399.99,2016,,Regional Transportation Commission of Southern Nevada,""
Ronald B Vertison,Custodian,48697.60,319.83,0.00,31323.78,49017.43,80341.21,2016,,Regional Transportation Commission of Southern Nevada,""
Karen R Rickerson,Management Analyst,56753.72,0.00,0.00,23286.40,56753.72,80040.12,2016,,Regional Transportation Commission of Southern Nevada,""
Ramona R Horton,Customer Care Agent,50250.84,0.00,0.00,29642.78,50250.84,79893.62,2016,,Regional Transportation Commission of Southern Nevada,""
Adam R Gradisher,Systems Technician,49349.61,641.73,1554.45,28335.14,51545.79,79880.93,2016,,Regional Transportation Commission of Southern Nevada,""
Kwang-Won In,Vault Attendant,51604.81,372.15,0.00,27865.97,51976.96,79842.93,2016,,Regional Transportation Commission of Southern Nevada,""
Valerie M Lockheart,Customer Care Agent,52708.29,0.00,0.00,26882.05,52708.29,79590.34,2016,,Regional Transportation Commission of Southern Nevada,""
Ruth E Sandoval,Accounting Technician,52004.09,0.00,0.00,27573.85,52004.09,79577.94,2016,,Regional Transportation Commission of Southern Nevada,""
Deitra Atkinson,Sales Representative,49870.44,0.00,0.00,29671.10,49870.44,79541.54,2016,,Regional Transportation Commission of Southern Nevada,""
Anita K Baker,Sales Representative,50392.88,367.66,0.00,28220.02,50760.54,78980.56,2016,,Regional Transportation Commission of Southern Nevada,""
Kourtney N Neal,Management Analyst,51732.03,0.00,0.00,26910.06,51732.03,78642.09,2016,,Regional Transportation Commission of Southern Nevada,""
Kelli A George,Senior Data Analyst,52680.00,0.00,0.00,25942.43,52680.00,78622.43,2016,,Regional Transportation Commission of Southern Nevada,""
Linda M English,Customer Care Agent,50852.82,3654.16,0.00,23899.83,54506.98,78406.81,2016,,Regional Transportation Commission of Southern Nevada,""
Susan A Finer,Management Analyst,53088.80,0.00,0.00,24540.47,53088.80,77629.27,2016,,Regional Transportation Commission of Southern Nevada,""
Alfredo Jaro,Assistant Transit Operations Supervisor,61930.40,0.00,0.00,15332.09,61930.40,77262.49,2016,,Regional Transportation Commission of Southern Nevada,""
Bethany A Sheley,Administrative Specialist,50732.83,0.00,0.00,26300.48,50732.83,77033.31,2016,,Regional Transportation Commission of Southern Nevada,""
Morgan A Vas,Human Resources Technician,49489.56,466.26,0.00,27039.49,49955.82,76995.31,2016,,Regional Transportation Commission of Southern Nevada,""
Tonita N Brown,Purchasing & Contracts Analyst,52167.20,0.00,0.00,24182.81,52167.20,76350.01,2016,,Regional Transportation Commission of Southern Nevada,""
Mariann M Kastner,Assistant Transit Operations Supervisor,51442.40,0.00,0.00,24586.49,51442.40,76028.89,2016,,Regional Transportation Commission of Southern Nevada,""
Laura J Gaeta,Assistant Customer Care Supervisor,58693.60,0.00,0.00,16812.75,58693.60,75506.35,2016,,Regional Transportation Commission of Southern Nevada,""
Rush S Wickes,Transportation Planner,60752.00,0.00,0.00,14610.13,60752.00,75362.13,2016,,Regional Transportation Commission of Southern Nevada,""
Tracy S Burman,Transit Quality Assurance Specialist,49784.06,947.33,0.00,23814.98,50731.39,74546.37,2016,,Regional Transportation Commission of Southern Nevada,""
Roger V Johnson,Vehicle Maintenance Compliance Inspector - Non CDL,49464.01,925.79,0.00,24141.95,50389.80,74531.75,2016,,Regional Transportation Commission of Southern Nevada,""
Henry G Medina,Skilled Trades Worker,41557.60,9048.02,1582.42,21987.02,52188.04,74175.06,2016,,Regional Transportation Commission of Southern Nevada,""
Brenda M Castro,Accounting Technician,47839.22,0.00,0.00,26187.42,47839.22,74026.64,2016,,Regional Transportation Commission of Southern Nevada,""
Jonathan R West,Equipment Technician,55830.40,649.63,3055.59,14398.82,59535.62,73934.44,2016,,Regional Transportation Commission of Southern Nevada,""
Adam J Marohnic,Data Analyst,52284.80,0.00,0.00,21306.26,52284.80,73591.06,2016,,Regional Transportation Commission of Southern Nevada,""
Amy M Trunoske,Administrative Specialist,47370.40,8944.98,0.00,17160.75,56315.38,73476.13,2016,,Regional Transportation Commission of Southern Nevada,""
Steve L McNabb,Transit Quality Assurance Specialist,46199.20,1283.95,596.65,25228.78,48079.80,73308.58,2016,,Regional Transportation Commission of Southern Nevada,""
Carl Davis,Senior Custodian,44029.60,0.00,0.00,29250.80,44029.60,73280.40,2016,,Regional Transportation Commission of Southern Nevada,""
Jeanine M Mechler,Human Resources Technician,52154.41,228.51,0.00,20713.07,52382.92,73095.99,2016,,Regional Transportation Commission of Southern Nevada,""
Michele C Fioritto,Administrative Specialist,47308.80,0.00,0.00,25592.52,47308.80,72901.32,2016,,Regional Transportation Commission of Southern Nevada,""
Tamye L Holloway,Administrative Specialist,41375.26,4603.52,0.00,26479.89,45978.78,72458.67,2016,,Regional Transportation Commission of Southern Nevada,""
Tonya A Thomas,Assistant Customer Care Supervisor,51005.60,0.00,0.00,20982.71,51005.60,71988.31,2016,,Regional Transportation Commission of Southern Nevada,""
Christine A Keller,Vault Attendant,48524.04,0.00,0.00,23226.33,48524.04,71750.37,2016,,Regional Transportation Commission of Southern Nevada,""
Danielle M Leland,Customer Care Agent,43503.23,2471.09,0.00,25715.71,45974.32,71690.03,2016,,Regional Transportation Commission of Southern Nevada,""
Marco A Ramirez De Luna,Revenue Control Specialist,42541.95,604.20,0.00,28541.52,43146.15,71687.67,2016,,Regional Transportation Commission of Southern Nevada,""
Franklin M Torres Espinoza,Vehicle Maintenance Compliance Inspector - Non CDL,47750.29,0.00,0.00,23662.11,47750.29,71412.40,2016,,Regional Transportation Commission of Southern Nevada,""
Leslie C Tassoni,Systems Technician,48124.00,1024.69,1738.93,19762.64,50887.62,70650.26,2016,,Regional Transportation Commission of Southern Nevada,""
Regina Byrd,Customer Care Agent,44325.60,4555.13,0.00,21157.48,48880.73,70038.21,2016,,Regional Transportation Commission of Southern Nevada,""
Katherine J Takami,Administrative Specialist,42355.21,631.89,0.00,26445.30,42987.10,69432.40,2016,,Regional Transportation Commission of Southern Nevada,""
Rebecca E Rogers,Customer Care Agent,45738.42,626.19,0.00,22006.69,46364.61,68371.30,2016,,Regional Transportation Commission of Southern Nevada,""
Carmen A Perkins,Transit Quality Assurance Specialist,45338.41,1163.45,0.00,21540.70,46501.86,68042.56,2016,,Regional Transportation Commission of Southern Nevada,""
Maria G Solorzano-Javate,Senior Customer Care Agent,40328.84,368.89,0.00,27321.06,40697.73,68018.79,2016,,Regional Transportation Commission of Southern Nevada,""
Willie T Garrett,Safety & Security Coordinator,52211.20,0.00,0.00,15728.64,52211.20,67939.84,2016,,Regional Transportation Commission of Southern Nevada,""
Sandra T Kurehwa,Paratransit Eligibility Technician,47786.41,1182.14,0.00,18832.29,48968.55,67800.84,2016,,Regional Transportation Commission of Southern Nevada,""
Drake B Myers,Accounting Clerk,45756.00,0.00,0.00,22027.21,45756.00,67783.21,2016,,Regional Transportation Commission of Southern Nevada,""
Ronald S Ornelas,Vehicle Maintenance Compliance Inspector - Non CDL,48791.79,0.00,0.00,18823.30,48791.79,67615.09,2016,,Regional Transportation Commission of Southern Nevada,""
John J Christopher,Transit Amenities Worker,38804.00,5318.70,2125.20,20619.46,46247.90,66867.36,2016,,Regional Transportation Commission of Southern Nevada,""
Danielle N Silva,Transit Mobility Technician,52257.90,1042.71,0.00,11707.80,53300.61,65008.41,2016,,Regional Transportation Commission of Southern Nevada,""
Jessica E Galvez,Administrative Specialist,41466.44,159.64,0.00,23136.62,41626.08,64762.70,2016,,Regional Transportation Commission of Southern Nevada,""
Verdette Page,Administrative Specialist,41785.60,658.28,0.00,21375.60,42443.88,63819.48,2016,,Regional Transportation Commission of Southern Nevada,""
Sandra Elizabeth Hernandez,Transit Quality Assurance Specialist,40996.70,56.37,0.00,22371.79,41053.07,63424.86,2016,,Regional Transportation Commission of Southern Nevada,""
Ramona Williams,Administrative Specialist,41238.40,0.00,0.00,21838.80,41238.40,63077.20,2016,,Regional Transportation Commission of Southern Nevada,""
DeAnna N McGee,Administrative Specialist,40327.22,0.00,0.00,21583.65,40327.22,61910.87,2016,,Regional Transportation Commission of Southern Nevada,""
Leonel Rivera,Transit Quality Assurance Specialist,47319.20,2256.96,0.00,12313.37,49576.16,61889.53,2016,,Regional Transportation Commission of Southern Nevada,""
Anthony Scura,Traffic Communication Systems Technician - CDL,40700.80,41.19,0.00,20784.24,40741.99,61526.23,2016,,Regional Transportation Commission of Southern Nevada,""
Lisa R Lomax,Senior Customer Care Agent,40042.40,1498.29,0.00,19924.10,41540.69,61464.79,2016,,Regional Transportation Commission of Southern Nevada,""
Elie W Hanache,Traffic Communication Systems Technician,47147.20,198.77,0.00,13877.35,47345.97,61223.32,2016,,Regional Transportation Commission of Southern Nevada,""
Jamie K S Esprecion,Administrative Specialist,40019.20,112.80,0.00,20781.37,40132.00,60913.37,2016,,Regional Transportation Commission of Southern Nevada,""
Rosa Vargas,Customer Care Agent,32609.41,3426.76,0.00,24817.31,36036.17,60853.48,2016,,Regional Transportation Commission of Southern Nevada,""
Karen L Williams,Customer Care Agent,33378.40,3281.94,0.00,23145.37,36660.34,59805.71,2016,,Regional Transportation Commission of Southern Nevada,""
Eliana R Covarrubias,Office Specialist,34505.62,5171.67,0.00,19337.16,39677.29,59014.45,2016,,Regional Transportation Commission of Southern Nevada,""
Edward J Canale,Transit Quality Assurance Specialist,40721.61,1033.50,0.00,17237.20,41755.11,58992.31,2016,,Regional Transportation Commission of Southern Nevada,""
Jontavia D Franklin,Senior Customer Care Agent,40667.67,1638.53,0.00,15121.60,42306.20,57427.80,2016,,Regional Transportation Commission of Southern Nevada,""
Juli A Roundy,Facilities Support Services Worker,33452.00,3456.13,0.00,19796.79,36908.13,56704.92,2016,,Regional Transportation Commission of Southern Nevada,""
Mondre D Jones,Facilities Support Services Worker,40036.01,1126.22,0.00,15514.98,41162.23,56677.21,2016,,Regional Transportation Commission of Southern Nevada,""
Susanna M Minogue,Customer Care Agent,39368.87,1071.63,0.00,15450.59,40440.50,55891.09,2016,,Regional Transportation Commission of Southern Nevada,""
Michael K Mckiernan,Senior Custodian,34355.21,1865.19,0.00,19266.56,36220.40,55486.96,2016,,Regional Transportation Commission of Southern Nevada,""
Pamela N Kalani,Administrative Specialist,35721.00,0.00,0.00,19282.93,35721.00,55003.93,2016,,Regional Transportation Commission of Southern Nevada,""
Christopher M Schwarz,Regional Traffic Control Coordinator,37784.20,0.00,0.00,15395.43,37784.20,53179.63,2016,,Regional Transportation Commission of Southern Nevada,""
George Yago,Customer Care Agent,38880.00,2136.46,0.00,11703.02,41016.46,52719.48,2016,,Regional Transportation Commission of Southern Nevada,""
Maria P Solis,Administrative Specialist,40902.43,0.00,0.00,11662.18,40902.43,52564.61,2016,,Regional Transportation Commission of Southern Nevada,""
Dia R Gage,Senior Transit Ambassador,33517.71,6.35,0.00,18981.80,33524.06,52505.86,2016,,Regional Transportation Commission of Southern Nevada,""
Mark A Ruiz,Senior Transit Ambassador,39948.00,622.39,0.00,11659.44,40570.39,52229.83,2016,,Regional Transportation Commission of Southern Nevada,""
Christina C Meneses,Administrative Specialist,40570.40,21.76,0.00,11569.21,40592.16,52161.37,2016,,Regional Transportation Commission of Southern Nevada,""
Sergio L Guerra,Customer Care Agent,33378.50,1670.69,0.00,16908.57,35049.19,51957.76,2016,,Regional Transportation Commission of Southern Nevada,""
Melissa M Muscari,Accounting Clerk,32967.24,0.00,0.00,18906.42,32967.24,51873.66,2016,,Regional Transportation Commission of Southern Nevada,""
Sirbrina A Bell,Customer Care Agent,33297.97,2590.76,0.00,15165.56,35888.73,51054.29,2016,,Regional Transportation Commission of Southern Nevada,""
Mary E Combs,Customer Care Agent,33378.41,24.68,0.00,17267.06,33403.09,50670.15,2016,,Regional Transportation Commission of Southern Nevada,""
Blanca Cervantes Candelario,Custodian,28576.00,2963.28,0.00,18506.96,31539.28,50046.24,2016,,Regional Transportation Commission of Southern Nevada,""
Shamiko R Truss-Mathews,Customer Care Agent,29492.59,2059.80,0.00,18312.79,31552.39,49865.18,2016,,Regional Transportation Commission of Southern Nevada,""
Jose L Rodriguez,Customer Care Agent,32897.96,0.00,0.00,16678.81,32897.96,49576.77,2016,,Regional Transportation Commission of Southern Nevada,""
Yvonne D Kenner,Customer Care Agent,32260.85,2395.00,0.00,14848.40,34655.85,49504.25,2016,,Regional Transportation Commission of Southern Nevada,""
Ellen E Marciel,Transit Amenities Supervisor,34718.40,0.00,0.00,14424.95,34718.40,49143.35,2016,,Regional Transportation Commission of Southern Nevada,""
Sylvia Olguin,Customer Care Agent,31003.52,750.26,0.00,17173.10,31753.78,48926.88,2016,,Regional Transportation Commission of Southern Nevada,""
Irene Rodriguez,Customer Care Agent,33378.43,234.90,0.00,15212.77,33613.33,48826.10,2016,,Regional Transportation Commission of Southern Nevada,""
Zeneta P Kelley,Vault Attendant,32813.61,1194.75,0.00,14507.19,34008.36,48515.55,2016,,Regional Transportation Commission of Southern Nevada,""
Zoe A Coleman,Accounting Technician,18986.50,0.00,10571.96,18197.24,29558.46,47755.70,2016,,Regional Transportation Commission of Southern Nevada,""
Daniel J Fazekas,Senior Regional Planner,33934.30,0.00,0.00,12895.81,33934.30,46830.11,2016,,Regional Transportation Commission of Southern Nevada,""
Bruce M Dillard,Sales Representative,28431.09,402.39,0.00,17636.29,28833.48,46469.77,2016,,Regional Transportation Commission of Southern Nevada,""
Jo Mark D Gatpandan,Transit Ambassador,28371.84,469.80,0.00,17563.97,28841.64,46405.61,2016,,Regional Transportation Commission of Southern Nevada,""
Breann P Kekahuna,Senior Transit Ambassador,39275.78,1053.30,0.00,5968.55,40329.08,46297.63,2016,,Regional Transportation Commission of Southern Nevada,""
Joseph N Rasavage,Custodian,28617.60,3827.42,0.00,13693.45,32445.02,46138.47,2016,,Regional Transportation Commission of Southern Nevada,""
Franklin A Parsons,Transit Ambassador,33323.38,1689.25,0.00,10369.25,35012.63,45381.88,2016,,Regional Transportation Commission of Southern Nevada,""
Thomas J Enzenauer,Vault Attendant,32738.41,1887.50,0.00,10472.82,34625.91,45098.73,2016,,Regional Transportation Commission of Southern Nevada,""
Jacob A Hoel,Senior Transit Ambassador,33599.45,1240.18,0.00,9709.85,34839.63,44549.48,2016,,Regional Transportation Commission of Southern Nevada,""
LaToya McGee-Willis,Purchasing & Contracts Analyst,32492.40,0.00,1721.16,9220.07,34213.56,43433.63,2016,,Regional Transportation Commission of Southern Nevada,""
Shanika A Dorsey,Transit Ambassador,23409.92,63.45,0.00,19859.89,23473.37,43333.26,2016,,Regional Transportation Commission of Southern Nevada,""
Claudia Manzano,Customer Care Agent,24698.22,82.21,0.00,18394.35,24780.43,43174.78,2016,,Regional Transportation Commission of Southern Nevada,""
Andrea J Anderson,Sales Representative,28276.01,757.08,0.00,13777.52,29033.09,42810.61,2016,,Regional Transportation Commission of Southern Nevada,""
Carolyn V Ford,Customer Care Agent,28536.14,11.74,0.00,13442.20,28547.88,41990.08,2016,,Regional Transportation Commission of Southern Nevada,""
Wei Wang,Custodian,28172.00,0.00,0.00,13689.18,28172.00,41861.18,2016,,Regional Transportation Commission of Southern Nevada,""
Angelica L Aunario,Customer Care Agent,30956.80,0.00,0.00,10872.75,30956.80,41829.55,2016,,Regional Transportation Commission of Southern Nevada,""
Samuel W Scarbrough,Transit Ambassador,31391.24,1344.76,0.00,8911.22,32736.00,41647.22,2016,,Regional Transportation Commission of Southern Nevada,""
Juantility A Thomas,Customer Care Agent,27633.45,240.77,0.00,13255.23,27874.22,41129.45,2016,,Regional Transportation Commission of Southern Nevada,""
Karen F Marin,Administrative Specialist,35567.21,0.00,0.00,5279.50,35567.21,40846.71,2016,,Regional Transportation Commission of Southern Nevada,""
Heidy Gadea,Customer Care Agent,30851.84,0.00,0.00,9381.24,30851.84,40233.08,2016,,Regional Transportation Commission of Southern Nevada,""
Paul L Halaschak,Vehicle Maintenance Compliance Inspector,30908.93,0.00,339.12,8776.72,31248.05,40024.77,2016,,Regional Transportation Commission of Southern Nevada,""
Michele R Christopher,Transit Ambassador,27186.52,181.07,0.00,11307.69,27367.59,38675.28,2016,,Regional Transportation Commission of Southern Nevada,""
YKimia M Beard,Customer Care Agent,27540.34,1863.89,15.23,8086.69,29419.46,37506.15,2016,,Regional Transportation Commission of Southern Nevada,""
Frank D Giordano,Senior Traffic Communication Systems Technician - CDL,17892.00,0.00,8345.34,10899.83,26237.34,37137.17,2016,,Regional Transportation Commission of Southern Nevada,""
Todd D Gurnee,GIS Analyst,28632.00,0.00,0.00,7672.10,28632.00,36304.10,2016,,Regional Transportation Commission of Southern Nevada,""
Laura A Coronado,Public Affairs Administrator,25422.40,0.00,0.00,8862.10,25422.40,34284.50,2016,,Regional Transportation Commission of Southern Nevada,""
Paul A Gully,Management Analyst,26364.80,0.00,0.00,5273.20,26364.80,31638.00,2016,,Regional Transportation Commission of Southern Nevada,""
Leilani K Sandoval,Transit Ambassador,23878.23,11.90,0.00,5908.32,23890.13,29798.45,2016,,Regional Transportation Commission of Southern Nevada,""
Gomecinda M Nicolas,Transit Ambassador,22773.64,709.71,0.00,6217.88,23483.35,29701.23,2016,,Regional Transportation Commission of Southern Nevada,""
Rita J Scott-Clark,Transit Mobility Technician,22408.45,0.00,0.00,6355.10,22408.45,28763.55,2016,,Regional Transportation Commission of Southern Nevada,""
Cassandra L Campbell,Accounting Technician,15929.61,0.00,3124.94,9540.92,19054.55,28595.47,2016,,Regional Transportation Commission of Southern Nevada,""
Jessica N Morrissey,Customer Care Agent,16327.92,252.52,64.05,11290.15,16644.49,27934.64,2016,,Regional Transportation Commission of Southern Nevada,""
Darlene T Dato-On,Senior Human Resources Generalist,20593.20,0.00,0.00,6667.41,20593.20,27260.61,2016,,Regional Transportation Commission of Southern Nevada,""
Lameshia S Billew,Customer Care Agent,20617.35,6.94,0.00,6420.20,20624.29,27044.49,2016,,Regional Transportation Commission of Southern Nevada,""
Theodore M Anderson,Custodian,17035.20,2496.80,0.00,7177.01,19532.00,26709.01,2016,,Regional Transportation Commission of Southern Nevada,""
Wycliffe A Mudambi,Manager of Fixed Route Operations,20090.40,0.00,0.00,5833.04,20090.40,25923.44,2016,,Regional Transportation Commission of Southern Nevada,""
Laura Lynn Helms,Customer Care Agent,20631.20,104.07,0.00,4925.21,20735.27,25660.48,2016,,Regional Transportation Commission of Southern Nevada,""
Brandy N Sulstrom,Human Resources Generalist,15929.60,0.00,2132.08,6554.61,18061.68,24616.29,2016,,Regional Transportation Commission of Southern Nevada,""
Jaclyn M Lombardo,Human Resources Technician,10969.20,112.19,8649.72,4434.39,19731.11,24165.50,2016,,Regional Transportation Commission of Southern Nevada,""
Michelle S Miyajima,Transit Ambassador,18380.50,0.00,0.00,5245.45,18380.50,23625.95,2016,,Regional Transportation Commission of Southern Nevada,""
Denise L Smith,Transit Ambassador - PART,17310.56,0.00,0.00,4846.86,17310.56,22157.42,2016,,Regional Transportation Commission of Southern Nevada,""
Noemi Sanchez-Jauregui,Customer Care Agent,12684.60,281.88,216.58,6648.39,13183.06,19831.45,2016,,Regional Transportation Commission of Southern Nevada,""
James J Benda,Vehicle Maintenance Compliance Inspector (Part Time),19299.85,0.00,0.00,0.00,19299.85,19299.85,2016,,Regional Transportation Commission of Southern Nevada,""
Barbara D Weathers,Customer Care Agent,12206.18,0.00,79.86,5689.43,12286.04,17975.47,2016,,Regional Transportation Commission of Southern Nevada,""
Matthew A Taggard,Assistant Customer Care Supervisor,12707.84,0.00,0.00,4145.48,12707.84,16853.32,2016,,Regional Transportation Commission of Southern Nevada,""
Robert L Crisler,Transit Ambassador,14867.43,0.00,0.00,1647.19,14867.43,16514.62,2016,,Regional Transportation Commission of Southern Nevada,""
Amear S Alhadidi,Office Assistant,11721.60,0.00,0.00,4732.32,11721.60,16453.92,2016,,Regional Transportation Commission of Southern Nevada,""
Dorian Valdivia,Facilities Support Services Worker - Part,16448.90,0.00,0.00,0.00,16448.90,16448.90,2016,,Regional Transportation Commission of Southern Nevada,""
Anthony K Garcia,Traffic Communication Systems Technician,8894.40,0.00,2277.71,4829.47,11172.11,16001.58,2016,,Regional Transportation Commission of Southern Nevada,""
Eneliko M Mulokozi,Intern - Part Time,15732.00,0.00,0.00,0.00,15732.00,15732.00,2016,,Regional Transportation Commission of Southern Nevada,""
Richard K Morgan,Vehicle Maintenance Compliance Inspector PT,14575.35,0.00,0.00,0.00,14575.35,14575.35,2016,,Regional Transportation Commission of Southern Nevada,""
Brittany L Walker,Intern - Part Time,14370.00,0.00,0.00,0.00,14370.00,14370.00,2016,,Regional Transportation Commission of Southern Nevada,""
Melissa Fimbres,Human Resources Technician,10815.60,16.82,0.00,3028.37,10832.42,13860.79,2016,,Regional Transportation Commission of Southern Nevada,""
Marko Kirchberg,Transit Ambassador - PART,13263.61,0.00,0.00,0.00,13263.61,13263.61,2016,,Regional Transportation Commission of Southern Nevada,""
Curtis E Tilghman,Transit Ambassador - PART,13206.71,0.00,0.00,0.00,13206.71,13206.71,2016,,Regional Transportation Commission of Southern Nevada,""
Andrea A Baker,Transit Ambassador - PART,13137.87,0.00,0.00,0.00,13137.87,13137.87,2016,,Regional Transportation Commission of Southern Nevada,""
Alieha M Ornelas,Transit Ambassador - PART,12992.60,0.00,0.00,0.00,12992.60,12992.60,2016,,Regional Transportation Commission of Southern Nevada,""
Kenneth L Galbreath,Transit Ambassador - PART,12945.34,0.00,0.00,0.00,12945.34,12945.34,2016,,Regional Transportation Commission of Southern Nevada,""
Tyler Horne,Intern - Part Time,12835.20,0.00,0.00,0.00,12835.20,12835.20,2016,,Regional Transportation Commission of Southern Nevada,""
LeeAnn M Higa,Customer Care Agent,9903.42,6.94,0.00,2582.36,9910.36,12492.72,2016,,Regional Transportation Commission of Southern Nevada,""
Dayanara Perez,Transit Mobility Technician,9148.00,583.18,0.00,2561.45,9731.18,12292.63,2016,,Regional Transportation Commission of Southern Nevada,""
Sonia Campbell,Purchasing Technician,9148.00,0.00,0.00,2561.45,9148.00,11709.45,2016,,Regional Transportation Commission of Southern Nevada,""
Franchesca Soriano,Transit Mobility Trainer - Part Time,11540.06,0.00,0.00,0.00,11540.06,11540.06,2016,,Regional Transportation Commission of Southern Nevada,""
Mariah S Domio,Transit Ambassador - PART,11470.61,0.00,0.00,0.00,11470.61,11470.61,2016,,Regional Transportation Commission of Southern Nevada,""
Rocio R Perez,Customer Care Agent,7670.40,191.76,0.00,3254.00,7862.16,11116.16,2016,,Regional Transportation Commission of Southern Nevada,""
Michael J Galizio,Senior Transportation Planner,6176.00,0.00,2438.75,1693.52,8614.75,10308.27,2016,,Regional Transportation Commission of Southern Nevada,""
Ma Hannah C Kimura,Customer Care Agent,7444.60,11.98,0.00,2738.11,7456.58,10194.69,2016,,Regional Transportation Commission of Southern Nevada,""
Doris L Harris,Transit Ambassador - PART,9884.02,0.00,0.00,0.00,9884.02,9884.02,2016,,Regional Transportation Commission of Southern Nevada,""
David E Lalumondiere,Vehicle Maintenance Compliance Inspector (Part Time),9675.35,0.00,0.00,0.00,9675.35,9675.35,2016,,Regional Transportation Commission of Southern Nevada,""
Kaleigh Yarbrough,Transit Ambassador - PART,9316.47,0.00,0.00,0.00,9316.47,9316.47,2016,,Regional Transportation Commission of Southern Nevada,""
Evelyn Morales,Transit Ambassador - PART,9234.64,0.00,0.00,0.00,9234.64,9234.64,2016,,Regional Transportation Commission of Southern Nevada,""
Trayvon L McClinton,Custodian,6025.42,0.00,389.37,2486.29,6414.79,8901.08,2016,,Regional Transportation Commission of Southern Nevada,""
Halley E Pabst,Accounting Technician,3587.20,0.00,3142.61,1810.72,6729.81,8540.53,2016,,Regional Transportation Commission of Southern Nevada,""
R'Mond C Hill,Intern - PT,7338.75,0.00,0.00,0.00,7338.75,7338.75,2016,,Regional Transportation Commission of Southern Nevada,""
Bebe R Razack,Office Specialist - Part Time,7025.42,0.00,0.00,0.00,7025.42,7025.42,2016,,Regional Transportation Commission of Southern Nevada,""
Rebekkah J Hollister,Transit Ambassador - PART,6691.96,0.00,0.00,0.00,6691.96,6691.96,2016,,Regional Transportation Commission of Southern Nevada,""
Sherae L Mims,Office Assistant,5220.00,0.00,0.00,1461.60,5220.00,6681.60,2016,,Regional Transportation Commission of Southern Nevada,""
Louis Munoz,Transit Ambassador - PART,6632.02,0.00,0.00,0.00,6632.02,6632.02,2016,,Regional Transportation Commission of Southern Nevada,""
McLynn K Dixon,Transit Ambassador - PART,6628.62,0.00,0.00,0.00,6628.62,6628.62,2016,,Regional Transportation Commission of Southern Nevada,""
Alex J Aguilar,Customer Care Agent,5646.20,0.00,0.00,818.71,5646.20,6464.91,2016,,Regional Transportation Commission of Southern Nevada,""
Christopher J Mallon,Intern PTH,6442.50,0.00,0.00,0.00,6442.50,6442.50,2016,,Regional Transportation Commission of Southern Nevada,""
Stephanie N Salgado,Transit Ambassador - PART,6365.62,0.00,0.00,0.00,6365.62,6365.62,2016,,Regional Transportation Commission of Southern Nevada,""
Michael Herman,Accounting Technician,4574.00,0.00,0.00,1280.72,4574.00,5854.72,2016,,Regional Transportation Commission of Southern Nevada,""
Jayvonn J Martinez,Transit Ambassador - PART,5614.38,0.00,0.00,0.00,5614.38,5614.38,2016,,Regional Transportation Commission of Southern Nevada,""
Keisha D Leslie,Transit Ambassador - PART,5602.56,0.00,0.00,0.00,5602.56,5602.56,2016,,Regional Transportation Commission of Southern Nevada,""
Demondre E Salgado,Transit Ambassador - PART,5549.80,0.00,0.00,0.00,5549.80,5549.80,2016,,Regional Transportation Commission of Southern Nevada,""
Jessica D Ongman,Customer Care Agent,4733.74,0.00,0.00,686.40,4733.74,5420.14,2016,,Regional Transportation Commission of Southern Nevada,""
Lucero Garcia Magallanes,Transit Ambassador - PART,5188.14,0.00,0.00,0.00,5188.14,5188.14,2016,,Regional Transportation Commission of Southern Nevada,""
Vaughn T Cravens,Transit Ambassador - PART,5109.16,0.00,0.00,0.00,5109.16,5109.16,2016,,Regional Transportation Commission of Southern Nevada,""
Angelica P Beltran-Martinez,Public Affairs Administrator,3361.20,0.00,0.00,1475.42,3361.20,4836.62,2016,,Regional Transportation Commission of Southern Nevada,""
Jennifer T Smith,Transit Ambassador - PART,4548.78,0.00,0.00,0.00,4548.78,4548.78,2016,,Regional Transportation Commission of Southern Nevada,""
Vanessa J MacDonald,Customer Care Agent,2610.00,508.95,0.00,1327.65,3118.95,4446.60,2016,,Regional Transportation Commission of Southern Nevada,""
Brad Seidel,Public Affairs Administrator,3462.00,0.00,0.00,969.36,3462.00,4431.36,2016,,Regional Transportation Commission of Southern Nevada,""
Tanisha A Bethea,Transit Ambassador - PART,4175.82,0.00,0.00,0.00,4175.82,4175.82,2016,,Regional Transportation Commission of Southern Nevada,""
Esther G Betancourt,Office Assistant - Part Time,4042.50,0.00,0.00,0.00,4042.50,4042.50,2016,,Regional Transportation Commission of Southern Nevada,""
Brandy L Montgomery,Transit Ambassador,3436.63,0.00,0.00,122.69,3436.63,3559.32,2016,,Regional Transportation Commission of Southern Nevada,""
Kellie Stewart,Intern,3290.00,0.00,0.00,0.00,3290.00,3290.00,2016,,Regional Transportation Commission of Southern Nevada,""
Elisha M Thompson,Transit Ambassador - PART,3285.41,0.00,0.00,0.00,3285.41,3285.41,2016,,Regional Transportation Commission of Southern Nevada,""
Tiffany M Voss,Intern - Part Time,3120.00,0.00,0.00,0.00,3120.00,3120.00,2016,,Regional Transportation Commission of Southern Nevada,""
Myra Y Weaver,Intern - Part Time,2506.00,0.00,0.00,0.00,2506.00,2506.00,2016,,Regional Transportation Commission of Southern Nevada,""
Nina F Paulsen,Transit Ambassador - PART,2326.20,0.00,0.00,0.00,2326.20,2326.20,2016,,Regional Transportation Commission of Southern Nevada,""
Vitor S Brito,Transit Ambassador - PART,1840.08,0.00,0.00,0.00,1840.08,1840.08,2016,,Regional Transportation Commission of Southern Nevada,""
Randy Correll,Transit Worker,1065.60,0.00,0.00,298.37,1065.60,1363.97,2016,,Regional Transportation Commission of Southern Nevada,""
Marquis D Sheppard,Transit Ambassador - PART,1256.13,0.00,0.00,0.00,1256.13,1256.13,2016,,Regional Transportation Commission of Southern Nevada,""
Michele M McCoy,Transit Ambassador - PART,995.07,0.00,0.00,0.00,995.07,995.07,2016,,Regional Transportation Commission of Southern Nevada,""
Reinier Perez-Pino,Transit Ambassador - PART,985.68,0.00,0.00,0.00,985.68,985.68,2016,,Regional Transportation Commission of Southern Nevada,""
Toni K Ramos,Transit Ambassador - PART,698.17,0.00,0.00,0.00,698.17,698.17,2016,,Regional Transportation Commission of Southern Nevada,""
Ryan C Meyer,Transit Ambassador,313.20,26.10,0.00,95.00,339.30,434.30,2016,,Regional Transportation Commission of Southern Nevada,""
