Employee Name,Job Title,Base Pay,Overtime Pay,Other Pay,Benefits,Total Pay,Total Pay & Benefits,Year,Notes,Agency,Status
Lee Gibson,EXECUTIVE DIRECTOR,212901.44,0.00,35297.06,74312.09,248198.50,322510.59,2016,,Regional Transportation Commission of Washoe County,""
Jeffrey Hale,DIRECTOR OF ENGINEERING,151938.40,0.00,13737.98,55996.15,165676.38,221672.53,2016,,Regional Transportation Commission of Washoe County,""
Amy Cummings,DIRECTOR OF PLANNING,148054.89,0.00,15356.76,53090.85,163411.65,216502.50,2016,,Regional Transportation Commission of Washoe County,""
David Jickling,DIR OF PUBLIC TRANSPORTATION,142339.32,0.00,15367.98,53047.55,157707.30,210754.85,2016,,Regional Transportation Commission of Washoe County,""
Susan Dees,FINANCIAL ADMINISTRATOR,110840.35,0.00,47115.53,40814.38,157955.88,198770.26,2016,,Regional Transportation Commission of Washoe County,""
Stephanie Haddock,"CFO, DIRECTOR OF FINANCE",128998.24,0.00,12611.90,46125.54,141610.14,187735.68,2016,,Regional Transportation Commission of Washoe County,""
Julie Masterpool,SENIOR ENGINEER,117099.59,0.00,13498.59,42649.08,130598.18,173247.26,2016,,Regional Transportation Commission of Washoe County,""
Steven Burlie,DIR OF ADMINISTRATIVE SERVICES,83376.47,0.00,56721.93,30390.64,140098.40,170489.04,2016,,Regional Transportation Commission of Washoe County,""
David Carr,FACILITIES FLEET MANAGER,108541.60,0.00,11282.08,47424.82,119823.68,167248.50,2016,,Regional Transportation Commission of Washoe County,""
Paul Oksol,ENGINEER 2,110928.57,0.00,15555.56,40431.76,126484.13,166915.89,2016,,Regional Transportation Commission of Washoe County,""
Howard Riedl,SENIOR ENGINEER,73890.32,0.00,54296.00,31088.33,128186.32,159274.65,2016,,Regional Transportation Commission of Washoe County,""
Scott Gibson,ENGINEER 2,105121.76,0.00,5556.48,46441.30,110678.24,157119.54,2016,,Regional Transportation Commission of Washoe County,""
Douglas Maloy,ENGINEER 2,109943.96,0.00,7188.60,39549.25,117132.56,156681.81,2016,,Regional Transportation Commission of Washoe County,""
John Ponzo,SENIOR IT ANALYST,102459.37,121.74,6649.42,44893.40,109230.53,154123.93,2016,,Regional Transportation Commission of Washoe County,""
R. Warren Call,ENGINEER 2,105356.20,0.00,9603.98,38636.11,114960.18,153596.29,2016,,Regional Transportation Commission of Washoe County,""
Jim Poston,ENGINEER 2,75212.64,0.00,35577.54,38922.07,110790.18,149712.25,2016,,Regional Transportation Commission of Washoe County,""
Michael Moreno,PUBLIC INFORMATION OFFICER,101535.22,0.00,10222.08,37102.58,111757.30,148859.88,2016,,Regional Transportation Commission of Washoe County,""
Tina Wu,SR TECHNICAL TRANSIT PLANNER,102409.28,0.00,9007.57,37356.19,111416.85,148773.04,2016,,Regional Transportation Commission of Washoe County,""
"Robert Reeder, Jr.",SECURITY/SAFETY ADMINISTRATOR,103673.86,0.00,5072.12,37667.36,108745.98,146413.34,2016,,Regional Transportation Commission of Washoe County,""
Blaine Petersen,ENGINEER 2,97897.28,0.00,5577.94,39767.81,103475.22,143243.03,2016,,Regional Transportation Commission of Washoe County,""
Sharon Britt,SENIOR FINANCIAL ANALYST,87710.88,0.00,9719.97,33110.73,97430.85,130541.58,2016,,Regional Transportation Commission of Washoe County,""
Michele Dennis,ENGINEER 2,63047.92,0.00,43040.76,24048.43,106088.68,130137.11,2016,,Regional Transportation Commission of Washoe County,""
Jennifer Meyers,CONTRACT ADMINISTRATOR,90654.10,0.00,4451.33,33837.04,95105.43,128942.47,2016,,Regional Transportation Commission of Washoe County,""
Karen Heddy,PROCUREMENT/COMPLIANCE ADMIN,88086.56,0.00,5515.49,33163.75,93602.05,126765.80,2016,,Regional Transportation Commission of Washoe County,""
Carrie Byron,PROPERTY AGENT,80947.84,0.00,4814.76,36127.01,85762.60,121889.61,2016,,Regional Transportation Commission of Washoe County,""
Carol Perry,TRIP REDUCTION SPECIALIST,80034.72,0.00,9328.35,31410.86,89363.07,120773.93,2016,,Regional Transportation Commission of Washoe County,""
Angela Reich,HUMAN RESOURCES ADMINSTR,84792.06,0.00,4446.71,24402.69,89238.77,113641.46,2016,,Regional Transportation Commission of Washoe County,""
Leslie Benton,PROCUREMENT & COMP. ANALYST,76343.98,542.01,3693.84,31718.96,80579.83,112298.79,2016,,Regional Transportation Commission of Washoe County,""
Ed Park,ASSISTANT TRANSIT PLANNER,75174.40,0.00,3938.21,29428.41,79112.61,108541.02,2016,,Regional Transportation Commission of Washoe County,""
Lee Anne Olivas,OFFICE ADMINSTRATOR,68643.19,684.25,6629.16,31997.25,75956.60,107953.85,2016,,Regional Transportation Commission of Washoe County,""
Christopher Mcdivit,FACILITIES MAINTENANCE SUPER,70102.12,3772.22,4582.85,27973.43,78457.19,106430.62,2016,,Regional Transportation Commission of Washoe County,""
Linda Howe-Merlin,FINANCIAL ANALYST,73119.36,0.00,3877.79,29344.40,76997.15,106341.55,2016,,Regional Transportation Commission of Washoe County,""
Deborah Hollis ,OFFICE ADMINSTRATOR,69547.93,330.86,4662.11,27510.33,74540.90,102051.23,2016,,Regional Transportation Commission of Washoe County,""
Rosanne Orozco,ACCOUNTING SPECIALIST,66757.76,799.43,3537.89,30821.01,71095.08,101916.09,2016,,Regional Transportation Commission of Washoe County,""
Evert Dulude,TRANSIT PLANNER/SCHEDULER,62962.88,0.00,2691.43,35884.00,65654.31,101538.31,2016,,Regional Transportation Commission of Washoe County,""
Lynn Smith,INFORMATION TECHNOLOGY ANALYST,65778.19,3141.34,4129.01,26698.83,73048.54,99747.37,2016,,Regional Transportation Commission of Washoe County,""
Nancy Mues-Thomas,GRAPHIC DESIGNER,64960.23,0.00,3778.14,30212.46,68738.37,98950.83,2016,,Regional Transportation Commission of Washoe County,""
Daniel Doenges,PLANNING MANAGER,66959.78,0.00,4481.63,26003.89,71441.41,97445.30,2016,,Regional Transportation Commission of Washoe County,""
Xuan Wang,PLANNER,66548.98,0.00,3652.80,26850.76,70201.78,97052.54,2016,,Regional Transportation Commission of Washoe County,""
Joseph Harrington,PUBLIC INFORMATION OFFICER,66457.66,0.00,3374.75,26884.07,69832.41,96716.48,2016,,Regional Transportation Commission of Washoe County,""
Denise Thompson,EXECUTIVE OFFICE ADMINISTRATOR,65569.12,0.00,4011.95,26637.71,69581.07,96218.78,2016,,Regional Transportation Commission of Washoe County,""
Lon Harter,INFORMATION TECHNOLOGY ANALYST,62366.04,703.93,3874.62,25665.24,66944.59,92609.83,2016,,Regional Transportation Commission of Washoe County,""
Susana Trinidad,PARATRANSIT SPECIALIST,58334.42,515.50,2173.46,29155.17,61023.38,90178.55,2016,,Regional Transportation Commission of Washoe County,""
Helen Powers ,LEGAL ADMINISTRATIVE ASSISTANT,60854.70,0.00,3877.39,25103.07,64732.09,89835.16,2016,,Regional Transportation Commission of Washoe County,""
John Gutridge,MAINTENANCE SPECIALIST,52271.40,2588.08,6717.71,27954.12,61577.19,89531.31,2016,,Regional Transportation Commission of Washoe County,""
Karin Copeland,PROCUREMENT SPECIALIST,57276.89,686.11,6689.30,24825.38,64652.30,89477.68,2016,,Regional Transportation Commission of Washoe County,""
Heinz Schoner,MAINTENANCE SPECIALIST,54137.11,1951.98,3527.11,28976.92,59616.20,88593.12,2016,,Regional Transportation Commission of Washoe County,""
Rebecca Kapuler,PLANNER,59899.04,0.00,3198.22,24998.62,63097.26,88095.88,2016,,Regional Transportation Commission of Washoe County,""
Yeni Russo,ADMINISTRATIVE ASSOCIATE,56024.63,0.00,4023.04,23393.93,60047.67,83441.60,2016,,Regional Transportation Commission of Washoe County,""
Keith Trimble,PROCUREMENT & COMP. ANALYST,56886.98,0.00,2059.67,23487.82,58946.65,82434.47,2016,,Regional Transportation Commission of Washoe County,""
Niki Reid,ADMINISTRATIVE ASSOCIATE,54435.63,0.00,2663.99,23439.16,57099.62,80538.78,2016,,Regional Transportation Commission of Washoe County,""
Siota Seui,LEAD PASSENGER SVC ASSOCIATE,53220.96,209.52,2616.55,23060.42,56047.03,79107.45,2016,,Regional Transportation Commission of Washoe County,""
Debra Goodwin,PLANNING ADMINISTRATOR,41344.00,0.00,19395.77,16412.58,60739.77,77152.35,2016,,Regional Transportation Commission of Washoe County,""
Hong Zheng,ACCOUNTING SPECIALIST,48409.60,0.00,2303.16,21681.91,50712.76,72394.67,2016,,Regional Transportation Commission of Washoe County,""
Michelle Kraus,ADMINISTRATIVE ASSOCIATE,48000.21,0.00,2349.50,21545.90,50349.71,71895.61,2016,,Regional Transportation Commission of Washoe County,""
Jacqueline Maldonado,ADMINISTRATIVE ASSOCIATE,47497.54,23.41,2625.81,21419.07,50146.76,71565.83,2016,,Regional Transportation Commission of Washoe County,""
John Harris,MAINTENANCE SPECIALIST,44080.52,2161.99,3770.72,20550.96,50013.23,70564.19,2016,,Regional Transportation Commission of Washoe County,""
Marjorie Martin,ADMINISTRATIVE ASSOCIATE,46598.82,0.00,2578.97,21140.27,49177.79,70318.06,2016,,Regional Transportation Commission of Washoe County,""
Ruby Barrientos,PASSENGER SERVICE ASSOCIATE,42985.29,192.63,2095.39,22107.76,45273.31,67381.07,2016,,Regional Transportation Commission of Washoe County,""
Nelia Belen,FINANCIAL ANYLST,45777.60,0.00,1750.32,18090.24,47527.92,65618.16,2016,,Regional Transportation Commission of Washoe County,""
Justin Doerr,PASSENGER SERVICE ASSOCIATE,41805.83,163.76,1944.28,21246.81,43913.87,65160.68,2016,,Regional Transportation Commission of Washoe County,""
Shirley Bessey,PASSENGER SERVICE ASSOCIATE,39815.70,155.92,1953.71,21135.68,41925.33,63061.01,2016,,Regional Transportation Commission of Washoe County,""
Judith Velez,PASSENGER SERVICE ASSOCIATE,39363.93,309.92,2203.78,19047.25,41877.63,60924.88,2016,,Regional Transportation Commission of Washoe County,""
Cole Peiffer,PLANNER,36994.48,0.00,1588.72,13296.71,38583.20,51879.91,2016,,Regional Transportation Commission of Washoe County,""
Marchon Miller,ENGINEER 1,12320.00,0.00,28426.50,6125.97,40746.50,46872.47,2016,,Regional Transportation Commission of Washoe County,""
Marian Solares ,PASSENGER SERVICE ASSOCIATE,31103.57,0.00,1772.68,12869.47,32876.25,45745.72,2016,,Regional Transportation Commission of Washoe County,""
Brenda Lee-Tan,ENGINEER 2,14252.00,0.00,23934.35,6874.74,38186.35,45061.09,2016,,Regional Transportation Commission of Washoe County,""
Debra Munoz,PAYROLL / BENEFITS SPECIALIST,9268.00,1026.11,27946.34,6188.77,38240.45,44429.22,2016,,Regional Transportation Commission of Washoe County,""
Laura Stern,PASSENGER SERVICE ASSOCIATE,21530.57,0.00,11276.40,11540.33,32806.97,44347.30,2016,,Regional Transportation Commission of Washoe County,""
Joel Danforth Iii,CUSTOMER SERVICE SUPERVISOR,20772.00,0.00,1785.43,5169.92,22557.43,27727.35,2016,,Regional Transportation Commission of Washoe County,""
Steven Kemp,INFORMATION TECHNOLOGY ANALYST,11732.00,219.98,1153.92,2627.96,13105.90,15733.86,2016,,Regional Transportation Commission of Washoe County,""
Maria Paz Fernandez,ENGINEER 2,9232.80,0.00,760.52,1723.46,9993.32,11716.78,2016,,Regional Transportation Commission of Washoe County,""
Jeffery Wilbrecht,ENGINEER 2,9232.80,0.00,660.52,1723.46,9893.32,11616.78,2016,,Regional Transportation Commission of Washoe County,""
Andrew Jayankura,ENGINEER 1,6550.00,0.00,569.00,1100.40,7119.00,8219.40,2016,,Regional Transportation Commission of Washoe County,""
Joyce Belen,INTERN,448.00,0.00,0.00,0.00,448.00,448.00,2016,,Regional Transportation Commission of Washoe County,""
Ellen Duffy,INTERN,364.00,0.00,0.00,0.00,364.00,364.00,2016,,Regional Transportation Commission of Washoe County,""
