Employee Name,Job Title,Base Pay,Overtime Pay,Other Pay,Benefits,Total Pay,Total Pay & Benefits,Year,Notes,Agency,Status
Amy Jones,Executive Director,114693.00,0.00,5306.00,55706.00,119999.00,175705.00,2016,,Reno Housing Authority,""
Timothy O'Fallon,Director of Modernization & Rehabilitation,99266.00,0.00,4656.00,38836.00,103922.00,142758.00,2016,,Reno Housing Authority,""
Mishon Hurst,Deputy Executive Director,84436.00,0.00,4020.00,40653.00,88456.00,129109.00,2016,,Reno Housing Authority,""
Veerappan Murugappan,Director of Administration,78478.00,0.00,2815.00,33577.00,81293.00,114870.00,2016,,Reno Housing Authority,""
Heidi McKendree,Director of Rental Assistance,67046.00,0.00,4454.00,32357.00,71500.00,103857.00,2016,,Reno Housing Authority,""
Sally Rosen,Director of Asset Management,67296.00,0.00,2210.00,27377.00,69506.00,96883.00,2016,,Reno Housing Authority,""
Jeffrey Myers,Maintenance Technician,61082.00,0.00,3163.00,30825.00,64245.00,95070.00,2016,,Reno Housing Authority,""
Tsige Haile,Asset Manager,58026.00,0.00,2722.00,30292.00,60748.00,91040.00,2016,,Reno Housing Authority,""
Ulises Escobar,Maintenance  II,55382.00,82.00,2902.00,32352.00,58366.00,90718.00,2016,,Reno Housing Authority,""
Joseph Morgan,Housing Inspector,58069.00,130.00,2679.00,29818.00,60878.00,90696.00,2016,,Reno Housing Authority,""
Stephan Offenbacher,Maintenance II,55481.00,332.00,2847.00,29379.00,58660.00,88039.00,2016,,Reno Housing Authority,""
Gregg Willimott,Maintenance II,55317.00,103.00,2902.00,29145.00,58322.00,87467.00,2016,,Reno Housing Authority,""
Troy Scott,Maintenance II,54768.00,318.00,2854.00,28258.00,57940.00,86198.00,2016,,Reno Housing Authority,""
Susan Sanchez,Admissions Manager,52591.00,878.00,2404.00,29681.00,55873.00,85554.00,2016,,Reno Housing Authority,""
Kimberly Anhalt,MTW Coordinator,53340.00,0.00,2473.00,28562.00,55813.00,84375.00,2016,,Reno Housing Authority,""
Jay Earl,Housing Inspector,53844.00,98.00,2483.00,25725.00,56425.00,82150.00,2016,,Reno Housing Authority,""
Darrell Playford,Construction Inspector,48735.00,0.00,2252.00,29867.00,50987.00,80854.00,2016,,Reno Housing Authority,""
Hillary Ratto,Human Resources Specialist,48188.00,0.00,2242.00,30230.00,50430.00,80660.00,2016,,Reno Housing Authority,""
Blaine McGuire,Rehabilitation Foreman,50185.00,0.00,2313.00,26969.00,52498.00,79467.00,2016,,Reno Housing Authority,""
Marisol Vargas,Scattered Site Property Manager,50537.00,0.00,2355.00,24754.00,52892.00,77646.00,2016,,Reno Housing Authority,""
Andrew Eidson,Maintenance II,45493.00,237.00,2383.00,29371.00,48113.00,77484.00,2016,,Reno Housing Authority,""
Walter Dixon,Assistant Asset Manager,47729.00,0.00,2202.00,26896.00,49931.00,76827.00,2016,,Reno Housing Authority,""
Julia Acosta,FSS Program Coordinator,47728.00,0.00,2202.00,26185.00,49930.00,76115.00,2016,,Reno Housing Authority,""
Michelle Silverman,Accounting Specialist,44415.00,16.00,2059.00,28751.00,46490.00,75241.00,2016,,Reno Housing Authority,""
Sherise Roseman,Accountant,46043.00,2190.00,2087.00,23068.00,50320.00,73388.00,2016,,Reno Housing Authority,""
Leann Schmidt,Client Relations Specialist,45483.00,0.00,2098.00,25758.00,47581.00,73339.00,2016,,Reno Housing Authority,""
David Brinsko,Maintenance II,46958.00,67.00,2512.00,23681.00,49537.00,73218.00,2016,,Reno Housing Authority,""
Nanette Bridges,Housing Specialist,43289.00,1673.00,1997.00,25105.00,46959.00,72064.00,2016,,Reno Housing Authority,""
Ruben Moreno,Maintenance II,43950.00,534.00,2218.00,25082.00,46702.00,71784.00,2016,,Reno Housing Authority,""
Katherine Bowsher,Leasing Agent,43287.00,2319.00,1997.00,22839.00,47603.00,70442.00,2016,,Reno Housing Authority,""
Theresa Braunel,Housing Specialist,43288.00,2479.00,1997.00,22591.00,47764.00,70355.00,2016,,Reno Housing Authority,""
Carmina Buenaventura,Housing Specialist,43287.00,1278.00,1997.00,22591.00,46562.00,69153.00,2016,,Reno Housing Authority,""
Pamela McClean,Development Clerk,42360.00,0.00,1997.00,24482.00,44357.00,68839.00,2016,,Reno Housing Authority,""
Jamie Newfelt,Rental Assistance Specialist II,39196.00,2518.00,1793.00,24363.00,43507.00,67870.00,2016,,Reno Housing Authority,""
Maribel Martinez,Assistant Asset Manager,40690.00,0.00,1867.00,24152.00,42557.00,66709.00,2016,,Reno Housing Authority,""
Kristin Schander,Asset Manager,42367.00,0.00,2100.00,22214.00,44467.00,66681.00,2016,,Reno Housing Authority,""
Kimberli Tobeler,General Office Clerk,39305.00,652.00,1813.00,23925.00,41770.00,65695.00,2016,,Reno Housing Authority,""
Samantha Arellano,Information Systems Analyst,42560.00,0.00,1505.00,21397.00,44065.00,65462.00,2016,,Reno Housing Authority,""
Michaela White,Work Order Clerk,39305.00,0.00,1813.00,23292.00,41118.00,64410.00,2016,,Reno Housing Authority,""
Perlita Espina,General Office Clerk,41080.00,0.00,1813.00,20998.00,42893.00,63891.00,2016,,Reno Housing Authority,""
Gabriella Hover,Rental Assistance Specialist I,35040.00,785.00,1613.00,26320.00,37438.00,63758.00,2016,,Reno Housing Authority,""
Juan Calderon,Maintenance II,39719.00,285.00,2147.00,21503.00,42151.00,63654.00,2016,,Reno Housing Authority,""
Pia Palacios,Assistant Manager,39686.00,0.00,1859.00,21491.00,41545.00,63036.00,2016,,Reno Housing Authority,""
Rosa Ferrel,Reception / Work Order Clerk,39305.00,14.00,1813.00,21411.00,41132.00,62543.00,2016,,Reno Housing Authority,""
Donald Solsvig,Maintenance I,35446.00,2370.00,1879.00,19861.00,39695.00,59556.00,2016,,Reno Housing Authority,""
Kathleen Merrill,Executive Administrative Assistant,36971.00,0.00,1749.00,20740.00,38720.00,59460.00,2016,,Reno Housing Authority,""
Kathleen Merced,Housing Specialist,31183.00,284.00,1444.00,25143.00,32911.00,58054.00,2016,,Reno Housing Authority,""
Bonnie Boe,General Office Clerk,36130.00,112.00,1679.00,20111.00,37921.00,58032.00,2016,,Reno Housing Authority,""
Deborah Farley,FSS Program Coordinator PT,36047.00,427.00,1651.00,19750.00,38125.00,57875.00,2016,,Reno Housing Authority,""
Donald Ferro,Maintenance I,31425.00,45.00,1749.00,24501.00,33219.00,57720.00,2016,,Reno Housing Authority,""
Zuzanna Adams,Receptionist/Work Order Clerk,34056.00,217.00,1579.00,21027.00,35852.00,56879.00,2016,,Reno Housing Authority,""
Brenda Freestone,Housing Specialist,31797.00,960.00,1453.00,19183.00,34210.00,53393.00,2016,,Reno Housing Authority,""
Leif Christian,Maintenance I,30835.00,23.00,1704.00,18887.00,32562.00,51449.00,2016,,Reno Housing Authority,""
Karina Villasenor,Housing Specialist,27350.00,610.00,991.00,16995.00,28951.00,45946.00,2016,,Reno Housing Authority,""
Nena Stinson,Housing Specialist,33219.00,25.00,1514.00,9684.00,34758.00,44442.00,2016,,Reno Housing Authority,""
Catherine Steed,Resident Services Coordinator,25174.00,0.00,1104.00,14448.00,26278.00,40726.00,2016,,Reno Housing Authority,""
Benson Muleri,Accounting Clerk,25695.00,0.00,869.00,12047.00,26564.00,38611.00,2016,,Reno Housing Authority,""
Brandon Carter,Information Systems Specialist,28872.00,0.00,1081.00,8471.00,29953.00,38424.00,2016,,Reno Housing Authority,""
Oscar Aguilar,Youth Coordinator PT,27041.00,84.00,1236.00,8014.00,28361.00,36375.00,2016,,Reno Housing Authority,""
Connie Marshall,Housing Specialist,22153.00,564.00,869.00,12012.00,23586.00,35598.00,2016,,Reno Housing Authority,""
Michael McMahon,Director of Asset Management,19871.00,0.00,1241.00,8548.00,21112.00,29660.00,2016,,Reno Housing Authority,""
Lindsay Nelson,Accountant,14598.00,17.00,855.00,6805.00,15470.00,22275.00,2016,,Reno Housing Authority,""
David Samloff,Director of Rental Assistance,14084.00,0.00,1362.00,6355.00,15446.00,21801.00,2016,,Reno Housing Authority,""
Regina Montenegro,General Office Clerk,11772.00,170.00,566.00,7591.00,12508.00,20099.00,2016,,Reno Housing Authority,""
Eric Giron,Assistant Manager,14511.00,0.00,669.00,4380.00,15180.00,19560.00,2016,,Reno Housing Authority,""
Jacqueline Holden,Assistant Manager,14851.00,0.00,337.00,4294.00,15188.00,19482.00,2016,,Reno Housing Authority,""
Willis Bice,Fraud Investigator  PT,14188.00,0.00,0.00,0.00,14188.00,14188.00,2016,,Reno Housing Authority,""
Briana Manning,Research Assistant PT,10653.00,0.00,374.00,3123.00,11027.00,14150.00,2016,,Reno Housing Authority,""
April Lawson,Director of Administration,9004.00,0.00,931.00,3627.00,9935.00,13562.00,2016,,Reno Housing Authority,""
Conor Hargrove,Intern PT,12416.00,0.00,0.00,0.00,12416.00,12416.00,2016,,Reno Housing Authority,""
Arisbeth Laguna,Intern PT,11424.00,0.00,0.00,0.00,11424.00,11424.00,2016,,Reno Housing Authority,""
Shannon Caldwell,Housing Specialist,6651.00,6.00,122.00,4563.00,6779.00,11342.00,2016,,Reno Housing Authority,""
Carolina Bello,Intern PT,6997.00,0.00,0.00,0.00,6997.00,6997.00,2016,,Reno Housing Authority,""
Ricardo Hernandez,Housing Specialist,4551.00,0.00,0.00,2065.00,4551.00,6616.00,2016,,Reno Housing Authority,""
Travis Anukam,Intern PT,6111.00,0.00,0.00,0.00,6111.00,6111.00,2016,,Reno Housing Authority,""
Brandon Ford,Intern PT,5835.00,0.00,0.00,0.00,5835.00,5835.00,2016,,Reno Housing Authority,""
Paola Reyes,Assistant Manager,3973.00,0.00,276.00,1198.00,4249.00,5447.00,2016,,Reno Housing Authority,""
Christina Giron,Assistant Manager,2810.00,0.00,276.00,873.00,3086.00,3959.00,2016,,Reno Housing Authority,""
Jeffrey Bowman,Housing Inspector - Temporary,2681.00,0.00,0.00,0.00,2681.00,2681.00,2016,,Reno Housing Authority,""
Stephen Haydn,Housing Inspector - Temporary,2066.00,0.00,0.00,0.00,2066.00,2066.00,2016,,Reno Housing Authority,""
Barbara Brown,General Office Clerk - Temporary,1151.00,0.00,0.00,322.00,1151.00,1473.00,2016,,Reno Housing Authority,""
Kevin Jay,Intern PT,812.00,0.00,0.00,0.00,812.00,812.00,2016,,Reno Housing Authority,""
