Employee Name,Job Title,Base Pay,Overtime Pay,Other Pay,Benefits,Total Pay,Total Pay & Benefits,Year,Notes,Agency,Status
John Leinen,VP Convention Sales,178583.63,0.00,7200.00,74486.10,185783.63,260269.73,2016,,Reno/Sparks Convention and Visitor's Authority,""
Jennifer Cunningham,Exec Director Marketing,156769.04,0.00,34800.00,62320.62,191569.04,253889.66,2016,,Reno/Sparks Convention and Visitor's Authority,""
Brian Rivers,Director of Finance,132356.64,0.00,14800.00,48750.20,147156.64,195906.84,2016,,Reno/Sparks Convention and Visitor's Authority,""
Robyn Nichols,Director of Nat'l Accts,96926.69,0.00,30700.00,39118.63,127626.69,166745.32,2016,,Reno/Sparks Convention and Visitor's Authority,""
Jennifer Abdinoor,Nat'l Conv Sales Mgr,103170.26,0.00,8700.00,49418.08,111870.26,161288.34,2016,,Reno/Sparks Convention and Visitor's Authority,""
Julie Greer,Nat'l Conv Sales Mgr,96073.53,0.00,15100.00,46650.32,111173.53,157823.85,2016,,Reno/Sparks Convention and Visitor's Authority,""
Joseph Walther,Assistant General Manager,111906.81,0.00,0.00,44791.09,111906.81,156697.90,2016,,Reno/Sparks Convention and Visitor's Authority,""
Robert Thomas,Assistant General Manager,105953.49,0.00,0.00,40075.08,105953.49,146028.57,2016,,Reno/Sparks Convention and Visitor's Authority,""
Stephen Markwell,Assistant General Manager,105934.09,0.00,0.00,40070.76,105934.09,146004.85,2016,,Reno/Sparks Convention and Visitor's Authority,""
Eric Huzarski,Operations Mgr/Head Pro,99969.93,0.00,3333.12,40329.38,103303.05,143632.43,2016,,Reno/Sparks Convention and Visitor's Authority,""
Jennifer Bumbalo,Nat'l Conv Sales Mgr,102510.26,0.00,1500.00,34611.31,104010.26,138621.57,2016,,Reno/Sparks Convention and Visitor's Authority,""
Terrence Schumacher,Travel Industry Sales Mgr,93134.42,0.00,0.00,45061.24,93134.42,138195.66,2016,,Reno/Sparks Convention and Visitor's Authority,""
Shelli Fine,Dir. of Sports Develop.,92259.71,0.00,1500.00,43786.43,93759.71,137546.14,2016,,Reno/Sparks Convention and Visitor's Authority,""
Rhonda Leach,Assistant General Manager,93879.60,0.00,0.00,42714.83,93879.60,136594.43,2016,,Reno/Sparks Convention and Visitor's Authority,""
Cherise Wilson,Nat'l Conv Sales Mgr,86084.29,0.00,9700.00,35040.69,95784.29,130824.98,2016,,Reno/Sparks Convention and Visitor's Authority,""
John Jr. Morris,Tech. Services Mgr,82040.97,0.00,0.00,43185.32,82040.97,125226.29,2016,,Reno/Sparks Convention and Visitor's Authority,""
Edward Fulkerson,IT Manager,89757.77,0.00,0.00,34953.72,89757.77,124711.49,2016,,Reno/Sparks Convention and Visitor's Authority,""
Joseph Kelley,VP of Facilities,94622.81,0.00,2400.00,26718.31,97022.81,123741.12,2016,,Reno/Sparks Convention and Visitor's Authority,""
Aleta Barrett,Nat'l Conv Sales Mgr,85434.69,0.00,1500.00,34837.56,86934.69,121772.25,2016,,Reno/Sparks Convention and Visitor's Authority,""
Marcus Johnson,Business Development Mgr,77542.05,0.00,2000.00,40775.48,79542.05,120317.53,2016,,Reno/Sparks Convention and Visitor's Authority,""
Esther Isaac,Asst Director Marketing,77417.60,0.00,2500.00,37258.04,79917.60,117175.64,2016,,Reno/Sparks Convention and Visitor's Authority,""
Charlotte Anderson,HR Manager,85262.59,0.00,3200.00,27356.59,88462.59,115819.18,2016,,Reno/Sparks Convention and Visitor's Authority,""
Frank Yerxa,Operations Manager,78805.69,0.00,0.00,37012.88,78805.69,115818.57,2016,,Reno/Sparks Convention and Visitor's Authority,""
Kathleen Brown,Special Events Manager,79486.14,0.00,0.00,31463.46,79486.14,110949.60,2016,,Reno/Sparks Convention and Visitor's Authority,""
Tracy Legarza,Event Services Manager,78462.40,0.00,0.00,31329.96,78462.40,109792.36,2016,,Reno/Sparks Convention and Visitor's Authority,""
Jamie Lokan,Travel Industry Sales Mgr,76422.71,0.00,0.00,31588.18,76422.71,108010.89,2016,,Reno/Sparks Convention and Visitor's Authority,""
Jeffrey Jensen,Accounting Manager,75638.58,0.00,0.00,30385.18,75638.58,106023.76,2016,,Reno/Sparks Convention and Visitor's Authority,""
Benjamin McDonald,Communications Manager,67946.29,0.00,0.00,36941.73,67946.29,104888.02,2016,,Reno/Sparks Convention and Visitor's Authority,""
Jose Martinez,Golf Superintendent,73442.35,0.00,0.00,31185.34,73442.35,104627.69,2016,,Reno/Sparks Convention and Visitor's Authority,""
James Allen,Fac Vehicle Maint Mgr,69093.60,0.00,0.00,32817.08,69093.60,101910.68,2016,,Reno/Sparks Convention and Visitor's Authority,""
Karen Barnes,Tax Audit Mgr,71369.58,0.00,0.00,29052.08,71369.58,100421.66,2016,,Reno/Sparks Convention and Visitor's Authority,""
Daniel Hogan,A/V Manager,60004.10,0.00,0.00,38729.07,60004.10,98733.17,2016,,Reno/Sparks Convention and Visitor's Authority,""
Jack Nicholson,Mechanic,59449.37,836.85,0.00,35235.87,60286.22,95522.09,2016,,Reno/Sparks Convention and Visitor's Authority,""
Michael Laferriere,Building Engineering Supv,63918.10,0.00,0.00,31550.51,63918.10,95468.61,2016,,Reno/Sparks Convention and Visitor's Authority,""
Patrick Ivey,Building Engr. Spec.,59915.61,877.60,0.00,29361.39,60793.21,90154.60,2016,,Reno/Sparks Convention and Visitor's Authority,""
Christina Erny,Digital Marketing & Engagement Manager,60663.60,0.00,0.00,26318.83,60663.60,86982.43,2016,,Reno/Sparks Convention and Visitor's Authority,""
Robert Douglas,Sr. Tax Auditor,58619.60,0.00,0.00,25659.28,58619.60,84278.88,2016,,Reno/Sparks Convention and Visitor's Authority,""
Christopher Baum,President/CEO,78027.73,0.00,0.00,3602.84,78027.73,81630.57,2016,,Reno/Sparks Convention and Visitor's Authority,""
Nicholas Saccomanno,Nat'l Sports Sales Manager,49441.86,0.00,9119.00,22746.13,58560.86,81306.99,2016,,Reno/Sparks Convention and Visitor's Authority,""
Enrique Martinez,Facility Services Supv,53616.49,0.00,0.00,27147.45,53616.49,80763.94,2016,,Reno/Sparks Convention and Visitor's Authority,""
Melvin VanDermyden,Facility Services Supv,47014.50,0.00,0.00,33569.80,47014.50,80584.30,2016,,Reno/Sparks Convention and Visitor's Authority,""
Julie Williams,Assistant HR Manager,55631.50,60.58,0.00,24659.23,55692.08,80351.31,2016,,Reno/Sparks Convention and Visitor's Authority,""
Amy Green,Trade Show/Spec Event Mgr,55469.30,0.00,0.00,24589.92,55469.30,80059.22,2016,,Reno/Sparks Convention and Visitor's Authority,""
Michael DeSerio Ghiglieri,A/V Specialist,43107.85,4851.02,0.00,31916.97,47958.87,79875.84,2016,,Reno/Sparks Convention and Visitor's Authority,""
Matthew Dearborn,Assist Golf Pro - Level 1,50093.00,0.00,0.00,28031.78,50093.00,78124.78,2016,,Reno/Sparks Convention and Visitor's Authority,""
Joseph Conforti,Entertain. & Ticket. Mgr,53712.45,0.00,0.00,24212.80,53712.45,77925.25,2016,,Reno/Sparks Convention and Visitor's Authority,""
Adan Villa,Building Engr. Spec.,51014.41,458.05,0.00,25858.63,51472.46,77331.09,2016,,Reno/Sparks Convention and Visitor's Authority,""
Frank Wyatt,Building Engr. Spec.,49569.13,386.65,0.00,25790.70,49955.78,75746.48,2016,,Reno/Sparks Convention and Visitor's Authority,""
Bonnie Kriens,Trade Show/Spec Event Mgr,55664.25,0.00,0.00,19977.18,55664.25,75641.43,2016,,Reno/Sparks Convention and Visitor's Authority,""
Lori Mauer,Exec Sales Administrator,52230.90,0.00,0.00,23343.91,52230.90,75574.81,2016,,Reno/Sparks Convention and Visitor's Authority,""
Christopher Bloom,Building Engr. Spec.,49543.91,24.76,0.00,25740.56,49568.67,75309.23,2016,,Reno/Sparks Convention and Visitor's Authority,""
Robert Allen,Assist Fac Serv Supv,48012.54,2990.67,0.00,24045.83,51003.21,75049.04,2016,,Reno/Sparks Convention and Visitor's Authority,""
Elden Clement,Building Engr. Spec.,55569.45,0.00,0.00,19356.23,55569.45,74925.68,2016,,Reno/Sparks Convention and Visitor's Authority,""
Salvador Cervantes,Sr. Facility Service Wkr,41229.75,2576.96,0.00,30946.03,43806.71,74752.74,2016,,Reno/Sparks Convention and Visitor's Authority,""
Darryl Tognarelli,Building Engr. Tech.,42952.51,4331.73,0.00,27454.10,47284.24,74738.34,2016,,Reno/Sparks Convention and Visitor's Authority,""
Francisco Rivera,Irrigation Maint Tech,43740.85,276.92,0.00,30312.80,44017.77,74330.57,2016,,Reno/Sparks Convention and Visitor's Authority,""
Timothy Johnston,Building Engr. Spec.,47216.18,1323.97,0.00,25073.36,48540.15,73613.51,2016,,Reno/Sparks Convention and Visitor's Authority,""
Eddie Estrada,Sr. Mail Services Clerk,42144.70,1935.17,0.00,28594.63,44079.87,72674.50,2016,,Reno/Sparks Convention and Visitor's Authority,""
Dennis Sieben,Building Engr. Spec.,46786.55,65.66,0.00,24743.89,46852.21,71596.10,2016,,Reno/Sparks Convention and Visitor's Authority,""
Alesia Pinson,Event Coordinator II,49137.16,0.00,0.00,21906.61,49137.16,71043.77,2016,,Reno/Sparks Convention and Visitor's Authority,""
Tasha Courtney,Trade Show/Spec Event Mgr,48493.70,0.00,0.00,22054.91,48493.70,70548.61,2016,,Reno/Sparks Convention and Visitor's Authority,""
Julie Evans,Office Administrator,48029.80,0.00,0.00,22114.54,48029.80,70144.34,2016,,Reno/Sparks Convention and Visitor's Authority,""
Kimberly Teglia,Sr. Accounting Tech,48283.46,0.00,0.00,21628.38,48283.46,69911.84,2016,,Reno/Sparks Convention and Visitor's Authority,""
Wesley Dykes,Sr. Facility Service Wkr,37527.54,4951.02,0.00,24834.40,42478.56,67312.96,2016,,Reno/Sparks Convention and Visitor's Authority,""
Seong-A McNeal,Event Coordinator II,44606.10,0.00,0.00,20974.41,44606.10,65580.51,2016,,Reno/Sparks Convention and Visitor's Authority,""
Erin Simonton,Event Coordinator II,44606.10,0.00,0.00,20968.79,44606.10,65574.89,2016,,Reno/Sparks Convention and Visitor's Authority,""
Federico Nova,Sr. Facility Service Wkr,37363.57,2442.85,0.00,25525.39,39806.42,65331.81,2016,,Reno/Sparks Convention and Visitor's Authority,""
Charles Daugherty,Sr. Facility Service Wkr,37086.84,5173.21,0.00,20891.86,42260.05,63151.91,2016,,Reno/Sparks Convention and Visitor's Authority,""
Jordan Eldridge,Sr. Facility Service Wkr,38094.24,3470.92,0.00,21273.91,41565.16,62839.07,2016,,Reno/Sparks Convention and Visitor's Authority,""
Christopher Romero,Sr. Facility Service Wkr,37176.19,3781.75,0.00,21003.74,40957.94,61961.68,2016,,Reno/Sparks Convention and Visitor's Authority,""
J. Jesus Arreaga,Greenskeeper,38072.42,7.09,0.00,22800.41,38079.51,60879.92,2016,,Reno/Sparks Convention and Visitor's Authority,""
Brandon Ellis,Stage Hand Supv,40482.00,0.00,0.00,20067.32,40482.00,60549.32,2016,,Reno/Sparks Convention and Visitor's Authority,""
Robert Dodge,Facility Service Worker,33903.47,1855.44,0.00,24736.02,35758.91,60494.93,2016,,Reno/Sparks Convention and Visitor's Authority,""
Nicole Price,Sr. Purchasing & Accounting Tech,40616.28,39.98,0.00,19618.34,40656.26,60274.60,2016,,Reno/Sparks Convention and Visitor's Authority,""
Laurence Mendes,Sr. Facility Service Wkr,36556.00,2979.42,0.00,20592.42,39535.42,60127.84,2016,,Reno/Sparks Convention and Visitor's Authority,""
Albert Catapia,Pinsetter Mechanic Supv,43613.69,747.05,0.00,15450.09,44360.74,59810.83,2016,,Reno/Sparks Convention and Visitor's Authority,""
Robert Boisvert,Building Engr. Tech.,35666.17,3340.46,0.00,20615.05,39006.63,59621.68,2016,,Reno/Sparks Convention and Visitor's Authority,""
Kurt Rudy,Sr. Facility Service Wkr,36193.45,2695.01,0.00,20722.61,38888.46,59611.07,2016,,Reno/Sparks Convention and Visitor's Authority,""
James Rudy,Facility Service Worker,30909.64,1475.40,0.00,26477.72,32385.04,58862.76,2016,,Reno/Sparks Convention and Visitor's Authority,""
Jesse Sandwith,Sr. Pinsetter Mechanic,39556.45,418.08,0.00,18646.08,39974.53,58620.61,2016,,Reno/Sparks Convention and Visitor's Authority,""
Nathan Fillion,Nat'l Conv Sales Mgr,40259.00,0.00,0.00,14806.09,40259.00,55065.09,2016,,Reno/Sparks Convention and Visitor's Authority,""
Jerry Going,Facilities Service Coord,34051.46,2514.38,0.00,18466.18,36565.84,55032.02,2016,,Reno/Sparks Convention and Visitor's Authority,""
Carlos Puertos,Sr. Facility Service Wkr,38349.92,313.51,0.00,14414.67,38663.43,53078.10,2016,,Reno/Sparks Convention and Visitor's Authority,""
Jeremy Thomas,Facility Service Worker,31824.89,2512.85,0.00,18668.00,34337.74,53005.74,2016,,Reno/Sparks Convention and Visitor's Authority,""
Casildo Ruiz,Facility Service Worker,31113.20,2395.64,0.00,18604.34,33508.84,52113.18,2016,,Reno/Sparks Convention and Visitor's Authority,""
Lauren Lyons,Facility Service Worker,31055.51,1565.66,0.00,18548.62,32621.17,51169.79,2016,,Reno/Sparks Convention and Visitor's Authority,""
Stephanie Ward,Social Media and Creative Content Specialist,34677.67,0.00,0.00,15116.62,34677.67,49794.29,2016,,Reno/Sparks Convention and Visitor's Authority,""
Sunita Singh,Administrative Asst I,31889.60,55.24,0.00,16670.79,31944.84,48615.63,2016,,Reno/Sparks Convention and Visitor's Authority,""
Denise Wyatt,Administrative Asst I,30777.81,27.35,0.00,16297.70,30805.16,47102.86,2016,,Reno/Sparks Convention and Visitor's Authority,""
George Cruz,Facility Service Worker,26271.50,1258.63,0.00,16238.23,27530.13,43768.36,2016,,Reno/Sparks Convention and Visitor's Authority,""
Michael Thompson,Facility Services Supv,31891.10,0.00,0.00,11151.42,31891.10,43042.52,2016,,Reno/Sparks Convention and Visitor's Authority,""
Ramiro Galeana,Sr. Facility Service Wkr,28060.54,972.92,0.00,13631.36,29033.46,42664.82,2016,,Reno/Sparks Convention and Visitor's Authority,""
Brent Lappin,Facility Service Worker,24587.80,2472.92,0.00,14065.57,27060.72,41126.29,2016,,Reno/Sparks Convention and Visitor's Authority,""
Donald Goodman,Nat'l Conv Sales Mgr,27692.80,0.00,0.00,11054.41,27692.80,38747.21,2016,,Reno/Sparks Convention and Visitor's Authority,""
Morgan Brown,Facility Service Worker,25615.17,724.09,0.00,7163.58,26339.26,33502.84,2016,,Reno/Sparks Convention and Visitor's Authority,""
Ignacio Olivas,Facility Service Worker,20761.00,1251.84,0.00,8456.75,22012.84,30469.59,2016,,Reno/Sparks Convention and Visitor's Authority,""
Debbi Engebritson,Marketing Manager,21902.80,0.00,0.00,8213.31,21902.80,30116.11,2016,,Reno/Sparks Convention and Visitor's Authority,""
Rick Saake,Internet Marketing Manager,18720.28,0.00,0.00,6665.52,18720.28,25385.80,2016,,Reno/Sparks Convention and Visitor's Authority,""
Fermin Arriaga,Greenskeeper,18865.27,339.20,0.00,5283.97,19204.47,24488.44,2016,,Reno/Sparks Convention and Visitor's Authority,""
Melissa Hales,Lane Maint Worker,14769.54,639.73,0.00,8412.85,15409.27,23822.12,2016,,Reno/Sparks Convention and Visitor's Authority,""
Tawnie Black,Assistant To CEO,15641.75,979.52,0.00,6161.76,16621.27,22783.03,2016,,Reno/Sparks Convention and Visitor's Authority,""
Wyvonne Crane,Facility Service Worker,14870.10,700.80,0.00,1771.74,15570.90,17342.64,2016,,Reno/Sparks Convention and Visitor's Authority,""
James Hadsall,Facility Service Worker,10722.88,0.00,0.00,5563.70,10722.88,16286.58,2016,,Reno/Sparks Convention and Visitor's Authority,""
Kerstin Davis,Administrative Asst I,9260.84,660.44,0.00,5016.44,9921.28,14937.72,2016,,Reno/Sparks Convention and Visitor's Authority,""
Tyrend Goins,Facility Service Worker,6546.17,110.16,0.00,5021.82,6656.33,11678.15,2016,,Reno/Sparks Convention and Visitor's Authority,""
Beverly Borda,Entertain. & Ticket. Mgr,7650.93,229.13,0.00,1815.18,7880.06,9695.24,2016,,Reno/Sparks Convention and Visitor's Authority,""
John Walker,Research Manager,6460.80,0.00,0.00,2245.58,6460.80,8706.38,2016,,Reno/Sparks Convention and Visitor's Authority,""
Kristin McClellan,Marketing & Special Projects Specialist,5769.60,0.00,0.00,2013.09,5769.60,7782.69,2016,,Reno/Sparks Convention and Visitor's Authority,""
