Employee Name,Job Title,Base Pay,Overtime Pay,Other Pay,Benefits,Total Pay,Total Pay & Benefits,Year,Notes,Agency,Status
VANLEUVEN,FIREFIGHTER / PARAMEDIC,195182.26,Aggregate,4118.50,47889.95,199300.76,247190.71,2016,,Pahrump,""
SMITH,FIREFIGHTER / PARAMEDIC,142047.01,Aggregate,5387.50,54673.10,147434.51,202107.61,2016,,Pahrump,""
MOODY,LIEUTENENT - PAHRUMP,134968.09,Aggregate,3163.60,62113.85,138131.69,200245.54,2016,,Pahrump,""
PERRY,LIEUTENENT - PAHRUMP,100572.80,Aggregate,5472.30,60308.58,106045.10,166353.68,2016,,Pahrump,""
LEWIS,FIRE CHIEF,105287.71,Aggregate,-37.31,60711.96,105250.40,165962.36,2016,,Pahrump,""
SULLIVAN JR,Finance Director,151263.74,Aggregate,2538.00,0.00,153801.74,153801.74,2016,Retired mid-year,Pahrump,""
MONROE,A-EMT/FIREFIGHTER,89989.79,Aggregate,5472.30,55503.54,95462.09,150965.63,2016,,Pahrump,""
LUIS,BUILDINGS & GROUNDS MANAGER,92522.71,Aggregate,4384.63,49797.37,96907.34,146704.71,2016,,Pahrump,""
FERNANDES,A-EMT/FIREFIGHTER,88910.78,Aggregate,4849.94,49768.51,93760.72,143529.23,2016,,Pahrump,""
HARELSON,FIREFIGHTER / PARAMEDIC,89716.97,Aggregate,1189.92,50214.05,90906.89,141120.94,2016,,Pahrump,""
CLICKNER,LIEUTENENT - PAHRUMP,94064.05,Aggregate,0.00,43188.13,94064.05,137252.18,2016,,Pahrump,""
MARTINDALE,FIREFIGHTER / PARAMEDIC,86045.83,Aggregate,2213.30,44288.38,88259.13,132547.51,2016,,Pahrump,""
DELUCCHI,FIREFIGHTER / E M T-P,72912.92,Aggregate,5472.30,52907.00,78385.22,131292.22,2016,,Pahrump,""
ASHCRAFT,A-EMT/FIREFIGHTER,82595.62,Aggregate,0.00,45402.71,82595.62,127998.33,2016,,Pahrump,""
DRAEGER,FIREFIGHTER / PARAMEDIC,86967.43,Aggregate,0.00,40754.00,86967.43,127721.43,2016,,Pahrump,""
BIGELOW,A-EMT/FIREFIGHTER,77058.05,Aggregate,0.00,43403.08,77058.05,120461.13,2016,,Pahrump,""
SOTO,A-EMT/FIREFIGHTER,67096.64,Aggregate,5472.30,47874.49,72568.94,120443.43,2016,,Pahrump,""
SNOW,A-EMT/FIREFIGHTER,75526.27,Aggregate,0.00,43928.87,75526.27,119455.14,2016,,Pahrump,""
HOLLIS,A-EMT/FIREFIGHTER,75253.64,Aggregate,0.00,42099.70,75253.64,117353.34,2016,,Pahrump,""
WHITE,A-EMT/FIREFIGHTER,69202.38,Aggregate,3249.10,44724.15,72451.48,117175.63,2016,,Pahrump,""
HERNANDEZ,A-EMT/FIREFIGHTER,79134.97,Aggregate,0.00,37524.29,79134.97,116659.26,2016,,Pahrump,""
MEDICI III,A-EMT/FIREFIGHTER,69816.64,Aggregate,2284.10,42085.51,72100.74,114186.25,2016,,Pahrump,""
KEHOE JR,FIREFIGHTER / PARAMEDIC,69007.80,Aggregate,1201.24,43050.69,70209.04,113259.73,2016,,Pahrump,""
GIBSON,FIREFIGHTER / PARAMEDIC,70751.24,Aggregate,0.00,40363.83,70751.24,111115.07,2016,,Pahrump,""
FRANK,A-EMT/FIREFIGHTER,67011.22,Aggregate,708.84,37647.81,67720.06,105367.87,2016,,Pahrump,""
MASSA,A-EMT/FIREFIGHTER,66058.21,Aggregate,0.00,37625.73,66058.21,103683.94,2016,,Pahrump,""
VILLA,B&G FIELD SUPERVISOR,68933.80,Aggregate,0.00,29114.11,68933.80,98047.91,2016,,Pahrump,""
WILLIAMS,A-EMT/FIREFIGHTER,58691.39,Aggregate,0.00,36973.87,58691.39,95665.26,2016,,Pahrump,""
HUGHES,A-EMT/FIREFIGHTER,56531.31,Aggregate,0.00,36754.82,56531.31,93286.13,2016,,Pahrump,""
SMITH,MECHANIC,49934.87,Aggregate,6670.42,36528.86,56605.29,93134.15,2016,,Pahrump,""
YODER,FINANCIAL ASSISTANT - PHT,53681.38,Aggregate,4020.96,30643.31,57702.34,88345.65,2016,,Pahrump,""
MARTINEZ,B&G SAFETY SPECIALIST - PHT,45713.57,Aggregate,7288.26,33216.53,53001.83,86218.36,2016,,Pahrump,""
LEDBETTER,TOURISM DIRECTOR,54915.90,Aggregate,1566.00,25826.00,56481.90,82307.90,2016,,Pahrump,""
CHARLES,SENIOR MAINTENANCE WORKER,42259.71,Aggregate,5387.50,32793.73,47647.21,80440.94,2016,,Pahrump,""
RAETZ,FINANCIAL ASSISTANT - PHT,46690.66,Aggregate,3064.56,23831.45,49755.22,73586.67,2016,,Pahrump,""
CAMPA,MAINTENANCE MAN/WORKER - TOWN,40232.40,Aggregate,3163.60,28058.78,43396.00,71454.78,2016,,Pahrump,""
ROSEN,A-EMT/FIREFIGHTER,44007.91,Aggregate,244.32,26206.59,44252.23,70458.82,2016,,Pahrump,""
CROW,HR ASSISTANT,37447.94,Aggregate,1171.84,22775.57,38619.78,61395.35,2016,,Pahrump,""
PERRY,BILLING & COLLECTIONS CLERK,37070.89,Aggregate,0.00,21043.94,37070.89,58114.83,2016,,Pahrump,""
SHIH,MAINTENANCE MAN/WORKER - TOWN,37536.50,Aggregate,0.00,19653.44,37536.50,57189.94,2016,,Pahrump,""
FANNING,EXECUTIVE ASSISTANT (PHT),35726.59,Aggregate,0.00,20583.77,35726.59,56310.36,2016,,Pahrump,""
ORUM,FIREFIGHTER / PARAMEDIC,33839.84,Aggregate,1168.08,19221.57,35007.92,54229.49,2016,,Pahrump,""
PEDEN,BILLING & COLLECTIONS CLERK,32596.82,Aggregate,0.00,18598.94,32596.82,51195.76,2016,,Pahrump,""
LOCKHART,MAINTENANCE MAN/WORKER - TOWN,29638.40,Aggregate,0.00,18319.41,29638.40,47957.81,2016,,Pahrump,""
DICKERSON,SENIOR MAINTENANCE WORKER,32041.76,Aggregate,0.00,14027.89,32041.76,46069.65,2016,,Pahrump,""
MASSIMINO,EXECUTIVE ASSISTANT (PHT),28672.27,Aggregate,0.00,14132.56,28672.27,42804.83,2016,,Pahrump,""
SMITH-MONCADA,CUSTODIAN - PHT,25535.68,Aggregate,0.00,16580.39,25535.68,42116.07,2016,,Pahrump,""
SMYERS-BOSTWICK,Hr Director,37762.56,Aggregate,0.00,0.00,37762.56,37762.56,2016,Retired mid-year,Pahrump,""
CORTEZ,GROUNDSKEEPER - PHT,16984.48,Aggregate,0.00,12246.19,16984.48,29230.67,2016,,Pahrump,""
BEAUBIEN,SWIMMING POOL SEASONAL - PHT,16136.25,Aggregate,0.00,2008.68,16136.25,18144.93,2016,,Pahrump,""
HART,GROUNDSKEEPER,9110.32,Aggregate,171.00,4634.73,9281.32,13916.05,2016,,Pahrump,""
MARTINEZ,GROUNDSKEEPER - PHT,9288.98,Aggregate,0.00,4618.85,9288.98,13907.83,2016,,Pahrump,""
LEAVITT,EXECUTIVE ASSISTANT (PHT),9870.00,Aggregate,0.00,3984.71,9870.00,13854.71,2016,,Pahrump,""
COLT,GROUNDSKEEPER - PHT,9003.03,Aggregate,0.00,4313.38,9003.03,13316.41,2016,,Pahrump,""
FERNANDEZ,FIREFIGHTER / PARAMEDIC,5271.16,Aggregate,0.00,3295.12,5271.16,8566.28,2016,,Pahrump,""
CASTRO,SWIMMING POOL SEASONAL - PHT,7180.47,Aggregate,0.00,895.82,7180.47,8076.29,2016,,Pahrump,""
THOMAS,SWIMMING POOL SEASONAL - PHT,6296.29,Aggregate,0.00,784.89,6296.29,7081.18,2016,,Pahrump,""
DAFFER,SWIMMING POOL SEASONAL - PHT,5417.40,Aggregate,0.00,677.80,5417.40,6095.20,2016,,Pahrump,""
FORD,SWIMMING POOL SEASONAL - PHT,4717.60,Aggregate,0.00,589.86,4717.60,5307.46,2016,,Pahrump,""
JENNINGS,SWIMMING POOL SEASONAL - PHT,4385.18,Aggregate,0.00,547.21,4385.18,4932.39,2016,,Pahrump,""
BIERMEYER,SWIMMING POOL SEASONAL - PHT,4324.50,Aggregate,0.00,540.69,4324.50,4865.19,2016,,Pahrump,""
PALMER,SWIMMING POOL SEASONAL - PHT,3906.00,Aggregate,0.00,488.71,3906.00,4394.71,2016,,Pahrump,""
BATSFORD,SWIMMING POOL SEASONAL - PHT,3728.25,Aggregate,0.00,466.75,3728.25,4195.00,2016,,Pahrump,""
BROPHY,SWIMMING POOL SEASONAL - PHT,3663.00,Aggregate,0.00,458.45,3663.00,4121.45,2016,,Pahrump,""
MENDOZA,SWIMMING POOL SEASONAL - PHT,3525.03,Aggregate,0.00,440.42,3525.03,3965.45,2016,,Pahrump,""
ESTRELLA,SWIMMING POOL SEASONAL - PHT,3514.50,Aggregate,0.00,439.10,3514.50,3953.60,2016,,Pahrump,""
SUTTON,SWIMMING POOL SEASONAL - PHT,3474.00,Aggregate,0.00,434.31,3474.00,3908.31,2016,,Pahrump,""
WARD,SWIMMING POOL SEASONAL - PHT,3225.75,Aggregate,0.00,402.01,3225.75,3627.76,2016,,Pahrump,""
BEGIN,SWIMMING POOL SEASONAL - PHT,3114.00,Aggregate,0.00,388.88,3114.00,3502.88,2016,,Pahrump,""
LOPEZ SANTILLAN,SWIMMING POOL SEASONAL - PHT,3013.49,Aggregate,0.00,375.75,3013.49,3389.24,2016,,Pahrump,""
MONJE,SWIMMING POOL SEASONAL - PHT,2969.26,Aggregate,0.00,369.42,2969.26,3338.68,2016,,Pahrump,""
MARIANO,SWIMMING POOL SEASONAL - PHT,2961.00,Aggregate,0.00,369.99,2961.00,3330.99,2016,,Pahrump,""
BRODERICK,SWIMMING POOL SEASONAL - PHT,2826.00,Aggregate,0.00,352.31,2826.00,3178.31,2016,,Pahrump,""
CALVERT,SWIMMING POOL SEASONAL - PHT,2742.71,Aggregate,0.00,341.45,2742.71,3084.16,2016,,Pahrump,""
GUAJARDO,SWIMMING POOL SEASONAL - PHT,2740.50,Aggregate,0.00,341.28,2740.50,3081.78,2016,,Pahrump,""
HOLLIS,SWIMMING POOL SEASONAL - PHT,2457.00,Aggregate,0.00,306.10,2457.00,2763.10,2016,,Pahrump,""
WARREN,SWIMMING POOL SEASONAL - PHT,2405.25,Aggregate,0.00,299.59,2405.25,2704.84,2016,,Pahrump,""
