Employee Name,Job Title,Base Pay,Overtime Pay,Other Pay,Benefits,Total Pay,Total Pay & Benefits,Year,Notes,Agency,Status
Marily M Mora,President/CEO,240724.00,0.00,67741.89,83452.79,308465.89,391918.68,2016,,Reno-Tahoe Airport Authority,""
Dean Schultz,Exec Vice President/COO,210950.71,0.00,44278.49,79539.33,255229.20,334768.53,2016,,Reno-Tahoe Airport Authority,""
Brian Kulpin,VP of Marketing & PA,177050.08,0.00,30543.09,69770.25,207593.17,277363.42,2016,,Reno-Tahoe Airport Authority,""
Richard Grant Gorman,Chief Financial Officer,180018.45,0.00,32065.05,61888.98,212083.50,273972.48,2016,,Reno-Tahoe Airport Authority,""
Tina Iftiger,VP of Airport Econom Dev,180018.42,0.00,20960.60,61727.95,200979.02,262706.97,2016,,Reno-Tahoe Airport Authority,""
Michael Scott,Vice President Ops & PS,165425.86,0.00,16008.92,65817.10,181434.78,247251.88,2016,,Reno-Tahoe Airport Authority,""
James C McCluskie,VP Planning/Eng/Envir Mgt,162117.50,0.00,14453.64,65252.44,176571.14,241823.58,2016,,Reno-Tahoe Airport Authority,""
David G Pittman,Dir Facilities & Maint,147912.46,0.00,27305.23,52080.71,175217.69,227298.40,2016,,Reno-Tahoe Airport Authority,""
Martin Mueller,Dir of Tech & Info Systms,148069.96,0.00,17468.42,60368.39,165538.38,225906.77,2016,,Reno-Tahoe Airport Authority,""
Robert Vester,Chief of Airport Police,147912.47,0.00,14253.69,51355.55,162166.16,213521.71,2016,,Reno-Tahoe Airport Authority,""
David Lazo,Mngr Engineering & Constr,131493.21,0.00,23584.21,46871.71,155077.42,201949.13,2016,,Reno-Tahoe Airport Authority,""
Brian W Moore,Dir of Human Resources,144155.53,0.00,13203.24,44381.32,157358.77,201740.09,2016,,Reno-Tahoe Airport Authority,""
George Michael Dikun,Mngr of Reno-Stead Airprt,129443.16,0.00,16776.77,51844.03,146219.93,198063.96,2016,,Reno-Tahoe Airport Authority,""
Thomas J Nelson,Chief of Airport Fireftrs,123958.26,0.00,11886.89,53035.45,135845.15,188880.60,2016,,Reno-Tahoe Airport Authority,""
Raymond L Polak,Special Projects Manager,88684.13,0.00,54695.25,40236.56,143379.38,183615.94,2016,,Reno-Tahoe Airport Authority,""
Leah A Williams,Manager of Accounting,109599.58,0.00,19395.41,48647.72,128994.99,177642.71,2016,,Reno-Tahoe Airport Authority,""
Romona Fisher,Mngr of Airport Security,115247.22,0.00,9582.24,50133.13,124829.46,174962.59,2016,,Reno-Tahoe Airport Authority,""
Jaime Edrosa,Mngr of Airside Ops & Com,110326.53,0.00,13075.76,49215.02,123402.29,172617.31,2016,,Reno-Tahoe Airport Authority,""
Mark Cameron,Manager of Landside Ops,114573.77,0.00,10854.89,45056.25,125428.66,170484.91,2016,,Reno-Tahoe Airport Authority,""
Anthony R Osendorf,Mngr of Finance & Budget,109599.53,0.00,16041.71,43698.16,125641.24,169339.40,2016,,Reno-Tahoe Airport Authority,""
Laurel Weeks,Senior Mngr of Properties,109850.73,0.00,13261.19,45788.69,123111.92,168900.61,2016,,Reno-Tahoe Airport Authority,""
Joyce A Humphrey,Mngr of Purch & Matls Mgt,109599.55,0.00,12062.70,45767.59,121662.25,167429.84,2016,,Reno-Tahoe Airport Authority,""
Daniel P Bartholomew,Mgr Planning & Envirnmntl,118615.29,0.00,5345.44,42921.85,123960.73,166882.58,2016,,Reno-Tahoe Airport Authority,""
Harry Sean Keast,Police Sergeant - K9,90188.87,0.00,22164.46,52722.12,112353.33,165075.45,2016,,Reno-Tahoe Airport Authority,""
Gerald Purdum,Fire Captain,87763.79,3503.62,20598.41,52232.75,111865.82,164098.57,2016,,Reno-Tahoe Airport Authority,""
Randall Whitworth,Facilities Superintendent,94155.50,0.00,32830.31,35607.89,126985.81,162593.70,2016,,Reno-Tahoe Airport Authority,""
Kevin Field,Police Captain,103491.50,0.00,6342.94,51067.29,109834.44,160901.73,2016,,Reno-Tahoe Airport Authority,""
Martin M Smith,Driver/Operator,77453.26,20776.30,14149.05,48319.42,112378.61,160698.03,2016,,Reno-Tahoe Airport Authority,""
Gary M. Probert,Snr Airport Project Mngr,101774.93,0.00,11414.39,45864.56,113189.32,159053.88,2016,,Reno-Tahoe Airport Authority,""
Angel Guzman,Police Sergeant,88042.00,0.00,11952.69,56553.59,99994.69,156548.28,2016,,Reno-Tahoe Airport Authority,""
Anthony Michael Curatolo,Snr Airport Project Mngr,101774.93,0.00,8892.90,45469.28,110667.83,156137.11,2016,,Reno-Tahoe Airport Authority,""
Corby Agid,Network Administrator II,92328.53,0.00,26536.74,35060.25,118865.27,153925.52,2016,,Reno-Tahoe Airport Authority,""
Theodore Ohm,Snr Facilties Project Mgr,102086.04,0.00,12159.03,37704.42,114245.07,151949.49,2016,,Reno-Tahoe Airport Authority,""
Mark Jongsma,Police Sergeant,83969.50,0.00,13305.16,54290.73,97274.66,151565.39,2016,,Reno-Tahoe Airport Authority,""
Scott C. Gordon,Operations Supervisor,96972.13,0.00,9013.32,44206.72,105985.45,150192.17,2016,,Reno-Tahoe Airport Authority,""
Todd Harrison Welty,Environmental Program Mgr,101386.09,0.00,11439.96,37350.91,112826.05,150176.96,2016,,Reno-Tahoe Airport Authority,""
J Scott Harkema,Airfield Superintendent,102086.03,0.00,9879.15,37610.64,111965.18,149575.82,2016,,Reno-Tahoe Airport Authority,""
Brian James Comis,Fire Captain,87763.78,4566.01,4416.44,52268.51,96746.23,149014.74,2016,,Reno-Tahoe Airport Authority,""
Remy Mauro,Operations Supervisor,96824.28,0.00,9952.91,41803.22,106777.19,148580.41,2016,,Reno-Tahoe Airport Authority,""
Keith Kallman,Operations Supervisor,96380.76,0.00,8410.78,39579.28,104791.54,144370.82,2016,,Reno-Tahoe Airport Authority,""
Zhemin Liu,Database Administrator,89776.46,0.00,12139.02,42297.32,101915.48,144212.80,2016,,Reno-Tahoe Airport Authority,""
Muhammad Hasaan Azam,Mgr Air Svc/Crgo Bus Dev,93493.46,0.00,5031.43,43978.75,98524.89,142503.64,2016,,Reno-Tahoe Airport Authority,""
Rebecca Flanders-Venis,Mgr of Air Svc Dev & Mrkt,93493.47,0.00,4854.58,43976.19,98348.05,142324.24,2016,,Reno-Tahoe Airport Authority,""
Brian McIntyre,Operations Supervisor,91334.18,0.00,7929.20,42886.24,99263.38,142149.62,2016,,Reno-Tahoe Airport Authority,""
Christopher Klingelhoets,Driver/Operator,77453.24,3158.51,12834.53,47789.89,93446.28,141236.17,2016,,Reno-Tahoe Airport Authority,""
Keith Raymond Bopko,Police Sergeant,79441.15,0.00,10828.15,49299.37,90269.30,139568.67,2016,,Reno-Tahoe Airport Authority,""
Fredrick Morin,Driver/Operator,77453.29,6144.10,7333.63,47647.40,90931.02,138578.42,2016,,Reno-Tahoe Airport Authority,""
James Wilson,Operations Supervisor,91171.23,0.00,4004.64,42733.05,95175.87,137908.92,2016,,Reno-Tahoe Airport Authority,""
Kenneth Loveland,Facilities Supervisor,87159.69,0.00,11827.83,38845.08,98987.52,137832.60,2016,,Reno-Tahoe Airport Authority,""
Gregory S Clish,Airport Police Officer,67377.68,3631.94,20576.92,43525.77,91586.54,135112.31,2016,,Reno-Tahoe Airport Authority,""
Patrick North,Senior Internal Auditor,96774.66,0.00,8370.35,29848.22,105145.01,134993.23,2016,,Reno-Tahoe Airport Authority,""
Patricia Tucker,Mgr of Pub Rel & Cust Svc,84401.88,0.00,7700.24,41186.23,92102.12,133288.35,2016,,Reno-Tahoe Airport Authority,""
Julie L Sternberg,Snr Benefits Specialist,83228.68,0.00,8452.76,39802.79,91681.44,131484.23,2016,,Reno-Tahoe Airport Authority,""
Joshua G Stagliano,Airport Police Officer,63390.40,20413.36,8463.38,38748.16,92267.14,131015.30,2016,,Reno-Tahoe Airport Authority,""
Geoffrey C MacLeod,Driver/Operator,70758.70,12192.32,2341.72,45215.38,85292.74,130508.12,2016,,Reno-Tahoe Airport Authority,""
Ricardo O Duarte,Airport Police Officer,62904.01,23766.79,9134.12,34470.58,95804.92,130275.50,2016,,Reno-Tahoe Airport Authority,""
Lissa K Butterfield,Senior Airport Planner,86373.39,0.00,9305.60,33110.95,95678.99,128789.94,2016,,Reno-Tahoe Airport Authority,""
Billy Dean Heath,Facilities Superintendent,82449.59,0.00,6392.80,39729.78,88842.39,128572.17,2016,,Reno-Tahoe Airport Authority,""
Alexandru Kovacs,Senior Financial Analyst,87534.65,0.00,4230.75,36693.39,91765.40,128458.79,2016,,Reno-Tahoe Airport Authority,""
Carrie Guedea,Operations Supervisor,89042.50,0.00,4067.67,33575.00,93110.17,126685.17,2016,,Reno-Tahoe Airport Authority,""
Donald G Miller,Airport Police Officer,63998.40,10877.93,10049.10,40467.11,84925.43,125392.54,2016,,Reno-Tahoe Airport Authority,""
Deejay Decena,Airport Police Officer,64606.50,6198.49,11249.98,42575.53,82054.97,124630.50,2016,,Reno-Tahoe Airport Authority,""
Shawn K Anderson,Firefighter,68832.20,1986.84,8232.60,45364.65,79051.64,124416.29,2016,,Reno-Tahoe Airport Authority,""
Bruce G Lightfoot,IT Project Manager,86007.96,0.00,4863.54,32832.98,90871.50,123704.48,2016,,Reno-Tahoe Airport Authority,""
Ernest VonFerber,Airport Police Officer,65457.65,4567.08,6589.51,44518.80,76614.24,121133.04,2016,,Reno-Tahoe Airport Authority,""
Casey A Micone,Driver/Operator,63394.66,6730.39,7740.07,42476.27,77865.12,120341.39,2016,,Reno-Tahoe Airport Authority,""
Maggie McGrew,Training Specialist,78789.14,0.00,5212.16,35628.26,84001.30,119629.56,2016,,Reno-Tahoe Airport Authority,""
Brandon Randall,Airport Police Officer,60452.81,6496.97,8727.74,42237.82,75677.52,117915.34,2016,,Reno-Tahoe Airport Authority,""
Camron T Longobardo,Firefighter,59859.80,14603.30,4990.91,38166.66,79454.01,117620.67,2016,,Reno-Tahoe Airport Authority,""
Collin N Cavanagh,Driver/Operator,61553.69,6573.72,10630.25,38842.59,78757.66,117600.25,2016,,Reno-Tahoe Airport Authority,""
Ronald L Cox,Airfield Maint Supervisor,75192.70,0.00,3567.85,37839.95,78760.55,116600.50,2016,,Reno-Tahoe Airport Authority,""
Lois O'Neill,Property Specialist II,75555.51,0.00,2839.03,37881.56,78394.54,116276.10,2016,,Reno-Tahoe Airport Authority,""
Joel Blancaflor,Network Administrator I,73670.26,0.00,3817.68,37126.80,77487.94,114614.74,2016,,Reno-Tahoe Airport Authority,""
Edwin D Martin Jr.,Lead Airfield Maint Tech,66115.66,4478.11,12356.74,31374.80,82950.51,114325.31,2016,,Reno-Tahoe Airport Authority,""
Brett D Lee,Firefighter,59859.80,7329.37,5616.73,39855.26,72805.90,112661.16,2016,,Reno-Tahoe Airport Authority,""
Kim Zbikowski,Facilities Supervisor,72113.70,0.00,6298.47,34164.00,78412.17,112576.17,2016,,Reno-Tahoe Airport Authority,""
Aurora Ritter,Real Estate Supervisor,74215.31,0.00,3311.55,34766.88,77526.86,112293.74,2016,,Reno-Tahoe Airport Authority,""
Conan Joseph Conaboy Jr.,Airport Police Officer,57437.60,7645.20,6665.21,40405.81,71748.01,112153.82,2016,,Reno-Tahoe Airport Authority,""
Robin Ramsey,Senior Buyer,69632.56,0.00,7865.96,33282.72,77498.52,110781.24,2016,,Reno-Tahoe Airport Authority,""
Bryce E Kujala,Firefighter,54732.60,13521.53,5749.18,36011.11,74003.31,110014.42,2016,,Reno-Tahoe Airport Authority,""
Amanda E Twitchell,Airport Project Mgr II,73889.45,0.00,2749.60,32566.59,76639.05,109205.64,2016,,Reno-Tahoe Airport Authority,""
Mace Fling,Airport Police Officer,63512.06,1642.21,7889.35,35698.85,73043.62,108742.47,2016,,Reno-Tahoe Airport Authority,""
Kristopher L Presswood,Airport Police Officer,55723.20,3223.23,8422.01,41160.49,67368.44,108528.93,2016,,Reno-Tahoe Airport Authority,""
Shannon Edison,Airport Police Officer,54054.97,6924.44,8490.22,38849.49,69469.63,108319.12,2016,,Reno-Tahoe Airport Authority,""
Michael W Fretz,Airport Police Officer,53058.42,5109.87,9176.12,40583.26,67344.41,107927.67,2016,,Reno-Tahoe Airport Authority,""
Janelle E Mack,Marketing Coordinator,73725.19,0.00,3805.22,29115.60,77530.41,106646.01,2016,,Reno-Tahoe Airport Authority,""
Jeffery J Ward,Firefighter,57808.91,5398.72,6108.72,37189.06,69316.35,106505.41,2016,,Reno-Tahoe Airport Authority,""
John Patterson,Facilities Technician V,61024.43,1534.23,9260.58,34548.31,71819.24,106367.55,2016,,Reno-Tahoe Airport Authority,""
Dave Derie,Airfield Maint Supervisor,70637.84,0.00,7044.83,27990.09,77682.67,105672.76,2016,,Reno-Tahoe Airport Authority,""
Mark M Gianopoulos,HVAC Plant Operator V,62815.41,2273.64,4876.65,35007.83,69965.70,104973.53,2016,,Reno-Tahoe Airport Authority,""
Matthew McGee,Airfield Technician V,60810.79,6234.85,5905.34,31573.49,72950.98,104524.47,2016,,Reno-Tahoe Airport Authority,""
Deborah R Meehan,Payroll Administrator,70735.38,0.00,5711.64,27932.16,76447.02,104379.18,2016,,Reno-Tahoe Airport Authority,""
James A Mertins,Facilities Supervisor,64022.97,0.00,10635.06,29624.29,74658.03,104282.32,2016,,Reno-Tahoe Airport Authority,""
Jeffrey Romero,Airfield Technician V,52654.56,13497.70,5398.50,32061.36,71550.76,103612.12,2016,,Reno-Tahoe Airport Authority,""
Eugene Balon,Air Comm Specialist,51271.44,14657.37,13907.83,23516.27,79836.64,103352.91,2016,,Reno-Tahoe Airport Authority,""
Michael J Fischer,Airport Police Officer,59900.02,831.12,7711.93,33817.04,68443.07,102260.11,2016,,Reno-Tahoe Airport Authority,""
Aaron Wolfe-Payton,Faclties Jet Brdg Tech IV,58671.82,1634.78,9851.11,31984.02,70157.71,102141.73,2016,,Reno-Tahoe Airport Authority,""
Jerry Morris,Materials Mgmt Supervisor,66102.43,0.00,9114.97,26749.80,75217.40,101967.20,2016,,Reno-Tahoe Airport Authority,""
Philip A Wortman,Airport Police Officer,54475.21,2339.19,6850.82,37462.50,63665.22,101127.72,2016,,Reno-Tahoe Airport Authority,""
LaRoy AA Hutchinson,Airport Police Officer,52468.01,13215.17,5443.25,29907.20,71126.43,101033.63,2016,,Reno-Tahoe Airport Authority,""
Richard Miller,Airport Noise Analyst,69313.59,0.00,4082.97,27549.39,73396.56,100945.95,2016,,Reno-Tahoe Airport Authority,""
Matthew J Robinson,Facilities HVAC Tech IV,60409.55,44.03,6094.29,34162.56,66547.87,100710.43,2016,,Reno-Tahoe Airport Authority,""
Loretta B McNabb,Facilities Project Mngr,63396.68,0.00,5844.26,31343.55,69240.94,100584.49,2016,,Reno-Tahoe Airport Authority,""
James J. Leydecker,Facilities Supervisor,64022.99,0.00,4384.94,31660.79,68407.93,100068.72,2016,,Reno-Tahoe Airport Authority,""
Larry R Marler,Airfield Technician V,61974.92,2165.66,3636.96,31835.23,67777.54,99612.77,2016,,Reno-Tahoe Airport Authority,""
Patti L Edgington,Program Technician,53751.09,2345.32,19110.40,23093.77,75206.81,98300.58,2016,,Reno-Tahoe Airport Authority,""
Paula A Murphy,Internal Auditor,62071.77,0.00,2243.93,33704.95,64315.70,98020.65,2016,,Reno-Tahoe Airport Authority,""
Michael C Earle,Firefighter,49834.60,1086.11,10277.79,36453.12,61198.50,97651.62,2016,,Reno-Tahoe Airport Authority,""
Kevin Robert Murphy,Faclties Electrcn Tech IV,56724.54,568.33,8843.56,30804.11,66136.43,96940.54,2016,,Reno-Tahoe Airport Authority,""
Donald Lahrson Jr,Facilities Technician IV,58260.97,21.12,5015.52,33163.67,63297.61,96461.28,2016,,Reno-Tahoe Airport Authority,""
Chase R Purinton,Firefighter,50440.76,5011.42,4633.07,35978.85,60085.25,96064.10,2016,,Reno-Tahoe Airport Authority,""
Scott J Zamora,Firefighter,51046.92,2471.09,5220.67,36082.07,58738.68,94820.75,2016,,Reno-Tahoe Airport Authority,""
Gary A Patty,Airfld Equip Mech Tech IV,60409.56,684.04,2088.54,30719.80,63182.14,93901.94,2016,,Reno-Tahoe Airport Authority,""
John David Fletcher,Facilities HVAC Tech IV,59414.68,733.93,7487.01,25977.55,67635.62,93613.17,2016,,Reno-Tahoe Airport Authority,""
Todd Meckler,Equipment Mechanic,59380.69,3157.86,2715.77,28206.10,65254.32,93460.42,2016,,Reno-Tahoe Airport Authority,""
Suzanne McLaughlin,Mrkting Coord-Graphics,57501.12,0.00,3147.50,32616.27,60648.62,93264.89,2016,,Reno-Tahoe Airport Authority,""
Swen Carlson,Facilities Technician V,55653.62,857.17,8280.03,28374.20,64790.82,93165.02,2016,,Reno-Tahoe Airport Authority,""
Jesse Gregory,Faclties Electrcn Tech IV,56550.00,1014.35,3145.68,32361.01,60710.03,93071.04,2016,,Reno-Tahoe Airport Authority,""
Kenneth Moen,Property Specialist II,68918.77,0.00,3345.52,20381.27,72264.29,92645.56,2016,,Reno-Tahoe Airport Authority,""
Rebecca L Maddux,Accountant,64553.62,0.00,2066.47,25944.95,66620.09,92565.04,2016,,Reno-Tahoe Airport Authority,""
Tod William Spicher,Facilities HVAC Tech IV,59995.13,458.44,6046.11,25367.10,66499.68,91866.78,2016,,Reno-Tahoe Airport Authority,""
John F Halderman,Operations Supervisor,51150.97,0.00,17688.07,22640.58,68839.04,91479.62,2016,,Reno-Tahoe Airport Authority,""
Michelle Duncan,Security Compliance Spec,56022.73,0.00,2867.67,31849.99,58890.40,90740.39,2016,,Reno-Tahoe Airport Authority,""
James J Keller,Facilities Supervisor,58937.69,0.00,2868.83,27951.15,61806.52,89757.67,2016,,Reno-Tahoe Airport Authority,""
Kimberly A Matthews,Marketing Coordinator,60772.95,4520.15,5825.49,18198.24,71118.59,89316.83,2016,,Reno-Tahoe Airport Authority,""
Bonnie Conder,Senior Air Com Specialist,53973.82,4022.68,4074.02,26784.55,62070.52,88855.07,2016,,Reno-Tahoe Airport Authority,""
Jesus Cervantes,Airfld Landscape Tech IV,49455.68,6644.44,1940.67,30497.98,58040.79,88538.77,2016,,Reno-Tahoe Airport Authority,""
Claire L Johnson,Executive/Board Assistant,55686.85,0.00,3066.85,29220.12,58753.70,87973.82,2016,,Reno-Tahoe Airport Authority,""
William E Weitzel,Facilities Technician V,55818.70,641.24,4021.83,27434.45,60481.77,87916.22,2016,,Reno-Tahoe Airport Authority,""
Raymond P Comtois,Facilities HVAC Tech IV,54565.23,1451.21,7102.45,24474.35,63118.89,87593.24,2016,,Reno-Tahoe Airport Authority,""
Cynthia A. Riddell,Executive Assistant,58875.20,741.76,3192.22,24284.31,62809.18,87093.49,2016,,Reno-Tahoe Airport Authority,""
Josefa Ramirez-Torres,Accounting Tech - AR,56404.37,0.00,3002.24,27095.35,59406.61,86501.96,2016,,Reno-Tahoe Airport Authority,""
Robert Perry,Airfld Electrcn Tech IV,49541.84,3499.85,1889.69,30267.53,54931.38,85198.91,2016,,Reno-Tahoe Airport Authority,""
Gina Castellar,Accounting Tech - AP,51795.37,0.00,2593.65,30595.09,54389.02,84984.11,2016,,Reno-Tahoe Airport Authority,""
Harold Duralde,Telecommunications Tech,50402.13,3648.58,8205.71,21946.76,62256.42,84203.18,2016,,Reno-Tahoe Airport Authority,""
Sue J Bowyer,Air Comm Specialist,46655.77,2272.78,4533.32,29518.03,53461.87,82979.90,2016,,Reno-Tahoe Airport Authority,""
Douglas E Schell,Facilities Technician IV,48134.40,335.34,6246.76,28026.18,54716.50,82742.68,2016,,Reno-Tahoe Airport Authority,""
Edgar Bernabe,Facilities Technician II,48867.70,960.78,5911.25,26357.34,55739.73,82097.07,2016,,Reno-Tahoe Airport Authority,""
Raymond Saldana,Facilities Technician II,48630.73,492.91,4433.58,27635.90,53557.22,81193.12,2016,,Reno-Tahoe Airport Authority,""
Soraya Bedout Morz,Maint Scheduler/Planner,48730.95,287.84,1864.75,29633.59,50883.54,80517.13,2016,,Reno-Tahoe Airport Authority,""
Cesar O Aranda-Torres,Airport Police Officer,43128.03,6925.96,5515.63,24886.21,55569.62,80455.83,2016,,Reno-Tahoe Airport Authority,""
Quan M Tran,Airport Police Officer,44326.03,7008.31,3868.82,25123.25,55203.16,80326.41,2016,,Reno-Tahoe Airport Authority,""
Joshua Hargrove,Airfld Landscape Tech III,45266.43,10686.99,2821.60,20993.11,58775.02,79768.13,2016,,Reno-Tahoe Airport Authority,""
Faith Allen,Cap Improv & Grant Coord,53072.41,0.00,3605.26,22544.70,56677.67,79222.37,2016,,Reno-Tahoe Airport Authority,""
Clair M White,Facilities Technician II,45159.94,960.74,6192.95,26707.87,52313.63,79021.50,2016,,Reno-Tahoe Airport Authority,""
Mary Lee Mansfield,Executive Assistant,53276.24,0.00,2884.60,22807.35,56160.84,78968.19,2016,,Reno-Tahoe Airport Authority,""
Randy Sutherland,Airfield Technician IV,48376.63,1028.14,2147.11,27310.89,51551.88,78862.77,2016,,Reno-Tahoe Airport Authority,""
Christine T Bird,Property Specialist I,53788.84,0.00,1990.65,22734.18,55779.49,78513.67,2016,,Reno-Tahoe Airport Authority,""
Randy R Anderson Jr.,Facilities Technician II,43051.24,848.92,5157.11,28975.52,49057.27,78032.79,2016,,Reno-Tahoe Airport Authority,""
Paula Jo Squier,Property Technician,44540.70,1433.67,3389.35,28469.95,49363.72,77833.67,2016,,Reno-Tahoe Airport Authority,""
Blake W McBroom,Airfield Technician III,46522.65,3800.13,2570.41,24498.91,52893.19,77392.10,2016,,Reno-Tahoe Airport Authority,""
Jeffrey Chapel,Airfld Equip Mech Tech IV,46303.10,4353.29,5093.42,21588.49,55749.81,77338.30,2016,,Reno-Tahoe Airport Authority,""
Jamie M DePaepe,HR Specialist,49673.14,0.00,1503.28,25119.10,51176.42,76295.52,2016,,Reno-Tahoe Airport Authority,""
Brittnee M Butcher,Air Comm Specialist,37171.13,14366.45,6066.62,18469.02,57604.20,76073.22,2016,,Reno-Tahoe Airport Authority,""
Charles R Young,Firefighter,36085.37,7808.89,4406.07,26614.70,48300.33,74915.03,2016,,Reno-Tahoe Airport Authority,""
Richard Larry Prior Jr,Airfield Maint Technician,48031.63,2225.43,2916.96,21387.88,53174.02,74561.90,2016,,Reno-Tahoe Airport Authority,""
Heidi Jared,Marketing Coordinator,49370.59,205.68,5603.00,19057.75,55179.27,74237.02,2016,,Reno-Tahoe Airport Authority,""
Clifford Starke Jr.,Airfield Technician II,38682.88,2250.68,5075.52,27838.22,46009.08,73847.30,2016,,Reno-Tahoe Airport Authority,""
Christina L Gonzales,Operations Specialist,44919.59,143.74,2835.65,25789.92,47898.98,73688.90,2016,,Reno-Tahoe Airport Authority,""
Michael Dixon,Airfield Technician II,40246.19,1114.08,4161.78,28088.59,45522.05,73610.64,2016,,Reno-Tahoe Airport Authority,""
Christine Stanford,Lead Security Specialist,44181.24,1659.87,3274.70,23892.19,49115.81,73008.00,2016,,Reno-Tahoe Airport Authority,""
Chris Bordes,Fire Captain,22423.16,2821.73,22873.51,24774.88,48118.40,72893.28,2016,,Reno-Tahoe Airport Authority,""
John Dujmovich,Facilities Technician II,44412.18,861.65,6041.43,21368.46,51315.26,72683.72,2016,,Reno-Tahoe Airport Authority,""
Douglas J Brimhall,Driver/Operator,8936.92,698.19,54870.33,6980.84,64505.44,71486.28,2016,,Reno-Tahoe Airport Authority,""
Charles B Cronin,Airfld Electrcn Tech IV,44677.16,5002.49,1355.66,20167.43,51035.31,71202.74,2016,,Reno-Tahoe Airport Authority,""
Laura Killian,Administrative Asst II,47756.13,316.33,2039.39,20834.12,50111.85,70945.97,2016,,Reno-Tahoe Airport Authority,""
Lacy J Glodowski,Administrative Asst III,40697.40,280.51,2308.44,27315.76,43286.35,70602.11,2016,,Reno-Tahoe Airport Authority,""
Ronald D Ingebretson,Parking Shift Leader,37021.14,3582.78,3527.13,26416.18,44131.05,70547.23,2016,,Reno-Tahoe Airport Authority,""
Janet Freitas,Airport Security Speclst,40437.07,0.00,5635.09,23498.46,46072.16,69570.62,2016,,Reno-Tahoe Airport Authority,""
Rafael M Sanchez,Facilities Custodian,36322.02,0.00,5837.61,27313.43,42159.63,69473.06,2016,,Reno-Tahoe Airport Authority,""
Ross L Foote,Airfield Technician IV,41385.72,6874.49,1805.30,19288.70,50065.51,69354.21,2016,,Reno-Tahoe Airport Authority,""
Nicolas Gonzalez,Facilities Custodian,36866.84,0.00,7740.44,24411.64,44607.28,69018.92,2016,,Reno-Tahoe Airport Authority,""
Elvia Sanchez,Facilities Custodian,36162.79,0.00,5717.28,26952.10,41880.07,68832.17,2016,,Reno-Tahoe Airport Authority,""
Soledad R Estrada,Facilities Custodian,36726.32,0.00,4973.81,27045.85,41700.13,68745.98,2016,,Reno-Tahoe Airport Authority,""
Jeffery M Freitas,Facilities Custodian,34377.16,0.00,15991.40,18326.04,50368.56,68694.60,2016,,Reno-Tahoe Airport Authority,""
Michael Evans,Airfield Technician II,41728.31,1834.24,5327.67,19768.58,48890.22,68658.80,2016,,Reno-Tahoe Airport Authority,""
Jason D Burns,Airfield Technician II,36981.21,4744.03,2916.19,23911.13,44641.43,68552.56,2016,,Reno-Tahoe Airport Authority,""
Thomas Riley,Facilities Technician II,43127.10,15.69,4622.81,20332.43,47765.60,68098.03,2016,,Reno-Tahoe Airport Authority,""
Diana Lee,Airport Security Speclst,40437.12,57.79,7189.27,19830.96,47684.18,67515.14,2016,,Reno-Tahoe Airport Authority,""
John Hickey,Airport Security Speclst,38642.55,2037.93,6764.81,19287.84,47445.29,66733.13,2016,,Reno-Tahoe Airport Authority,""
Ed Tayson,Facilities Custodian,36838.76,0.00,5646.48,24177.81,42485.24,66663.05,2016,,Reno-Tahoe Airport Authority,""
Maty Garcia,Facilities Custodian,36810.66,0.00,3319.62,26429.17,40130.28,66559.45,2016,,Reno-Tahoe Airport Authority,""
Thomas J Upp,Lead Security Specialist,35896.90,1474.79,4931.97,24074.79,42303.66,66378.45,2016,,Reno-Tahoe Airport Authority,""
Wendy Beltran,Air Comm Specialist,34975.28,5287.44,7357.50,18116.72,47620.22,65736.94,2016,,Reno-Tahoe Airport Authority,""
Steven M Steele,Lead Security Specialist,32929.36,1086.11,5462.57,26002.69,39478.04,65480.73,2016,,Reno-Tahoe Airport Authority,""
Gary Kroeneke,Parking Lot Attendant,36810.69,1993.38,7590.05,18720.26,46394.12,65114.38,2016,,Reno-Tahoe Airport Authority,""
Dawn Ralston,Warehouse Asst/Driver,42082.03,0.00,3560.40,19449.53,45642.43,65091.96,2016,,Reno-Tahoe Airport Authority,""
Rose L Martin,Air Comm Specialist,34364.45,5602.44,3923.68,21196.07,43890.57,65086.64,2016,,Reno-Tahoe Airport Authority,""
Stacie M Huggins,Manager of Economic Dev,38044.24,0.00,3218.90,23587.47,41263.14,64850.61,2016,,Reno-Tahoe Airport Authority,""
Douglas Mills,Airport Security Speclst,38848.40,680.34,5845.93,19475.59,45374.67,64850.26,2016,,Reno-Tahoe Airport Authority,""
Rebecca Whitney,Airport Security Speclst,40619.83,108.44,4417.51,19693.73,45145.78,64839.51,2016,,Reno-Tahoe Airport Authority,""
Ruben Vega,Parking Shift Leader,40290.86,1696.31,3610.41,19217.08,45597.58,64814.66,2016,,Reno-Tahoe Airport Authority,""
Kathleen Mahone,Property Technician,40890.66,294.42,1038.69,22575.44,42223.77,64799.21,2016,,Reno-Tahoe Airport Authority,""
Marisela G Esquivel,Air Comm Specialist,36186.08,2084.85,4426.11,21404.07,42697.04,64101.11,2016,,Reno-Tahoe Airport Authority,""
Klayton Beddoes,Airfield Technician II,36180.53,3792.66,1808.50,21141.18,41781.69,62922.87,2016,,Reno-Tahoe Airport Authority,""
Brenda L Porter,Parking Shift Leader,29500.99,3453.35,4794.77,24836.42,37749.11,62585.53,2016,,Reno-Tahoe Airport Authority,""
Sheila M Kovacs,Administrative Asst II,40854.75,0.00,2595.93,18769.17,43450.68,62219.85,2016,,Reno-Tahoe Airport Authority,""
Frances Risk,Parking Lot Attendant,36268.20,2228.58,5104.44,18465.36,43601.22,62066.58,2016,,Reno-Tahoe Airport Authority,""
Winston Alamilla,Facilities Custodian,31880.09,0.00,6386.31,23035.28,38266.40,61301.68,2016,,Reno-Tahoe Airport Authority,""
Kathy J Morgan,Administrative Asst II,40590.32,89.47,1864.86,18654.34,42544.65,61198.99,2016,,Reno-Tahoe Airport Authority,""
Maria Duran de Vargas,Facilities Custodian,30783.15,0.00,4925.62,25208.82,35708.77,60917.59,2016,,Reno-Tahoe Airport Authority,""
Victoria L. Colborn,Facilities Custodian,36705.59,0.00,5363.06,18819.21,42068.65,60887.86,2016,,Reno-Tahoe Airport Authority,""
Shawn Ohm,Airport Security Speclst,34318.69,2711.57,5925.61,17792.07,42955.87,60747.94,2016,,Reno-Tahoe Airport Authority,""
Christopher L Lamoureaux,Airfield Auto Tech III,39012.80,1264.27,1423.17,18404.95,41700.24,60105.19,2016,,Reno-Tahoe Airport Authority,""
Dennis F C Crisostomo,Airport Security Speclst,30333.30,943.36,3366.43,24738.46,34643.09,59381.55,2016,,Reno-Tahoe Airport Authority,""
Felipe Mario Garcia,Airfield Maint Worker II,36229.38,1930.43,2327.94,17578.88,40487.75,58066.63,2016,,Reno-Tahoe Airport Authority,""
Jessica Wynia,Facilities Custodian,36585.82,0.00,3442.12,17989.26,40027.94,58017.20,2016,,Reno-Tahoe Airport Authority,""
Percy D Vest,Facilities Custodian,36488.14,0.00,3291.44,17839.41,39779.58,57618.99,2016,,Reno-Tahoe Airport Authority,""
Jason A McDaniel,Airfield Technician II,35727.36,2283.22,1700.53,17428.12,39711.11,57139.23,2016,,Reno-Tahoe Airport Authority,""
Josefina Muniz,Facilities Custodian,32439.84,0.00,3857.08,20674.22,36296.92,56971.14,2016,,Reno-Tahoe Airport Authority,""
Renee McCoy,Facilities Custodian,27488.11,0.00,4576.73,24360.02,32064.84,56424.86,2016,,Reno-Tahoe Airport Authority,""
Jason A Baccigaluppi,Airfield Technician II,35550.79,2648.06,785.04,17238.42,38983.89,56222.31,2016,,Reno-Tahoe Airport Authority,""
Brenda S Goldfein,Facilities Custodian,31807.38,0.00,1825.11,21928.06,33632.49,55560.55,2016,,Reno-Tahoe Airport Authority,""
Amanda Interiano,Facilities Custodian,29599.30,0.00,5931.29,19997.14,35530.59,55527.73,2016,,Reno-Tahoe Airport Authority,""
Nicklaus R Giles,Lead Security Specialist,31699.09,2684.74,4046.35,16905.93,38430.18,55336.11,2016,,Reno-Tahoe Airport Authority,""
Kenneth S Chew,Airport Security Speclst,31804.94,1833.90,4622.74,16970.37,38261.58,55231.95,2016,,Reno-Tahoe Airport Authority,""
Michael E Yahraes,Parking Shift Leader,30793.42,1922.16,5339.55,16805.44,38055.13,54860.57,2016,,Reno-Tahoe Airport Authority,""
Alfredo A Alvarez,Facilities Custodian,27343.90,39.32,5656.35,21499.28,33039.57,54538.85,2016,,Reno-Tahoe Airport Authority,""
Anita Pederson,Parking Lot Attendant,29781.37,2901.68,5023.48,16591.08,37706.53,54297.61,2016,,Reno-Tahoe Airport Authority,""
Renea Ghassedi-Khoshkhabar,Application Specialist,35006.36,0.00,1544.17,17307.56,36550.53,53858.09,2016,,Reno-Tahoe Airport Authority,""
Natali Velazquez Guerrero,Facilities Custodian,25418.76,0.00,4600.58,23650.51,30019.34,53669.85,2016,,Reno-Tahoe Airport Authority,""
Kelly Happy,Facilities Custodian,25752.30,0.00,4336.15,23414.83,30088.45,53503.28,2016,,Reno-Tahoe Airport Authority,""
Robin L Roberts,Materials Control Tech,35275.20,0.00,776.95,17177.22,36052.15,53229.37,2016,,Reno-Tahoe Airport Authority,""
Dwight A Polinelli,Facilities Custodian,26826.67,39.30,4829.11,21476.70,31695.08,53171.78,2016,,Reno-Tahoe Airport Authority,""
Traci R Pawley,Airport Security Speclst,30736.89,827.58,1915.23,19599.00,33479.70,53078.70,2016,,Reno-Tahoe Airport Authority,""
Barry G Wellard,Airfield Technician II,30960.30,4198.21,1417.67,16009.66,36576.18,52585.84,2016,,Reno-Tahoe Airport Authority,""
Cathy Burbidge,Parking Lot Attendant,29866.61,683.59,2298.01,19512.85,32848.21,52361.06,2016,,Reno-Tahoe Airport Authority,""
Susan Evans,Airport Security Speclst,33199.84,37.83,2125.77,16662.09,35363.44,52025.53,2016,,Reno-Tahoe Airport Authority,""
Anthony J Miranda,Airfield Maint Worker II,32638.83,1413.20,1347.02,16365.65,35399.05,51764.70,2016,,Reno-Tahoe Airport Authority,""
Jed A Hammer,Airport Planner II,35501.76,0.00,18.27,15605.55,35520.03,51125.58,2016,,Reno-Tahoe Airport Authority,""
Jeanne A Kotsios,Parking Lot Attendant,26385.97,442.54,1175.87,23018.25,28004.38,51022.63,2016,,Reno-Tahoe Airport Authority,""
Ryan K Ness,Airport Security Speclst,30021.46,1254.25,3310.51,16124.88,34586.22,50711.10,2016,,Reno-Tahoe Airport Authority,""
James Ellison,Facilities Custodian,29109.40,0.00,4818.99,16177.93,33928.39,50106.32,2016,,Reno-Tahoe Airport Authority,""
Brandon L Mikoleit,Parking Lot Attendant,26114.92,1546.11,3735.83,18663.82,31396.86,50060.68,2016,,Reno-Tahoe Airport Authority,""
Judy R Laca,Receptionist,35882.91,0.00,2984.64,10821.99,38867.55,49689.54,2016,,Reno-Tahoe Airport Authority,""
Adrian D Aranda,Air Comm Specialist,27132.13,862.38,5133.57,15713.85,33128.08,48841.93,2016,,Reno-Tahoe Airport Authority,""
Julian T Mancebo,Airfield Technician I,29209.60,2353.82,1589.02,15461.05,33152.44,48613.49,2016,,Reno-Tahoe Airport Authority,""
Leopolda Barajas,Facilities Custodian,28530.15,20.87,4135.58,15916.40,32686.60,48603.00,2016,,Reno-Tahoe Airport Authority,""
Martha Orozco,Facilities Custodian,30534.24,0.00,2112.31,15953.42,32646.55,48599.97,2016,,Reno-Tahoe Airport Authority,""
Vanessa Colmenarez,Air Comm Specialist,29428.02,2370.79,3498.78,12078.17,35297.59,47375.76,2016,,Reno-Tahoe Airport Authority,""
Kristopher A Caughie,Parking Lot Attendant,21595.27,836.14,2707.73,22017.13,25139.14,47156.27,2016,,Reno-Tahoe Airport Authority,""
Barbara S Kaska,Facilities Custodian,26428.47,0.00,4361.03,15480.53,30789.50,46270.03,2016,,Reno-Tahoe Airport Authority,""
Philipp Jayme,Facilities Technician I,27679.57,0.00,3052.81,15223.34,30732.38,45955.72,2016,,Reno-Tahoe Airport Authority,""
Lora R Robb,Mngr of Airport Econ Dev,33795.84,0.00,63.43,11773.77,33859.27,45633.04,2016,,Reno-Tahoe Airport Authority,""
Aramis A Bonczyk,Facilities Custodian,25874.03,0.00,4351.52,15195.08,30225.55,45420.63,2016,,Reno-Tahoe Airport Authority,""
Bryan A Adgett,Facilities Custodian,25696.07,18.53,4236.57,15228.44,29951.17,45179.61,2016,,Reno-Tahoe Airport Authority,""
Walter M Burgos-Borja,Facilities Custodian,25101.98,18.08,4852.95,15160.40,29973.01,45133.41,2016,,Reno-Tahoe Airport Authority,""
Diana J Vega,Facilities Custodian,26865.17,114.48,2602.45,15118.60,29582.10,44700.70,2016,,Reno-Tahoe Airport Authority,""
Grant Murray,Facilities Custodian,26800.23,19.87,2631.35,15082.64,29451.45,44534.09,2016,,Reno-Tahoe Airport Authority,""
Shawn D O'Leary,Facilities Custodian,25406.88,0.00,2598.42,14659.05,28005.30,42664.35,2016,,Reno-Tahoe Airport Authority,""
David Zabalza,Facilities Custodian,25150.20,0.00,2221.05,14480.22,27371.25,41851.47,2016,,Reno-Tahoe Airport Authority,""
Christine A Campbell-Hampton,Facilities Custodian,25430.95,0.00,1749.09,14561.87,27180.04,41741.91,2016,,Reno-Tahoe Airport Authority,""
Annie Y Yamamoto,Lead Security Specialist,22906.24,284.45,2603.92,13913.67,25794.61,39708.28,2016,,Reno-Tahoe Airport Authority,""
Roque J Paredes-Smith,Facilities Custodian,20280.00,19.50,2576.50,15299.38,22876.00,38175.38,2016,,Reno-Tahoe Airport Authority,""
MaryAnn Methenitis,Administrative Asst II,27619.20,0.00,10.00,8134.00,27629.20,35763.20,2016,,Reno-Tahoe Airport Authority,""
April M Conway,Marketing Coordinator,24507.99,0.00,944.00,7340.04,25451.99,32792.03,2016,,Reno-Tahoe Airport Authority,""
Audelia Esquivel,Administrative Asst II,21456.00,0.00,4.07,9085.20,21460.07,30545.27,2016,,Reno-Tahoe Airport Authority,""
Peter T Dunbar,Airport Police Officer,17970.01,1370.22,2100.84,9051.29,21441.07,30492.36,2016,,Reno-Tahoe Airport Authority,""
Randall B Cartledge,Air Comm Specialist,18767.70,3078.30,2665.51,5883.60,24511.51,30395.11,2016,,Reno-Tahoe Airport Authority,""
David A Fontes,Snr Facilities Custodian,16198.00,332.72,2998.03,8234.52,19528.75,27763.27,2016,,Reno-Tahoe Airport Authority,""
Martha L Pace,Snr Facilities Custodian,11998.05,0.00,4344.97,10599.70,16343.02,26942.72,2016,,Reno-Tahoe Airport Authority,""
Ana M Chacon,Air Comm Specialist,10441.62,252.34,1904.86,13504.45,12598.82,26103.27,2016,,Reno-Tahoe Airport Authority,""
Eric A Tucker,Facilities Custodian,6271.21,0.00,581.47,17036.34,6852.68,23889.02,2016,,Reno-Tahoe Airport Authority,""
Richard R Lee,Airfield Technician I,15120.00,686.00,461.00,6753.93,16267.00,23020.93,2016,,Reno-Tahoe Airport Authority,""
Nicole L Brunelli,Property Technician,12982.15,543.98,193.62,3888.15,13719.75,17607.90,2016,,Reno-Tahoe Airport Authority,""
Todd K Lawrence,Airport Duty Manager,12500.00,0.00,0.00,3681.25,12500.00,16181.25,2016,,Reno-Tahoe Airport Authority,""
Vincent N Vasquez,Airfield Technician I,8736.00,899.50,1807.15,2800.44,11442.65,14243.09,2016,,Reno-Tahoe Airport Authority,""
Jeffrey S Longacre,Network Administrator II,9772.53,0.00,0.00,2878.01,9772.53,12650.54,2016,,Reno-Tahoe Airport Authority,""
Justin A Salisbury,Facilities Custodian,6749.47,0.00,868.94,2596.53,7618.41,10214.94,2016,,Reno-Tahoe Airport Authority,""
Daniel R Lawson,Airport Police Officer,4134.40,116.28,2615.24,2818.56,6865.92,9684.48,2016,,Reno-Tahoe Airport Authority,""
Nicholas C Hasler,Network Administrator II,7185.67,0.00,0.00,2116.18,7185.67,9301.85,2016,,Reno-Tahoe Airport Authority,""
Tyler S Hatley,Customer Service Rep,6191.49,0.00,685.00,1833.33,6876.49,8709.82,2016,,Reno-Tahoe Airport Authority,""
Regina G Anaya,Facilities Custodian,4338.94,0.00,899.57,1475.25,5238.51,6713.76,2016,,Reno-Tahoe Airport Authority,""
Jacqueline C Maciel,Air Comm Specialist - OC,4680.00,0.00,0.00,1378.26,4680.00,6058.26,2016,,Reno-Tahoe Airport Authority,""
Alejandra Valdez,Customer Service Rep,4357.35,0.00,20.00,1283.53,4377.35,5660.88,2016,,Reno-Tahoe Airport Authority,""
James E Stewart,Airport Security Speclst,3424.50,149.82,887.17,1136.60,4461.49,5598.09,2016,,Reno-Tahoe Airport Authority,""
Jocelyn M Perez,Customer Service Rep,4006.81,0.00,0.00,1180.01,4006.81,5186.82,2016,,Reno-Tahoe Airport Authority,""
Edith X Hernandez-Garcia,Parking Lot Attendant,2892.63,72.32,858.14,1031.41,3823.09,4854.50,2016,,Reno-Tahoe Airport Authority,""
Edward J Rinne,Police Sergeant,1061.16,0.00,1661.85,1774.72,2723.01,4497.73,2016,,Reno-Tahoe Airport Authority,""
Dolores M Pico-Boyd,Customer Service Rep,3301.11,0.00,0.00,972.18,3301.11,4273.29,2016,,Reno-Tahoe Airport Authority,""
Kiran Hill,Customer Service Rep,2328.00,0.00,325.00,690.31,2653.00,3343.31,2016,,Reno-Tahoe Airport Authority,""
Jill N Atkinson,HR Specialist,1781.34,0.00,0.00,524.60,1781.34,2305.94,2016,,Reno-Tahoe Airport Authority,""
Alexandra D Lopez-Duarte,Customer Service Rep,1079.93,0.00,10.00,318.18,1089.93,1408.11,2016,,Reno-Tahoe Airport Authority,""
Harry W Dixon,Property Technician - OC,84.35,0.00,0.00,24.84,84.35,109.19,2016,,Reno-Tahoe Airport Authority,""
