Employee Name,Job Title,Base Pay,Overtime Pay,Other Pay,Benefits,Total Pay,Total Pay & Benefits,Year,Notes,Agency,Status
Arthur Reed,District Manager,99387.39,0.00,4418.17,36297.57,103805.56,140103.13,2016,,Round Hill General Improvement District,""
Patrick McKay,Chief Operator,78366.48,3109.44,2796.12,45087.12,84272.04,129359.16,2016,,Round Hill General Improvement District,""
John Fassmann,Operator III,73581.90,6445.73,2592.12,43070.95,82619.75,125690.70,2016,,Round Hill General Improvement District,""
Patricia Acri,Admin Assist.,53262.85,0.00,2211.48,36993.22,55474.33,92467.55,2016,,Round Hill General Improvement District,""
Joshua Bisset,Operator in Training,43941.34,2902.90,1760.96,22395.66,48605.20,71000.86,2016,,Round Hill General Improvement District,""
Glen Smith,Elected Trustee,3407.90,0.00,0.00,0.00,3407.90,3407.90,2016,,Round Hill General Improvement District,""
Keith Fertala,Elected Trustee,3139.86,0.00,0.00,0.00,3139.86,3139.86,2016,,Round Hill General Improvement District,""
Steve Seibel,Elected Trustee,3139.86,0.00,0.00,0.00,3139.86,3139.86,2016,,Round Hill General Improvement District,""
Charles Fagen,Elected Trustee,2642.09,0.00,0.00,0.00,2642.09,2642.09,2016,,Round Hill General Improvement District,""
Wesley Rice,Elected Trustee,2361.28,0.00,0.00,0.00,2361.28,2361.28,2016,,Round Hill General Improvement District,""
