Employee Name,Job Title,Base Pay,Overtime Pay,Other Pay,Benefits,Total Pay,Total Pay & Benefits,Year,Notes,Agency,Status
John Peel,Board Member,2400.00,0.00,0.00,0.00,2400.00,2400.00,2016,,Skyland General Improvement District,""
Barbara Klein,Board Member,2400.00,0.00,0.00,0.00,2400.00,2400.00,2016,,Skyland General Improvement District,""
Catherine Gibb,Board Member,2400.00,0.00,0.00,0.00,2400.00,2400.00,2016,,Skyland General Improvement District,""
Richard Boudreau,Board Member,2400.00,0.00,0.00,0.00,2400.00,2400.00,2016,,Skyland General Improvement District,""
Susanne Rufo-Petrizzio,Board Member,1800.00,0.00,0.00,0.00,1800.00,1800.00,2016,,Skyland General Improvement District,""
Constance Robertson,Board Member,600.00,0.00,0.00,0.00,600.00,600.00,2016,,Skyland General Improvement District,""
