Employee Name,Job Title,Base Pay,Overtime Pay,Other Pay,Benefits,Total Pay,Total Pay & Benefits,Year,Notes,Agency,Status
Joseph Iser,Chief Health Officer,223473.67,0.00,32072.34,69536.84,255546.01,325082.85,2016,,Southern Nevada Health District,""
Rosanne Sugay,Clinical Staff Physician,139892.41,0.00,21751.26,45184.93,161643.67,206828.60,2016,,Southern Nevada Health District,""
Annette Bradley,Attorney,126084.39,0.00,25766.81,39635.08,151851.20,191486.28,2016,,Southern Nevada Health District,""
Andrew Glass,Dir of Administration,120001.12,0.00,20805.12,37964.05,140806.24,178770.29,2016,,Southern Nevada Health District,""
Patricia Armour,Laboratory Manager,66942.37,0.00,77484.08,21048.10,144426.45,165474.55,2016,,Southern Nevada Health District,""
Karen Carifo,Lab Director,114635.57,0.00,12712.43,34649.34,127348.00,161997.34,2016,,Southern Nevada Health District,""
Jacqueline Reszetar,Dir Environmental Health,102280.56,0.00,21746.80,33383.67,124027.36,157411.03,2016,,Southern Nevada Health District,""
Jay Boyer,Sr PH Infor Scientist,107451.90,0.00,15069.28,34305.87,122521.18,156827.05,2016,,Southern Nevada Health District,""
Sony Varghese,Pub Hlth Inf Scientist II,106971.90,0.00,15686.22,33458.88,122658.12,156117.00,2016,,Southern Nevada Health District,""
Jennifer Sizemore,Public Information Mgr,99417.47,0.00,19505.59,32290.40,118923.06,151213.46,2016,,Southern Nevada Health District,""
Deborah Williams,CD Prev&Health Promo Mgr,96879.50,0.00,21328.56,32090.20,118208.06,150298.26,2016,,Southern Nevada Health District,""
George Fredrick,Medical Epidemiologist,97154.88,0.00,18167.30,31369.82,115322.18,146692.00,2016,,Southern Nevada Health District,""
Paul Klouse,EH Manager,91487.69,0.00,23236.89,31114.87,114724.58,145839.45,2016,,Southern Nevada Health District,""
Rose Henderson,EH Manager,67827.14,0.00,46760.94,31076.70,114588.08,145664.78,2016,,Southern Nevada Health District,""
Marlo Tonge,Comm Diseases Manager,78637.77,0.00,33137.92,30289.17,111775.69,142064.86,2016,,Southern Nevada Health District,""
Paul Hug,Laboratory Supervisor,85260.51,0.00,24755.14,29214.06,110015.65,139229.71,2016,,Southern Nevada Health District,""
Daniel LaRubio Jr.,EH Engineer/Supervisor,89584.61,0.00,18125.83,29047.96,107710.44,136758.40,2016,,Southern Nevada Health District,""
Walter Ross,EH Engineer/Supervisor,82634.69,0.00,21529.36,29166.04,104164.05,133330.09,2016,,Southern Nevada Health District,""
Shandra Hudson,HR Administrator,90385.38,0.00,13997.02,28219.04,104382.40,132601.44,2016,,Southern Nevada Health District,""
Michael Johnson,Dir Community Health,93940.24,0.00,10191.11,27784.90,104131.35,131916.25,2016,,Southern Nevada Health District,""
Kieawa Mason,Accounting Supervisor,67262.24,0.00,40846.27,22888.97,108108.51,130997.48,2016,,Southern Nevada Health District,""
Sharon McCoy-Huber,Financial Svcs Manager,84779.80,0.00,17491.08,27510.28,102270.88,129781.16,2016,,Southern Nevada Health District,""
Raymond Chua,Health Records Supervisor,82977.06,0.00,18081.68,27844.38,101058.74,128903.12,2016,,Southern Nevada Health District,""
Susan Kilburn,APRN,79831.06,0.00,20334.32,28043.22,100165.38,128208.60,2016,,Southern Nevada Health District,""
Linda Verchick,Disease Surveillance Supr,77637.30,0.00,22224.42,27841.82,99861.72,127703.54,2016,,Southern Nevada Health District,""
Herbert Sequera,EH Supervisor,73046.98,0.00,26681.06,27923.96,99728.04,127652.00,2016,,Southern Nevada Health District,""
Nicole Bungum,Health Ed Supervisor,79452.35,0.00,20385.72,27705.78,99838.07,127543.85,2016,,Southern Nevada Health District,""
Lourdes Yapjoco,CHN Supervisor,80986.36,0.00,18658.16,27762.26,99644.52,127406.78,2016,,Southern Nevada Health District,""
Mark Bergtholdt,EH Supervisor,77426.52,0.00,21866.76,27723.74,99293.28,127017.02,2016,,Southern Nevada Health District,""
Laurie Hickstein,CHN Supervisor,74988.79,0.00,24224.64,27751.39,99213.43,126964.82,2016,,Southern Nevada Health District,""
Jason Frame,IT Manager,80824.61,0.00,19100.31,26970.96,99924.92,126895.88,2016,,Southern Nevada Health District,""
Robert Urzi,EH Supervisor,78082.28,0.00,21109.88,27695.52,99192.16,126887.68,2016,,Southern Nevada Health District,""
Margarita DeSantos,Community Hlth Nurse Mgr,75406.04,0.00,24346.72,26922.72,99752.76,126675.48,2016,,Southern Nevada Health District,""
Steven Youles,IT Project Coordinator,65857.04,0.00,33018.50,27685.26,98875.54,126560.80,2016,,Southern Nevada Health District,""
Stephen Griffin,IT Project Coordinator,82016.84,0.00,16556.07,27551.78,98572.91,126124.69,2016,,Southern Nevada Health District,""
Richard Cichy,Community Hlth Nurse Mgr,81643.62,0.00,17697.34,26390.90,99340.96,125731.86,2016,,Southern Nevada Health District,""
Jacquelyn Raiche-Curl,EH Supervisor,69634.89,0.00,27983.01,27227.76,97617.90,124845.66,2016,,Southern Nevada Health District,""
Karen Atkins,CHN Supervisor,70940.90,0.00,25296.46,26932.79,96237.36,123170.15,2016,,Southern Nevada Health District,""
Lei Zhang,Pub Hlth Inf Scientist II,86995.93,0.00,7659.18,26497.80,94655.11,121152.91,2016,,Southern Nevada Health District,""
Ying Zhang,Senior Scientist,82032.39,0.00,12512.49,26202.31,94544.88,120747.19,2016,,Southern Nevada Health District,""
Carol Culbert,EH Supervisor,73986.69,0.00,20142.96,26267.39,94129.65,120397.04,2016,,Southern Nevada Health District,""
Heather Anderson-Fintak,Associate Attorney,76481.78,0.00,17754.28,25378.09,94236.06,119614.15,2016,,Southern Nevada Health District,""
Sean Beckham,Facilities Svs Superinten,79417.20,0.00,14770.80,25247.04,94188.00,119435.04,2016,,Southern Nevada Health District,""
Christine Sylvis,EH Supervisor,72171.94,0.00,21167.21,26036.25,93339.15,119375.40,2016,,Southern Nevada Health District,""
Maria Johnson,SR CHN,75617.78,0.00,17426.38,25083.26,93044.16,118127.42,2016,,Southern Nevada Health District,""
Maria Gueco,CHN Supervisor,79808.54,0.00,13128.58,25077.55,92937.12,118014.67,2016,,Southern Nevada Health District,""
Thomas Koebke,Computer Systems Analyst,74370.52,0.00,18141.42,25429.76,92511.94,117941.70,2016,,Southern Nevada Health District,""
Mee Kee Chong-Dao,CHN Supervisor,80284.20,0.00,10711.84,25478.90,90996.04,116474.94,2016,,Southern Nevada Health District,""
Vivek Raman,EH Supervisor,73805.98,0.00,16633.63,25215.46,90439.61,115655.07,2016,,Southern Nevada Health District,""
Kara Bennis,SR CHN,73059.84,586.65,16515.90,25013.96,90162.39,115176.35,2016,,Southern Nevada Health District,""
Edith Engleman,SR CHN,70142.52,126.85,19702.50,25106.36,89971.87,115078.23,2016,,Southern Nevada Health District,""
Brian Spell,Software Engineer,74610.65,0.00,15282.59,24578.99,89893.24,114472.23,2016,,Southern Nevada Health District,""
Todd Bonnett,Computer Systems Analyst,74074.56,0.00,15206.18,24998.56,89280.74,114279.30,2016,,Southern Nevada Health District,""
Hetal Luhar,Apps Pgmr/Analyst II,76907.32,0.00,12357.22,24870.22,89264.54,114134.76,2016,,Southern Nevada Health District,""
Yamileth Lionetti,SR CHN,66844.68,0.00,22516.78,24496.17,89361.46,113857.63,2016,,Southern Nevada Health District,""
JoAnn Rupiper,Employee Health Nurse,70586.46,0.00,18144.28,24844.56,88730.74,113575.30,2016,,Southern Nevada Health District,""
Erin Buttery,Senior Lab Technologist,68197.68,369.07,20339.70,24554.17,88906.45,113460.62,2016,,Southern Nevada Health District,""
Vincent Abitria,Senior Lab Technologist,67257.30,520.20,21175.82,24067.75,88953.32,113021.07,2016,,Southern Nevada Health District,""
Jeffrey Quinn,PHP Manager,74396.86,0.00,13876.90,23708.67,88273.76,111982.43,2016,,Southern Nevada Health District,""
Walter Pop,Database Admin,79893.00,0.00,7338.88,24307.40,87231.88,111539.28,2016,,Southern Nevada Health District,""
Patricia Beckwith,PHP Training Officer,66889.94,0.00,20895.68,23727.30,87785.62,111512.92,2016,,Southern Nevada Health District,""
Nancy Hall,Sr EH Specialist,66247.53,436.63,20858.08,23937.76,87542.24,111480.00,2016,,Southern Nevada Health District,""
Deyanira Goss,Comm Hlth Nurse II-CM,70071.59,0.00,17840.92,23279.81,87912.51,111192.32,2016,,Southern Nevada Health District,""
Madlyn Sparks,Comm Hlth Nurse II-CM,65635.29,0.00,21719.06,23732.43,87354.35,111086.78,2016,,Southern Nevada Health District,""
Lorraine Oliver,Comm Hlth Nurse II-CM,67682.88,0.00,19595.11,23801.72,87277.99,111079.71,2016,,Southern Nevada Health District,""
Tammie Cushman,Comm Hlth Nurse II-CM,67833.45,0.00,19511.40,23675.97,87344.85,111020.82,2016,,Southern Nevada Health District,""
Christopher Johnson,EH Engineer I,70682.07,0.00,15974.01,24263.80,86656.08,110919.88,2016,,Southern Nevada Health District,""
Maria Azzarelli,Sr Health Educator,66438.33,0.00,20558.72,23835.24,86997.05,110832.29,2016,,Southern Nevada Health District,""
Steven Kramer,PHP Supervisor,76908.96,0.00,9667.04,24241.37,86576.00,110817.37,2016,,Southern Nevada Health District,""
Julio Rivera-Hernandez,Apps Pgmr/Analyst II,69095.74,286.07,17351.45,24083.57,86733.26,110816.83,2016,,Southern Nevada Health District,""
Westol Slater,Sr EH Specialist,67452.04,722.70,18285.56,23989.10,86460.30,110449.40,2016,,Southern Nevada Health District,""
John Hammond,EMS & TS Manager,71874.16,0.00,14956.92,23304.73,86831.08,110135.81,2016,,Southern Nevada Health District,""
Jill Perlstein,Comm Hlth Nurse II-CM,67650.99,0.00,18591.91,23289.60,86242.90,109532.50,2016,,Southern Nevada Health District,""
James Osti,Admin Analyst,71065.51,0.00,14554.13,23732.42,85619.64,109352.06,2016,,Southern Nevada Health District,""
Erin Cooke,APRN,76397.83,0.00,8971.60,23879.65,85369.43,109249.08,2016,,Southern Nevada Health District,""
Chris Elaine Mariano,APRN,72700.21,0.00,12582.84,23856.35,85283.05,109139.40,2016,,Southern Nevada Health District,""
Virtudes Gonzales,Community Health Nurse II,70347.96,2318.22,13727.24,22655.48,86393.42,109048.90,2016,,Southern Nevada Health District,""
Jessie Vennie,Comm Hlth Nurse II-CM,69566.76,0.00,16388.35,23064.51,85955.11,109019.62,2016,,Southern Nevada Health District,""
Robert Newton,Admin Analyst,74136.98,0.00,10841.69,23794.02,84978.67,108772.69,2016,,Southern Nevada Health District,""
Jing Feng,Surveill Biostat II,75592.42,0.00,9129.60,23722.16,84722.02,108444.18,2016,,Southern Nevada Health District,""
Susanne Landin,Senior Lab Technologist,56057.96,117.36,28451.24,23449.04,84626.56,108075.60,2016,,Southern Nevada Health District,""
Donna Houston,Sr EH Specialist,67130.08,0.00,17432.74,23244.12,84562.82,107806.94,2016,,Southern Nevada Health District,""
Trinidad Gonzales,Community Health Nurse II,65787.84,2661.66,16782.68,22519.44,85232.18,107751.62,2016,,Southern Nevada Health District,""
Herman Zupnik,Sr EH Specialist,40160.06,0.00,44640.68,22904.95,84800.74,107705.69,2016,,Southern Nevada Health District,""
Belinda Bober,Sr EH Specialist,64929.72,2405.52,17629.38,22558.93,84964.62,107523.55,2016,,Southern Nevada Health District,""
Bernadette Meily,SR CHN,68290.51,0.00,15902.25,23244.71,84192.76,107437.47,2016,,Southern Nevada Health District,""
Cherie Filler-Maietta,Sr Diseas Inv/Interv Spec,61284.96,2718.90,20077.00,22781.24,84080.86,106862.10,2016,,Southern Nevada Health District,""
Angela Young,Senior Lab Technologist,69121.43,352.08,13911.80,23199.13,83385.31,106584.44,2016,,Southern Nevada Health District,""
Susan Damitz,HR Analyst,62566.36,0.00,20560.54,23261.38,83126.90,106388.28,2016,,Southern Nevada Health District,""
Michelle Villanueva,Community Health Nurse II,59300.64,0.00,24221.97,22770.98,83522.61,106293.59,2016,,Southern Nevada Health District,""
Ana Conroy,Community Health Nurse II,66503.34,57.24,16817.80,22783.82,83378.38,106162.20,2016,,Southern Nevada Health District,""
Mila Revilla,Community Health Nurse II,63460.08,973.08,19233.29,22462.98,83666.45,106129.43,2016,,Southern Nevada Health District,""
Zuwen Qiu-Shultz,Epidemiologist,64776.60,915.84,17275.83,22860.82,82968.27,105829.09,2016,,Southern Nevada Health District,""
Norine Clark,Community Health Nurse II,62754.12,0.00,20320.56,22732.48,83074.68,105807.16,2016,,Southern Nevada Health District,""
Richard Hosey,IT System Adminstrator II,67466.88,787.05,14843.98,22619.54,83097.91,105717.45,2016,,Southern Nevada Health District,""
Lorena Reyes De Corral,Community Health Nurse II,60502.68,0.00,22250.11,22555.38,82752.79,105308.17,2016,,Southern Nevada Health District,""
Theresia Younes,Community Health Nurse II,67094.82,0.00,15624.19,22568.22,82719.01,105287.23,2016,,Southern Nevada Health District,""
Laura Lopez,Community Health Nurse II,64814.76,42.93,17807.58,22583.62,82665.27,105248.89,2016,,Southern Nevada Health District,""
Stephanie Bethel,Public Info Officer,70472.64,0.00,11757.91,23012.58,82230.55,105243.13,2016,,Southern Nevada Health District,""
Anna Cabiling,Community Health Nurse II,65253.60,14.31,17240.52,22660.62,82508.43,105169.05,2016,,Southern Nevada Health District,""
Lynda Zielinski,Accountant II,64158.10,9708.63,10920.82,20269.86,84787.55,105057.41,2016,,Southern Nevada Health District,""
Lynda McCarthy,Community Health Nurse II,65167.74,257.58,17141.01,22468.12,82566.33,105034.45,2016,,Southern Nevada Health District,""
Maria Arias de Lujan,Community Health Nurse II,63736.74,0.00,18675.22,22550.24,82411.96,104962.20,2016,,Southern Nevada Health District,""
Brenda Welch,Sr EH Specialist,60619.02,200.34,21975.12,21776.39,82794.48,104570.87,2016,,Southern Nevada Health District,""
Tak Wu,HVAC Technician,63473.13,5248.65,14170.49,21471.41,82892.27,104363.68,2016,,Southern Nevada Health District,""
Jocelyn Castillo,Community Health Nurse II,65902.32,1130.49,14737.66,22573.34,81770.47,104343.81,2016,,Southern Nevada Health District,""
Holly Hansen,Laboratory Supervisor,68473.68,0.00,13001.49,22725.47,81475.17,104200.64,2016,,Southern Nevada Health District,""
Jodi Brounstein,EH Specialist II,58822.82,1985.26,21835.09,21533.58,82643.17,104176.75,2016,,Southern Nevada Health District,""
Dante Merriweather,EH Manager,70588.50,0.00,11139.66,22358.06,81728.16,104086.22,2016,,Southern Nevada Health District,""
Lynda McCloskey,Community Health Nurse II,66085.13,314.82,15319.11,22287.24,81719.06,104006.30,2016,,Southern Nevada Health District,""
Roberta Gigear,Community Health Nurse II,67819.86,515.16,13134.62,22493.78,81469.64,103963.42,2016,,Southern Nevada Health District,""
Marites Navarro,Community Health Nurse II,63259.74,0.00,17831.60,22693.98,81091.34,103785.32,2016,,Southern Nevada Health District,""
Claude McMahan,Maintenance Specialist,62457.85,4079.26,15524.59,21720.88,82061.70,103782.58,2016,,Southern Nevada Health District,""
Graciela Martucci,EH Specialist II,62891.39,3092.20,16649.49,21118.28,82633.08,103751.36,2016,,Southern Nevada Health District,""
Patricia Rowley,Dis Surv & Vital Stat Mgr,17028.96,0.00,79651.97,6886.64,96680.93,103567.57,2016,,Southern Nevada Health District,""
Teodorita Panaligan,Community Health Nurse II,63021.24,500.85,17420.30,22522.02,80942.39,103464.41,2016,,Southern Nevada Health District,""
Gail Muniz,Health Educator II,63917.34,0.00,17979.95,21510.47,81897.29,103407.76,2016,,Southern Nevada Health District,""
Sheri Fritzman,Community Health Nurse II,66245.76,28.62,14410.38,22583.62,80684.76,103268.38,2016,,Southern Nevada Health District,""
Marie Ricci,Community Health Nurse II,66627.36,0.00,14010.44,22578.48,80637.80,103216.28,2016,,Southern Nevada Health District,""
Matthew Colbert,Network Administrator Spc,67441.78,4718.35,9584.55,21464.98,81744.68,103209.66,2016,,Southern Nevada Health District,""
Cynthia Capurso,Community Health Nurse II,65797.38,200.34,14647.92,22524.58,80645.64,103170.22,2016,,Southern Nevada Health District,""
Daniel Brown,Laboratory Tech II,71883.90,0.00,8721.08,22555.38,80604.98,103160.36,2016,,Southern Nevada Health District,""
Victoria Burris,Comm Diseases Supervisor,65510.04,0.00,15076.72,22564.20,80586.76,103150.96,2016,,Southern Nevada Health District,""
Jack Proud,EH Specialist II,62766.06,0.00,18544.86,21826.12,81310.92,103137.04,2016,,Southern Nevada Health District,""
Loriza Chongtai,Community Health Nurse II,68392.26,0.00,12170.06,22555.38,80562.32,103117.70,2016,,Southern Nevada Health District,""
Larry Rogers,EH Supervisor,67697.52,0.00,13868.06,21458.20,81565.58,103023.78,2016,,Southern Nevada Health District,""
Prut Udomwattawee,Pub Hlth Info Scientist I,71660.64,0.00,8765.76,22506.06,80426.40,102932.46,2016,,Southern Nevada Health District,""
Ina Fincher,Community Health Nurse II,68115.60,100.17,12192.20,22486.08,80407.97,102894.05,2016,,Southern Nevada Health District,""
Nadereh Ghamssari,EH Specialist II,62375.08,0.00,18698.59,21359.53,81073.67,102433.20,2016,,Southern Nevada Health District,""
Michelle Clarke,EH Specialist II,60490.86,0.00,20323.97,21523.40,80814.83,102338.23,2016,,Southern Nevada Health District,""
Richard Ryu,EH Specialist II,60037.50,353.54,20087.70,21597.69,80478.74,102076.43,2016,,Southern Nevada Health District,""
Tharindu Abeygunawardana,Software Engineer,66288.00,0.00,13291.74,22282.30,79579.74,101862.04,2016,,Southern Nevada Health District,""
Alicia Mitchell,Sr EH Specialist,58188.16,0.00,21052.08,21959.74,79240.24,101199.98,2016,,Southern Nevada Health District,""
Patricia Kaderlik,EH Specialist II,61297.54,0.00,18363.23,21446.28,79660.77,101107.05,2016,,Southern Nevada Health District,""
Janet Webster,Accountant II,60996.21,4132.30,14715.18,21199.11,79843.69,101042.80,2016,,Southern Nevada Health District,""
Christy Munaretto,EH Specialist II,61270.34,0.00,18025.57,21633.64,79295.91,100929.55,2016,,Southern Nevada Health District,""
Kenneth Mixter,Sr Janitor,55905.15,12529.12,12989.68,19237.43,81423.95,100661.38,2016,,Southern Nevada Health District,""
Lyle Rohan,EH Specialist II,60155.34,0.00,18928.40,21561.74,79083.74,100645.48,2016,,Southern Nevada Health District,""
June Rockwell,Software Engineer,66807.93,0.00,11812.16,22013.59,78620.09,100633.68,2016,,Southern Nevada Health District,""
Stephanie Reformina,Comm Hlth Nurse II-CM,65204.54,0.00,14625.51,20624.04,79830.05,100454.09,2016,,Southern Nevada Health District,""
Pavlin Nikolov,Apps Pgmr/Analyst II,67540.69,418.39,10700.12,21789.88,78659.20,100449.08,2016,,Southern Nevada Health District,""
Christine Lin,EH Specialist II,55423.44,0.00,23395.76,21538.73,78819.20,100357.93,2016,,Southern Nevada Health District,""
Jason Butts,Disease Inv Inter Spec II,62312.81,0.00,16449.20,21595.12,78762.01,100357.13,2016,,Southern Nevada Health District,""
Jorge Viote,Community Outreach Coord,66138.24,54.39,12506.72,21474.48,78699.35,100173.83,2016,,Southern Nevada Health District,""
Yordanos Debesai,Community Health Nurse II,68163.84,0.00,10077.78,21907.74,78241.62,100149.36,2016,,Southern Nevada Health District,""
Malcolm Ahlo,Health Educator II,62575.80,0.00,16125.02,21446.37,78700.82,100147.19,2016,,Southern Nevada Health District,""
Devin Raman,Sr Diseas Inv/Interv Spec,63972.61,0.00,14162.91,21877.97,78135.52,100013.49,2016,,Southern Nevada Health District,""
Jennifer Harmon,Disease Inv Inter Spec II,62983.62,0.00,15584.11,21435.99,78567.73,100003.72,2016,,Southern Nevada Health District,""
Rayleen Earney,Health Educator II,61252.21,0.00,16603.65,21628.49,77855.86,99484.35,2016,,Southern Nevada Health District,""
Jessica Flores,Community Health Nurse II,64260.18,0.00,13431.05,21753.53,77691.23,99444.76,2016,,Southern Nevada Health District,""
Carolyn Ivey-Mitchell,EH Specialist II,59937.80,0.00,17849.59,21474.52,77787.39,99261.91,2016,,Southern Nevada Health District,""
Judith Flores,Community Health Nurse II,64133.01,264.98,13137.41,21588.68,77535.40,99124.08,2016,,Southern Nevada Health District,""
Julius Arias,Disease Inv Inter Spec II,64959.81,0.00,12652.54,21459.10,77612.35,99071.45,2016,,Southern Nevada Health District,""
Merylyn Yegon,Comm Hlth Nurse II-CM,66580.14,26.48,11447.83,20881.54,78054.45,98935.99,2016,,Southern Nevada Health District,""
Suzann Chesebrough-Pruitt,CHN Supervisor,59361.12,0.00,19645.69,19793.76,79006.81,98800.57,2016,,Southern Nevada Health District,""
Larry Law,Sr EH Specialist,59977.10,0.00,17814.96,20802.21,77792.06,98594.27,2016,,Southern Nevada Health District,""
Misty Robinson,Sr PH Preparedness Plannr,66153.26,0.00,10852.74,21561.64,77006.00,98567.64,2016,,Southern Nevada Health District,""
Steven Humble,EH Specialist II,59628.00,0.00,17619.85,21186.26,77247.85,98434.11,2016,,Southern Nevada Health District,""
Andrew Chaney,EH Supervisor,63906.96,0.00,12849.40,21491.72,76756.36,98248.08,2016,,Southern Nevada Health District,""
Tamara Giannini,EH Supervisor,62331.76,0.00,14715.07,21161.08,77046.83,98207.91,2016,,Southern Nevada Health District,""
Brian Northam,EH Supervisor,63889.86,0.00,13031.53,21087.00,76921.39,98008.39,2016,,Southern Nevada Health District,""
George Navarrete,EH Training Officer,57255.79,2497.36,18579.10,19473.94,78332.25,97806.19,2016,,Southern Nevada Health District,""
Forrest Hasselbauer,Security Specialist,56021.70,7354.56,14429.77,19473.44,77806.03,97279.47,2016,,Southern Nevada Health District,""
Nicole Chacon,Health Educator II,59904.25,0.00,16660.53,20492.37,76564.78,97057.15,2016,,Southern Nevada Health District,""
Adele Solomon,Accreditation Coordinator,69098.64,0.00,6694.14,21146.95,75792.78,96939.73,2016,,Southern Nevada Health District,""
Todd Nicolson,Sr PH Preparedness Plannr,64412.77,0.00,11657.86,20826.20,76070.63,96896.83,2016,,Southern Nevada Health District,""
Victoria Wilson,EH Specialist II,57641.51,0.00,18354.42,20588.02,75995.93,96583.95,2016,,Southern Nevada Health District,""
Jacqueline Wells,Executive Asst,60667.20,0.00,15323.74,20491.18,75990.94,96482.12,2016,,Southern Nevada Health District,""
Miki Sakamura-Low,EH Specialist II,57773.48,0.00,18685.87,19995.93,76459.35,96455.28,2016,,Southern Nevada Health District,""
Fuen-Su Sang-Chiang,EH Specialist II,55244.05,0.00,20569.19,20492.33,75813.24,96305.57,2016,,Southern Nevada Health District,""
Rachell Ekroos,Chief Admin Nurse,68796.60,0.00,7000.01,20373.66,75796.61,96170.27,2016,,Southern Nevada Health District,""
Gabriel Buenaventura,EH Specialist II,59400.99,0.00,16365.59,20273.10,75766.58,96039.68,2016,,Southern Nevada Health District,""
Murphy Boudreaux,Apps Pgmr/Analyst II,67672.22,0.00,6975.39,20783.64,74647.61,95431.25,2016,,Southern Nevada Health District,""
Rosanna Silva-Minnich,Comm Outreach & Info Spec,58047.50,0.00,16669.31,20416.74,74716.81,95133.55,2016,,Southern Nevada Health District,""
Jonathan Dalton,EH Specialist II,54968.18,0.00,21103.12,18740.31,76071.30,94811.61,2016,,Southern Nevada Health District,""
Karla Shoup,EH Supervisor,61874.09,0.00,12256.54,20661.57,74130.63,94792.20,2016,,Southern Nevada Health District,""
Ignacio Leycegui,EH Specialist II,54430.11,0.00,19301.86,20588.92,73731.97,94320.89,2016,,Southern Nevada Health District,""
Leonardo Vega,Maintenance Technician,52711.68,8624.70,14079.72,18701.54,75416.10,94117.64,2016,,Southern Nevada Health District,""
Mindy Meacham,Health Educator II,61842.05,0.00,11612.19,20492.32,73454.24,93946.56,2016,,Southern Nevada Health District,""
Sheilamar Crippen,Accountant II,60686.81,4078.93,9447.70,19637.63,74213.44,93851.07,2016,,Southern Nevada Health District,""
Elizabeth Adelman,Sr Diseas Inv/Interv Spec,58313.07,922.02,14174.96,20287.90,73410.05,93697.95,2016,,Southern Nevada Health District,""
Candice Sims,Sr EH Specialist,54177.20,779.83,18668.17,20049.48,73625.20,93674.68,2016,,Southern Nevada Health District,""
Jocelyn Arquette,Community Health Nurse II,54820.03,2984.36,16274.00,18975.38,74078.39,93053.77,2016,,Southern Nevada Health District,""
Susan Lane,EH Specialist II,54981.97,0.00,18069.40,19857.30,73051.37,92908.67,2016,,Southern Nevada Health District,""
Kim Thompson,EH Specialist II,61198.41,0.00,12032.56,19564.16,73230.97,92795.13,2016,,Southern Nevada Health District,""
Michael Neszmery,Maintenance Technician,54762.96,7447.55,11884.16,18627.10,74094.67,92721.77,2016,,Southern Nevada Health District,""
Linus Mubuifor,Community Health Nurse II,60264.47,0.00,12324.02,20088.55,72588.49,92677.04,2016,,Southern Nevada Health District,""
Jeremy Harper,EH Supervisor,62538.82,0.00,9815.93,20182.61,72354.75,92537.36,2016,,Southern Nevada Health District,""
Romeo Ramos,Disaster Recov Specialist,58009.78,1359.99,13087.76,19907.29,72457.53,92364.82,2016,,Southern Nevada Health District,""
George Taylor Jr,EH Specialist II,53876.83,3580.37,16101.77,18711.71,73558.97,92270.68,2016,,Southern Nevada Health District,""
Yolande Benard,Materials Management Supv,62211.08,0.00,9743.27,20144.98,71954.35,92099.33,2016,,Southern Nevada Health District,""
Regena Ellis,Community Health Nurse II,56070.23,90.48,15808.98,20126.19,71969.69,92095.88,2016,,Southern Nevada Health District,""
Arthuro Mehretu,Comm Diseases Supervisor,57906.12,0.00,13939.32,20116.76,71845.44,91962.20,2016,,Southern Nevada Health District,""
Linda Newton,PHP Training Officer,57453.17,0.00,14388.95,20115.81,71842.12,91957.93,2016,,Southern Nevada Health District,""
Robert Cole,Sr EH Specialist,55838.04,176.30,16134.71,19756.14,72149.05,91905.19,2016,,Southern Nevada Health District,""
Jennifer Bowers,Disease Inv Inter Spec II,52850.50,1650.32,18054.21,19022.12,72555.03,91577.15,2016,,Southern Nevada Health District,""
RaVen Ennis,Community Health Nurse II,60728.62,0.00,11254.39,19519.76,71983.01,91502.77,2016,,Southern Nevada Health District,""
Celeste Liston,Comm Hlth Nurse II-CM,61876.77,0.00,10053.19,19426.65,71929.96,91356.61,2016,,Southern Nevada Health District,""
Candice Konold,EH Specialist II,60308.55,393.04,11269.12,19361.19,71970.71,91331.90,2016,,Southern Nevada Health District,""
Robert Fyda,EH Engineer II,60670.64,0.00,10816.98,19576.88,71487.62,91064.50,2016,,Southern Nevada Health District,""
Laura Palmer,EMS & Trauma System Super,65888.57,0.00,5257.20,19903.90,71145.77,91049.67,2016,,Southern Nevada Health District,""
Xavier Foster,Health Ed Supervisor,61262.95,0.00,10064.35,19716.46,71327.30,91043.76,2016,,Southern Nevada Health District,""
SaBrina Hagan-Finks,Admin Analyst,52857.52,0.00,19813.56,18322.12,72671.08,90993.20,2016,,Southern Nevada Health District,""
Tanja Baldwin,Sr EH Specialist,58509.10,0.00,12656.10,19719.42,71165.20,90884.62,2016,,Southern Nevada Health District,""
James Sladky,EH Specialist II,54815.29,0.00,17005.85,18975.25,71821.14,90796.39,2016,,Southern Nevada Health District,""
Nikki Burns-Savage,Sr EH Specialist,55533.43,0.00,15399.85,19772.63,70933.28,90705.91,2016,,Southern Nevada Health District,""
Joseph Yumul,Program Sys Specialist II,60210.66,2167.74,8863.28,19334.79,71241.68,90576.47,2016,,Southern Nevada Health District,""
Victoria Harding,Disease Inv Inter Spec II,51360.30,171.93,19742.32,19282.99,71274.55,90557.54,2016,,Southern Nevada Health District,""
Susan Zannis,Vital Records Supervisor,60390.27,42.14,10326.11,19461.37,70758.52,90219.89,2016,,Southern Nevada Health District,""
Jennifer Gratzke,Disease Inv Inter Spec II,53130.32,540.40,17203.87,19282.76,70874.59,90157.35,2016,,Southern Nevada Health District,""
Rae Pettie,EMS Program/Project Coord,52571.96,0.00,17904.14,19676.76,70476.10,90152.86,2016,,Southern Nevada Health District,""
Meredith Garman,EH Specialist II,50533.87,741.46,19648.19,18952.76,70923.52,89876.28,2016,,Southern Nevada Health District,""
Amanda Brown,Health Educator II,58825.08,0.00,11062.96,19565.08,69888.04,89453.12,2016,,Southern Nevada Health District,""
Ronny Soy,Community Health Nurse II,61787.91,0.00,7743.56,19263.22,69531.47,88794.69,2016,,Southern Nevada Health District,""
Sarah Lugo,Community Health Nurse II,56855.33,343.87,11984.81,19088.48,69184.01,88272.49,2016,,Southern Nevada Health District,""
James Modico,EH Specialist II,48389.13,0.00,20717.20,18855.89,69106.33,87962.22,2016,,Southern Nevada Health District,""
Sheila Rivera,LPN,53822.79,384.62,15257.03,18442.30,69464.44,87906.74,2016,,Southern Nevada Health District,""
Kimberly Monahan,HR Analyst,61478.36,0.00,7161.96,19200.01,68640.32,87840.33,2016,,Southern Nevada Health District,""
Isabel Valdivieso-Estrada,LPN,52665.06,839.16,15575.96,18557.80,69080.18,87637.98,2016,,Southern Nevada Health District,""
Xandee Bernabe,Community Health Nurse II,58231.21,0.00,10188.31,18632.54,68419.52,87052.06,2016,,Southern Nevada Health District,""
Diane Money,Admin Secretary,51553.95,23.31,16563.15,18724.64,68140.41,86865.05,2016,,Southern Nevada Health District,""
Diane Meyer,EH Specialist II,53936.73,0.00,14660.32,18265.66,68597.05,86862.71,2016,,Southern Nevada Health District,""
Victoria Legaspi,Laboratory Tech II,43655.04,0.00,28299.19,14877.91,71954.23,86832.14,2016,,Southern Nevada Health District,""
Matia Guest,Community Health Nurse II,56870.02,49.12,10963.15,18938.78,67882.29,86821.07,2016,,Southern Nevada Health District,""
Aaron DelCotto,Sr EH Specialist,52173.60,2075.74,14156.10,17851.12,68405.44,86256.56,2016,,Southern Nevada Health District,""
Sheila Gutierrez,LPN,51989.07,0.00,15390.45,18750.30,67379.52,86129.82,2016,,Southern Nevada Health District,""
Steven Zimmerman,EH Specialist II,53089.30,0.00,14610.51,17965.62,67699.81,85665.43,2016,,Southern Nevada Health District,""
Scott Witherall,Sr Human Resources Asst,53115.72,0.00,13758.18,18724.64,66873.90,85598.54,2016,,Southern Nevada Health District,""
Haley Blake,Sr Diseas Inv/Interv Spec,52887.67,186.48,13701.70,18629.35,66775.85,85405.20,2016,,Southern Nevada Health District,""
AnnMarie Homer,LPN,49603.68,1025.67,16307.72,18455.14,66937.07,85392.21,2016,,Southern Nevada Health District,""
Melissa Constantin,Disease Inv Inter Spec II,52438.58,2648.41,12639.12,17480.72,67726.11,85206.83,2016,,Southern Nevada Health District,""
Shannon Randolph,Admin Secretary,52128.93,0.00,14424.13,18634.80,66553.06,85187.86,2016,,Southern Nevada Health District,""
Margo Slater,Admin Secretary,53822.79,0.00,12681.79,18611.70,66504.58,85116.28,2016,,Southern Nevada Health District,""
Susan Eiselt,Admin Secretary,56449.05,0.00,9982.23,18586.04,66431.28,85017.32,2016,,Southern Nevada Health District,""
Joanne Engler,Admin Secretary,53581.92,349.65,12430.32,18483.38,66361.89,84845.27,2016,,Southern Nevada Health District,""
Desiree Hiestand,EH Specialist II,53775.87,0.00,12948.64,18078.14,66724.51,84802.65,2016,,Southern Nevada Health District,""
Karin Dinda,Community Health Nurse II,58527.69,118.08,7451.16,18454.85,66096.93,84551.78,2016,,Southern Nevada Health District,""
Cheryl Radeloff,Disease Inv Inter Spec II,53394.90,1477.13,11558.60,17843.66,66430.63,84274.29,2016,,Southern Nevada Health District,""
Alfred Karns,EH Specialist II,55796.67,181.80,9989.56,17990.79,65968.03,83958.82,2016,,Southern Nevada Health District,""
Ilene Bautista,Senior Lab Technologist,59372.96,411.83,5644.94,18187.00,65429.73,83616.73,2016,,Southern Nevada Health District,""
Erin Cavin,EH Specialist II,44398.48,0.00,21374.22,17507.67,65772.70,83280.37,2016,,Southern Nevada Health District,""
Candyce White,Disease Inv Inter Spec II,51172.33,6630.88,9418.24,16045.61,67221.45,83267.06,2016,,Southern Nevada Health District,""
Jason Kelton,EH Specialist II,51548.76,3641.83,11642.93,16387.45,66833.52,83220.97,2016,,Southern Nevada Health District,""
Angel Stachnik,Sr Epidemiologist,56512.69,0.00,8482.02,18195.32,64994.71,83190.03,2016,,Southern Nevada Health District,""
EmmyLou Garcia,Budget Analyst,55483.20,0.00,9487.20,18191.69,64970.40,83162.09,2016,,Southern Nevada Health District,""
Richard Dombroski,Accountant II,43955.71,363.61,24766.66,14020.61,69085.98,83106.59,2016,,Southern Nevada Health District,""
Daniel Burns,EH Engineer I,52898.58,0.00,11784.81,18001.36,64683.39,82684.75,2016,,Southern Nevada Health District,""
Rebecca Randle,LPN,53278.46,34.97,11291.66,18058.34,64605.09,82663.43,2016,,Southern Nevada Health District,""
Kimberly Hertin,Sr Diseas Inv/Interv Spec,54893.33,860.76,9192.56,17586.24,64946.65,82532.89,2016,,Southern Nevada Health District,""
Catherine Fedor,Acct Tech II,48373.86,6932.63,10655.34,16528.22,65961.83,82490.05,2016,,Southern Nevada Health District,""
Joseph Galapon,Health Records Assistant,31824.05,0.00,39062.93,11557.69,70886.98,82444.67,2016,,Southern Nevada Health District,""
Carolyn Sprance-Grogan,LPN,53268.32,261.34,10767.76,17930.10,64297.42,82227.52,2016,,Southern Nevada Health District,""
Randall Ulrich,IT Trainer,54587.64,0.00,9640.68,17983.89,64228.32,82212.21,2016,,Southern Nevada Health District,""
Richard Johnson,Graphic Artist,34920.72,0.00,35542.62,11624.44,70463.34,82087.78,2016,,Southern Nevada Health District,""
Darris Cole,Program Sys Specialist II,56357.57,0.00,7464.73,17870.24,63822.30,81692.54,2016,,Southern Nevada Health District,""
Micah King,Disease Inv Inter Spec II,47259.70,3856.98,14999.03,15386.08,66115.71,81501.79,2016,,Southern Nevada Health District,""
Jacqueline Arnold,Community Health Nurse II,51626.20,124.06,11974.83,17628.71,63725.09,81353.80,2016,,Southern Nevada Health District,""
Rosanna Woods,Community Health Nurse II,55363.90,204.72,7972.14,17734.12,63540.76,81274.88,2016,,Southern Nevada Health District,""
Aisha Finlay-Bowen,Sr Health Educator,49255.51,363.60,13691.02,17433.36,63310.13,80743.49,2016,,Southern Nevada Health District,""
Lauren DiPrete,Sr EH Specialist,49939.55,0.00,13474.70,17240.16,63414.25,80654.41,2016,,Southern Nevada Health District,""
Judith Tawatao,EH Specialist II,47695.01,122.81,15783.41,16971.15,63601.23,80572.38,2016,,Southern Nevada Health District,""
Ronald Brugada,HR Analyst,53858.70,0.00,9192.28,17492.16,63050.98,80543.14,2016,,Southern Nevada Health District,""
Gabriela Montaldo,Purchasing Agent,53689.74,386.33,8908.30,17527.44,62984.37,80511.81,2016,,Southern Nevada Health District,""
Michael Stevens,Janitor,40805.29,18087.35,8287.54,13231.61,67180.18,80411.79,2016,,Southern Nevada Health District,""
Valerie-Nicole Cohen,EH Specialist II,45730.13,1600.56,16869.86,15981.80,64200.55,80182.35,2016,,Southern Nevada Health District,""
Mable Gray,Janitor,43525.36,14326.29,7763.70,14340.47,65615.35,79955.82,2016,,Southern Nevada Health District,""
Jacob Billings,EH Specialist II,48875.32,2610.15,12168.97,15965.44,63654.44,79619.88,2016,,Southern Nevada Health District,""
Lorraine Forston,EH Specialist II,47110.82,0.00,15177.91,17138.72,62288.73,79427.45,2016,,Southern Nevada Health District,""
Laura Walls,Admin Secretary,49024.15,2496.53,11051.95,16805.71,62572.63,79378.34,2016,,Southern Nevada Health District,""
Sheila Harris,Sr Admin Asst,52303.58,0.00,10194.98,16870.48,62498.56,79369.04,2016,,Southern Nevada Health District,""
Heather Hanoff,Admin Secretary,51601.42,0.00,10361.18,17330.55,61962.60,79293.15,2016,,Southern Nevada Health District,""
Michael Palmer,Maintenance Technician,48608.16,6475.86,8122.06,15863.66,63206.08,79069.74,2016,,Southern Nevada Health District,""
Christian De Haan,EH Specialist II,48108.12,1036.32,14091.24,15690.68,63235.68,78926.36,2016,,Southern Nevada Health District,""
John Greer,EH Specialist II,49206.00,221.21,12965.03,16513.18,62392.24,78905.42,2016,,Southern Nevada Health District,""
Judith Tabat,EMS Program/Project Coord,51947.82,0.00,9994.85,16699.10,61942.67,78641.77,2016,,Southern Nevada Health District,""
Jennifer Johnson,EH Specialist II,45148.36,0.00,17482.48,15919.13,62630.84,78549.97,2016,,Southern Nevada Health District,""
Thomas San Nicolas,EH Specialist II,45876.49,3721.49,13291.25,15629.76,62889.23,78518.99,2016,,Southern Nevada Health District,""
Sheila Panganiban,Community Health Nurse I,54926.26,0.00,6197.28,17114.61,61123.54,78238.15,2016,,Southern Nevada Health District,""
Mary Bulloch-Khayat,PH Prep Planner I,47097.87,0.00,14038.43,17097.84,61136.30,78234.14,2016,,Southern Nevada Health District,""
Adriana Alvarez,HR Analyst,55470.66,0.00,5440.06,17055.04,60910.72,77965.76,2016,,Southern Nevada Health District,""
Kathleen Apalategui,Sr Admin Asst,49606.97,0.00,11249.43,17039.88,60856.40,77896.28,2016,,Southern Nevada Health District,""
Elisa Galla-Ferrer,Sr Admin Asst,48623.82,0.00,11985.13,16970.58,60608.95,77579.53,2016,,Southern Nevada Health District,""
Amy Vega,Sr Admin Asst,45702.47,0.00,14917.61,16934.56,60620.08,77554.64,2016,,Southern Nevada Health District,""
Betsy McLellan,Disease Inv Inter Spec I,51578.23,484.56,8920.75,16406.11,60983.54,77389.65,2016,,Southern Nevada Health District,""
Cynthia Robles,Admin Asst II,44741.38,5582.37,11963.93,15075.00,62287.68,77362.68,2016,,Southern Nevada Health District,""
Lourdes Romans,Laboratory Tech II,47156.22,0.00,13617.88,16571.87,60774.10,77345.97,2016,,Southern Nevada Health District,""
Deborah Clark,EH Specialist II,48596.89,1574.95,11371.03,15797.29,61542.87,77340.16,2016,,Southern Nevada Health District,""
Keri Price,Sr Health Records Asst.,43525.49,0.00,16872.87,16875.62,60398.36,77273.98,2016,,Southern Nevada Health District,""
Karen Berry,Sr. Health Records Assist,43054.96,0.00,17233.11,16880.76,60288.07,77168.83,2016,,Southern Nevada Health District,""
Gloria Reta,Sr Admin Clerk,43548.43,800.43,16495.41,16323.78,60844.27,77168.05,2016,,Southern Nevada Health District,""
Korie Northam,EH Specialist I,43703.81,2576.76,14972.44,15829.71,61253.01,77082.72,2016,,Southern Nevada Health District,""
Delila Allen,Sr. Health Records Assist,48328.88,168.54,11757.56,16824.28,60254.98,77079.26,2016,,Southern Nevada Health District,""
Cynthia Cunningham,Sr. Health Records Assist,47619.60,84.27,12403.28,16790.92,60107.15,76898.07,2016,,Southern Nevada Health District,""
Elizabeth Munford,Sr Health Records Asst.,48244.58,0.00,11832.27,16788.36,60076.85,76865.21,2016,,Southern Nevada Health District,""
Becky Aguilar,LPN,51346.14,0.00,8680.69,16801.82,60026.83,76828.65,2016,,Southern Nevada Health District,""
Michelle Nath,Executive Admin Secretary,52158.23,0.00,7794.51,16786.86,59952.74,76739.60,2016,,Southern Nevada Health District,""
Monique Johnson,Disease Data Coll Spec/In,41799.62,3965.67,15702.38,15221.30,61467.67,76688.97,2016,,Southern Nevada Health District,""
Lorretta Jennings,APRN,54232.19,0.00,5639.09,16763.98,59871.28,76635.26,2016,,Southern Nevada Health District,""
Kimberly Anichowski,Disease Inv Inter Spec II,48205.56,1014.78,11286.73,15856.69,60507.07,76363.76,2016,,Southern Nevada Health District,""
Amineh Harvey,Health Educator II,49066.73,0.00,10796.97,16474.18,59863.70,76337.88,2016,,Southern Nevada Health District,""
Karen Easterling,Sr Admin Asst,49094.33,0.00,10460.43,16675.42,59554.76,76230.18,2016,,Southern Nevada Health District,""
Aminta Martinez-Hermosilla,EH Specialist II,45240.88,809.60,14210.05,15736.37,60260.53,75996.90,2016,,Southern Nevada Health District,""
Bruno Stephani,EH Specialist II,51390.34,0.00,8002.46,16575.32,59392.80,75968.12,2016,,Southern Nevada Health District,""
Brian Penksa,EH Specialist II,47556.20,0.00,12121.40,15965.44,59677.60,75643.04,2016,,Southern Nevada Health District,""
Scott Rainville,EH Specialist II,46283.74,1600.56,12051.04,15705.91,59935.34,75641.25,2016,,Southern Nevada Health District,""
Lynn Cintron,Sr Admin Asst,46955.83,0.00,12123.29,16542.14,59079.12,75621.26,2016,,Southern Nevada Health District,""
Michelle Goodsell,EH Specialist II,48700.80,0.00,10766.02,15934.36,59466.82,75401.18,2016,,Southern Nevada Health District,""
Debora Schmidt,Central Supply Asst,38185.75,0.00,21130.81,16008.08,59316.56,75324.64,2016,,Southern Nevada Health District,""
Alexis Barajas,EH Training Officer,49949.04,0.00,9032.26,16125.36,58981.30,75106.66,2016,,Southern Nevada Health District,""
Erik Anderson,Sr EH Specialist,49889.34,0.00,8662.54,16277.79,58551.88,74829.67,2016,,Southern Nevada Health District,""
Sumit Das,Laboratory Asst,31135.56,0.00,29401.78,14219.91,60537.34,74757.25,2016,,Southern Nevada Health District,""
Kim Ogren,Sr Admin Clerk,45609.46,0.00,12763.28,16344.32,58372.74,74717.06,2016,,Southern Nevada Health District,""
John Cataline,EH Specialist II,45613.67,0.00,13526.69,15541.43,59140.36,74681.79,2016,,Southern Nevada Health District,""
Michael Harris,Financial Svs Specialist,48989.01,0.00,9271.64,16307.37,58260.65,74568.02,2016,,Southern Nevada Health District,""
Robert Chamberlain,Janitor,41255.51,12206.70,8049.35,13034.93,61511.56,74546.49,2016,,Southern Nevada Health District,""
Tara Edwards,EH Specialist II,48271.48,0.00,10348.78,15620.76,58620.26,74241.02,2016,,Southern Nevada Health District,""
Gary Robinson,EH Specialist II,42158.69,953.73,16171.55,14944.67,59283.97,74228.64,2016,,Southern Nevada Health District,""
Mikki Knowles,EH Specialist II,45392.21,5887.07,8562.09,14296.81,59841.37,74138.18,2016,,Southern Nevada Health District,""
Gerald Julian,EMS Field Rep,49062.82,0.00,8977.46,16017.80,58040.28,74058.08,2016,,Southern Nevada Health District,""
Donna Kurtti,Sr Admin Asst,47413.36,348.84,10149.58,16117.54,57911.78,74029.32,2016,,Southern Nevada Health District,""
Kelli O'Connor,Disease Data Coll Spec II,42828.63,4657.29,11644.84,14706.02,59130.76,73836.78,2016,,Southern Nevada Health District,""
Anita Goodspeed,Sr Admin Clerk,40206.76,670.36,16971.74,15979.84,57848.86,73828.70,2016,,Southern Nevada Health District,""
Nathan Diaz,EH Specialist II,49138.56,235.98,8382.05,15934.36,57756.59,73690.95,2016,,Southern Nevada Health District,""
Linly Duenow,EH Specialist II,46329.08,0.00,11627.34,15705.91,57956.42,73662.33,2016,,Southern Nevada Health District,""
Marissa Stanley,EH Specialist II,40249.34,0.00,17566.55,15789.18,57815.89,73605.07,2016,,Southern Nevada Health District,""
Chad Kingsley,Health Educator II,47588.34,0.00,10092.34,15888.67,57680.68,73569.35,2016,,Southern Nevada Health District,""
Michelle Guzman,EH Specialist II,47354.06,0.00,10108.75,15998.16,57462.81,73460.97,2016,,Southern Nevada Health District,""
James Muth,EH Specialist II,43303.74,0.00,14058.49,15981.80,57362.23,73344.03,2016,,Southern Nevada Health District,""
Michael Bernstein,Health Educator II,33477.06,0.00,27724.55,12009.39,61201.61,73211.00,2016,,Southern Nevada Health District,""
Tina Gilliam,Central Supply Asst,44115.38,0.00,12933.10,15959.32,57048.48,73007.80,2016,,Southern Nevada Health District,""
Michelle Stanton,Sr Admin Asst,47008.48,0.00,10398.22,15472.23,57406.70,72878.93,2016,,Southern Nevada Health District,""
Lizette Enzenauer,Admin Asst II,45178.84,1416.99,11158.12,15121.20,57753.95,72875.15,2016,,Southern Nevada Health District,""
Lei Gutierrez,Human Resources Asst,49572.28,0.00,7331.86,15834.77,56904.14,72738.91,2016,,Southern Nevada Health District,""
Joshua Montgomery,Disease Inv Inter Spec II,44812.87,5377.54,8482.64,13916.13,58673.05,72589.18,2016,,Southern Nevada Health District,""
Sandy Luckett,Admin Secretary,45784.11,0.00,10881.43,15862.82,56665.54,72528.36,2016,,Southern Nevada Health District,""
Brittany Lewis,EH Specialist II,47319.70,0.00,9567.71,15612.63,56887.41,72500.04,2016,,Southern Nevada Health District,""
Anthony Santiago,EH Specialist II,45213.22,0.00,12108.51,15103.25,57321.73,72424.98,2016,,Southern Nevada Health District,""
Marnita Smith-Dent,Admin Asst II,43131.02,2206.32,11895.90,15126.32,57233.24,72359.56,2016,,Southern Nevada Health District,""
Dominick Franchino,EH Specialist II,46486.56,0.00,10042.95,15751.60,56529.51,72281.11,2016,,Southern Nevada Health District,""
William Thompson,EH Specialist II,46971.70,0.00,9695.42,15600.03,56667.12,72267.15,2016,,Southern Nevada Health District,""
Theresa Daspit,EH Specialist II,42945.29,0.00,13473.16,15753.19,56418.45,72171.64,2016,,Southern Nevada Health District,""
Anthony Cardona,Health Records Assistant,44316.60,275.79,12099.14,15234.12,56691.53,71925.65,2016,,Southern Nevada Health District,""
Felix Landin,Disease Inv Inter Spec II,42952.00,0.00,13817.22,15142.40,56769.22,71911.62,2016,,Southern Nevada Health District,""
Geralyn Benjamin,Admin Asst II,45933.30,0.00,10623.74,15262.36,56557.04,71819.40,2016,,Southern Nevada Health District,""
Marisol Maciel-Perez,Admin Asst II,44400.64,903.45,11393.12,15017.64,56697.21,71714.85,2016,,Southern Nevada Health District,""
Edie Mattox,Admin Secretary,47218.16,0.00,8712.20,15660.43,55930.36,71590.79,2016,,Southern Nevada Health District,""
Patricia Montalvo,Comm Hlth Nurse II-CM,40841.28,0.00,16985.12,13719.62,57826.40,71546.02,2016,,Southern Nevada Health District,""
Maria Cenabre,Admin Asst II,44494.12,1112.67,10926.18,14977.46,56532.97,71510.43,2016,,Southern Nevada Health District,""
Jason Banales,EH Specialist I,43329.84,3806.24,10227.86,14038.66,57363.94,71402.60,2016,,Southern Nevada Health District,""
Lilia Burquez-Ahuja,Admin Asst II,46681.42,19.02,9230.48,15100.66,55930.92,71031.58,2016,,Southern Nevada Health District,""
Anne Scully,Health Educator II,45792.02,0.00,9347.09,15279.47,55139.11,70418.58,2016,,Southern Nevada Health District,""
Veralynn Orewler,Legal Secretary,47690.48,0.00,7847.44,14878.55,55537.92,70416.47,2016,,Southern Nevada Health District,""
Dustin Boudreaux-Thibodeaux,Disease Data Coll Spec/In,42420.94,0.00,12537.24,15200.76,54958.18,70158.94,2016,,Southern Nevada Health District,""
Michael Lacy,Admin Asst II,44760.40,1169.73,9121.10,14977.46,55051.23,70028.69,2016,,Southern Nevada Health District,""
Michael Piontkowski,Health Records Assistant,41500.20,198.86,13324.77,14782.74,55023.83,69806.57,2016,,Southern Nevada Health District,""
Virginia Whitesides,EH Specialist II,40699.49,0.00,14249.88,14642.89,54949.37,69592.26,2016,,Southern Nevada Health District,""
Deborah Moran,Program Project Coord,44144.08,1046.10,9492.24,14892.44,54682.42,69574.86,2016,,Southern Nevada Health District,""
Shannon Dickey,Admin Asst II,43150.04,0.00,11223.52,15200.76,54373.56,69574.32,2016,,Southern Nevada Health District,""
Lori Dentice,Admin Asst II,43853.78,0.00,10507.48,15205.90,54361.26,69567.16,2016,,Southern Nevada Health District,""
Thanh Sheffer,EH Specialist I,47471.61,2924.88,4962.05,14168.47,55358.54,69527.01,2016,,Southern Nevada Health District,""
Stephenie Poole,Health Records Assistant,44899.88,0.00,9301.58,15172.52,54201.46,69373.98,2016,,Southern Nevada Health District,""
Deneen Locklear,Admin Asst II,43137.36,0.00,10839.78,15113.50,53977.14,69090.64,2016,,Southern Nevada Health District,""
Joyce Castro,Admin Asst II,43226.12,0.00,10711.51,15092.96,53937.63,69030.59,2016,,Southern Nevada Health District,""
Carol Cottam,Admin Asst II,43733.32,0.00,10149.40,15087.06,53882.72,68969.78,2016,,Southern Nevada Health District,""
Bianca Ramirez Luna,EH Specialist I,40514.57,278.23,13945.59,14168.47,54738.39,68906.86,2016,,Southern Nevada Health District,""
Heather MacDavid,EH Specialist II,42954.96,876.66,10857.94,14092.51,54689.56,68782.07,2016,,Southern Nevada Health District,""
Jeffrey Johnson,Janitor,35937.31,3261.84,15122.17,14216.46,54321.32,68537.78,2016,,Southern Nevada Health District,""
Larry Waller,Courier,46619.96,0.00,6793.60,14941.52,53413.56,68355.08,2016,,Southern Nevada Health District,""
Ainsley Waters,EH Specialist I,43135.36,37.10,10908.56,14196.71,54081.02,68277.73,2016,,Southern Nevada Health District,""
Fernando Tiznado,Janitor,40721.31,2884.15,10106.13,14197.42,53711.59,67909.01,2016,,Southern Nevada Health District,""
Roberta Young,Sr Admin Asst,44664.03,0.00,8287.24,14826.35,52951.27,67777.62,2016,,Southern Nevada Health District,""
Francine Oakley,Admin Asst II,42940.82,0.00,10019.53,14799.69,52960.35,67760.04,2016,,Southern Nevada Health District,""
Corinne Henri,Accountant I,44657.46,0.00,8219.20,14804.07,52876.66,67680.73,2016,,Southern Nevada Health District,""
Mary Wilson,Vital Records Assistant,43048.63,0.00,9820.85,14775.04,52869.48,67644.52,2016,,Southern Nevada Health District,""
Adam Eddins,EH Specialist I,39829.32,777.24,12979.10,14038.66,53585.66,67624.32,2016,,Southern Nevada Health District,""
Adina Ruiz,Admin Asst II,39043.64,397.66,13878.97,14255.69,53320.27,67575.96,2016,,Southern Nevada Health District,""
Lonita Brantner,Admin Asst II,42864.51,185.48,9670.41,14688.59,52720.40,67408.99,2016,,Southern Nevada Health District,""
Joseph Franceschini,EH Specialist I,44793.93,1256.93,7188.03,14038.66,53238.89,67277.55,2016,,Southern Nevada Health District,""
Fermin Leguen,Director of Clinical Svcs,46729.60,0.00,6557.04,13853.97,53286.64,67140.61,2016,,Southern Nevada Health District,""
Christine Gish,Sr Admin Asst,44106.27,0.00,8343.27,14685.77,52449.54,67135.31,2016,,Southern Nevada Health District,""
Jason Garcia,EH Specialist I,44152.04,204.02,8262.29,14464.03,52618.35,67082.38,2016,,Southern Nevada Health District,""
Christian Hilario,Admin Asst II,43881.57,0.00,8871.57,14223.51,52753.14,66976.65,2016,,Southern Nevada Health District,""
Kimberly Davidson,Disease Data Coll Spec/In,43145.48,2551.03,7336.87,13865.88,53033.38,66899.26,2016,,Southern Nevada Health District,""
Dahlia Keegan,Acct Tech II,41765.43,2214.21,8759.21,14146.90,52738.85,66885.75,2016,,Southern Nevada Health District,""
Rosemary Ensign,Health Records Assistant,40150.60,0.00,12118.94,14574.84,52269.54,66844.38,2016,,Southern Nevada Health District,""
Jackie Peet,EH Specialist I,44603.39,0.00,7971.01,14198.11,52574.40,66772.51,2016,,Southern Nevada Health District,""
Florence Lucia,Health Records Assistant,42042.46,126.53,10042.52,14556.88,52211.51,66768.39,2016,,Southern Nevada Health District,""
Patrick Decator,Health Records Assistant,43090.80,108.47,9005.56,14461.90,52204.83,66666.73,2016,,Southern Nevada Health District,""
Diane Umuhoza,EH Specialist I,44317.72,159.38,8306.23,13865.11,52783.33,66648.44,2016,,Southern Nevada Health District,""
Allison Hernandez,EH Specialist I,43450.03,0.00,9139.42,14038.58,52589.45,66628.03,2016,,Southern Nevada Health District,""
Christina Valdez,Admin Asst II,43729.69,0.00,8705.32,14127.05,52435.01,66562.06,2016,,Southern Nevada Health District,""
Phillip Pilares,Web Content Specialist,48418.50,0.00,3581.50,14560.00,52000.00,66560.00,2016,,Southern Nevada Health District,""
Lourdes Bambilla,Comm Hlth Nurse II-CM,40186.02,0.00,12769.37,13554.16,52955.39,66509.55,2016,,Southern Nevada Health District,""
Paula Hannah,Admin Asst II,38077.22,0.00,13766.92,14495.32,51844.14,66339.46,2016,,Southern Nevada Health District,""
Sally Wahl,Admin Asst II,42243.34,0.00,9425.03,14467.10,51668.37,66135.47,2016,,Southern Nevada Health District,""
Mallory Jett-Edwards,Sr Admin Asst,42086.35,9.27,9560.34,14461.03,51655.96,66116.99,2016,,Southern Nevada Health District,""
Marilyn Wilson,Health Records Assistant,42357.97,1133.06,8780.32,13806.08,52271.35,66077.43,2016,,Southern Nevada Health District,""
Jeanelle Kline,Disease Inv Inter Spec II,42764.57,0.00,9341.77,13846.32,52106.34,65952.66,2016,,Southern Nevada Health District,""
Bonita Sorenson,Dir Clinics & Nursing,0.00,0.00,63502.81,2411.72,63502.81,65914.53,2016,,Southern Nevada Health District,""
Kimberly Patterson,Admin Asst II,40358.93,0.00,10980.48,14375.01,51339.41,65714.42,2016,,Southern Nevada Health District,""
Willandra Whiting,EH Specialist I,44328.18,125.59,7303.14,13866.17,51756.91,65623.08,2016,,Southern Nevada Health District,""
Koreena Villarreal,Health Educator II,45025.05,0.00,6317.41,14135.64,51342.46,65478.10,2016,,Southern Nevada Health District,""
Daniel Isler,EH Specialist I,43866.31,37.10,7218.12,14168.47,51121.53,65290.00,2016,,Southern Nevada Health District,""
Heather Woods,EH Specialist I,41504.74,0.00,9478.56,13865.11,50983.30,64848.41,2016,,Southern Nevada Health District,""
George Ruiz,Security Aide,38652.97,2188.14,10190.22,13151.12,51031.33,64182.45,2016,,Southern Nevada Health District,""
Sandi Saito,Admin Secretary,39482.52,0.00,10630.26,14031.59,50112.78,64144.37,2016,,Southern Nevada Health District,""
Jeffrey Good,Health Records Assistant,41385.13,1545.07,7390.24,13657.20,50320.44,63977.64,2016,,Southern Nevada Health District,""
Lance Johnson,Security Aide,40229.19,1399.13,8601.19,13672.60,50229.51,63902.11,2016,,Southern Nevada Health District,""
Lucinda Badillo,Eligibility Worker,40202.60,0.00,10092.51,13593.32,50295.11,63888.43,2016,,Southern Nevada Health District,""
Allison Schnitzer,Health Educator I,44516.60,0.00,5418.73,13944.12,49935.33,63879.45,2016,,Southern Nevada Health District,""
Victoria Hughes,Disease Inv Inter Spec II,35722.00,975.00,13650.73,13413.91,50347.73,63761.64,2016,,Southern Nevada Health District,""
Gerald Bletsch,EH Specialist II,26351.97,0.00,27333.46,9979.28,53685.43,63664.71,2016,,Southern Nevada Health District,""
Vincentiu Anghel,EH Specialist I,42404.96,0.00,7317.91,13865.12,49722.87,63587.99,2016,,Southern Nevada Health District,""
Marco Aguilar,Health Records Assistant,39691.21,1279.31,9036.62,13224.16,50007.14,63231.30,2016,,Southern Nevada Health District,""
Erin O'Malley,Health Records Assistant,43305.45,35.21,6061.38,13822.77,49402.04,63224.81,2016,,Southern Nevada Health District,""
Nancy Barry,Vital Records Assistant,42106.16,0.00,7049.95,13749.60,49156.11,62905.71,2016,,Southern Nevada Health District,""
Christian Murua-Aceves,Disease Inv Inter Spec I,42867.99,105.63,6048.71,13668.98,49022.33,62691.31,2016,,Southern Nevada Health District,""
Christine Johnson,Vital Records Assistant,40606.88,0.00,8341.16,13688.00,48948.04,62636.04,2016,,Southern Nevada Health District,""
Carolyn Orthel,Payroll Technician,39310.58,291.86,9854.20,13094.19,49456.64,62550.83,2016,,Southern Nevada Health District,""
Manuel Hoskinson,Janitor,37147.50,5441.57,7276.85,12438.77,49865.92,62304.69,2016,,Southern Nevada Health District,""
Diane Piar,EH Specialist II,32187.00,1593.77,15787.97,12573.38,49568.74,62142.12,2016,,Southern Nevada Health District,""
Ashley Caesar,Disease Inv Inter Spec I,42446.64,17.60,6010.28,13550.27,48474.52,62024.79,2016,,Southern Nevada Health District,""
Matthew Kappel,Disease Inv Inter Spec I,42316.20,1518.32,5308.92,12718.75,49143.44,61862.19,2016,,Southern Nevada Health District,""
Bonnie Archie,Admin Asst II,39684.64,257.52,8384.70,13459.49,48326.86,61786.35,2016,,Southern Nevada Health District,""
Tamara Jackson,Health Records Assistant,38603.41,0.00,8720.17,13249.31,47323.58,60572.89,2016,,Southern Nevada Health District,""
Teresa Wilcox,Acct Tech I,38734.24,1534.08,7318.00,12894.55,47586.32,60480.87,2016,,Southern Nevada Health District,""
Monica Galaviz,Accountant II,39028.98,2584.11,6137.55,12605.38,47750.64,60356.02,2016,,Southern Nevada Health District,""
Nami Kremer,Health Records Assistant,41592.48,0.00,5526.13,13191.90,47118.61,60310.51,2016,,Southern Nevada Health District,""
Tracey White,Vital Records Assistant,39068.55,16.32,7997.84,13178.65,47082.71,60261.36,2016,,Southern Nevada Health District,""
Adelina Folkes,Admin Asst II,37571.86,0.00,9922.32,12752.28,47494.18,60246.46,2016,,Southern Nevada Health District,""
Lucinda Reid,Vital Records Assistant,38742.71,0.00,8323.74,13178.65,47066.45,60245.10,2016,,Southern Nevada Health District,""
Tabitha Ewing,Laboratory Asst,37812.28,1063.96,8234.12,12880.86,47110.36,59991.22,2016,,Southern Nevada Health District,""
Kathie Franklin,Vital Records Clerk,38754.56,0.00,8032.82,13086.16,46787.38,59873.54,2016,,Southern Nevada Health District,""
Kris Schamaun,Sr Admin Asst,37730.42,0.00,8809.44,13031.13,46539.86,59570.99,2016,,Southern Nevada Health District,""
Rabea Sharif,EH Specialist I,40125.08,1735.75,5443.55,12232.89,47304.38,59537.27,2016,,Southern Nevada Health District,""
Jessica Donnell,Vital Records Assistant,37249.28,0.00,9249.76,13019.68,46499.04,59518.72,2016,,Southern Nevada Health District,""
Garren Jakubiak,Disease Data Coll Spec/In,39392.10,0.00,7143.21,12808.21,46535.31,59343.52,2016,,Southern Nevada Health District,""
Lester Rossi,Admin Asst II,37626.58,16.32,8382.82,12714.33,46025.72,58740.05,2016,,Southern Nevada Health District,""
Krystal Camarena,Admin Asst II,37888.49,0.00,7956.23,12281.01,45844.72,58125.73,2016,,Southern Nevada Health District,""
Latonia Hall,EH Specialist I,39602.00,105.62,5956.15,12232.89,45663.77,57896.66,2016,,Southern Nevada Health District,""
Tammy Mostafa,Janitor,32910.06,1317.72,10709.79,12213.55,44937.57,57151.12,2016,,Southern Nevada Health District,""
Shala Ives,Acct Tech II,35898.93,2263.38,6934.55,11993.40,45096.86,57090.26,2016,,Southern Nevada Health District,""
Pamela Thomas,Vital Records Assistant,37392.44,30.20,7485.66,12091.09,44908.30,56999.39,2016,,Southern Nevada Health District,""
Mary Cooper,Admin Asst II,35474.75,0.00,8724.50,12375.78,44199.25,56575.03,2016,,Southern Nevada Health District,""
Deborah Reed,Admin Asst II,35616.93,39.37,8263.24,12286.37,43919.54,56205.91,2016,,Southern Nevada Health District,""
Vicki Salomon,Admin Asst II,36430.33,174.74,7271.49,12227.43,43876.56,56103.99,2016,,Southern Nevada Health District,""
Tanya Jaikaran,Health Educator II,35723.80,0.00,8188.54,12004.38,43912.34,55916.72,2016,,Southern Nevada Health District,""
Pamela Koffinke,Acct Tech II,21039.43,0.00,27703.98,7141.61,48743.41,55885.02,2016,,Southern Nevada Health District,""
Laurie Langdok,Eligibility Worker,38624.03,150.98,3900.71,11905.16,42675.72,54580.88,2016,,Southern Nevada Health District,""
Sakena Alhassan,EH Specialist II,25744.50,516.16,18149.54,8822.47,44410.20,53232.67,2016,,Southern Nevada Health District,""
Ellen Spears,Sr EH Specialist,24250.61,90.34,19772.40,9004.74,44113.35,53118.09,2016,,Southern Nevada Health District,""
Aracely Calderon,Admin Asst II,34251.12,0.00,7596.84,11168.16,41847.96,53016.12,2016,,Southern Nevada Health District,""
Enrique Lopez,Admin Asst II,33483.78,0.00,8137.24,11125.46,41621.02,52746.48,2016,,Southern Nevada Health District,""
Marjorie Ubando,Admin Asst II,33421.88,0.00,7748.52,11506.64,41170.40,52677.04,2016,,Southern Nevada Health District,""
Christina Kerr,EH Specialist II,33646.24,0.00,8138.09,10870.04,41784.33,52654.37,2016,,Southern Nevada Health District,""
Robert Smith,Disease Data Coll Spec/In,35659.55,200.76,5249.13,11454.51,41109.44,52563.95,2016,,Southern Nevada Health District,""
Brisa Soto,EH Training Officer,26612.15,0.00,16134.55,9147.21,42746.70,51893.91,2016,,Southern Nevada Health District,""
Michelle Reese,EH Specialist I,27180.08,714.08,12618.67,10337.45,40512.83,50850.28,2016,,Southern Nevada Health District,""
Leonard Taylor,Disease Data Coll Spec II,34347.74,697.54,4745.72,10895.36,39791.00,50686.36,2016,,Southern Nevada Health District,""
Marcus Lawson,Disease Data Coll Spec/In,32040.62,106.32,7264.98,11005.62,39411.92,50417.54,2016,,Southern Nevada Health District,""
Erika Bustinza,HR Analyst,36827.60,0.00,2333.60,10965.19,39161.20,50126.39,2016,,Southern Nevada Health District,""
Alicia Simmons-Lewis,Disease Data Coll Spec/In,31064.80,1036.27,6992.38,10656.05,39093.45,49749.50,2016,,Southern Nevada Health District,""
Melissa Rascon,EH Specialist II,25873.98,383.99,10867.63,9624.33,37125.60,46749.93,2016,,Southern Nevada Health District,""
Lauren Traveller,APRN,29550.40,0.00,7569.60,8993.60,37120.00,46113.60,2016,,Southern Nevada Health District,""
Kendra Lett,EH Specialist I,29147.08,1421.91,3566.49,8720.80,34135.48,42856.28,2016,,Southern Nevada Health District,""
Arta Faraday,Sr EH Specialist,6403.92,120.45,33790.59,2484.38,40314.96,42799.34,2016,,Southern Nevada Health District,""
Shanae Acevedo,EH Specialist I,28082.17,451.89,4369.13,8668.53,32903.19,41571.72,2016,,Southern Nevada Health District,""
Michele Shingu,Disease Inv Inter Spec II,25748.76,1482.00,3211.70,7868.49,30442.46,38310.95,2016,,Southern Nevada Health District,""
Kathryn Barker,Epidemiologist,27985.28,0.00,1586.88,8280.15,29572.16,37852.31,2016,,Southern Nevada Health District,""
Ruchi Pancholy,Epidemiologist,25992.00,0.00,1368.00,7660.75,27360.00,35020.75,2016,,Southern Nevada Health District,""
Aurora Buffington,Health Educator II,12603.11,0.00,16677.15,4973.68,29280.26,34253.94,2016,,Southern Nevada Health District,""
Larry Armstrong,Janitor,19462.14,5005.30,3181.86,6323.96,27649.30,33973.26,2016,,Southern Nevada Health District,""
Margaret Suiter,Admin Secretary,13426.56,0.00,12764.40,6956.01,26190.96,33146.97,2016,,Southern Nevada Health District,""
Susan O'Malley,EH Specialist II,19227.96,0.00,6262.72,6580.02,25490.68,32070.70,2016,,Southern Nevada Health District,""
Candist Pinnix,Billing Specialist,21944.00,390.00,1961.86,6688.50,24295.86,30984.36,2016,,Southern Nevada Health District,""
Cassius Lockett,Dir Community Health,13394.16,0.00,12622.67,4305.96,26016.83,30322.79,2016,,Southern Nevada Health District,""
Arturo Terriquez,Security Aide,20000.13,2129.29,2212.75,5900.04,24342.17,30242.21,2016,,Southern Nevada Health District,""
Andrea Lopez-Connery,Medical Assistant,20747.57,0.00,2214.73,6429.42,22962.30,29391.72,2016,,Southern Nevada Health District,""
Yaremis Pelaez,Medical Assistant,20204.02,0.00,2795.14,6088.77,22999.16,29087.93,2016,,Southern Nevada Health District,""
Todd Bleak,Clinical Pharmacist,16167.12,0.00,6577.28,4968.45,22744.40,27712.85,2016,,Southern Nevada Health District,""
Janet Castro,Medical Assistant,19891.85,0.00,1722.79,6052.08,21614.64,27666.72,2016,,Southern Nevada Health District,""
Madison Lane,EH Specialist I,19339.29,105.62,2617.92,5572.73,22062.83,27635.56,2016,,Southern Nevada Health District,""
Rachel Kelly,EH Specialist I,19151.52,0.00,1922.64,5883.24,21074.16,26957.40,2016,,Southern Nevada Health District,""
Salomon Compaore,Epidemiologist,19699.20,0.00,1094.40,5822.17,20793.60,26615.77,2016,,Southern Nevada Health District,""
Dejen Wogayehu,EH Specialist I,18776.00,52.81,1849.38,5362.44,20678.19,26040.63,2016,,Southern Nevada Health District,""
Camille Alford,Health Records Assistant,17900.77,12.29,2078.52,5594.18,19991.58,25585.76,2016,,Southern Nevada Health District,""
Bobby Donnell,Health Records Assistant,16340.54,24.57,2746.74,5344.42,19111.85,24456.27,2016,,Southern Nevada Health District,""
Michael Tsai,Epidemiologist,0.00,0.00,23183.82,877.78,23183.82,24061.60,2016,,Southern Nevada Health District,""
Dan Vuksanovic,Security Aide,17494.92,481.24,884.52,5146.22,18860.68,24006.90,2016,,Southern Nevada Health District,""
Sandy King,Disease Data Coll Spec/In,16291.60,0.00,2102.16,5128.48,18393.76,23522.24,2016,,Southern Nevada Health District,""
Mona Lisa Paulo,EH Specialist I,16581.59,0.00,1733.60,4994.43,18315.19,23309.62,2016,,Southern Nevada Health District,""
Linda Centeno,Sr Admin Asst,13476.18,0.00,4718.24,5079.57,18194.42,23273.99,2016,,Southern Nevada Health District,""
Vanessa Ortiz Rivera,EH Specialist I,16898.43,35.21,1324.90,4994.43,18258.54,23252.97,2016,,Southern Nevada Health District,""
Ashlee Gallegos,Vital Records Assistant,16786.82,0.00,1330.54,5072.84,18117.36,23190.20,2016,,Southern Nevada Health District,""
Fernando Martinez IV,Medical Assistant,16006.13,0.00,1252.62,4830.24,17258.75,22088.99,2016,,Southern Nevada Health District,""
Diana Padilla,EH Specialist I,14645.28,35.21,2277.50,4310.98,16957.99,21268.97,2016,,Southern Nevada Health District,""
Michele Pate,Laboratory Tech II,15035.58,0.00,1085.30,4512.28,16120.88,20633.16,2016,,Southern Nevada Health District,""
Eva Conrad,Admin Asst I,14807.52,0.00,802.71,4366.23,15610.23,19976.46,2016,,Southern Nevada Health District,""
Jennifer Luther,Admin Asst I,14688.77,0.00,905.00,4366.23,15593.77,19960.00,2016,,Southern Nevada Health District,""
Jessica Johnson,Health Educator I,14002.10,0.00,1628.47,4318.72,15630.57,19949.29,2016,,Southern Nevada Health District,""
Rachel Flores,EH Specialist I,12955.44,0.00,1462.16,3890.40,14417.60,18308.00,2016,,Southern Nevada Health District,""
Sarah Martinez,EH Specialist I,13143.20,0.00,1273.86,3890.40,14417.06,18307.46,2016,,Southern Nevada Health District,""
Augusta Washington,EH Specialist I,12937.84,0.00,1314.20,3890.40,14252.04,18142.44,2016,,Southern Nevada Health District,""
Shannon Chartrey,Community Health Nurse I,12581.23,0.00,1468.29,3933.89,14049.52,17983.41,2016,,Southern Nevada Health District,""
Dale Klabacha,PHP Nurse,2367.68,0.00,13428.37,1296.25,15796.05,17092.30,2016,,Southern Nevada Health District,""
Bessie Aranaydo,Acct Tech II,7050.24,0.00,7306.79,2680.81,14357.03,17037.84,2016,,Southern Nevada Health District,""
Kimberly Matteson,Laboratory Asst,11701.44,0.00,1481.80,3691.32,13183.24,16874.56,2016,,Southern Nevada Health District,""
Phillip Prado,Disease Inv Inter Spec II,12038.00,0.00,1098.49,3436.16,13136.49,16572.65,2016,,Southern Nevada Health District,""
Rebekah Nolen,Community Health Nurse I,10364.40,0.00,2273.22,3482.46,12637.62,16120.08,2016,,Southern Nevada Health District,""
Sandra Wallace,Grant Writer,9633.30,0.00,2452.66,3384.07,12085.96,15470.03,2016,,Southern Nevada Health District,""
Barbara Szerega,Community Health Nurse I,8766.56,172.74,3488.78,2966.54,12428.08,15394.62,2016,,Southern Nevada Health District,""
Anna Angeles,Laboratory Tech II,10930.32,0.00,1096.29,3366.91,12026.61,15393.52,2016,,Southern Nevada Health District,""
Dawn Schuder,Community Health Nurse II,9152.43,0.00,2410.02,3205.60,11562.45,14768.05,2016,,Southern Nevada Health District,""
Nancy Chu,EH Specialist I,9575.77,0.00,980.54,2891.51,10556.31,13447.82,2016,,Southern Nevada Health District,""
Kevin Pontius,EH Specialist I,9575.76,0.00,943.82,2891.51,10519.58,13411.09,2016,,Southern Nevada Health District,""
Justin Scott,Health Records Assistant,6550.29,0.00,4341.39,2442.06,10891.68,13333.74,2016,,Southern Nevada Health District,""
Larisa Dang,EH Specialist I,9352.80,0.00,985.51,2838.94,10338.31,13177.25,2016,,Southern Nevada Health District,""
Joseph Ginty,Admin Asst I,9123.66,73.71,626.90,2715.13,9824.27,12539.40,2016,,Southern Nevada Health District,""
Barbara Yarbrough,Community Health Nurse I,7830.88,0.00,949.36,2450.62,8780.24,11230.86,2016,,Southern Nevada Health District,""
Brandon Delise,Disease Inv Inter Spec I,7698.16,0.00,886.04,2365.78,8584.20,10949.98,2016,,Southern Nevada Health District,""
Treva Palmer,Disease Inv Inter Spec I,7698.16,0.00,854.72,2365.78,8552.88,10918.66,2016,,Southern Nevada Health District,""
Melanie Meza,Disease Data Coll Spec/In,6900.07,0.00,1100.15,2238.55,8000.22,10238.77,2016,,Southern Nevada Health District,""
Darren Zinser,EH Specialist I,0.00,35.21,6639.10,1840.05,6674.31,8514.36,2016,,Southern Nevada Health District,""
Erik Sumera,EH Specialist I,4776.14,0.00,1815.44,1840.05,6591.58,8431.63,2016,,Southern Nevada Health District,""
Kristin Moffeit,APN,8227.85,0.00,0.00,0.00,8227.85,8227.85,2016,,Southern Nevada Health District,""
Amanda Sokolowsky,EH Specialist I,0.00,0.00,5757.54,1577.19,5757.54,7334.73,2016,,Southern Nevada Health District,""
Celia Magana,Disease Data Coll Spec/In,2093.64,172.08,1638.36,770.92,3904.08,4675.00,2016,,Southern Nevada Health District,""
Candace Perez,HR Analyst,2547.92,0.00,895.37,906.89,3443.29,4350.18,2016,,Southern Nevada Health District,""
Michael Burgess,Publication Specialist,2967.60,0.00,0.00,830.93,2967.60,3798.53,2016,,Southern Nevada Health District,""
Allen Abad,EH Specialist I,1877.60,0.00,20.52,525.73,1898.12,2423.85,2016,,Southern Nevada Health District,""
Veena Ramakrishnan,EH Specialist I,1877.60,0.00,19.44,525.73,1897.04,2422.77,2016,,Southern Nevada Health District,""
Brianna Crutcher,EH Specialist I,1877.60,0.00,18.90,525.73,1896.50,2422.23,2016,,Southern Nevada Health District,""
Kaila Turner,EH Specialist I,1877.60,0.00,9.18,525.73,1886.78,2412.51,2016,,Southern Nevada Health District,""
Hong Ye Huang,APRN,1606.00,0.00,0.00,449.68,1606.00,2055.68,2016,,Southern Nevada Health District,""
Rebecca Reyes,Social Worker,989.20,0.00,0.00,276.98,989.20,1266.18,2016,,Southern Nevada Health District,""
Flori Meraz,Community Health Nurse I,460.64,0.00,17.85,128.98,478.49,607.47,2016,,Southern Nevada Health District,""
