Employee Name,Job Title,Base Pay,Overtime Pay,Other Pay,Benefits,Total Pay,Total Pay & Benefits,Year,Notes,Agency,Status
Dwayne Alexander,Deputy Executive Director,137074.92,0.00,19374.59,50194.31,156449.51,206643.82,2016,,Southern Nevada Regional Housing Authority,""
Fredrick C. Haron,Director of Finance,114934.00,0.00,22918.92,49713.85,137852.92,187566.77,2016,,Southern Nevada Regional Housing Authority,""
Brenda R Fonseca,Deputy Director Housing Programs,111068.64,0.00,22752.00,53329.03,133820.64,187149.67,2016,,Southern Nevada Regional Housing Authority,""
Amparo M. Gamazo,Director of  Modernization & Development,109778.20,0.00,17765.46,52962.44,127543.66,180506.10,2016,,Southern Nevada Regional Housing Authority,""
John N. Hill,Executive Director,97537.80,0.00,43664.23,32153.56,141202.03,173355.59,2016,,Southern Nevada Regional Housing Authority,""
Ted Otokiti,Deputy Director  Operations,92416.72,0.00,38609.97,42325.73,131026.69,173352.42,2016,,Southern Nevada Regional Housing Authority,""
Jeremiah Nash,Maintenance Supervisor,63443.53,189.51,47614.46,44455.89,111247.50,155703.39,2016,,Southern Nevada Regional Housing Authority,""
Fernando Gomez,IT- Network Administrator,88056.80,0.00,16008.93,39548.85,104065.73,143614.58,2016,,Southern Nevada Regional Housing Authority,""
Frank E. Stafford,Construction Manager,80478.85,0.00,22489.82,36936.90,102968.67,139905.57,2016,,Southern Nevada Regional Housing Authority,""
Marvin D. Coleman,Maintenance Supervisor,55322.19,586.04,47828.11,36067.59,103736.34,139803.93,2016,,Southern Nevada Regional Housing Authority,""
Andre E. Coward,Maintenance Supervisor,60045.09,1915.89,31512.19,43032.71,93473.17,136505.88,2016,,Southern Nevada Regional Housing Authority,""
Roderick Yenchek,IT - Programmer/Analyst,78408.24,0.00,14336.44,42939.95,92744.68,135684.63,2016,,Southern Nevada Regional Housing Authority,""
Eugene T. Ortega,Asset Manager,77401.84,0.00,15630.21,38921.77,93032.05,131953.82,2016,,Southern Nevada Regional Housing Authority,""
Ed K. Jones,Maintenance Mechanic,57348.24,1325.10,33985.49,37088.36,92658.83,129747.19,2016,,Southern Nevada Regional Housing Authority,""
Marcy L. Davis,Asset Manager,76246.00,0.00,20715.85,31730.45,96961.85,128692.30,2016,,Southern Nevada Regional Housing Authority,""
John P. Jones,Maintenance Mechanic,56210.48,870.04,43101.49,27622.06,100182.01,127804.07,2016,,Southern Nevada Regional Housing Authority,""
Karen Gratopp,Management Analyst/QCS,80346.40,0.00,14384.70,32598.49,94731.10,127329.59,2016,,Southern Nevada Regional Housing Authority,""
Larry Clary,Maintenance Mechanic,55663.12,604.05,37379.17,33328.51,93646.34,126974.85,2016,,Southern Nevada Regional Housing Authority,""
Deborah Laine,Procurement Director,91203.08,0.00,13429.76,21100.55,104632.84,125733.39,2016,,Southern Nevada Regional Housing Authority,""
Felipe J. Martinez,Maintenance Mechanic,58628.76,1155.52,26379.45,38956.67,86163.73,125120.40,2016,,Southern Nevada Regional Housing Authority,""
Rogelio Zaragoza,Maintenance Supervisor,66878.65,3632.35,16943.82,35073.63,87454.82,122528.45,2016,,Southern Nevada Regional Housing Authority,""
Isabel Lopez,Financial Analyst,68074.67,1284.29,15554.85,37363.07,84913.81,122276.88,2016,,Southern Nevada Regional Housing Authority,""
Geraldine Johnson,Hearings Officer,74094.24,0.00,16468.63,30914.71,90562.87,121477.58,2016,,Southern Nevada Regional Housing Authority,""
Tracey A Torrence,Supportive Services Director,74848.96,0.00,8211.12,35210.99,83060.08,118271.07,2016,,Southern Nevada Regional Housing Authority,""
Jose D. Mercado,Maintenance Mechanic,59542.94,4476.65,17743.67,36211.89,81763.26,117975.15,2016,,Southern Nevada Regional Housing Authority,""
Denise M. Moorman,FSS Coordinator,64600.55,0.00,15267.56,35624.34,79868.11,115492.45,2016,,Southern Nevada Regional Housing Authority,""
Denise Watson,Financial Analyst,69140.84,74.69,14939.85,29832.50,84155.38,113987.88,2016,,Southern Nevada Regional Housing Authority,""
LaTrece Coleman-Stone,Resident Program Coordinator,71214.63,0.00,7195.67,33859.99,78410.30,112270.29,2016,,Southern Nevada Regional Housing Authority,""
Charles Lavoll,Maintenance Supervisor,62002.03,1141.92,15415.10,33317.70,78559.05,111876.75,2016,,Southern Nevada Regional Housing Authority,""
Linda Price Simpson,Contracts Administrator,67372.84,0.00,10351.99,33295.00,77724.83,111019.83,2016,,Southern Nevada Regional Housing Authority,""
Edgardo Medina,Construction Inspector,65597.79,1456.86,13610.42,29594.43,80665.07,110259.50,2016,,Southern Nevada Regional Housing Authority,""
Ted B. Rosal,HQS Inspector,57229.47,7002.56,12882.47,33053.98,77114.50,110168.48,2016,,Southern Nevada Regional Housing Authority,""
Jack Richards,HQS Inspector,59503.63,5591.77,14715.94,30170.95,79811.34,109982.29,2016,,Southern Nevada Regional Housing Authority,""
C. Helena Lopez,Property Manager,60798.80,0.00,12627.84,36182.75,73426.64,109609.39,2016,,Southern Nevada Regional Housing Authority,""
Byron L. Peterson,Senior Service Program Coordinator,63527.96,0.00,10792.19,33002.97,74320.15,107323.12,2016,,Southern Nevada Regional Housing Authority,""
Rodney Mitton,Finance Accountant,67470.77,3.60,11503.39,28176.48,78977.76,107154.24,2016,,Southern Nevada Regional Housing Authority,""
Wanda Beckett,Contracts Administrator,69933.60,0.00,7083.43,30009.63,77017.03,107026.66,2016,,Southern Nevada Regional Housing Authority,""
Jason Bowling,Maintenance Mechanic,56350.01,7878.06,9096.86,33270.30,73324.93,106595.23,2016,,Southern Nevada Regional Housing Authority,""
Gesha L. Sanders,FSS Coordinator,60779.56,0.00,10308.83,35216.45,71088.39,106304.84,2016,,Southern Nevada Regional Housing Authority,""
Sheila Christmas,FSS Coordinator,60656.39,0.00,12395.92,31996.37,73052.31,105048.68,2016,,Southern Nevada Regional Housing Authority,""
Laure Raposa,Executive Administrative Assistant,60001.80,0.00,11048.49,33882.32,71050.29,104932.61,2016,,Southern Nevada Regional Housing Authority,""
Alfonso J. Gonzalez,Maintenance Supervisor,57549.53,3101.38,12041.05,31361.28,72691.96,104053.24,2016,,Southern Nevada Regional Housing Authority,""
Yvette E. Mendes-Hayes,Resident Services Specialist,55223.78,174.20,12152.80,36307.12,67550.78,103857.90,2016,,Southern Nevada Regional Housing Authority,""
Gregory L. Ramser,Maintenance Mechanic,59247.01,2067.54,11480.79,30497.41,72795.34,103292.75,2016,,Southern Nevada Regional Housing Authority,""
Jennifer Jones,Property Manager,63862.16,0.00,13472.70,25684.16,77334.86,103019.02,2016,,Southern Nevada Regional Housing Authority,""
Carla Lea-Edwards,Risk Manager,65243.36,0.00,9266.21,28460.81,74509.57,102970.38,2016,,Southern Nevada Regional Housing Authority,""
Elisa Luevanos,Resident Program Coordinator,59604.15,781.69,6193.20,35128.16,66579.04,101707.20,2016,,Southern Nevada Regional Housing Authority,""
Danita B. Toney,Property Manager,60651.64,0.00,11619.78,29013.84,72271.42,101285.26,2016,,Southern Nevada Regional Housing Authority,""
Carmen Luz Rodriguez,Executive Secretary,57186.72,1601.47,11760.79,29866.38,70548.98,100415.36,2016,,Southern Nevada Regional Housing Authority,""
Reginald L. Hall,Maintenance Aide,60271.95,0.00,14101.44,26033.36,74373.39,100406.75,2016,,Southern Nevada Regional Housing Authority,""
Latrice J. Posey,Associate Deputy Director,61407.44,0.00,3066.88,35908.03,64474.32,100382.35,2016,,Southern Nevada Regional Housing Authority,""
Jermond Manor,Maintenance Aide,53536.14,237.90,10657.10,35916.50,64431.14,100347.64,2016,,Southern Nevada Regional Housing Authority,""
Patricia D. Stephens,Property Manager,60242.40,0.00,6032.40,34047.59,66274.80,100322.39,2016,,Southern Nevada Regional Housing Authority,""
Carlos R. Leon,Maintenance Aide,56731.14,5.63,13169.35,29695.24,69906.12,99601.36,2016,,Southern Nevada Regional Housing Authority,""
Pamela Reid-McDuel,Executive Administrative Assistant,64371.36,0.00,3236.00,31865.88,67607.36,99473.24,2016,,Southern Nevada Regional Housing Authority,""
Amber N. Baltzley,Asset Manager,60444.00,0.00,6205.68,32454.01,66649.68,99103.69,2016,,Southern Nevada Regional Housing Authority,""
Andrew Washington,Maintenance Mechanic,58583.72,799.92,13098.67,26009.48,72482.31,98491.79,2016,,Southern Nevada Regional Housing Authority,""
Daniel B. Chaidez,Maintenance Mechanic,57152.51,794.62,10657.10,29879.52,68604.23,98483.75,2016,,Southern Nevada Regional Housing Authority,""
Sean Hogland,Maintenance Mechanic,60009.55,3382.23,9412.13,25173.29,72803.91,97977.20,2016,,Southern Nevada Regional Housing Authority,""
Michael Templet,Maintenance Aide,57025.28,1522.53,10289.27,29048.68,68837.08,97885.76,2016,,Southern Nevada Regional Housing Authority,""
Michael Smith,Maintenance Aide,53457.21,5.71,10657.10,33507.95,64120.02,97627.97,2016,,Southern Nevada Regional Housing Authority,""
Anthony Conrad Tyler,Human Resources Specialist,67966.55,0.00,3131.12,26239.96,71097.67,97337.63,2016,,Southern Nevada Regional Housing Authority,""
Carla S. Macklin,Housing Assistant Specialist I,53168.40,0.00,12670.32,31108.83,65838.72,96947.55,2016,,Southern Nevada Regional Housing Authority,""
Michele T. Taliaferro,Senior Occupancy Specialist,53660.41,371.52,8545.78,34192.88,62577.71,96770.59,2016,,Southern Nevada Regional Housing Authority,""
Roosevelt Moore Jr.,Maintenance Aide,59436.09,0.00,11922.14,25003.08,71358.23,96361.31,2016,,Southern Nevada Regional Housing Authority,""
Matthew Stonebarger,Maintenance Aide,52205.76,0.00,12155.53,31747.33,64361.29,96108.62,2016,,Southern Nevada Regional Housing Authority,""
Senta M. Robinson,Asset Manager,55903.96,0.00,4779.56,34430.92,60683.52,95114.44,2016,,Southern Nevada Regional Housing Authority,""
Jocelyn Wong,Accounting Specialist II,54811.18,0.00,7456.85,31854.41,62268.03,94122.44,2016,,Southern Nevada Regional Housing Authority,""
Armando Pascual,Maintenance Aide,56974.19,0.00,5913.75,31086.68,62887.94,93974.62,2016,,Southern Nevada Regional Housing Authority,""
Anthony J. Jordan,Maintenance Aide,54496.50,0.00,9388.30,29879.97,63884.80,93764.77,2016,,Southern Nevada Regional Housing Authority,""
Michael White,Maintenance Mechanic,56716.96,918.03,9865.66,26046.82,67500.65,93547.47,2016,,Southern Nevada Regional Housing Authority,""
Michael Sean Gentry,Procuredment Specialist,62642.84,39.59,5970.08,24335.47,68652.51,92987.98,2016,,Southern Nevada Regional Housing Authority,""
Johnny McCoy,Procurement Technician,51699.70,1655.70,13570.85,25963.76,66926.25,92890.01,2016,,Southern Nevada Regional Housing Authority,""
Patricia Rossol,Asset Manager,61126.00,0.00,14705.79,16620.46,75831.79,92452.25,2016,,Southern Nevada Regional Housing Authority,""
Luis Molina,Maintenance Mechanic,51074.56,692.48,10081.44,30342.61,61848.48,92191.09,2016,,Southern Nevada Regional Housing Authority,""
Kelly Millet,Housing Assistance Specialist II,53425.28,0.00,9050.53,29676.07,62475.81,92151.88,2016,,Southern Nevada Regional Housing Authority,""
Martha Floyd,FSS Coordinator,59296.24,19.44,6736.94,26025.52,66052.62,92078.14,2016,,Southern Nevada Regional Housing Authority,""
Monica Lancaster,Housing Assistance Specialist II,52814.46,29.51,6154.73,32072.27,58998.70,91070.97,2016,,Southern Nevada Regional Housing Authority,""
Jose Murillo,Data Analyst,53632.81,580.69,10157.11,26097.19,64370.61,90467.80,2016,,Southern Nevada Regional Housing Authority,""
James Jackson,HQS Inspector,38168.13,47.85,27202.32,24874.23,65418.30,90292.53,2016,,Southern Nevada Regional Housing Authority,""
Ernie Romero,Maintenance Aide,50634.43,79.93,6800.07,32660.52,57514.43,90174.95,2016,,Southern Nevada Regional Housing Authority,""
Sabrina D. Rhone,Compliance Specialist,53466.76,0.00,6743.38,29090.24,60210.14,89300.38,2016,,Southern Nevada Regional Housing Authority,""
Alan Karganilla,Maintenance Mechanic,56169.20,9.29,4657.18,28136.23,60835.67,88971.90,2016,,Southern Nevada Regional Housing Authority,""
Melanie T Braud,Modernization/Development Cooridinator,54317.90,0.00,7318.33,27226.36,61636.23,88862.59,2016,,Southern Nevada Regional Housing Authority,""
Sharon Payne,Occupancy Specialist,49822.09,0.00,8616.44,30406.94,58438.53,88845.47,2016,,Southern Nevada Regional Housing Authority,""
Renea Kessock,Occupancy Specialist,50722.69,1746.34,12206.88,24163.45,64675.91,88839.36,2016,,Southern Nevada Regional Housing Authority,""
Earlean C. Blackmon,Office Assistant II,47631.90,0.00,9956.58,30979.68,57588.48,88568.16,2016,,Southern Nevada Regional Housing Authority,""
John Storick,Maintenance Mechanic,50506.78,94.12,6221.00,31090.74,56821.90,87912.64,2016,,Southern Nevada Regional Housing Authority,""
Jesse Ceniceros,Maintenance Mechanic,46098.30,791.74,8951.84,29200.44,55841.88,85042.32,2016,,Southern Nevada Regional Housing Authority,""
Roberta Diaz-Mendez,Occupancy Specialist,54304.08,184.89,6113.53,23254.39,60602.50,83856.89,2016,,Southern Nevada Regional Housing Authority,""
Essie M. Williams,FSS Coordinator,48277.32,271.89,10753.45,24044.12,59302.66,83346.78,2016,,Southern Nevada Regional Housing Authority,""
Courtney Errington,Housing Assistance Specialist II,49688.74,253.42,10084.89,23209.25,60027.05,83236.30,2016,,Southern Nevada Regional Housing Authority,""
Phelan D. Thomas,Housing Assistance Specialist II,46596.03,121.64,7399.36,27624.81,54117.03,81741.84,2016,,Southern Nevada Regional Housing Authority,""
Theresa Smith,Senior Occupancy Specialist,50127.91,340.74,8198.84,22861.16,58667.49,81528.65,2016,,Southern Nevada Regional Housing Authority,""
Albert Paul Breaux,Maintenance Mechanic,44805.47,0.00,4812.47,31479.64,49617.94,81097.58,2016,,Southern Nevada Regional Housing Authority,""
Daniel Kane,Senior Service Program Coordinator,45108.27,0.00,6321.64,29327.75,51429.91,80757.66,2016,,Southern Nevada Regional Housing Authority,""
Clarissa Gutierrez,Eligibility Specialist,48711.26,1454.18,4458.05,26093.75,54623.49,80717.24,2016,,Southern Nevada Regional Housing Authority,""
Todd E. Ercolani,Maintenance Mechanic,50959.47,1964.54,5219.15,22119.42,58143.16,80262.58,2016,,Southern Nevada Regional Housing Authority,""
Juliet Abalos,Accounting Specialist II,51726.03,61.32,5152.71,23270.03,56940.06,80210.09,2016,,Southern Nevada Regional Housing Authority,""
Gilbert Ambaqued Tacan,Maintenance Supervisor,49910.91,2681.17,3464.48,23746.16,56056.56,79802.72,2016,,Southern Nevada Regional Housing Authority,""
Michelle Holloman-Tiberino,Associate Deputy Director,55061.28,5.71,2946.16,21375.90,58013.15,79389.05,2016,,Southern Nevada Regional Housing Authority,""
Aaron Chaidez,Maintenance Mechanic,46763.48,1956.85,9369.58,21083.92,58089.91,79173.83,2016,,Southern Nevada Regional Housing Authority,""
Bohdan Taras Maciech,Maintenance Mechanic,43253.83,4857.50,8557.34,20683.67,56668.67,77352.34,2016,,Southern Nevada Regional Housing Authority,""
Veronica Elizalde,Housing Assistance Specialist II,43425.62,201.21,5827.39,27820.46,49454.22,77274.68,2016,,Southern Nevada Regional Housing Authority,""
Malandria Watson,Senior Occupancy Specialist,44962.79,308.57,6312.25,25555.18,51583.61,77138.79,2016,,Southern Nevada Regional Housing Authority,""
Laura Morgan,FSS Coordinator,50836.04,441.48,4215.50,21494.23,55493.02,76987.25,2016,,Southern Nevada Regional Housing Authority,""
Mary Anne R Paes,Eligibility Specialist,47739.23,641.88,5673.29,22793.19,54054.40,76847.59,2016,,Southern Nevada Regional Housing Authority,""
Rhonda K. Miller,Eligibility Specialist,46577.03,1528.96,5458.65,22814.34,53564.64,76378.98,2016,,Southern Nevada Regional Housing Authority,""
Leonard A. Wolfram,Maintenance Aide,48617.04,0.00,5673.29,21912.82,54290.33,76203.15,2016,,Southern Nevada Regional Housing Authority,""
Luis Mercado,Maintenance Mechanic,43232.21,1160.16,2126.48,29665.98,46518.85,76184.83,2016,,Southern Nevada Regional Housing Authority,""
John Yelverton,Maintenance Aide,46619.70,0.18,9203.94,20266.23,55823.82,76090.05,2016,,Southern Nevada Regional Housing Authority,""
Susan Holley,Housing Assistance Specialist II,47805.02,0.00,6678.86,21504.57,54483.88,75988.45,2016,,Southern Nevada Regional Housing Authority,""
Debbie Marie Vega,Occupancy Specialist,43687.42,0.00,4785.18,27257.46,48472.60,75730.06,2016,,Southern Nevada Regional Housing Authority,""
Charles F Sullivan,Maintenance Mechanic,42603.92,2764.06,3582.65,26637.72,48950.63,75588.35,2016,,Southern Nevada Regional Housing Authority,""
Nancy Ajimine,Office Assistant II,41910.13,5469.35,6312.25,21632.76,53691.73,75324.49,2016,,Southern Nevada Regional Housing Authority,""
Alma Mendiola,Assistant Property Manager,44240.16,1579.90,3819.39,24790.47,49639.45,74429.92,2016,,Southern Nevada Regional Housing Authority,""
Agnes Neuhaus,Accounting Specialist I,49243.25,69.90,3991.26,21002.28,53304.41,74306.69,2016,,Southern Nevada Regional Housing Authority,""
Dawn L Leo,Executive Secretary,45423.15,445.77,4129.12,24195.67,49998.04,74193.71,2016,,Southern Nevada Regional Housing Authority,""
Ronald Apodaca,Maintenance Supervisor,48409.41,735.76,10263.40,14543.10,59408.57,73951.67,2016,,Southern Nevada Regional Housing Authority,""
Bonita Jean Fahy,Resident Program Coordinator,56379.97,0.00,2206.96,14855.82,58586.93,73442.75,2016,,Southern Nevada Regional Housing Authority,""
John B. Phillips II,Maintenance Mechanic,42066.85,1939.65,2126.48,27264.22,46132.98,73397.20,2016,,Southern Nevada Regional Housing Authority,""
Rosemarie Rhodes,Maintenance Worker,43951.91,0.00,7694.45,21687.97,51646.36,73334.33,2016,,Southern Nevada Regional Housing Authority,""
Marshall G. Solomon,Maintenance Worker,41827.82,0.00,2084.24,29377.02,43912.06,73289.08,2016,,Southern Nevada Regional Housing Authority,""
Jesus Belaustegui,Maintenance Worker,42617.99,1137.12,5694.61,23763.64,49449.72,73213.36,2016,,Southern Nevada Regional Housing Authority,""
Marlon Deshawn Bingham,Maintenance Mechanic,41422.73,724.58,10620.51,20263.25,52767.82,73031.07,2016,,Southern Nevada Regional Housing Authority,""
Jamieka L. Brewer,Senior Occupancy Specialist,46555.84,320.04,5232.53,20843.02,52108.41,72951.43,2016,,Southern Nevada Regional Housing Authority,""
Anastasia L Jackson-Campbell,Property Manager,47749.36,0.00,4121.04,20941.72,51870.40,72812.12,2016,,Southern Nevada Regional Housing Authority,""
Carl M. Snowden,Resident Services Driver,41634.17,678.22,6661.18,23368.63,48973.57,72342.20,2016,,Southern Nevada Regional Housing Authority,""
Rita A. Larson,Assistant Property Manager,41598.42,362.70,4140.03,25977.17,46101.15,72078.32,2016,,Southern Nevada Regional Housing Authority,""
Gawaan A. Hureskin,Asset Manager,48272.00,0.00,2916.08,20769.04,51188.08,71957.12,2016,,Southern Nevada Regional Housing Authority,""
Russel Van Vuren,Maintenance Worker,28692.10,0.00,27720.50,15404.23,56412.60,71816.83,2016,,Southern Nevada Regional Housing Authority,""
Marianna See,Housing Assistance Specialist II,41635.13,6.73,3769.52,26248.92,45411.38,71660.30,2016,,Southern Nevada Regional Housing Authority,""
Maria P. Rivera,Payroll Specialist,46970.35,1746.57,2697.52,19985.82,51414.44,71400.26,2016,,Southern Nevada Regional Housing Authority,""
Stephen O McCoy,FSS Coordinator,46376.28,383.65,2986.56,21184.11,49746.49,70930.60,2016,,Southern Nevada Regional Housing Authority,""
Diane Smith,Housing Assistant Specialist I,44653.21,0.00,5481.61,20688.64,50134.82,70823.46,2016,,Southern Nevada Regional Housing Authority,""
Jason Calvin Day,Maintenance Mechanic,43083.78,54.45,14357.61,12839.23,57495.84,70335.07,2016,,Southern Nevada Regional Housing Authority,""
Paula S. Tucker,FSS Coordinator,45326.15,0.00,4579.82,20423.75,49905.97,70329.72,2016,,Southern Nevada Regional Housing Authority,""
Donna C. Keith,Housing Assistance Specialist II,44295.27,0.00,6224.05,19708.46,50519.32,70227.78,2016,,Southern Nevada Regional Housing Authority,""
LaChina C. Caruth,Housing Assistance Specialist II,43718.23,284.52,6613.22,19510.84,50615.97,70126.81,2016,,Southern Nevada Regional Housing Authority,""
Scott A. Waite,Maintenance Worker,43411.92,554.88,2958.96,23017.57,46925.76,69943.33,2016,,Southern Nevada Regional Housing Authority,""
Carol L. Hicks,FSS Coordinator,45952.88,0.00,2407.20,21567.15,48360.08,69927.23,2016,,Southern Nevada Regional Housing Authority,""
Shamekia Cherry,Office Assistant II,42785.92,278.83,7496.25,19365.84,50561.00,69926.84,2016,,Southern Nevada Regional Housing Authority,""
Harvey Lee Brown,Maintenance Mechanic,41591.71,168.47,2120.96,25044.42,43881.14,68925.56,2016,,Southern Nevada Regional Housing Authority,""
Cheryl Trotter,Assistant Property Manager,39260.72,0.00,5545.86,23876.83,44806.58,68683.41,2016,,Southern Nevada Regional Housing Authority,""
Shawana L. Carroll,Office Assistant II,38079.30,0.00,3150.75,27426.76,41230.05,68656.81,2016,,Southern Nevada Regional Housing Authority,""
Inesha R Phillips,Portability Specialist,42182.54,0.00,2609.88,23584.14,44792.42,68376.56,2016,,Southern Nevada Regional Housing Authority,""
Emma J Sanders,FSS Coordinator,46084.77,10.42,2975.52,19138.96,49070.71,68209.67,2016,,Southern Nevada Regional Housing Authority,""
Vincent T. Stewart Sr.,HQS Inspector,38389.29,3953.08,3499.04,21953.89,45841.41,67795.30,2016,,Southern Nevada Regional Housing Authority,""
John H Rhodes,HQS Inspector,40948.91,797.20,3645.92,22400.59,45392.03,67792.62,2016,,Southern Nevada Regional Housing Authority,""
Angela Yenchek,Senior Occupancy Specialist,46070.50,315.60,2291.12,18935.95,48677.22,67613.17,2016,,Southern Nevada Regional Housing Authority,""
Michael Iglesias,Senior Occupancy Specialist,44630.32,0.00,2177.12,20646.25,46807.44,67453.69,2016,,Southern Nevada Regional Housing Authority,""
Jorge Marty,Maintenance Mechanic,43860.54,803.40,2332.80,20390.74,46996.74,67387.48,2016,,Southern Nevada Regional Housing Authority,""
Marian D Burns,Program Specialist,44025.65,234.36,6853.99,16172.13,51114.00,67286.13,2016,,Southern Nevada Regional Housing Authority,""
Deena D. Williams,Modernization/Development Specialist,42642.49,498.53,5438.42,18426.25,48579.44,67005.69,2016,,Southern Nevada Regional Housing Authority,""
Evita Davis,Occupancy Specialist,43013.38,305.33,2713.48,20751.59,46032.19,66783.78,2016,,Southern Nevada Regional Housing Authority,""
Flournida Rose Valles-Morgado,Housing Assistant Specialist I,42830.85,52.37,2075.44,21246.00,44958.66,66204.66,2016,,Southern Nevada Regional Housing Authority,""
Patricia L Davis,Senior Occupancy Specialist,43219.27,50.16,2693.91,19660.41,45963.34,65623.75,2016,,Southern Nevada Regional Housing Authority,""
Jeffry Paul Pittman,Maintenance Aide,43516.96,1153.64,4330.63,16583.41,49001.23,65584.64,2016,,Southern Nevada Regional Housing Authority,""
Ebony C Bell,Fraud Investigator,42894.21,0.00,2081.44,20322.78,44975.65,65298.43,2016,,Southern Nevada Regional Housing Authority,""
Virgen Torres,Office Assistant II,38517.00,4267.63,2705.52,19546.73,45490.15,65036.88,2016,,Southern Nevada Regional Housing Authority,""
Debra Lynn Kenney,Support Services Coordinator,48387.14,164.34,2322.80,13592.11,50874.28,64466.39,2016,,Southern Nevada Regional Housing Authority,""
Mildred E. Lockhart,Fraud Investigator,29650.64,0.00,17777.91,16566.54,47428.55,63995.09,2016,,Southern Nevada Regional Housing Authority,""
Thomas L Langford,Maintenance Aide,43203.33,4263.23,4663.03,11725.60,52129.59,63855.19,2016,,Southern Nevada Regional Housing Authority,""
Ruth Canela,Housing Assistant Specialist I,41841.89,695.82,2104.32,18646.72,44642.03,63288.75,2016,,Southern Nevada Regional Housing Authority,""
Jazmyne N. Green,Assistant Property Manager,39911.66,3.17,3663.89,19567.54,43578.72,63146.26,2016,,Southern Nevada Regional Housing Authority,""
Daniel Joseph Garcia,Maintenance Mechanic,38381.90,956.12,3130.50,19797.96,42468.52,62266.48,2016,,Southern Nevada Regional Housing Authority,""
Nuniee Nicole Scott,Housing Assistant Specialist I,39488.11,191.51,2018.24,20144.98,41697.86,61842.84,2016,,Southern Nevada Regional Housing Authority,""
Nidia L. Apodaca,Housing Assistance Specialist II,35223.60,0.00,4223.93,22348.83,39447.53,61796.36,2016,,Southern Nevada Regional Housing Authority,""
Jose Hernandez,HQS Inspector,37027.90,3666.11,3415.04,17535.16,44109.05,61644.21,2016,,Southern Nevada Regional Housing Authority,""
Dionne Rebekah Bennett,Executive Secretary,34645.41,495.69,1863.68,24521.88,37004.78,61526.66,2016,,Southern Nevada Regional Housing Authority,""
Celeste I. Lopez,Eligibility Specialist,33656.19,1029.72,1703.28,25029.15,36389.19,61418.34,2016,,Southern Nevada Regional Housing Authority,""
Shayla Borner,Office Assistant II,33166.26,0.00,1660.24,26533.28,34826.50,61359.78,2016,,Southern Nevada Regional Housing Authority,""
Traniece R Seymour,Occupancy Specialist,44798.49,0.00,3295.40,12825.94,48093.89,60919.83,2016,,Southern Nevada Regional Housing Authority,""
Jennifer Barrett,Procurement Assistant,41334.88,863.19,5738.32,12976.04,47936.39,60912.43,2016,,Southern Nevada Regional Housing Authority,""
Kenetta Johnson,Occupancy Specialist,42131.55,0.00,2052.64,16580.36,44184.19,60764.55,2016,,Southern Nevada Regional Housing Authority,""
Amy Melissa Rucker,Occupancy Specialist,40939.05,0.00,2215.95,17435.57,43155.00,60590.57,2016,,Southern Nevada Regional Housing Authority,""
Shelline K Gardner,Occupancy Specialist,36282.92,0.00,2884.06,21390.23,39166.98,60557.21,2016,,Southern Nevada Regional Housing Authority,""
Catherine Alonso,Assistant Property Manager,39478.94,0.00,2024.48,19029.39,41503.42,60532.81,2016,,Southern Nevada Regional Housing Authority,""
Cristian Ellen Ramirez,Support Services Coordinator,42471.21,0.00,2052.64,15611.36,44523.85,60135.21,2016,,Southern Nevada Regional Housing Authority,""
Christopher Addam Sylvia,Maintenance Aide,43939.06,854.29,3332.27,11853.31,48125.62,59978.93,2016,,Southern Nevada Regional Housing Authority,""
Anita D. Keys,Occupancy Specialist,43977.02,4.24,4013.20,11883.23,47994.46,59877.69,2016,,Southern Nevada Regional Housing Authority,""
Raymond Amrein,Maintenance Mechanic,33855.54,58.00,4298.08,21528.16,38211.62,59739.78,2016,,Southern Nevada Regional Housing Authority,""
Brittany S Jones,Office Assistant II,31793.51,0.00,1620.64,26313.27,33414.15,59727.42,2016,,Southern Nevada Regional Housing Authority,""
Brandy Foreman,FSS Coordinator,35266.29,0.00,2024.48,22220.27,37290.77,59511.04,2016,,Southern Nevada Regional Housing Authority,""
Tommy Lee Albert,Infomation Technologist Specialist,31594.73,628.50,2601.84,24618.44,34825.07,59443.51,2016,,Southern Nevada Regional Housing Authority,""
Laura D Alvarez,Occupancy Specialist,40861.52,0.00,2052.64,16305.47,42914.16,59219.63,2016,,Southern Nevada Regional Housing Authority,""
Shaena Shieral Rowe,Call Center Specialist,33023.15,5.09,1984.72,23948.58,35012.96,58961.54,2016,,Southern Nevada Regional Housing Authority,""
Jenelle D. Jackson,Asset Manager,34875.16,0.00,1950.85,21397.10,36826.01,58223.11,2016,,Southern Nevada Regional Housing Authority,""
Ileana I Hampton,Occupancy Specialist,34253.78,0.00,2052.64,21774.04,36306.42,58080.46,2016,,Southern Nevada Regional Housing Authority,""
Patricia D. Sadler,Housing Assistant Specialist I,38135.75,0.00,2448.62,17011.45,40584.37,57595.82,2016,,Southern Nevada Regional Housing Authority,""
Vauna L Parr,Executive Secretary,32100.25,0.00,10308.19,15104.69,42408.44,57513.13,2016,,Southern Nevada Regional Housing Authority,""
Alicia J. Paiz,Housing Assistant Specialist I,32620.38,0.00,2770.19,21480.79,35390.57,56871.36,2016,,Southern Nevada Regional Housing Authority,""
Uzema McGee,Occupancy Specialist,40712.74,0.00,2052.64,13248.40,42765.38,56013.78,2016,,Southern Nevada Regional Housing Authority,""
LaNethia L. Hampton,Office Assistant II,34942.31,213.61,2322.13,17777.83,37478.05,55255.88,2016,,Southern Nevada Regional Housing Authority,""
Esther Valenzuela,Housing Admission Specialist II,31921.16,0.00,5043.28,17855.70,36964.44,54820.14,2016,,Southern Nevada Regional Housing Authority,""
Angela L Brooks,Office Assistant II,29420.65,704.63,1490.32,23191.44,31615.60,54807.04,2016,,Southern Nevada Regional Housing Authority,""
Deborah Lee Whitfield,Occupancy Specialist,41634.83,0.00,2052.64,10406.36,43687.47,54093.83,2016,,Southern Nevada Regional Housing Authority,""
Doreen R. Guerra,Support Services Coordinator,40188.31,315.05,2004.24,11561.03,42507.60,54068.63,2016,,Southern Nevada Regional Housing Authority,""
Amanda S. Wright,Accounting Specialist I,30417.03,2.39,3487.76,20043.41,33907.18,53950.59,2016,,Southern Nevada Regional Housing Authority,""
Deborah R. Glover,Housing Assistant Specialist I,35514.77,3.97,1780.64,16491.10,37299.38,53790.48,2016,,Southern Nevada Regional Housing Authority,""
Ronald D. Abram,Maintenance Aide,25319.20,761.76,11917.68,15552.00,37998.64,53550.64,2016,,Southern Nevada Regional Housing Authority,""
Juan Duarte,Housing Assistance Specialist II,39089.13,293.84,2904.18,11151.01,42287.15,53438.16,2016,,Southern Nevada Regional Housing Authority,""
Linda Avila,Occupancy Specialist,34993.41,0.00,1626.00,16594.90,36619.41,53214.31,2016,,Southern Nevada Regional Housing Authority,""
Barbara Morgan,Housing Assistance Specialist II,39530.23,0.00,1954.88,11378.51,41485.11,52863.62,2016,,Southern Nevada Regional Housing Authority,""
Emma C Rogers,Senior Occupancy Specialist,29759.49,0.00,2352.90,20750.97,32112.39,52863.36,2016,,Southern Nevada Regional Housing Authority,""
LaCretia Jazel Shumate,Occupancy Specialist,36792.69,0.00,1812.96,14254.37,38605.65,52860.02,2016,,Southern Nevada Regional Housing Authority,""
Michael David Warrington,Resident Services Driver,34804.63,499.52,2284.64,15264.89,37588.79,52853.68,2016,,Southern Nevada Regional Housing Authority,""
Marcy L. Wallace,Office Assistant I,30215.88,2.64,5426.79,16177.64,35645.31,51822.95,2016,,Southern Nevada Regional Housing Authority,""
Nina Rodriguez-Figueroa,Housing Assistant Specialist I,33646.50,0.00,2177.60,15958.06,35824.10,51782.16,2016,,Southern Nevada Regional Housing Authority,""
Debra A. Mumford,Office Assistant II,33515.59,165.78,2578.48,15410.45,36259.85,51670.30,2016,,Southern Nevada Regional Housing Authority,""
Deborah Ann Yates,Occupancy Specialist,40464.95,0.00,2770.36,7405.07,43235.31,50640.38,2016,,Southern Nevada Regional Housing Authority,""
Alice M. Barker,Office Assistant I,32649.56,0.00,1713.28,16128.85,34362.84,50491.69,2016,,Southern Nevada Regional Housing Authority,""
Kim S. Smith,HQS Supervisor,35684.60,1080.05,913.60,12464.00,37678.25,50142.25,2016,,Southern Nevada Regional Housing Authority,""
Casey K. Exley,Asset Manager,37084.08,0.00,775.12,10523.25,37859.20,48382.45,2016,,Southern Nevada Regional Housing Authority,""
Adrian A. Newman,Maintenance Aide,28586.36,2261.39,6332.91,10800.41,37180.66,47981.07,2016,,Southern Nevada Regional Housing Authority,""
Jeanette E Anderson,Maintenance Aide,25936.16,888.38,1721.04,17746.30,28545.58,46291.88,2016,,Southern Nevada Regional Housing Authority,""
Yessenia Cannon,Occupancy Specialist,24959.03,121.98,2700.47,16557.92,27781.48,44339.40,2016,,Southern Nevada Regional Housing Authority,""
Amanda R. Ross,Call Center Specialist,31425.87,0.00,1731.68,10095.11,33157.55,43252.66,2016,,Southern Nevada Regional Housing Authority,""
Jefferey Walker,HQS Inspector,29601.92,542.82,707.04,11057.90,30851.78,41909.68,2016,,Southern Nevada Regional Housing Authority,""
Lorrenda L Hatfield,Senior Occupancy Specialist,23348.05,145.02,7199.78,10697.34,30692.85,41390.19,2016,,Southern Nevada Regional Housing Authority,""
Teresa S. Frias,Housing Assistance Specialist II,17149.92,0.00,13649.44,10548.45,30799.36,41347.81,2016,,Southern Nevada Regional Housing Authority,""
Salvatore Marte,Maintenance Aide,28254.69,956.76,7645.01,3430.41,36856.46,40286.87,2016,,Southern Nevada Regional Housing Authority,""
Tiana C. Polar,HQS Inspector,29182.68,271.75,730.80,8583.31,30185.23,38768.54,2016,,Southern Nevada Regional Housing Authority,""
Luis A. Vasquez,Maintenance Mechanic,22990.07,0.00,4916.95,9567.64,27907.02,37474.66,2016,,Southern Nevada Regional Housing Authority,""
Latoya Sherese Lewis,Occupancy Specialist,27216.47,0.00,749.12,7744.65,27965.59,35710.24,2016,,Southern Nevada Regional Housing Authority,""
Charity Essie Rash,Occupancy Specialist,28396.76,0.00,749.12,6431.20,29145.88,35577.08,2016,,Southern Nevada Regional Housing Authority,""
Andrew Leon,Maintenance Mechanic,24115.14,1371.27,1383.72,4986.34,26870.13,31856.47,2016,,Southern Nevada Regional Housing Authority,""
Juan Salas,Maintenance Supervisor,21123.55,335.73,527.68,9490.97,21986.96,31477.93,2016,,Southern Nevada Regional Housing Authority,""
Shaquan R. Oats,Support Services Coordinator,23004.69,0.00,725.55,7475.50,23730.24,31205.74,2016,,Southern Nevada Regional Housing Authority,""
LoRita Hines,Caseworker,21924.93,0.00,993.84,8144.32,22918.77,31063.09,2016,,Southern Nevada Regional Housing Authority,""
Rebecca Christine Medearis,Occupancy Specialist,23298.65,0.00,562.24,6384.66,23860.89,30245.55,2016,,Southern Nevada Regional Housing Authority,""
Daniel A. Avila,Maintenance Mechanic,23355.03,1201.55,576.00,4889.03,25132.58,30021.61,2016,,Southern Nevada Regional Housing Authority,""
Ricardo H. Villalta,Occupancy Specialist,24361.58,0.00,562.24,5021.10,24923.82,29944.92,2016,,Southern Nevada Regional Housing Authority,""
Joaquin Benitez,Maintenance Mechanic,22596.20,303.13,684.75,6331.95,23584.08,29916.03,2016,,Southern Nevada Regional Housing Authority,""
Sharnina Starling-Buford,Occupancy Specialist,23915.28,0.00,562.24,5333.90,24477.52,29811.42,2016,,Southern Nevada Regional Housing Authority,""
Cheryl A. Petas,Occupancy Specialist,23821.67,0.00,562.24,5021.10,24383.91,29405.01,2016,,Southern Nevada Regional Housing Authority,""
Jamela Christian,Occupancy Specialist,18854.20,0.00,4289.80,5999.98,23144.00,29143.98,2016,,Southern Nevada Regional Housing Authority,""
Avelinia Olivia August,Occupancy Specialist,24094.92,0.00,562.24,3657.54,24657.16,28314.70,2016,,Southern Nevada Regional Housing Authority,""
Delphine A Cobb,Occupancy Specialist,20137.59,0.00,485.12,4519.41,20622.71,25142.12,2016,,Southern Nevada Regional Housing Authority,""
Paul C. Reyes,Maintenance Mechanic,18942.59,1015.69,1576.30,3550.00,21534.58,25084.58,2016,,Southern Nevada Regional Housing Authority,""
Jefferey Alan Yatteau,HQS Inspector,18678.48,0.00,535.28,5352.45,19213.76,24566.21,2016,,Southern Nevada Regional Housing Authority,""
Francisco Martinez-Rodriguez,HQS Inspector,8225.04,980.42,1298.72,11816.81,10504.18,22320.99,2016,,Southern Nevada Regional Housing Authority,""
Vanessa Herrera,Occupancy Specialist,12756.78,0.00,1691.04,6838.74,14447.82,21286.56,2016,,Southern Nevada Regional Housing Authority,""
Amelia Garcia,Caseworker,10839.66,0.00,1575.70,8724.57,12415.36,21139.93,2016,,Southern Nevada Regional Housing Authority,""
Leticia Vasquez,Call Center Specialist,16567.10,0.00,417.68,3879.49,16984.78,20864.27,2016,,Southern Nevada Regional Housing Authority,""
Marnie A Squier,Occupancy Specialist,12431.44,0.00,2145.04,6068.86,14576.48,20645.34,2016,,Southern Nevada Regional Housing Authority,""
Sheree Kelly,Occupancy Specialist,9401.17,0.00,2920.43,8101.39,12321.60,20422.99,2016,,Southern Nevada Regional Housing Authority,""
Sue Ann Carr,Occupancy Specialist,10846.26,0.00,4152.60,5137.52,14998.86,20136.38,2016,,Southern Nevada Regional Housing Authority,""
Andrea L. Kinsey,Occupancy Specialist,14181.08,0.00,489.92,5459.44,14671.00,20130.44,2016,,Southern Nevada Regional Housing Authority,""
Carl W. Polito Jr.,Maintenance Mechanic,13762.85,0.00,2057.86,3828.59,15820.71,19649.30,2016,,Southern Nevada Regional Housing Authority,""
Steven G. Wilson,HQS Inspector,14593.09,266.64,535.44,4103.62,15395.17,19498.79,2016,,Southern Nevada Regional Housing Authority,""
Charles Kirk,HQS Inspector,15303.43,0.00,535.44,2320.12,15838.87,18158.99,2016,,Southern Nevada Regional Housing Authority,""
Ronald Venezia,Maintenance Aide,8322.44,566.16,3398.41,4066.39,12287.01,16353.40,2016,,Southern Nevada Regional Housing Authority,""
Djuanique Lasandra Lowe,Occupancy Specialist,13364.34,0.00,384.88,2425.12,13749.22,16174.34,2016,,Southern Nevada Regional Housing Authority,""
Jerome M. Miello,HQS Inspector,1820.60,0.00,5785.64,7218.93,7606.24,14825.17,2016,,Southern Nevada Regional Housing Authority,""
Guadalupe Carrasco-Santamaria,Maintenance Aide,6091.22,1150.60,2319.71,3211.47,9561.53,12773.00,2016,,Southern Nevada Regional Housing Authority,""
Trinidad Bengert,Call Center Specialist,8500.00,0.00,0.00,2380.00,8500.00,10880.00,2016,,Southern Nevada Regional Housing Authority,""
Deborah Denisha Schooley,Occupancy Specialist,6669.91,0.00,602.93,2857.65,7272.84,10130.49,2016,,Southern Nevada Regional Housing Authority,""
Chanel G. Edmond,Office Assistant II,7922.61,0.00,822.93,1284.21,8745.54,10029.75,2016,,Southern Nevada Regional Housing Authority,""
Bruce K Bundy,Warehouse Worker,1747.67,0.00,5104.24,2564.57,6851.91,9416.48,2016,,Southern Nevada Regional Housing Authority,""
Keyara R. Adkinson,Summer Intern Y.E.S.,5557.77,0.00,0.00,0.00,5557.77,5557.77,2016,,Southern Nevada Regional Housing Authority,""
Dennis Juan Ong,Maintenance Supervisor,1104.80,0.00,3818.46,326.19,4923.26,5249.45,2016,,Southern Nevada Regional Housing Authority,""
Sally Irene Pelham,Executive Secretary,4111.92,7.33,179.92,609.77,4299.17,4908.94,2016,,Southern Nevada Regional Housing Authority,""
Nicole Kali Holston,Occupancy Specialist,3405.97,0.00,460.49,1003.97,3866.46,4870.43,2016,,Southern Nevada Regional Housing Authority,""
Esmeralda Rojas,Summer Intern Y.E.S.,3563.84,0.00,0.00,0.00,3563.84,3563.84,2016,,Southern Nevada Regional Housing Authority,""
Alexander P. Ros,Summer Intern Y.E.S.,3536.00,0.00,0.00,0.00,3536.00,3536.00,2016,,Southern Nevada Regional Housing Authority,""
Devon J. James,Summer Intern Y.E.S.,3040.00,0.00,0.00,0.00,3040.00,3040.00,2016,,Southern Nevada Regional Housing Authority,""
Katelyn Nicole Rauskin,Summer Intern Y.E.S.,3015.00,0.00,0.00,0.00,3015.00,3015.00,2016,,Southern Nevada Regional Housing Authority,""
Lorenda Kajzeir McDaniel-Carter,Summer Intern Y.E.S.,2960.00,0.00,0.00,0.00,2960.00,2960.00,2016,,Southern Nevada Regional Housing Authority,""
Tytaliayah Renae Parker,Summer Intern Y.E.S.,2949.75,0.00,0.00,0.00,2949.75,2949.75,2016,,Southern Nevada Regional Housing Authority,""
Cadeau Mugara,Summer Intern Y.E.S.,2815.00,0.00,0.00,0.00,2815.00,2815.00,2016,,Southern Nevada Regional Housing Authority,""
Bryce William Hayes,Summer Intern Y.E.S.,2790.00,0.00,0.00,0.00,2790.00,2790.00,2016,,Southern Nevada Regional Housing Authority,""
Veronica Esther Quezada,Summer Intern Y.E.S.,2757.00,0.00,0.00,0.00,2757.00,2757.00,2016,,Southern Nevada Regional Housing Authority,""
Shamara J. Dotson,Summer Intern Y.E.S.,2755.00,0.00,0.00,0.00,2755.00,2755.00,2016,,Southern Nevada Regional Housing Authority,""
Marcus A. Ettress,Summer Intern Y.E.S.,2619.38,0.00,0.00,0.00,2619.38,2619.38,2016,,Southern Nevada Regional Housing Authority,""
Lawerence J. Mendez,Summer Intern Y.E.S.,2574.00,0.00,0.00,0.00,2574.00,2574.00,2016,,Southern Nevada Regional Housing Authority,""
Desmond S. Brown,Summer Intern Y.E.S.,2574.00,0.00,0.00,0.00,2574.00,2574.00,2016,,Southern Nevada Regional Housing Authority,""
Daniel A. Mazzocchi,Summer Intern Y.E.S.,2549.26,0.00,0.00,0.00,2549.26,2549.26,2016,,Southern Nevada Regional Housing Authority,""
Andrew C. Thompson,Summer Intern Y.E.S.,2545.13,0.00,0.00,0.00,2545.13,2545.13,2016,,Southern Nevada Regional Housing Authority,""
Millicia D. Green,Summer Intern Y.E.S.,2528.63,0.00,0.00,0.00,2528.63,2528.63,2016,,Southern Nevada Regional Housing Authority,""
Linda Maria Castellanos,Summer Intern Y.E.S.,2442.00,0.00,0.00,0.00,2442.00,2442.00,2016,,Southern Nevada Regional Housing Authority,""
Mariah Danielle Macneice,Summer Intern Y.E.S.,2400.00,0.00,0.00,0.00,2400.00,2400.00,2016,,Southern Nevada Regional Housing Authority,""
Roberto Rodrigo Arroyo,Summer Intern Y.E.S.,2315.00,0.00,0.00,0.00,2315.00,2315.00,2016,,Southern Nevada Regional Housing Authority,""
Carl E. Dancer,Summer Intern Y.E.S.,2277.00,0.00,0.00,0.00,2277.00,2277.00,2016,,Southern Nevada Regional Housing Authority,""
Vernita L. Harrison,Summer Intern Y.E.S.,2260.51,0.00,0.00,0.00,2260.51,2260.51,2016,,Southern Nevada Regional Housing Authority,""
Keyauna Nala Smith,Summer Intern Y.E.S.,2211.00,0.00,0.00,0.00,2211.00,2211.00,2016,,Southern Nevada Regional Housing Authority,""
Terrance Le M Claggion,Summer Intern Y.E.S.,2198.63,0.00,0.00,0.00,2198.63,2198.63,2016,,Southern Nevada Regional Housing Authority,""
Jose Angel Chavez,Summer Intern Y.E.S.,2178.00,0.00,0.00,0.00,2178.00,2178.00,2016,,Southern Nevada Regional Housing Authority,""
Kristiana Cacha,Summer Intern Y.E.S.,2107.50,0.00,0.00,0.00,2107.50,2107.50,2016,,Southern Nevada Regional Housing Authority,""
DeJanay Tatianna Scott,Summer Intern Y.E.S.,2046.00,0.00,0.00,0.00,2046.00,2046.00,2016,,Southern Nevada Regional Housing Authority,""
Alexis Dominique Dameron,Summer Intern Y.E.S.,2046.00,0.00,0.00,0.00,2046.00,2046.00,2016,,Southern Nevada Regional Housing Authority,""
Kristian B. Williams Harrell,Summer Intern Y.E.S.,2037.75,0.00,0.00,0.00,2037.75,2037.75,2016,,Southern Nevada Regional Housing Authority,""
Khalila Nakia Love,Summer Intern Y.E.S.,2029.50,0.00,0.00,0.00,2029.50,2029.50,2016,,Southern Nevada Regional Housing Authority,""
De'Onzha Ja Tandra Williams,Summer Intern Y.E.S.,2025.38,0.00,0.00,0.00,2025.38,2025.38,2016,,Southern Nevada Regional Housing Authority,""
Jessica Y. Ixcajoc Bermudez,Summer Intern Y.E.S.,1985.00,0.00,0.00,0.00,1985.00,1985.00,2016,,Southern Nevada Regional Housing Authority,""
April Sue Davis,Summer Intern Y.E.S.,1980.00,0.00,0.00,0.00,1980.00,1980.00,2016,,Southern Nevada Regional Housing Authority,""
Andrae Romar Robinson,Summer Intern Y.E.S.,1980.00,0.00,0.00,0.00,1980.00,1980.00,2016,,Southern Nevada Regional Housing Authority,""
Eric Montae Stacker II,Summer Intern Y.E.S.,1980.00,0.00,0.00,0.00,1980.00,1980.00,2016,,Southern Nevada Regional Housing Authority,""
De'Janae Nataria Brown,Summer Intern Y.E.S.,1963.50,0.00,0.00,0.00,1963.50,1963.50,2016,,Southern Nevada Regional Housing Authority,""
Anthony Miguel Romero,Summer Intern Y.E.S.,1947.00,0.00,0.00,0.00,1947.00,1947.00,2016,,Southern Nevada Regional Housing Authority,""
ShaJah Sharrel Hall,Summer Intern Y.E.S.,1901.62,0.00,0.00,0.00,1901.62,1901.62,2016,,Southern Nevada Regional Housing Authority,""
Marina Elyssa Gonzalez,Summer Intern Y.E.S.,1889.25,0.00,0.00,0.00,1889.25,1889.25,2016,,Southern Nevada Regional Housing Authority,""
Antoni Gabriel Bran,Summer Intern Y.E.S.,1852.13,0.00,0.00,0.00,1852.13,1852.13,2016,,Southern Nevada Regional Housing Authority,""
Evelia Garcia Galvez,Summer Intern Y.E.S.,1777.88,0.00,0.00,0.00,1777.88,1777.88,2016,,Southern Nevada Regional Housing Authority,""
Antwuan Lamont Mason-Gaines,Summer Intern Y.E.S.,1773.75,0.00,0.00,0.00,1773.75,1773.75,2016,,Southern Nevada Regional Housing Authority,""
Kevin Aguirre-Regalado,Summer Intern Y.E.S.,1771.70,0.00,0.00,0.00,1771.70,1771.70,2016,,Southern Nevada Regional Housing Authority,""
Christina N. Brown,Summer Intern Y.E.S.,1749.01,0.00,0.00,0.00,1749.01,1749.01,2016,,Southern Nevada Regional Housing Authority,""
Vanessa Muniz,Summer Intern Y.E.S.,1736.00,0.00,0.00,0.00,1736.00,1736.00,2016,,Southern Nevada Regional Housing Authority,""
Carlos A. Guerreiro,Summer Intern Y.E.S.,1701.58,0.00,0.00,0.00,1701.58,1701.58,2016,,Southern Nevada Regional Housing Authority,""
Jacqueline Desire Alvarado,Summer Intern Y.E.S.,1665.00,0.00,0.00,0.00,1665.00,1665.00,2016,,Southern Nevada Regional Housing Authority,""
Johnesha Dickerson,Summer Intern Y.E.S.,1639.56,0.00,0.00,0.00,1639.56,1639.56,2016,,Southern Nevada Regional Housing Authority,""
Kaylen N. Harper,Summer Intern Y.E.S.,1617.00,0.00,0.00,0.00,1617.00,1617.00,2016,,Southern Nevada Regional Housing Authority,""
Rae'ven Renae Lambey,Summer Intern Y.E.S.,1601.32,0.00,0.00,0.00,1601.32,1601.32,2016,,Southern Nevada Regional Housing Authority,""
Jennifer Denice Contreras,Summer Intern Y.E.S.,1389.31,0.00,0.00,0.00,1389.31,1389.31,2016,,Southern Nevada Regional Housing Authority,""
Eboney Leanna Johnson,Summer Intern Y.E.S.,1317.50,0.00,0.00,0.00,1317.50,1317.50,2016,,Southern Nevada Regional Housing Authority,""
Jorge Lizama,Summer Intern Y.E.S.,1182.50,0.00,0.00,0.00,1182.50,1182.50,2016,,Southern Nevada Regional Housing Authority,""
Marquel Daron Taylor,Summer Intern Y.E.S.,1180.00,0.00,0.00,0.00,1180.00,1180.00,2016,,Southern Nevada Regional Housing Authority,""
Chevis D. Sneed,Summer Intern Y.E.S.,1115.00,0.00,0.00,0.00,1115.00,1115.00,2016,,Southern Nevada Regional Housing Authority,""
Jaeyelle Charleta Gray,Summer Intern Y.E.S.,1097.26,0.00,0.00,0.00,1097.26,1097.26,2016,,Southern Nevada Regional Housing Authority,""
Timothy M Panis-Andrada,Maintenance Aide,922.80,0.00,0.00,133.80,922.80,1056.60,2016,,Southern Nevada Regional Housing Authority,""
Tay'Von Da'Von Jenkins,Summer Intern Y.E.S.,910.00,0.00,0.00,0.00,910.00,910.00,2016,,Southern Nevada Regional Housing Authority,""
Martell Nathaniel Thames,Summer Intern Y.E.S.,770.00,0.00,0.00,0.00,770.00,770.00,2016,,Southern Nevada Regional Housing Authority,""
Kiara Lynn-Lousie Frazier,Summer Intern Y.E.S.,720.00,0.00,0.00,0.00,720.00,720.00,2016,,Southern Nevada Regional Housing Authority,""
Keith Ronerick Kelley,Summer Intern Y.E.S.,670.00,0.00,0.00,0.00,670.00,670.00,2016,,Southern Nevada Regional Housing Authority,""
Patsy Lizbeth Falcon,Summer Intern Y.E.S.,288.00,0.00,0.00,0.00,288.00,288.00,2016,,Southern Nevada Regional Housing Authority,""
Elizabeth Segovia Segovia,Summer Intern Y.E.S.,180.00,0.00,0.00,0.00,180.00,180.00,2016,,Southern Nevada Regional Housing Authority,""
Dellavon W. Smith,Summer Intern Y.E.S.,74.25,0.00,0.00,0.00,74.25,74.25,2016,,Southern Nevada Regional Housing Authority,""
