Employee Name,Job Title,Base Pay,Overtime Pay,Other Pay,Benefits,Total Pay,Total Pay & Benefits,Year,Notes,Agency,Status
Teri A Hurt,Manager,70951.84,0.00,0.00,34590.87,70951.84,105542.71,2016,,Stagecoach General Improvement District,""
"Joseph L Seng, III",Utility Supervisor,61740.00,1137.17,5044.52,19942.26,67921.69,87863.95,2016,,Stagecoach General Improvement District,""
James Woodward,Water Oper. Specialist,41935.22,800.31,3732.16,17237.50,46467.69,63705.19,2016,,Stagecoach General Improvement District,""
Christina Schmidt,Admin. Asst,30082.74,21.33,0.00,13973.14,30104.07,44077.21,2016,,Stagecoach General Improvement District,""
Jaimee Mccoy,Secretary,1800.00,0.00,0.00,0.00,1800.00,1800.00,2016,,Stagecoach General Improvement District,""
Patrick McIntyre,Member at Large,1800.00,0.00,0.00,0.00,1800.00,1800.00,2016,,Stagecoach General Improvement District,""
Marjorie Gartenberg,Chairperson,1800.00,0.00,0.00,0.00,1800.00,1800.00,2016,,Stagecoach General Improvement District,""
Rolland Ray,Treasurer,1800.00,0.00,0.00,0.00,1800.00,1800.00,2016,,Stagecoach General Improvement District,""
James Moore,Member at Large,1500.00,0.00,0.00,0.00,1500.00,1500.00,2016,,Stagecoach General Improvement District,""
