Employee Name,Job Title,Base Pay,Overtime Pay,Other Pay,Benefits,Total Pay,Total Pay & Benefits,Year,Notes,Agency,Status
Darrin Price,General Manager,121548.32,0.00,2500.00,63276.85,124048.32,187325.17,2016,,Sun Valley General Improvement District,""
Chris Melton,Field Supervisor,67511.76,1076.80,13114.86,51683.59,81703.42,133387.01,2016,,Sun Valley General Improvement District,""
Jon Combs,Public Works Director,89544.25,0.00,1900.00,40799.42,91444.25,132243.67,2016,,Sun Valley General Improvement District,""
Erin Dowling,Customer Service Supervisor,67905.34,0.00,0.00,46624.57,67905.34,114529.91,2016,,Sun Valley General Improvement District,""
Jerry Hamilton,Service Technician III,48618.02,7872.32,13399.19,39179.07,69889.53,109068.60,2016,,Sun Valley General Improvement District,""
Carol Bratcher,Accountant,56477.71,1199.00,12089.92,33697.43,69766.63,103464.06,2016,,Sun Valley General Improvement District,""
Jennifer Merritt,Administrative Assistant,46290.70,2786.79,9539.33,39999.11,58616.82,98615.93,2016,,Sun Valley General Improvement District,""
Damon Poelstra,Service Technician II,38729.60,6911.26,12598.16,39377.67,58239.02,97616.69,2016,,Sun Valley General Improvement District,""
Brad Baeckel,Service Technician III,40972.03,9022.10,6595.99,36619.55,56590.12,93209.67,2016,,Sun Valley General Improvement District,""
Ronald Winward,Service Technician II,38320.59,7447.01,11552.49,35435.87,57320.09,92755.96,2016,,Sun Valley General Improvement District,""
Karen Pickens,Billing Specialist,43446.83,2027.38,7108.37,30267.95,52582.58,82850.53,2016,,Sun Valley General Improvement District,""
Suzanne Dultra,Customer Service Representative I,32498.78,264.77,6241.23,30834.12,39004.78,69838.90,2016,,Sun Valley General Improvement District,""
Daniel Garcia,Customer Service Representative II,38154.41,0.00,5131.99,14065.64,43286.40,57352.04,2016,,Sun Valley General Improvement District,""
