Employee Name,Job Title,Base Pay,Overtime Pay,Other Pay,Benefits,Total Pay,Total Pay & Benefits,Year,Notes,Agency,Status
James Antti,Assistant Chief,148540.05,Aggregate,6089.72,83099.96,154629.77,237729.73,2016,,Tahoe-Douglas Fire Protection District,""
Richard Nalder,Battalion Chief,147002.52,Aggregate,9189.94,74812.62,156192.46,231005.08,2016,,Tahoe-Douglas Fire Protection District,""
Christopher Lucas,Captain,115957.68,Aggregate,18124.54,86771.45,134082.22,220853.67,2016,,Tahoe-Douglas Fire Protection District,""
Charles Salerno,Captain,119113.83,Aggregate,13600.00,87100.97,132713.83,219814.80,2016,,Tahoe-Douglas Fire Protection District,""
Todd Moss,Battalion Chief,136356.77,Aggregate,2490.02,78165.73,138846.79,217012.52,2016,,Tahoe-Douglas Fire Protection District,""
Gregory Baker,Fire Chief,153978.50,Aggregate,0.00,62917.73,153978.50,216896.23,2016,,Tahoe-Douglas Fire Protection District,""
James Romanowitz,Captain,133161.56,Aggregate,0.00,76743.63,133161.56,209905.19,2016,,Tahoe-Douglas Fire Protection District,""
Bryce Cranch,Captain,123151.37,Aggregate,9625.00,72689.50,132776.37,205465.87,2016,,Tahoe-Douglas Fire Protection District,""
Brandon Brady,Captain,132296.21,Aggregate,2730.00,68737.41,135026.21,203763.62,2016,,Tahoe-Douglas Fire Protection District,""
Ralph Jones,Battalion Chief,98818.05,Aggregate,39310.00,57689.27,138128.05,195817.32,2016,,Tahoe-Douglas Fire Protection District,""
Ben Sharit,Fire Chief,112966.47,Aggregate,2956.24,78579.31,115922.71,194502.02,2016,,Tahoe-Douglas Fire Protection District,""
Brian Zabel,Captain,113849.19,Aggregate,3900.00,68915.88,117749.19,186665.07,2016,,Tahoe-Douglas Fire Protection District,""
Kevin Green,Captain,115755.17,Aggregate,9200.00,55369.52,124955.17,180324.69,2016,,Tahoe-Douglas Fire Protection District,""
Brandon Spry,Captain,110040.65,Aggregate,2049.84,67379.66,112090.49,179470.15,2016,,Tahoe-Douglas Fire Protection District,""
Steven Prather,Engineer,108729.59,Aggregate,2790.00,66810.04,111519.59,178329.63,2016,,Tahoe-Douglas Fire Protection District,""
Eric Guevin,Fire Marshal,117652.44,Aggregate,3609.84,55883.92,121262.28,177146.20,2016,,Tahoe-Douglas Fire Protection District,""
Kevin Crebs,Engineer,97898.27,Aggregate,19559.96,57278.12,117458.23,174736.35,2016,,Tahoe-Douglas Fire Protection District,""
Nathan Johnson,Engineer,104689.12,Aggregate,7800.00,60028.41,112489.12,172517.53,2016,,Tahoe-Douglas Fire Protection District,""
Andrew Isenberg,Captain,104381.21,Aggregate,5549.96,59903.71,109931.17,169834.88,2016,,Tahoe-Douglas Fire Protection District,""
Frederick Parson,Engineer,92922.77,Aggregate,19835.22,55263.04,112757.99,168021.03,2016,,Tahoe-Douglas Fire Protection District,""
Benjamin Pratt,Engineer,97092.99,Aggregate,3632.31,62097.22,100725.30,162822.52,2016,,Tahoe-Douglas Fire Protection District,""
Chris Peterson,Captain,95289.97,Aggregate,4649.84,61367.00,99939.81,161306.81,2016,,Tahoe-Douglas Fire Protection District,""
Will Morgan,Captain,95537.98,Aggregate,6700.00,56283.44,102237.98,158521.42,2016,,Tahoe-Douglas Fire Protection District,""
Justin Rossi,Captain,87074.82,Aggregate,15309.92,52933.26,102384.74,155318.00,2016,,Tahoe-Douglas Fire Protection District,""
Kelly Pettit,Firefighter/Paramedic,90981.13,Aggregate,9100.00,54476.68,100081.13,154557.81,2016,,Tahoe-Douglas Fire Protection District,""
Chris Kynett,Firefighter/Paramedic,91763.48,Aggregate,2600.00,59938.77,94363.48,154302.25,2016,,Tahoe-Douglas Fire Protection District,""
Bradley Petersen,Engineer,91502.55,Aggregate,3920.00,52168.45,95422.55,147591.00,2016,,Tahoe-Douglas Fire Protection District,""
Kyle Fine,Engineer,85069.97,Aggregate,5289.98,57189.14,90359.95,147549.09,2016,,Tahoe-Douglas Fire Protection District,""
Mark Norwood,Firefighter/Paramedic,84845.73,Aggregate,3115.06,57075.52,87960.79,145036.31,2016,,Tahoe-Douglas Fire Protection District,""
John Pickett,Forester,92097.84,Aggregate,3109.94,48685.20,95207.78,143892.98,2016,,Tahoe-Douglas Fire Protection District,""
William Darr,Engineer,78624.42,Aggregate,6630.00,54566.93,85254.42,139821.35,2016,,Tahoe-Douglas Fire Protection District,""
Nick Robidart,Firefighter/Paramedic,81588.85,Aggregate,0.00,55888.36,81588.85,137477.21,2016,,Tahoe-Douglas Fire Protection District,""
Paul Apple,Engineer,74250.26,Aggregate,10109.98,47639.12,84360.24,131999.36,2016,,Tahoe-Douglas Fire Protection District,""
Scott Vandover,Firefighter/Paramedic,80238.85,Aggregate,0.00,50082.61,80238.85,130321.46,2016,,Tahoe-Douglas Fire Protection District,""
Justin Reddig,Engineer,71578.15,Aggregate,6500.00,51702.15,78078.15,129780.30,2016,,Tahoe-Douglas Fire Protection District,""
Keegan Schafer,Supervisor,72079.89,Aggregate,5304.00,51959.48,77383.89,129343.37,2016,,Tahoe-Douglas Fire Protection District,""
Jenny Alustiza,Firefighter/Paramedic,81778.10,Aggregate,3989.96,41600.29,85768.06,127368.35,2016,,Tahoe-Douglas Fire Protection District,""
Christopher Wade,Firefighter/Paramedic,78059.50,Aggregate,1300.00,46669.06,79359.50,126028.56,2016,,Tahoe-Douglas Fire Protection District,""
Ryan Sanders,Engineer,71834.46,Aggregate,2070.12,51817.00,73904.58,125721.58,2016,,Tahoe-Douglas Fire Protection District,""
Jesse McDonald,Firefighter/Paramedic,80431.26,Aggregate,2392.00,40993.26,82823.26,123816.52,2016,,Tahoe-Douglas Fire Protection District,""
Gregg Gemmet,Mechanic,71431.70,Aggregate,12898.08,37675.80,84329.78,122005.58,2016,,Tahoe-Douglas Fire Protection District,""
Ryan Pruitt,Firefighter/Paramedic,73745.12,Aggregate,4930.12,38285.37,78675.24,116960.61,2016,,Tahoe-Douglas Fire Protection District,""
Todd Stroup,Fire Inspector,73609.43,Aggregate,2718.40,38266.96,76327.83,114594.79,2016,,Tahoe-Douglas Fire Protection District,""
Kurt Hamann,Firefighter/Paramedic,70431.39,Aggregate,5200.00,36961.43,75631.39,112592.82,2016,,Tahoe-Douglas Fire Protection District,""
Greg Koeck,Firefighter/Paramedic,63666.59,Aggregate,3253.30,44929.20,66919.89,111849.09,2016,,Tahoe-Douglas Fire Protection District,""
James Ward,Firefighter/Paramedic,60348.86,Aggregate,3250.00,47160.89,63598.86,110759.75,2016,,Tahoe-Douglas Fire Protection District,""
Kathryn Warner,Office Manager,57104.00,Aggregate,9940.00,38767.76,67044.00,105811.76,2016,,Tahoe-Douglas Fire Protection District,""
Chad Baker,Firefighter/Paramedic,66519.72,Aggregate,1940.12,35359.09,68459.84,103818.93,2016,,Tahoe-Douglas Fire Protection District,""
Matthew Fogarty,Foreman,62009.16,Aggregate,2499.90,35425.10,64509.06,99934.16,2016,,Tahoe-Douglas Fire Protection District,""
Juan Serrano,Firefighter,59896.04,Aggregate,936.00,32648.90,60832.04,93480.94,2016,,Tahoe-Douglas Fire Protection District,""
Benjamin Arrate,Firefighter,59415.89,Aggregate,1030.12,32454.44,60446.01,92900.45,2016,,Tahoe-Douglas Fire Protection District,""
Alexander Dennis,Firefighter/Paramedic,60759.15,Aggregate,912.66,30436.70,61671.81,92108.51,2016,,Tahoe-Douglas Fire Protection District,""
Scott Vizzusi,Firefighter/Paramedic,59750.56,Aggregate,912.66,29892.04,60663.22,90555.26,2016,,Tahoe-Douglas Fire Protection District,""
Carrie Nolting,Accounting Specialist,55252.52,Aggregate,3007.00,30555.79,58259.52,88815.31,2016,,Tahoe-Douglas Fire Protection District,""
Dusty Gooch,Firefighter/Paramedic,38522.66,Aggregate,900.00,20102.53,39422.66,59525.19,2016,,Tahoe-Douglas Fire Protection District,""
Christian Fausto,Firefighter-Wildland,41097.36,Aggregate,0.00,16835.50,41097.36,57932.86,2016,,Tahoe-Douglas Fire Protection District,""
Dustin Anino,Firefighter-Wildland,38584.00,Aggregate,0.00,16131.76,38584.00,54715.76,2016,,Tahoe-Douglas Fire Protection District,""
"Michael Monaghan, Jr.",Not Provided,42166.02,Aggregate,0.00,11806.49,42166.02,53972.51,2016,,Tahoe-Douglas Fire Protection District,""
Kyle VanMouwerik,Not Provided,37375.24,Aggregate,0.00,10465.07,37375.24,47840.31,2016,,Tahoe-Douglas Fire Protection District,""
Chris Romanowitz,Not Provided,32178.00,Aggregate,0.00,9009.84,32178.00,41187.84,2016,,Tahoe-Douglas Fire Protection District,""
Matt Spivey,Not Provided,31243.74,Aggregate,434.60,8748.25,31678.34,40426.59,2016,,Tahoe-Douglas Fire Protection District,""
Brody Zink,Not Provided,28509.65,Aggregate,1823.44,7982.70,30333.09,38315.79,2016,,Tahoe-Douglas Fire Protection District,""
Colton Hughes,Not Provided,28477.23,Aggregate,1818.47,7973.62,30295.70,38269.32,2016,,Tahoe-Douglas Fire Protection District,""
Michael Wicks,Firefighter-Wildland,24303.56,Aggregate,387.19,12133.24,24690.75,36823.99,2016,,Tahoe-Douglas Fire Protection District,""
Connor Bradley,Not Provided,26681.80,Aggregate,1704.15,7470.90,28385.95,35856.85,2016,,Tahoe-Douglas Fire Protection District,""
Casey O'Neill,Not Provided,27112.40,Aggregate,337.50,7591.47,27449.90,35041.37,2016,,Tahoe-Douglas Fire Protection District,""
Audrick Anderson,Not Provided,20523.01,Aggregate,1441.07,5746.44,21964.08,27710.52,2016,,Tahoe-Douglas Fire Protection District,""
Kenneth Green,Not Provided,20582.95,Aggregate,1201.81,5763.23,21784.76,27547.99,2016,,Tahoe-Douglas Fire Protection District,""
Cody Carter,Not Provided,18232.60,Aggregate,1478.35,5105.13,19710.95,24816.08,2016,,Tahoe-Douglas Fire Protection District,""
Jarod Correll,Not Provided,18113.81,Aggregate,1468.69,5071.87,19582.50,24654.37,2016,,Tahoe-Douglas Fire Protection District,""
Chad Perkins,Not Provided,17697.55,Aggregate,1434.95,4955.31,19132.50,24087.81,2016,,Tahoe-Douglas Fire Protection District,""
Peter Troiano,Not Provided,16175.05,Aggregate,3257.45,4529.01,19432.50,23961.51,2016,,Tahoe-Douglas Fire Protection District,""
Wade Norberg,Not Provided,17174.46,Aggregate,1392.54,4808.85,18567.00,23375.85,2016,,Tahoe-Douglas Fire Protection District,""
Erin Allison,Administrative Assistant,16820.01,Aggregate,0.00,6220.96,16820.01,23040.97,2016,,Tahoe-Douglas Fire Protection District,""
Benjamin Browning,Not Provided,16655.77,Aggregate,1350.49,4663.62,18006.26,22669.88,2016,,Tahoe-Douglas Fire Protection District,""
Lucas Johnstone,Not Provided,16291.58,Aggregate,1320.94,4561.64,17612.52,22174.16,2016,,Tahoe-Douglas Fire Protection District,""
Jesse Eaves,Not Provided,16074.78,Aggregate,1303.36,4500.94,17378.14,21879.08,2016,,Tahoe-Douglas Fire Protection District,""
Jered Mondragon,Not Provided,15334.10,Aggregate,1037.78,4293.55,16371.88,20665.43,2016,,Tahoe-Douglas Fire Protection District,""
Christopher Prevel,Not Provided,16090.00,Aggregate,0.00,4505.20,16090.00,20595.20,2016,,Tahoe-Douglas Fire Protection District,""
Zachary McEvoy,Not Provided,14919.78,Aggregate,1209.72,4177.54,16129.50,20307.04,2016,,Tahoe-Douglas Fire Protection District,""
Hunter Cummings,Not Provided,13918.00,Aggregate,1128.50,3897.04,15046.50,18943.54,2016,,Tahoe-Douglas Fire Protection District,""
Jack Burford,Not Provided,13830.20,Aggregate,1121.38,3872.46,14951.58,18824.04,2016,,Tahoe-Douglas Fire Protection District,""
Michael Nolting,Not Provided,13666.00,Aggregate,1108.06,3826.48,14774.06,18600.54,2016,,Tahoe-Douglas Fire Protection District,""
Steven Werth,Not Provided,12973.49,Aggregate,1051.90,3632.58,14025.39,17657.97,2016,,Tahoe-Douglas Fire Protection District,""
Austin Evans,Not Provided,12474.48,Aggregate,1011.46,3492.85,13485.94,16978.79,2016,,Tahoe-Douglas Fire Protection District,""
Anil Ratti,Not Provided,10980.04,Aggregate,890.28,3074.41,11870.32,14944.73,2016,,Tahoe-Douglas Fire Protection District,""
Masha Sadeghpour,Not Provided,10481.36,Aggregate,0.00,2934.78,10481.36,13416.14,2016,,Tahoe-Douglas Fire Protection District,""
Matt Santos,Not Provided,8107.16,Aggregate,657.34,2270.00,8764.50,11034.50,2016,,Tahoe-Douglas Fire Protection District,""
Christopher Grasso,Not Provided,7813.01,Aggregate,633.49,2187.64,8446.50,10634.14,2016,,Tahoe-Douglas Fire Protection District,""
Thomas Ghisletta,Not Provided,7314.65,Aggregate,25.00,2048.10,7339.65,9387.75,2016,,Tahoe-Douglas Fire Protection District,""
Taylor Little,Not Provided,4793.57,Aggregate,0.00,1342.20,4793.57,6135.77,2016,,Tahoe-Douglas Fire Protection District,""
Steve Seibel,Not Provided,3600.00,Aggregate,0.00,1008.00,3600.00,4608.00,2016,,Tahoe-Douglas Fire Protection District,""
Gregory Felton,Not Provided,3600.00,Aggregate,0.00,1008.00,3600.00,4608.00,2016,,Tahoe-Douglas Fire Protection District,""
William Kirschner,Not Provided,3600.00,Aggregate,0.00,1008.00,3600.00,4608.00,2016,,Tahoe-Douglas Fire Protection District,""
Kevin Kjer,Not Provided,3600.00,Aggregate,0.00,1008.00,3600.00,4608.00,2016,,Tahoe-Douglas Fire Protection District,""
Larry Schussell,Not Provided,3600.00,Aggregate,0.00,1008.00,3600.00,4608.00,2016,,Tahoe-Douglas Fire Protection District,""
Brent McCloskey,Not Provided,1928.44,Aggregate,0.00,539.96,1928.44,2468.40,2016,,Tahoe-Douglas Fire Protection District,""
Robert Child,Not Provided,1414.28,Aggregate,0.00,396.00,1414.28,1810.28,2016,,Tahoe-Douglas Fire Protection District,""
Jesse Rowan,Not Provided,1306.25,Aggregate,0.00,365.75,1306.25,1672.00,2016,,Tahoe-Douglas Fire Protection District,""
Gregory Peterson,Not Provided,1118.41,Aggregate,0.00,313.15,1118.41,1431.56,2016,,Tahoe-Douglas Fire Protection District,""
Nickolas McGuire,Not Provided,444.00,Aggregate,36.00,124.32,480.00,604.32,2016,,Tahoe-Douglas Fire Protection District,""
