Employee Name,Job Title,Base Pay,Overtime Pay,Other Pay,Benefits,Total Pay,Total Pay & Benefits,Year,Notes,Agency,Status
Janet Murphy,Administrator,112291.69,0.00,0.00,29562.48,112291.69,141854.17,2016,,Tahoe Douglas Sewer Improvement District,""
Merle Brandon,Operator,52705.06,51.37,25100.84,34001.91,77857.27,111859.18,2016,,Tahoe Douglas Sewer Improvement District,""
Mark Williams,Operator,3637.76,490.25,2444.86,31110.84,6572.87,37683.71,2016,,Tahoe Douglas Sewer Improvement District,""
Ian Wrenn,Operator,19096.00,0.00,4080.00,5642.56,23176.00,28818.56,2016,,Tahoe Douglas Sewer Improvement District,""
Terry Wells,Secretary,18748.80,0.00,1000.00,0.00,19748.80,19748.80,2016,,Tahoe Douglas Sewer Improvement District,""
Tim Sims,Operator,14193.58,229.50,2920.50,0.00,17343.58,17343.58,2016,,Tahoe Douglas Sewer Improvement District,""
Mike Riley,Trustee,3600.00,0.00,0.00,927.00,3600.00,4527.00,2016,,Tahoe Douglas Sewer Improvement District,""
Grant Thompson,Trustee,3600.00,0.00,0.00,927.00,3600.00,4527.00,2016,,Tahoe Douglas Sewer Improvement District,""
Diane Imbach,Trustee,3600.00,0.00,0.00,927.00,3600.00,4527.00,2016,,Tahoe Douglas Sewer Improvement District,""
John Peel,Trustee,3600.00,0.00,0.00,927.00,3600.00,4527.00,2016,,Tahoe Douglas Sewer Improvement District,""
Rick Gardner,Trustee,3600.00,0.00,0.00,927.00,3600.00,4527.00,2016,,Tahoe Douglas Sewer Improvement District,""
