Employee Name,Job Title,Base Pay,Overtime Pay,Other Pay,Benefits,Total Pay,Total Pay & Benefits,Year,Notes,Agency,Status
Joanne Marchetta,Executive Director,149115.20,0.00,4925.00,22995.00,154040.20,177035.20,2016,,Tahoe Regional Planning Agency,""
John L Marshall,General Counsel,143998.40,0.00,5760.00,22267.34,149758.40,172025.74,2016,,Tahoe Regional Planning Agency,""
Julie Regan,"Chief, External Affairs",123749.60,0.00,4925.00,27071.25,128674.60,155745.85,2016,,Tahoe Regional Planning Agency,""
John Hester,Chief Operating Officer,125262.40,0.00,4925.00,13009.02,130187.40,143196.42,2016,,Tahoe Regional Planning Agency,""
Nicholas Haven,DM Long Range Planning and Transportation,109449.62,0.00,4925.00,25256.40,114374.62,139631.02,2016,,Tahoe Regional Planning Agency,""
Christopher D. Keillor,Finance Director,109449.60,0.00,4925.00,18923.51,114374.60,133298.11,2016,,Tahoe Regional Planning Agency,""
Jeanne McNamara,Principal Planner,86881.60,0.00,3910.00,20195.04,90791.60,110986.64,2016,,Tahoe Regional Planning Agency,""
Wendy Jepson,Acting Division Manager,85030.40,0.00,3826.00,21900.73,88856.40,110757.13,2016,,Tahoe Regional Planning Agency,""
Brandy McMahon,Principal Planner,82558.80,0.00,2525.00,23206.16,85083.80,108289.96,2016,,Tahoe Regional Planning Agency,""
Karen Fink,Principal Transportation Planner,66682.90,0.00,17737.49,21709.88,84420.39,106130.27,2016,,Tahoe Regional Planning Agency,""
Kimberly Caringer,Environmental Improvement Division Manager,85030.40,0.00,3826.00,16301.25,88856.40,105157.65,2016,,Tahoe Regional Planning Agency,""
Michael Vollmer,Environmental Improvement Program Manager,81452.80,0.00,2444.00,20675.14,83896.80,104571.94,2016,,Tahoe Regional Planning Agency,""
Kenneth Kasman,Acting Division Manager,85030.40,0.00,2976.00,16016.50,88006.40,104022.90,2016,,Tahoe Regional Planning Agency,""
Daniel Segan,Principal Natural Resource Analyst,81452.80,0.00,3665.00,16157.74,85117.80,101275.54,2016,,Tahoe Regional Planning Agency,""
Dennis Zabaglo,Environmental Improvement Program Manager,81452.80,0.00,3242.60,16114.83,84695.40,100810.23,2016,,Tahoe Regional Planning Agency,""
Steve Sweet,Princ Enviro Spec/Code Compliance Mngr,76024.01,0.00,2661.00,20785.55,78685.01,99470.56,2016,,Tahoe Regional Planning Agency,""
Theresa Avance,Senior Planner,80454.40,0.00,2816.00,15566.31,83270.40,98836.71,2016,,Tahoe Regional Planning Agency,""
Keith Norberg,Senior Transportation Planner,80454.38,0.00,0.00,15340.79,80454.38,95795.17,2016,,Tahoe Regional Planning Agency,""
Shannon Friedman,Senior Planner,70387.20,0.00,2464.00,21175.35,72851.20,94026.55,2016,,Tahoe Regional Planning Agency,""
Kathleen Tomascak,Controller,72515.20,0.00,3421.00,16848.68,75936.20,92784.88,2016,,Tahoe Regional Planning Agency,""
Amy Fish,GIS Manager,70408.11,0.00,2464.00,17007.84,72872.11,89879.95,2016,,Tahoe Regional Planning Agency,""
Thomas P Lotshaw,Public Information Officer,70595.20,0.00,3177.00,15042.18,73772.20,88814.38,2016,,Tahoe Regional Planning Agency,""
Tiffany Good,Senior Planner,65353.61,0.00,3392.92,18838.63,68746.53,87585.16,2016,,Tahoe Regional Planning Agency,""
Marja Ambler,Executive Assistant I,62504.03,0.00,5235.43,18445.10,67739.46,86184.56,2016,,Tahoe Regional Planning Agency,""
Susan J. Strating,Organizational Development and HR Director,69433.60,0.00,0.00,15615.44,69433.60,85049.04,2016,,Tahoe Regional Planning Agency,""
Lucia D Maloney,Senior Planner,60860.49,0.00,3710.79,20229.85,64571.28,84801.13,2016,,Tahoe Regional Planning Agency,""
Rebecca L Cremeen,Associate II Planner,65524.73,0.00,2338.00,14173.92,67862.73,82036.65,2016,,Tahoe Regional Planning Agency,""
Jennifer Cannon,Senior Planner,65353.62,0.00,2349.84,14100.60,67703.46,81804.06,2016,,Tahoe Regional Planning Agency,""
Shay Navarro,"Principal Environmental Specialist, SWP Mngr",62999.06,0.00,3562.93,14182.62,66561.99,80744.61,2016,,Tahoe Regional Planning Agency,""
Julie Roll,Associate II Planner,62857.60,0.00,2829.00,14270.07,65686.60,79956.67,2016,,Tahoe Regional Planning Agency,""
Sarah Underhill,Senior Graphics Designer,58323.34,0.00,2625.00,16298.48,60948.34,77246.82,2016,,Tahoe Regional Planning Agency,""
Matthew Miller,"Assoc Environmental Specialist,Enfor",60340.81,0.00,2715.00,13978.33,63055.81,77034.14,2016,,Tahoe Regional Planning Agency,""
Jennifer H. Self,Associate Planner,60340.81,0.00,2715.00,13653.34,63055.81,76709.15,2016,,Tahoe Regional Planning Agency,""
Bruce M Barr,Associate II Environmental Specialist,60528.00,0.00,2118.00,13234.31,62646.00,75880.31,2016,,Tahoe Regional Planning Agency,""
Melinda Kolb,Grant Specialist,58198.64,0.00,3470.98,14037.61,61669.62,75707.23,2016,,Tahoe Regional Planning Agency,""
Morgan L Beryl,Senior Planner,58549.61,0.00,2522.00,13441.64,61071.61,74513.25,2016,,Tahoe Regional Planning Agency,""
Jaymi Hardy,Human Resource Assistant,54794.43,0.00,2492.20,16583.71,57286.63,73870.34,2016,,Tahoe Regional Planning Agency,""
Charles F Hanson,Facilities Manager,53892.80,0.00,1886.00,17955.11,55778.80,73733.91,2016,,Tahoe Regional Planning Agency,""
Melissa Uppendahl,Grant Specialist,48321.56,0.00,2619.00,19741.88,50940.56,70682.44,2016,,Tahoe Regional Planning Agency,""
Alyson J. Borawski,Assistant Planner,51334.40,0.00,1797.00,16792.51,53131.40,69923.91,2016,,Tahoe Regional Planning Agency,""
Taylor Currier,Associate Environmental Specialist,53892.82,0.00,1886.00,13295.56,55778.82,69074.38,2016,,Tahoe Regional Planning Agency,""
Laurie Hockenberry,IT Program Mgr,54360.30,0.00,1736.00,12964.04,56096.30,69060.34,2016,,Tahoe Regional Planning Agency,""
Linda Allen,IT Program Mgr,53892.81,0.00,1886.00,12924.55,55778.81,68703.36,2016,,Tahoe Regional Planning Agency,""
Devin C Middlebrook,Sustainable Communities Program Coordinator,53123.22,0.00,2162.00,12872.64,55285.22,68157.86,2016,,Tahoe Regional Planning Agency,""
Angela Stevens,Associate Environmental Specialist,52856.57,0.00,1617.00,13172.20,54473.57,67645.77,2016,,Tahoe Regional Planning Agency,""
Sarah D Jones,Associate Environmental Specialist,50780.91,0.00,2037.00,14556.97,52817.91,67374.88,2016,,Tahoe Regional Planning Agency,""
Bridget Cornell,Associate II Transportation Planner,44690.95,0.00,1564.00,19233.05,46254.95,65488.00,2016,,Tahoe Regional Planning Agency,""
Joe Marzocco,Program Manager Specialist,49899.26,0.00,1497.00,12929.20,51396.26,64325.46,2016,,Tahoe Regional Planning Agency,""
Tracy Davidson,Executive Assistant II,45947.24,0.00,2068.00,15676.00,48015.24,63691.24,2016,,Tahoe Regional Planning Agency,""
Caroline Elizabeth Stutzman,Senior Accountant,48348.05,0.00,0.00,13877.32,48348.05,62225.37,2016,,Tahoe Regional Planning Agency,""
Kim Hern,Customer Service Assistant,43844.19,0.00,1335.00,14767.52,45179.19,59946.71,2016,,Tahoe Regional Planning Agency,""
Joan Douglas,Program Assistant,44366.58,0.00,1553.00,12522.86,45919.58,58442.44,2016,,Tahoe Regional Planning Agency,""
Sean Tevlin,Assistant Environmental Specialist,42764.80,0.00,1924.00,12973.51,44688.80,57662.31,2016,,Tahoe Regional Planning Agency,""
Adele L Gerz,Administrative Assistant,41080.01,0.00,1849.00,11679.43,42929.01,54608.44,2016,,Tahoe Regional Planning Agency,""
Kathryn Janelle Waldie,Legal Assistant,41080.17,0.00,1849.00,11669.34,42929.17,54598.51,2016,,Tahoe Regional Planning Agency,""
Judy Faylor,Executive Assistant I,41080.03,0.00,1232.00,11611.28,42312.03,53923.31,2016,,Tahoe Regional Planning Agency,""
Judith Weber,Associate II Planner,36316.82,0.00,3140.58,11531.25,39457.40,50988.65,2016,,Tahoe Regional Planning Agency,""
Gary Weigel,Senior Planner,21834.86,0.00,16963.11,6644.37,38797.97,45442.34,2016,,Tahoe Regional Planning Agency,""
Alejandro R. Quintero,GIS / Data Analyst,27009.84,0.00,4884.41,7452.99,31894.25,39347.24,2016,,Tahoe Regional Planning Agency,""
Matthew R. Driscoll,Associate Environmental Specialist,26505.93,0.00,0.00,6517.04,26505.93,33022.97,2016,,Tahoe Regional Planning Agency,""
Adam Jensen,Environmental Education Specialist,18414.64,0.00,0.00,4929.17,18414.64,23343.81,2016,,Tahoe Regional Planning Agency,""
Theodore Truscott,Seasonal Watercraft Team Leader,17804.96,0.00,1126.69,1628.29,18931.65,20559.94,2016,,Tahoe Regional Planning Agency,""
Beth Vollmer,Seasonal Monitoring Technician,17781.87,0.00,838.68,1424.44,18620.55,20044.99,2016,,Tahoe Regional Planning Agency,""
Jeffrey S. Miller,Seasonal Watercraft Crew,16602.88,0.00,1157.63,1538.73,17760.51,19299.24,2016,,Tahoe Regional Planning Agency,""
Kristian Morehead,Seasonal Watercraft Crew,16412.48,0.00,1157.63,1524.16,17570.11,19094.27,2016,,Tahoe Regional Planning Agency,""
Mitchell R Koch,Intern,12841.20,0.00,0.00,982.35,12841.20,13823.55,2016,,Tahoe Regional Planning Agency,""
Mason Bindl,GIS / Data Analys,9036.74,0.00,0.00,2129.17,9036.74,11165.91,2016,,Tahoe Regional Planning Agency,""
Lindsay E Bourgoine,Intern,4540.00,0.00,37.92,347.33,4577.92,4925.25,2016,,Tahoe Regional Planning Agency,""
