Employee Name,Job Title,Base Pay,Overtime Pay,Other Pay,Benefits,Total Pay,Total Pay & Benefits,Year,Notes,Agency,Status
Kimberly Robinson,Executive Director,126356.73,0.00,4800.12,43371.97,131156.85,174528.82,2016,,Truckee Meadows Regional Planning Agency,""
Jeremy Smith,GIS Coordinator,70309.84,0.00,0.00,36492.32,70309.84,106802.16,2016,,Truckee Meadows Regional Planning Agency,""
Lauren Knox,Regional Planner I/II,56744.32,0.00,0.00,23880.52,56744.32,80624.84,2016,,Truckee Meadows Regional Planning Agency,""
Damien Kerwin,GIS Planning Analyst I,46291.44,0.00,0.00,20953.67,46291.44,67245.11,2016,,Truckee Meadows Regional Planning Agency,""
Sienna Reid,Senior Planner,25109.64,0.00,0.00,15022.79,25109.64,40132.43,2016,,Truckee Meadows Regional Planning Agency,""
Christopher Tolley,Regional Planner I/II,18804.39,0.00,0.00,4756.35,18804.39,23560.74,2016,,Truckee Meadows Regional Planning Agency,""
Nathaniel Kusha,Intern,7947.00,0.00,0.00,0.00,7947.00,7947.00,2016,,Truckee Meadows Regional Planning Agency,""
Constance Boyd,Office Administrator,5710.00,0.00,0.00,0.00,5710.00,5710.00,2016,,Truckee Meadows Regional Planning Agency,""
Marvin James,Intern,3437.50,0.00,0.00,0.00,3437.50,3437.50,2016,,Truckee Meadows Regional Planning Agency,""
Christine Birmingham,Minutes Taker/Recorder,3050.00,0.00,0.00,0.00,3050.00,3050.00,2016,,Truckee Meadows Regional Planning Agency,""
Shelby Epley,Intern,2250.00,0.00,0.00,0.00,2250.00,2250.00,2016,,Truckee Meadows Regional Planning Agency,""
Joshua Bertain,Intern,2128.00,0.00,0.00,0.00,2128.00,2128.00,2016,,Truckee Meadows Regional Planning Agency,""
Krystina Boyd-Frenkel,Intern,1779.75,0.00,0.00,0.00,1779.75,1779.75,2016,,Truckee Meadows Regional Planning Agency,""
Morgan Thacker,Intern,1166.00,0.00,0.00,0.00,1166.00,1166.00,2016,,Truckee Meadows Regional Planning Agency,""
Kinsey Brown,Intern,643.50,0.00,0.00,0.00,643.50,643.50,2016,,Truckee Meadows Regional Planning Agency,""
Sarah Honeycutt,Intern,381.00,0.00,0.00,0.00,381.00,381.00,2016,,Truckee Meadows Regional Planning Agency,""
Kalynne Mitchell,Intern,25.00,0.00,0.00,0.00,25.00,25.00,2016,,Truckee Meadows Regional Planning Agency,""
