Employee Name,Job Title,Base Pay,Overtime Pay,Other Pay,Benefits,Total Pay,Total Pay & Benefits,Year,Notes,Agency,Status
Mark W Foree,GENERAL MANAGER OF TMWA,189002.97,0.00,10800.00,68825.63,199802.97,268628.60,2016,,Truckee Meadows Water Authority,""
Scott J Estes,DIRECTOR OF ENGINEERING,158038.53,0.00,8100.00,57244.85,166138.53,223383.38,2016,,Truckee Meadows Water Authority,""
John P Enloe,"DIR, NAT. RESOURCES",149783.25,0.00,8340.00,57335.97,158123.25,215459.22,2016,,Truckee Meadows Water Authority,""
Michele Catherine Sullivan,CHIEF FINANCIAL OFFICER,158034.91,0.00,7425.00,32404.19,165459.91,197864.10,2016,,Truckee Meadows Water Authority,""
Jeremy P Keele,"OPERATOR,WATER PLANT III",82001.30,78654.50,420.00,35254.50,161075.80,196330.30,2016,,Truckee Meadows Water Authority,""
Paul J Miller,"MGR,WATER OP'S & QUALITY",135968.56,0.00,8340.00,51568.26,144308.56,195876.82,2016,,Truckee Meadows Water Authority,""
Patric G Nielson,DIR OF DIST MAINT & GEN,135968.56,0.00,8340.00,51097.89,144308.56,195406.45,2016,,Truckee Meadows Water Authority,""
Jimmie R Winters,"OPERATOR,WATER PLANT III",84262.43,66517.85,420.00,42704.12,151200.28,193904.40,2016,,Truckee Meadows Water Authority,""
Ted R Saxe,"FOREMAN,SHF,W/T,WORKING",89225.41,59804.49,660.00,43780.81,149689.90,193470.71,2016,,Truckee Meadows Water Authority,""
Tim E Flanagan,"FOREMAN,SHF,W/T,WORKING",90106.32,64829.54,660.00,36739.07,155595.86,192334.93,2016,,Truckee Meadows Water Authority,""
Philip A Gebhardt,DIRECTOR OF OPS & WATER QUALIT,127386.46,0.00,8340.00,51498.78,135726.46,187225.24,2016,,Truckee Meadows Water Authority,""
Earl W Hovda,"OPERATOR,WATER PLANT III",80902.31,63078.91,420.00,41079.89,144401.22,185481.11,2016,,Truckee Meadows Water Authority,""
Michael J Nevarez,"OPERATOR,WATER PLANT III",81378.64,64704.86,420.00,38675.61,146503.50,185179.11,2016,,Truckee Meadows Water Authority,""
Greg R Bates,"FOREMAN,WORKING,HEAVY,WTR",89368.60,45903.91,900.00,47347.67,136172.51,183520.18,2016,,Truckee Meadows Water Authority,""
Kyle T Rather,CONTROL SYSTEMS ENGINEER SUPER,128607.05,0.00,900.00,51840.67,129507.05,181347.72,2016,,Truckee Meadows Water Authority,""
Dana Mckinney,"FOREMAN,WORKING,HEAVY,WTR",88932.67,45386.30,900.00,45695.96,135218.97,180914.93,2016,,Truckee Meadows Water Authority,""
Jeffrey D Kollodge,FITTER,68723.91,63478.98,420.00,46666.68,132622.89,179289.57,2016,,Truckee Meadows Water Authority,""
Tabitha A Carlisle,FINANCIAL CONTROLLER,141345.75,0.00,900.00,36325.82,142245.75,178571.57,2016,,Truckee Meadows Water Authority,""
Kurtis Arnold,"OPERATOR,WATER PLANT III",81069.63,52149.23,420.00,41601.99,133638.86,175240.85,2016,,Truckee Meadows Water Authority,""
James R Bryant,"OPERATOR,WATER PLANT T&D II",74461.01,63373.19,420.00,36220.34,138254.20,174474.54,2016,,Truckee Meadows Water Authority,""
Patrick J Kuykendall,"FOREMAN,SHF,W/T,WORKING",90313.56,44130.38,660.00,38189.32,135103.94,173293.26,2016,,Truckee Meadows Water Authority,""
Stanley S Snyder,FACILITIES LOCATOR-WATER,82533.11,49670.19,900.00,38610.00,133103.30,171713.30,2016,,Truckee Meadows Water Authority,""
Michael Bryant,"OPERATOR,WATER PLANT III",83661.96,49923.85,420.00,36247.19,134005.81,170253.00,2016,,Truckee Meadows Water Authority,""
Richard E Pickworth,INSPECTOR,85695.89,38407.27,900.00,45041.41,125003.16,170044.57,2016,,Truckee Meadows Water Authority,""
John Ross Zimmerman,WATER RESOURCES MANAGER,117406.50,0.00,6075.00,44761.50,123481.50,168243.00,2016,,Truckee Meadows Water Authority,""
Christopher J Hires,"FOREMAN,WORKING,HEAVY,WTR",88745.91,32640.17,900.00,45701.16,122286.08,167987.24,2016,,Truckee Meadows Water Authority,""
Ben J Goodrich,"OPERATOR,WATER PLANT III",82160.59,44378.15,420.00,40916.67,126958.74,167875.41,2016,,Truckee Meadows Water Authority,""
Brian C Luczkow,"FOREMAN,SHF,W/T,WORKING",106621.97,27115.75,660.00,31622.14,134397.72,166019.86,2016,,Truckee Meadows Water Authority,""
Darrin A Garland,"SPECIALIST,EQUIP,W/T",83018.57,40931.02,580.00,41129.64,124529.59,165659.23,2016,,Truckee Meadows Water Authority,""
Jessica W Atkinson,HR MANAGER,109487.04,0.00,8100.00,43683.08,117587.04,161270.12,2016,,Truckee Meadows Water Authority,""
Levi A Kleiber,BIS MANAGER,113688.92,0.00,6180.00,41059.19,119868.92,160928.11,2016,,Truckee Meadows Water Authority,""
Eugene Quilici Jr,"FOREMAN, LT, WORKING,WTR",85839.79,29185.40,900.00,42226.84,115925.19,158152.03,2016,,Truckee Meadows Water Authority,""
Vincent Delcarlo,"TECHNICIAN, PLANT ELECTRICAL",86395.04,31748.14,750.00,38452.94,118893.18,157346.12,2016,,Truckee Meadows Water Authority,""
John Erwin,"DIR, NAT. RESOURCES",111293.25,0.00,6075.00,39792.71,117368.25,157160.96,2016,,Truckee Meadows Water Authority,""
Russell Norton,PRINCIPAL CONTROL SYSTEMS ENG,109487.04,0.00,900.00,46077.80,110387.04,156464.84,2016,,Truckee Meadows Water Authority,""
Jeff V Westwood,"TECHNICIAN,SCADA",87193.48,28371.80,900.00,39429.73,116465.28,155895.01,2016,,Truckee Meadows Water Authority,""
Jack L Byrom,EMERGENCY PLANNING ADMIN,109487.04,0.00,1140.00,43650.36,110627.04,154277.40,2016,,Truckee Meadows Water Authority,""
Bryce A Twichell,"SUPERVISOR, MAINTENANCE",107150.03,0.00,1140.00,45832.72,108290.03,154122.75,2016,,Truckee Meadows Water Authority,""
Juan C Esparza,"ENGINEER, PRINCIPAL",109487.04,0.00,900.00,43683.08,110387.04,154070.12,2016,,Truckee Meadows Water Authority,""
Justin R Greenland,"SERVICEMAN, WATER",75541.78,34820.23,660.00,42754.02,111022.01,153776.03,2016,,Truckee Meadows Water Authority,""
Jeffrey P Tissier,CHIEF FINANCIAL OFFICER,108285.30,0.00,6075.00,38950.48,114360.30,153310.78,2016,,Truckee Meadows Water Authority,""
Gary B Eisert,"PV,HYDRO/DIESEL GEN&PRP MA",109487.04,0.00,1140.00,40243.34,110627.04,150870.38,2016,,Truckee Meadows Water Authority,""
John Roark Ludwig,SR PROGRAMMER/DBA,109487.04,0.00,900.00,40243.34,110387.04,150630.38,2016,,Truckee Meadows Water Authority,""
Kelly Cecil,"FOREMAN, HYDR/GEN WORKING",89843.20,17757.56,900.00,41809.36,108500.76,150310.12,2016,,Truckee Meadows Water Authority,""
Keith R Ristinen,"ENGINEER, PRINCIPAL",109487.04,0.00,420.00,40243.34,109907.04,150150.38,2016,,Truckee Meadows Water Authority,""
Nicholas A Shanto,"TECHNICIAN,SCADA",87193.40,23755.46,900.00,38261.34,111848.86,150110.20,2016,,Truckee Meadows Water Authority,""
H C Struffert,"ENGINEER, PRINCIPAL",104764.53,0.00,420.00,42360.85,105184.53,147545.38,2016,,Truckee Meadows Water Authority,""
Steve B Welch,"OPERATOR, EQUIPMENT II",67402.90,40234.56,420.00,38894.30,108057.46,146951.76,2016,,Truckee Meadows Water Authority,""
Geoffrey M Daforno,"SPVR., DISTRIBUTION OPS",100660.04,0.00,1140.00,44015.45,101800.04,145815.49,2016,,Truckee Meadows Water Authority,""
Shawn Stoddard,SR. RESOURCE ECONOMIST,100660.04,0.00,420.00,43606.24,101080.04,144686.28,2016,,Truckee Meadows Water Authority,""
George W Gaynor,INSPECTOR,82533.09,18727.74,900.00,41957.79,102160.83,144118.62,2016,,Truckee Meadows Water Authority,""
Gregory J Peralta,"TECHNICIAN,SCADA",87193.31,18647.13,900.00,36633.46,106740.44,143373.90,2016,,Truckee Meadows Water Authority,""
Holly M Flores,"ENGINEER, PRINCIPAL",104764.53,0.00,0.00,38591.88,104764.53,143356.41,2016,,Truckee Meadows Water Authority,""
Neal E Mcintyre Ii,"FOREMAN, LT, WORKING,WTR",84078.70,19256.46,900.00,38885.88,104235.16,143121.04,2016,,Truckee Meadows Water Authority,""
Scott A Knecht,"OPERATOR,WATER PLANT III",80913.04,23305.20,420.00,38146.03,104638.24,142784.27,2016,,Truckee Meadows Water Authority,""
Stephen R Volk,"ENGINEER,SR.CONSTRUCTION",100660.04,0.00,900.00,41211.52,101560.04,142771.56,2016,,Truckee Meadows Water Authority,""
John D Woods,"MECHANIC,SPEC, M/C-W/P",86198.49,16432.60,900.00,39232.16,103531.09,142763.25,2016,,Truckee Meadows Water Authority,""
Eric J Rasmussen,"MECHANIC,SPEC, M/C-W/P",82337.84,17163.43,900.00,40479.57,100401.27,140880.84,2016,,Truckee Meadows Water Authority,""
Michael A Milligan,"FOREMAN,WORKING,HEAVY,WTR",87698.25,10057.31,900.00,41578.53,98655.56,140234.09,2016,,Truckee Meadows Water Authority,""
Steven H Enos,"TECHNICIAN,SCADA",87193.53,16252.03,900.00,35619.39,104345.56,139964.95,2016,,Truckee Meadows Water Authority,""
Mitchell Kelly Mcglynn,"ENGINEER,SR. DESIGN",98511.53,0.00,420.00,40610.01,98931.53,139541.54,2016,,Truckee Meadows Water Authority,""
Tiffany L Anderson,"ENGINEER, SR. PLANNING",98511.53,0.00,0.00,40577.29,98511.53,139088.82,2016,,Truckee Meadows Water Authority,""
Jonathan D Rouse,INSPECTOR,80399.90,16763.73,780.00,40666.55,97943.63,138610.18,2016,,Truckee Meadows Water Authority,""
Michael M Halliburton,INSPECTOR,82533.25,15893.72,900.00,39158.67,99326.97,138485.64,2016,,Truckee Meadows Water Authority,""
Travis A Bunkowski,"OPERATOR,WATER PLANT III",82953.96,20681.75,420.00,34317.50,104055.71,138373.21,2016,,Truckee Meadows Water Authority,""
Brent E Smith,FIELD & METER SERVC SUPERVISOR,94169.01,0.00,1140.00,42197.92,95309.01,137506.93,2016,,Truckee Meadows Water Authority,""
Jason W Phinney,"ENGINEER,SR.CONSTRUCTION",96317.91,0.00,1140.00,39509.07,97457.91,136966.98,2016,,Truckee Meadows Water Authority,""
David B Barden,"TECHNICIAN,SCADA",87193.21,7146.63,900.00,40649.76,95239.84,135889.60,2016,,Truckee Meadows Water Authority,""
Kevin Eugene Comphel,"COORD, SAFETY, RISK & EM RESP",95154.41,0.00,900.00,39637.26,96054.41,135691.67,2016,,Truckee Meadows Water Authority,""
Randall G Vanhoozer,"HYDROGEOLOGIST, SR.",93297.49,0.00,820.00,41544.83,94117.49,135662.32,2016,,Truckee Meadows Water Authority,""
John A Naungayan,"SERVICEMAN, WATER",71017.23,29006.97,485.00,33905.69,100509.20,134414.89,2016,,Truckee Meadows Water Authority,""
Jeffrey J Todd,INSPECTOR,81988.27,13852.08,900.00,37165.69,96740.35,133906.04,2016,,Truckee Meadows Water Authority,""
Robert G Kelley,"SPECIALIST,EQUIP,W/T",81794.32,11730.16,900.00,39176.32,94424.48,133600.80,2016,,Truckee Meadows Water Authority,""
Cameron L Shultz,POWER GEN TECH,84065.67,11713.04,900.00,36843.82,96678.71,133522.53,2016,,Truckee Meadows Water Authority,""
Kelli Burgess,WQ & ENVIRONMENTAL PERMIT SUP,96317.91,0.00,540.00,36581.06,96857.91,133438.97,2016,,Truckee Meadows Water Authority,""
Christian A Kropf,"HYDROGEOLOGIST, SR.",93297.49,0.00,820.00,39150.11,94117.49,133267.60,2016,,Truckee Meadows Water Authority,""
Max Day,IT SUPERVISOR,92797.56,0.00,900.00,39480.47,93697.56,133178.03,2016,,Truckee Meadows Water Authority,""
Peter R Pribyl,"FOREMAN, LT, WORKING,WTR",79785.25,11643.63,760.00,40517.53,92188.88,132706.41,2016,,Truckee Meadows Water Authority,""
Alan K Reich,"ENGINEER, SR. PLANNING",96317.91,0.00,0.00,36195.35,96317.91,132513.26,2016,,Truckee Meadows Water Authority,""
Craig S Moyle,"CHEMIST, SR.",93297.49,0.00,420.00,38663.42,93717.49,132380.91,2016,,Truckee Meadows Water Authority,""
Eleodoro T Colocho,"OPERATOR, EQUIPMENT III",66469.39,26911.18,420.00,38541.66,93800.57,132342.23,2016,,Truckee Meadows Water Authority,""
Ryan T Dixon,"COORDINATOR, CONST. MGMT",90384.06,0.00,1140.00,40729.08,91524.06,132253.14,2016,,Truckee Meadows Water Authority,""
Kim Mazares,DIR OF CUSTOMER RELATIONS,92672.00,0.00,5560.00,33499.90,98232.00,131731.90,2016,,Truckee Meadows Water Authority,""
Joseph W Brown,"OPERATOR, EQUIPMENT III",68882.41,23717.35,420.00,38600.35,93019.76,131620.11,2016,,Truckee Meadows Water Authority,""
William L Hauck,"HYDROLOGIST,SR",93297.49,0.00,900.00,37396.66,94197.49,131594.15,2016,,Truckee Meadows Water Authority,""
Thomas A Clifton,"SPVR., DISTRIBUTION OPS",94169.01,0.00,1140.00,35593.58,95309.01,130902.59,2016,,Truckee Meadows Water Authority,""
Brooke E Long,"ENGINEER, SR. PLANNING",89827.53,0.00,0.00,40250.29,89827.53,130077.82,2016,,Truckee Meadows Water Authority,""
Charles E Scarborough,"FOREMAN, LT, WORKING,WTR",86034.01,4653.08,900.00,37812.83,91587.09,129399.92,2016,,Truckee Meadows Water Authority,""
Walter Raymond,"SPVR., WATER OPERATIONS",89827.53,0.00,1140.00,38178.49,90967.53,129146.02,2016,,Truckee Meadows Water Authority,""
Eric T Mothershead,OPERATIONS MAINT SUPERVISOR,89827.53,0.00,1140.00,38178.49,90967.53,129146.02,2016,,Truckee Meadows Water Authority,""
Sean M Feeney,PRINCIPAL TECHNOLOGIST,92981.07,0.00,900.00,35261.04,93881.07,129142.11,2016,,Truckee Meadows Water Authority,""
Renatas Gedvila,PRINCIPAL NETWORK ARCHITECT,90214.85,0.00,825.00,38063.84,91039.85,129103.69,2016,,Truckee Meadows Water Authority,""
Milton T Miller,FITTER/WELDER,77523.95,12628.26,420.00,38170.59,90572.21,128742.80,2016,,Truckee Meadows Water Authority,""
Ronald Patch,"ANALYST, MIS",87419.02,0.00,900.00,40307.98,88319.02,128627.00,2016,,Truckee Meadows Water Authority,""
Victor C Rosales,"SERVICEMAN, WATER",75273.95,13258.81,660.00,39424.20,89192.76,128616.96,2016,,Truckee Meadows Water Authority,""
Patrick G Quigley,"FOREMAN, LT, WORKING,WTR",80174.02,8007.64,700.00,39166.11,88881.66,128047.77,2016,,Truckee Meadows Water Authority,""
Ronald Kirk Nordmeyer,"SERVICEMAN, WATER",75273.98,17406.42,660.00,34437.21,93340.40,127777.61,2016,,Truckee Meadows Water Authority,""
Kevin J Johnson,"ANALYST, GIS",87419.02,0.00,0.00,39898.77,87419.02,127317.79,2016,,Truckee Meadows Water Authority,""
Richard C Dominguez,"MECHANIC,SPEC, M/C-W/P",82106.40,5275.59,900.00,38641.78,88281.99,126923.77,2016,,Truckee Meadows Water Authority,""
Brock A Hammill,OPERATOR HYRDO/GENERATION,74368.78,14686.99,860.00,36937.41,89915.77,126853.18,2016,,Truckee Meadows Water Authority,""
Charles D Atkinson,"SPVR., DISTRIBUTION OPS",85485.01,0.00,1140.00,39766.40,86625.01,126391.41,2016,,Truckee Meadows Water Authority,""
A Chris Conte,"MECHANIC,SPEC, M/C-W/P",81529.55,9811.54,900.00,33531.64,92241.09,125772.73,2016,,Truckee Meadows Water Authority,""
Marci K Westlake,CUSTOMER SERVICE MANAGER,85506.62,0.00,900.00,39363.41,86406.62,125770.03,2016,,Truckee Meadows Water Authority,""
Todd P Milich,MECHANIC HYDRO/GENERATION,93906.59,4118.62,900.00,26609.91,98925.21,125535.12,2016,,Truckee Meadows Water Authority,""
Robert R Charpentier,"SPECIALIST, COMMUNICATIONS",87419.02,0.00,900.00,37176.09,88319.02,125495.11,2016,,Truckee Meadows Water Authority,""
Mark G Patterson,"FOREMAN, LT, WORKING,WTR",87234.02,144.54,900.00,37124.30,88278.56,125402.86,2016,,Truckee Meadows Water Authority,""
Bradley D Chase,"ANALYST, GIS",87419.02,0.00,0.00,37073.78,87419.02,124492.80,2016,,Truckee Meadows Water Authority,""
Roy L Callahan,INSPECTOR,82596.96,4054.02,0.00,37296.98,86650.98,123947.96,2016,,Truckee Meadows Water Authority,""
Mary Bennett,"ANALYST, SR. WATER OPS",87419.02,0.00,0.00,36429.22,87419.02,123848.24,2016,,Truckee Meadows Water Authority,""
Joseph Gerard Petrelli,PRINCIPAL FINANCIAL ANALYST,87587.45,0.00,0.00,36148.20,87587.45,123735.65,2016,,Truckee Meadows Water Authority,""
Gerald B Garza,"OPERATOR, EQUIPMENT III",68470.56,19553.49,420.00,35004.00,88444.05,123448.05,2016,,Truckee Meadows Water Authority,""
Dino A Tomburello,INSPECTOR,82533.26,3511.08,900.00,35420.37,86944.34,122364.71,2016,,Truckee Meadows Water Authority,""
Michael Cj Witt,"SPECIALIST,EQUIP,W/T",81793.84,6719.54,900.00,32703.82,89413.38,122117.20,2016,,Truckee Meadows Water Authority,""
Heather A Edmunson,LAND AGENT,87419.02,0.00,900.00,33703.64,88319.02,122022.66,2016,,Truckee Meadows Water Authority,""
Martin J Wildeman,"ANALYST, SYSTEM CONTROL",87419.02,0.00,420.00,34064.31,87839.02,121903.33,2016,,Truckee Meadows Water Authority,""
Adam M Shay,"MECHANIC,SPEC, M/C-W/P",81850.67,5950.59,900.00,32489.38,88701.26,121190.64,2016,,Truckee Meadows Water Authority,""
Casey O Jones,"SERVICEMAN, WATER",74248.82,9381.50,620.00,36656.00,84250.32,120906.32,2016,,Truckee Meadows Water Authority,""
Amanda M Duncan,LAND AGENT,82191.98,0.00,0.00,38435.23,82191.98,120627.21,2016,,Truckee Meadows Water Authority,""
Danial D Dourte,"SR, FACILITIES&GROUND MAINT",68205.81,16306.48,560.00,35201.74,85072.29,120274.03,2016,,Truckee Meadows Water Authority,""
Jarad M Harkema,"FOREMAN, LT, WORKING,WTR",78134.82,9684.52,620.00,31741.11,88439.34,120180.45,2016,,Truckee Meadows Water Authority,""
Jordan M Thomas,"SR, FACILITIES&GROUND MAINT",77964.35,16802.97,560.00,24823.58,95327.32,120150.90,2016,,Truckee Meadows Water Authority,""
Nick A Cercek,"APPRENTICE, FITTER",65446.94,30986.57,440.00,23152.05,96873.51,120025.56,2016,,Truckee Meadows Water Authority,""
Kristian F Kaltenbacher,FACILITIES LOCATOR-WATER,70455.99,16590.53,540.00,32431.93,87586.52,120018.45,2016,,Truckee Meadows Water Authority,""
Paul D Robb,"MECHANIC,SPEC, M/C-W/P",81765.07,4630.16,900.00,32522.04,87295.23,119817.27,2016,,Truckee Meadows Water Authority,""
John D Stewart,OPERATOR HYRDO/GENERATION,75030.38,10968.93,900.00,32260.40,86899.31,119159.71,2016,,Truckee Meadows Water Authority,""
James W. Weingart,OPERATOR HYRDO/GENERATION,68199.72,14937.90,420.00,35091.94,83557.62,118649.56,2016,,Truckee Meadows Water Authority,""
John D Bunt,"MECHANIC,SPEC, M/C-W/P",81853.47,2614.55,900.00,32661.60,85368.02,118029.62,2016,,Truckee Meadows Water Authority,""
Judah R Holland,CAD ANALYST,79925.95,0.00,0.00,37800.70,79925.95,117726.65,2016,,Truckee Meadows Water Authority,""
Alan L Draper,"SPECIALIST,EQUIP,W/T",81793.89,2350.41,900.00,32489.32,85044.30,117533.62,2016,,Truckee Meadows Water Authority,""
Robert M Watkins,"APPRENTICE, FITTER",61557.73,21584.98,35.00,33845.78,83177.71,117023.49,2016,,Truckee Meadows Water Authority,""
Matthew D Woods,RECORDS PROGRAM ADMIN,87800.57,0.00,0.00,28152.49,87800.57,115953.06,2016,,Truckee Meadows Water Authority,""
Stacy Myers,"ANALYST, OPERATIONS SYSTEMS",82292.22,0.00,900.00,32213.03,83192.22,115405.25,2016,,Truckee Meadows Water Authority,""
Elizabeth L Crook,WATER RESOURCES ADMINISTRATOR,82191.98,0.00,0.00,32600.77,82191.98,114792.75,2016,,Truckee Meadows Water Authority,""
Jon R Kiessling,"COORD., FACILITIES",81539.51,0.00,900.00,32057.45,82439.51,114496.96,2016,,Truckee Meadows Water Authority,""
Ian J Dasmann,"APPRENTICE,OPERATOR, W/P",67875.48,11998.99,0.00,34169.32,79874.47,114043.79,2016,,Truckee Meadows Water Authority,""
David A Mothershead,"FOREMAN, LT, WORKING,WTR",75936.21,4541.71,580.00,32715.23,81057.92,113773.15,2016,,Truckee Meadows Water Authority,""
Sonia Folsom,EXECUTIVE ASSISTANT,86123.05,0.00,660.00,25481.82,86783.05,112264.87,2016,,Truckee Meadows Water Authority,""
Jamie J Marche,"ADMINISTRATOR, BACKFLOW",76663.99,0.00,660.00,34492.60,77323.99,111816.59,2016,,Truckee Meadows Water Authority,""
Maria I Dufur,"ADMIN,PURCHASE & CONTRACT",79925.95,0.00,0.00,31605.57,79925.95,111531.52,2016,,Truckee Meadows Water Authority,""
Nicholas R White,HYDROGEOLOGIST,78695.63,0.00,820.00,31292.51,79515.63,110808.14,2016,,Truckee Meadows Water Authority,""
Jeremy C Hightower,"APPRENTICE, FITTER",61156.34,22571.85,0.00,26768.74,83728.19,110496.93,2016,,Truckee Meadows Water Authority,""
Sheryl A Houlihan,"SPECIALIST,WATER SUPPLY",73610.29,5145.41,800.00,30743.69,79555.70,110299.39,2016,,Truckee Meadows Water Authority,""
Daren L Demangate,"SERVICEMAN, WATER",75273.97,2952.06,880.00,30896.34,79106.03,110002.37,2016,,Truckee Meadows Water Authority,""
Laine S Christman,RESOURCE ECON & CONSERV ADMIN,73964.44,0.00,0.00,35184.50,73964.44,109148.94,2016,,Truckee Meadows Water Authority,""
Pamela S Apuna,"COORD., NB PROJECT",72830.08,0.00,0.00,36223.12,72830.08,109053.20,2016,,Truckee Meadows Water Authority,""
Dillon C Hansen,"APPRENTICE,OPERATOR, W/P",64363.88,14201.61,0.00,28836.57,78565.49,107402.06,2016,,Truckee Meadows Water Authority,""
Karen L Meyer,"COORD., NB PROJECT",72829.93,0.00,0.00,33889.53,72829.93,106719.46,2016,,Truckee Meadows Water Authority,""
Robert S Baker,"COORD.,TRANS& MAT MGMT",65350.98,8708.06,900.00,31325.02,74959.04,106284.06,2016,,Truckee Meadows Water Authority,""
Christopher A Maciejewski,"ANALYST, MIS",74368.97,0.00,900.00,30988.13,75268.97,106257.10,2016,,Truckee Meadows Water Authority,""
Scott Benedict,"ENGINEER, SR. DESIGN",77191.70,0.00,350.00,27695.67,77541.70,105237.37,2016,,Truckee Meadows Water Authority,""
Andrew S Fritter,"APPRENTICE, FITTER",62155.84,15743.36,0.00,26629.96,77899.20,104529.16,2016,,Truckee Meadows Water Authority,""
Matthew J White,"APPRENTICE, FITTER",59502.80,12364.37,0.00,32491.48,71867.17,104358.65,2016,,Truckee Meadows Water Authority,""
Timothy Mcelvain,"APPRENTICE, FITTER",61098.18,15333.47,0.00,26976.89,76431.65,103408.54,2016,,Truckee Meadows Water Authority,""
Shelly D Ashford,PAYROLL SPECIALIST,65350.89,6530.36,0.00,31324.96,71881.25,103206.21,2016,,Truckee Meadows Water Authority,""
David A Nelson,"COORD, WATER RESOURCE",70105.24,0.00,0.00,32656.20,70105.24,102761.44,2016,,Truckee Meadows Water Authority,""
Amanda N Filut,"COORD., FIELD & MTR. SVC.",71646.68,286.25,1060.00,29287.48,72992.93,102280.41,2016,,Truckee Meadows Water Authority,""
Gregory J Brown,FITTER,62965.25,8413.73,35.00,30657.02,71413.98,102071.00,2016,,Truckee Meadows Water Authority,""
Jackie Lou R Boado,CHEMIST,71702.41,0.00,420.00,29663.68,72122.41,101786.09,2016,,Truckee Meadows Water Authority,""
Mary Aquino Catudan,"COORD, WATER RESOURCE",64654.75,3793.75,0.00,32445.51,68448.50,100894.01,2016,,Truckee Meadows Water Authority,""
Kim M Boldi,"REPRESENTATIVE,CUST SERV",63257.16,9439.80,385.00,27684.81,73081.96,100766.77,2016,,Truckee Meadows Water Authority,""
Timothy Gomo,SERVICE UTILITYMAN,61677.18,5297.07,660.00,32857.35,67634.25,100491.60,2016,,Truckee Meadows Water Authority,""
Brandyn D Rada,"APPRENTICE,MECH M/C W/P",64731.56,3584.68,420.00,31375.83,68736.24,100112.07,2016,,Truckee Meadows Water Authority,""
Karen J Lemos,"TECHNICIAN, IS",74843.62,0.00,420.00,24349.51,75263.62,99613.13,2016,,Truckee Meadows Water Authority,""
Jason Y Ines,"APPRENTICE, FITTER",62909.47,8509.35,35.00,27201.65,71453.82,98655.47,2016,,Truckee Meadows Water Authority,""
Marcus G Urban,"SPECIALIST,WATER SUPPLY",63894.29,1892.20,660.00,31803.75,66446.49,98250.24,2016,,Truckee Meadows Water Authority,""
Michael W Kollodge,"SPECIALIST,WATER SUPPLY",63894.12,5559.93,660.00,27763.29,70114.05,97877.34,2016,,Truckee Meadows Water Authority,""
James P Pezonella,"SPECIALIST, SR. WTR QUALI",65351.03,2577.00,420.00,28234.23,68348.03,96582.26,2016,,Truckee Meadows Water Authority,""
Paul C Winkler,SERVICE UTILITYMAN,56146.90,5560.39,550.00,31586.60,62257.29,93843.89,2016,,Truckee Meadows Water Authority,""
Michael B Walker,SERVICE UTILITYMAN,61677.17,3907.92,660.00,26856.69,66245.09,93101.78,2016,,Truckee Meadows Water Authority,""
Lisa A Simcoe,ADMIN SERVICES COORD,65350.73,0.00,0.00,27524.60,65350.73,92875.33,2016,,Truckee Meadows Water Authority,""
Kevin J Retterath,"APPRENTICE,MECH M/C W/P",61520.20,3253.10,420.00,26880.01,65193.30,92073.31,2016,,Truckee Meadows Water Authority,""
Jess A Kohler,"TECHNICIAN, GIS",61762.96,0.00,0.00,30287.66,61762.96,92050.62,2016,,Truckee Meadows Water Authority,""
Jennifer R Quilici,SERVICE UTILITYMAN,61677.13,2373.00,660.00,26856.65,64710.13,91566.78,2016,,Truckee Meadows Water Authority,""
Richard C Betty,SERVICE UTILITYMAN,61677.16,657.78,660.00,26496.01,62994.94,89490.95,2016,,Truckee Meadows Water Authority,""
Corine Lucich,"REPRESENTATIVE,CUST SERV",62553.40,1184.29,0.00,24230.59,63737.69,87968.28,2016,,Truckee Meadows Water Authority,""
Lauren Marie Roaldson,ASSOCIATE HYDROGEOLOGIST,60978.59,282.65,750.00,25865.09,62011.24,87876.33,2016,,Truckee Meadows Water Authority,""
Janyce L Schlesener,"COORD., SR WATER CONSERV",57989.34,3942.22,0.00,25463.37,61931.56,87394.93,2016,,Truckee Meadows Water Authority,""
Kyle Benjamin Melendez,SERVICE UTILITYMAN,55076.40,6573.29,495.00,24679.17,62144.69,86823.86,2016,,Truckee Meadows Water Authority,""
Michelle A Smith,AP REPRESENTATIVE,54618.32,118.95,0.00,28790.22,54737.27,83527.49,2016,,Truckee Meadows Water Authority,""
Doretta J Umscheid,"REPRESENTATIVE,CUST SERV",54618.25,1602.68,0.00,24880.10,56220.93,81101.03,2016,,Truckee Meadows Water Authority,""
Lauren M Kunin,"COORD., WATER CONSERV",49512.67,300.03,660.00,29694.26,50472.70,80166.96,2016,,Truckee Meadows Water Authority,""
Joan A Shaffer,"REPRESENTATIVE,CUST SERV",54618.21,572.52,0.00,24519.41,55190.73,79710.14,2016,,Truckee Meadows Water Authority,""
Mindy L Stewart,"TECH, ASSOC. ACCOUNTING",52109.67,1896.81,0.00,24849.65,54006.48,78856.13,2016,,Truckee Meadows Water Authority,""
Brett B Coffman,ASSOCIATE MICROBIOLOGIST,52726.70,2405.31,420.00,23066.88,55552.01,78618.89,2016,,Truckee Meadows Water Authority,""
Richard A Merrigan,"APPRENTICE, FITTER",44718.98,12578.07,35.00,20516.42,57332.05,77848.47,2016,,Truckee Meadows Water Authority,""
Rosalinda Rodriguez,"COORD, HR ADMIN SERVICES",53167.38,394.35,0.00,24144.67,53561.73,77706.40,2016,,Truckee Meadows Water Authority,""
Karlan Wilfon,"FOREMAN, LT, WORKING,WTR",51269.12,2223.48,600.00,21930.05,54092.60,76022.65,2016,,Truckee Meadows Water Authority,""
Kara Renee Steeland,ASSOCIATE HYDROLOGIST,58326.71,0.00,450.00,15656.55,58776.71,74433.26,2016,,Truckee Meadows Water Authority,""
Jessica L Gearhart,ASSOCIATE MICROBIOLOGIST,46039.36,40.30,420.00,22478.05,46499.66,68977.71,2016,,Truckee Meadows Water Authority,""
Matthew T Deporter,"TECHNICIAN, RECORDS",46039.48,0.00,0.00,22478.06,46039.48,68517.54,2016,,Truckee Meadows Water Authority,""
Leonida Pouliot,"ASSOCIATE, ACCOUNTING",47675.68,0.00,0.00,19139.52,47675.68,66815.20,2016,,Truckee Meadows Water Authority,""
Johnnie E Gonzales,FACILITIES&GROUND MAINT I,40930.64,4404.75,245.00,14635.61,45580.39,60216.00,2016,,Truckee Meadows Water Authority,""
Ignacio Galvez,FACILITIES&GROUND MAINT I,40930.61,5006.92,245.00,12097.20,46182.53,58279.73,2016,,Truckee Meadows Water Authority,""
Jeannie Aguilera,RUNNER/ADMIN TECHNICIAN,35352.21,5352.00,245.00,14727.36,40949.21,55676.57,2016,,Truckee Meadows Water Authority,""
Nancy K Raymond,"COORD., NB PROJECT",32315.27,0.00,0.00,13859.61,32315.27,46174.88,2016,,Truckee Meadows Water Authority,""
Deanna Anderson,"REPRESENTATIVE,CUST SERV",33317.91,48.92,110.00,11096.28,33476.83,44573.11,2016,,Truckee Meadows Water Authority,""
Yugandhar Narala,"MANAGER, INFORMATION TECH",31054.38,0.00,2025.00,11206.46,33079.38,44285.84,2016,,Truckee Meadows Water Authority,""
Susan Mackenzie Whittet,PURCHASING & ACCOUNTING TECH,26505.67,0.00,0.00,13993.25,26505.67,40498.92,2016,,Truckee Meadows Water Authority,""
Diana A Banuelos-Ramirez,PURCHASING & ACCOUNTING TECH,29770.91,40.62,0.00,8300.68,29811.53,38112.21,2016,,Truckee Meadows Water Authority,""
Garrett Allen Clayton,"ANALYST, SYSTEM",23099.07,0.00,300.00,9687.13,23399.07,33086.20,2016,,Truckee Meadows Water Authority,""
Sandra Ann Tozi,"ACCOUNTANT, SR.",23927.32,0.00,0.00,9123.12,23927.32,33050.44,2016,,Truckee Meadows Water Authority,""
Joseph G Stokes,"APPRENTICE,OPERATOR, W/P",14880.99,7591.52,35.00,7810.86,22507.51,30318.37,2016,,Truckee Meadows Water Authority,""
Gage L Kabisch,HELPER,13808.00,6343.10,35.00,7881.60,20186.10,28067.70,2016,,Truckee Meadows Water Authority,""
Jason P Barnes,"ENGINEER, SR. DESIGN",16841.93,0.00,0.00,6927.27,16841.93,23769.20,2016,,Truckee Meadows Water Authority,""
Russell Niles Thomas,HELPER,12460.22,5413.23,0.00,5884.97,17873.45,23758.42,2016,,Truckee Meadows Water Authority,""
William Byran,"SERVICEMAN, WATER",17199.00,0.00,0.00,6347.76,17199.00,23546.76,2016,,Truckee Meadows Water Authority,""
Christopher James Littlefield,HELPER,12111.61,3676.99,35.00,5790.40,15823.60,21614.00,2016,,Truckee Meadows Water Authority,""
Zachary Adam Cox,HELPER,11672.17,3310.51,35.00,5600.35,15017.68,20618.03,2016,,Truckee Meadows Water Authority,""
Kyle Habberstad,HELPER,11817.14,2366.01,35.00,5637.91,14218.15,19856.06,2016,,Truckee Meadows Water Authority,""
Brian M Wilfon,HELPER,10907.27,1731.10,35.00,5477.48,12673.37,18150.85,2016,,Truckee Meadows Water Authority,""
Aaron R Lipscomb,HELPER,11096.03,1062.92,35.00,5530.34,12193.95,17724.29,2016,,Truckee Meadows Water Authority,""
Katherine A Perkins,NR ADMIN ASSISTANT,8258.88,0.00,0.00,2687.68,8258.88,10946.56,2016,,Truckee Meadows Water Authority,""
Matthew R Wright,"TECHNICIAN, PLANT ELECTRICAL",3239.73,354.10,0.00,958.15,3593.83,4551.98,2016,,Truckee Meadows Water Authority,""
