Employee Name,Job Title,Base Pay,Overtime Pay,Other Pay,Benefits,Total Pay,Total Pay & Benefits,Year,Notes,Agency,Status
Kevin Brown,General Manager,118235.78,0.00,1459.53,29501.86,119695.31,149197.17,2016,,Virgin Valley Water District,""
Philip Abbott,Supervisor,69133.72,9978.08,8325.70,34601.78,87437.50,122039.28,2016,,Virgin Valley Water District,""
Steve Tietjen,Supervisor,68649.72,1123.32,8745.12,30489.18,78518.16,109007.34,2016,,Virgin Valley Water District,""
Aaron Bunker,Hydrologist,67859.50,1076.46,6610.31,32936.78,75546.27,108483.05,2016,,Virgin Valley Water District,""
Robert Faught,Supervisor,68137.52,253.94,8869.87,29650.38,77261.33,106911.71,2016,,Virgin Valley Water District,""
Cameron Klug,Lead,58102.07,9960.53,6354.85,31636.43,74417.45,106053.88,2016,,Virgin Valley Water District,""
Juan Zarate,Lead,56704.08,9250.31,8047.28,31699.38,74001.67,105701.05,2016,,Virgin Valley Water District,""
Mary Johnson,Administrator,59621.34,0.00,7492.91,27587.21,67114.25,94701.46,2016,,Virgin Valley Water District,""
Troy Tanner,Lead,53550.43,7238.27,3154.07,28558.09,63942.77,92500.86,2016,,Virgin Valley Water District,""
Hatty Tanner,Supervisor,55374.04,878.21,8568.19,26662.94,64820.44,91483.38,2016,,Virgin Valley Water District,""
Bryan Plum,Inspector/Operator,46205.82,5587.64,5095.02,27053.50,56888.48,83941.98,2016,,Virgin Valley Water District,""
Adam Owsley,Operator,42153.92,8484.77,2609.69,25271.09,53248.38,78519.47,2016,,Virgin Valley Water District,""
Christopher Woods,Inspector/Operator,40864.48,7772.52,2388.85,24729.01,51025.85,75754.86,2016,,Virgin Valley Water District,""
Valerie Martinez,Lead,44330.21,851.45,4993.99,25504.93,50175.65,75680.58,2016,,Virgin Valley Water District,""
Keith Garrett,Operator,37804.74,5567.69,2135.58,23501.34,45508.01,69009.35,2016,,Virgin Valley Water District,""
Wesley Smith,Accountant/CFO,46934.09,0.00,4542.27,15695.37,51476.36,67171.73,2016,,Virgin Valley Water District,""
Kyller Bulloch,Operator,38190.90,7403.24,3189.51,17493.64,48783.65,66277.29,2016,,Virgin Valley Water District,""
Kyle Hughes,Customer Service Rep,33974.86,3413.40,2740.96,22303.48,40129.22,62432.70,2016,,Virgin Valley Water District,""
Natalie Anderson,Customer Service Rep,33852.37,2007.11,2950.04,21907.77,38809.52,60717.29,2016,,Virgin Valley Water District,""
