Employee Name,Job Title,Base Pay,Overtime Pay,Other Pay,Benefits,Total Pay,Total Pay & Benefits,Year,Notes,Agency,Status
Melvin T Duke,Green Superintendent,91653.48,0.00,0.00,9647.49,91653.48,101300.97,2016,,West Wendover Recreation District,""
Jamey L Richardson,District Administrator,75829.31,0.00,0.00,11640.41,75829.31,87469.72,2016,,West Wendover Recreation District,""
Michael J Moore,Asst. Green Superintendent,65517.73,0.00,0.00,11055.61,65517.73,76573.34,2016,,West Wendover Recreation District,""
Matthew J Nadeau,Head Golf Professional,56375.05,0.00,0.00,7201.62,56375.05,63576.67,2016,,West Wendover Recreation District,""
Manuel C Zavala,Mechanic,53214.72,0.00,0.00,10316.63,53214.72,63531.35,2016,,West Wendover Recreation District,""
Karen D Shepherd,District Clerk,43824.78,0.00,0.00,9531.59,43824.78,53356.37,2016,,West Wendover Recreation District,""
Jorge M Escobedo,2nd Asst. Green Superintendent,38971.68,0.00,0.00,9329.92,38971.68,48301.60,2016,,West Wendover Recreation District,""
Jeremy A Master,Parks & Rec. Director,42349.99,0.00,0.00,5044.27,42349.99,47394.26,2016,,West Wendover Recreation District,""
Andres C Vera,Park Maint. Supervisor,36178.97,1551.06,0.00,9468.87,37730.03,47198.90,2016,,West Wendover Recreation District,""
Adam P Markman,Asst. Golf Professional,28751.42,0.00,0.00,3608.14,28751.42,32359.56,2016,,West Wendover Recreation District,""
Juaquin T Rosales,GC Maintenance,21426.95,93.08,0.00,5412.21,21520.03,26932.24,2016,,West Wendover Recreation District,""
Jack C Becker,Asst. Parks & Rec. Director,21351.75,0.00,0.00,5114.98,21351.75,26466.73,2016,,West Wendover Recreation District,""
Jose R Evangelista,Park Maintenance,16705.15,534.05,0.00,4219.27,17239.20,21458.47,2016,,West Wendover Recreation District,""
Everado Herrera Godoy,GC Maintenance,17343.44,17.97,0.00,3608.14,17361.41,20969.55,2016,,West Wendover Recreation District,""
Joel A Nunez,Rec. Ctr. Attendent,18380.88,0.00,0.00,0.00,18380.88,18380.88,2016,,West Wendover Recreation District,""
Ramon Munoz,Park Maintenance,17552.64,716.35,0.00,0.00,18268.99,18268.99,2016,,West Wendover Recreation District,""
Moises Rojas-Aguilar,GC Maintenance,12419.66,27.60,0.00,3608.14,12447.26,16055.40,2016,,West Wendover Recreation District,""
Nicolas Haro,GC Maintenance,15754.26,11.21,0.00,0.00,15765.47,15765.47,2016,,West Wendover Recreation District,""
Ramon Salas,GC Maintenance,11415.17,23.80,0.00,3608.14,11438.97,15047.11,2016,,West Wendover Recreation District,""
Reyes Carrillo,Park Maintenance,14516.54,470.40,0.00,0.00,14986.94,14986.94,2016,,West Wendover Recreation District,""
Miguel Ortiz Chavez,GC Maintenance,11238.55,92.24,0.00,3593.48,11330.79,14924.27,2016,,West Wendover Recreation District,""
Omar Carrillo Valle,GC Maintenance,11101.16,3.45,0.00,2982.35,11104.61,14086.96,2016,,West Wendover Recreation District,""
Alejandro Gutierrez,GC Maintenance,12788.30,46.50,0.00,0.00,12834.80,12834.80,2016,,West Wendover Recreation District,""
Cresencio Escareno,GC Maintenance,12722.97,32.24,0.00,0.00,12755.21,12755.21,2016,,West Wendover Recreation District,""
Jose Jaime Salas,GC Maintenance,10492.80,0.00,0.00,0.00,10492.80,10492.80,2016,,West Wendover Recreation District,""
Kaden C Hansen,Carts/Range Person,9678.58,0.00,0.00,0.00,9678.58,9678.58,2016,,West Wendover Recreation District,""
Brooke N Elton,GC Starter,7694.94,487.32,0.00,0.00,8182.26,8182.26,2016,,West Wendover Recreation District,""
Ramon Razo-Blanco,GC Maintenance,7780.10,0.00,0.00,0.00,7780.10,7780.10,2016,,West Wendover Recreation District,""
Albert Zuniga,GC Snack bar,6729.47,0.00,0.00,0.00,6729.47,6729.47,2016,,West Wendover Recreation District,""
Marcelino Carrillo Perez,Carts/Range Person,5247.82,0.00,0.00,0.00,5247.82,5247.82,2016,,West Wendover Recreation District,""
Raudel Munoz,GC Maintenance,5024.25,0.00,0.00,0.00,5024.25,5024.25,2016,,West Wendover Recreation District,""
Edward W Kamato,GC Maintenance,4927.20,18.00,0.00,0.00,4945.20,4945.20,2016,,West Wendover Recreation District,""
Yesenia S Gonzalez,Carts/Range Person,4304.47,68.12,0.00,0.00,4372.59,4372.59,2016,,West Wendover Recreation District,""
Josue Romero,Program Supervisor,4217.29,76.88,0.00,0.00,4294.17,4294.17,2016,,West Wendover Recreation District,""
Christopher F Haycock,Carts/Range Person,4089.66,0.00,0.00,0.00,4089.66,4089.66,2016,,West Wendover Recreation District,""
Danielle Moyle,GC Snack Bar,3971.27,0.00,0.00,0.00,3971.27,3971.27,2016,,West Wendover Recreation District,""
Stefan T Eveleth,Head Lifeguard,3636.87,191.45,0.00,0.00,3828.32,3828.32,2016,,West Wendover Recreation District,""
Braden C Price,Carts/Range Person,3590.45,0.00,0.00,0.00,3590.45,3590.45,2016,,West Wendover Recreation District,""
Barrie C Sharp,Dance Instructor,3324.20,0.00,0.00,0.00,3324.20,3324.20,2016,,West Wendover Recreation District,""
Jessica Cuevas Rojas,Head Lifeguard,3044.21,108.76,0.00,0.00,3152.97,3152.97,2016,,West Wendover Recreation District,""
Luis Correa,Carts/Range Person,2981.78,34.92,0.00,0.00,3016.70,3016.70,2016,,West Wendover Recreation District,""
Manuel Marquez,GC Marshall,2859.51,0.00,0.00,0.00,2859.51,2859.51,2016,,West Wendover Recreation District,""
Todd D Woffinden,GC Marshall,2838.88,0.00,0.00,0.00,2838.88,2838.88,2016,,West Wendover Recreation District,""
Gabriel Romero,Program Supervisor,2780.46,3.85,0.00,0.00,2784.31,2784.31,2016,,West Wendover Recreation District,""
Lidia J Delgadillo,Lifeguard,2400.95,19.39,0.00,0.00,2420.34,2420.34,2016,,West Wendover Recreation District,""
Anthony C Villareal,Carts/Range Person,2382.21,0.00,0.00,0.00,2382.21,2382.21,2016,,West Wendover Recreation District,""
Dylan E. Morley,Lifeguard,2272.22,42.65,0.00,0.00,2314.87,2314.87,2016,,West Wendover Recreation District,""
Jason R Shepherd,Lifeguard,2252.53,26.88,0.00,0.00,2279.41,2279.41,2016,,West Wendover Recreation District,""
Ryan D Clymens,Lifeguard,2112.00,0.00,0.00,0.00,2112.00,2112.00,2016,,West Wendover Recreation District,""
Colton G Smith,Lifeguard,2096.64,0.00,0.00,0.00,2096.64,2096.64,2016,,West Wendover Recreation District,""
Curtis L Hansen,GC Starter,1925.70,0.00,0.00,0.00,1925.70,1925.70,2016,,West Wendover Recreation District,""
Brad M Gentry,GC Starter,1888.40,0.00,0.00,0.00,1888.40,1888.40,2016,,West Wendover Recreation District,""
Mackey J Reilly,Lifeguard,1862.03,0.00,0.00,0.00,1862.03,1862.03,2016,,West Wendover Recreation District,""
Elizabeth G Dispirito,Lifeguard,1722.88,53.76,0.00,0.00,1776.64,1776.64,2016,,West Wendover Recreation District,""
Ty E Morley,Lifeguard,1774.88,0.00,0.00,0.00,1774.88,1774.88,2016,,West Wendover Recreation District,""
Andrew S Kennedy,Lifeguard,1751.04,7.68,0.00,0.00,1758.72,1758.72,2016,,West Wendover Recreation District,""
S. Michael Propp,Head Golf Prof.,1708.47,0.00,0.00,0.00,1708.47,1708.47,2016,,West Wendover Recreation District,""
Nolan M Dispirito,Lifeguard,1523.20,46.08,0.00,0.00,1569.28,1569.28,2016,,West Wendover Recreation District,""
Madison G Liggens,Concessions/Tickets,1462.32,12.38,0.00,0.00,1474.70,1474.70,2016,,West Wendover Recreation District,""
Shelby N Hansen,Concessions/Tickets,1423.15,0.00,0.00,0.00,1423.15,1423.15,2016,,West Wendover Recreation District,""
Tianah M Sweat,Concessions/Tickets,1328.64,6.25,0.00,0.00,1334.89,1334.89,2016,,West Wendover Recreation District,""
Omar Corona-Perez,Concessions/Tickets,1320.01,6.19,0.00,0.00,1326.20,1326.20,2016,,West Wendover Recreation District,""
Danny S Robertson,GC Marshall,1244.06,0.00,0.00,0.00,1244.06,1244.06,2016,,West Wendover Recreation District,""
Xavier Gonzalez,Concessions/Tickets,1157.92,33.35,0.00,0.00,1191.27,1191.27,2016,,West Wendover Recreation District,""
Claudia M Trujillo,GC Snack Bar,1159.66,0.00,0.00,0.00,1159.66,1159.66,2016,,West Wendover Recreation District,""
Ofelia Flores,Pool Custodian,1041.93,0.00,0.00,0.00,1041.93,1041.93,2016,,West Wendover Recreation District,""
Gunnar W Carter,Concessions/Tickets,979.70,18.57,0.00,0.00,998.27,998.27,2016,,West Wendover Recreation District,""
Liliana Flores De Santiago,Pool Custodian,960.01,0.00,0.00,0.00,960.01,960.01,2016,,West Wendover Recreation District,""
Jessica T Draper Whitmore,Swim Lesson Instructor,924.59,0.00,0.00,0.00,924.59,924.59,2016,,West Wendover Recreation District,""
Dustin D Dobbs,GC Marshall,882.50,0.00,0.00,0.00,882.50,882.50,2016,,West Wendover Recreation District,""
Cannon K Lacombe,Lifeguard,770.56,15.36,0.00,0.00,785.92,785.92,2016,,West Wendover Recreation District,""
Vanessa Cuevas Rojas,Lifeguard,716.05,0.00,0.00,0.00,716.05,716.05,2016,,West Wendover Recreation District,""
Kylar J Sharp,Lifeguard,667.50,0.00,0.00,0.00,667.50,667.50,2016,,West Wendover Recreation District,""
Gerardo Rodriguez,Softball Scorekeeper,555.00,0.00,0.00,0.00,555.00,555.00,2016,,West Wendover Recreation District,""
Florence J Bermejo,GC Snack Bar,531.05,0.00,0.00,0.00,531.05,531.05,2016,,West Wendover Recreation District,""
Jesus George Hernandez,Referee/Scorekeeper,482.50,0.00,0.00,0.00,482.50,482.50,2016,,West Wendover Recreation District,""
Kaydn J Sharp,Lifeguard,461.91,0.00,0.00,0.00,461.91,461.91,2016,,West Wendover Recreation District,""
Kyra J Moore,GC Snack Bar,455.88,0.00,0.00,0.00,455.88,455.88,2016,,West Wendover Recreation District,""
Amanda C Murphy,Concessions/Tickets,424.88,0.00,0.00,0.00,424.88,424.88,2016,,West Wendover Recreation District,""
Maria Guadalupe Maldonado,Referee/Scorekeeper,360.00,0.00,0.00,0.00,360.00,360.00,2016,,West Wendover Recreation District,""
Aurora Rodriguez,Referee/Scorekeeper,320.00,0.00,0.00,0.00,320.00,320.00,2016,,West Wendover Recreation District,""
Abigail Lund,GC Snack Bar,260.71,0.00,0.00,0.00,260.71,260.71,2016,,West Wendover Recreation District,""
Dallan B Murphy,Referee/Scorekeeper,230.00,0.00,0.00,0.00,230.00,230.00,2016,,West Wendover Recreation District,""
Adriana M Delgadillo,Referee/Scorekeeper,230.00,0.00,0.00,0.00,230.00,230.00,2016,,West Wendover Recreation District,""
Jaxon D Carter,Lifeguard,220.07,0.00,0.00,0.00,220.07,220.07,2016,,West Wendover Recreation District,""
Edgar Collazo De Santiago,Referee/Scorekeeper,170.00,0.00,0.00,0.00,170.00,170.00,2016,,West Wendover Recreation District,""
Rebecca G Mckeon,GC Snack Bar,128.18,0.00,0.00,0.00,128.18,128.18,2016,,West Wendover Recreation District,""
Ashley L Smith,Concessions/Tickets,120.54,0.00,0.00,0.00,120.54,120.54,2016,,West Wendover Recreation District,""
Patrick S Dooley,Concessions/Tickets,99.00,0.00,0.00,0.00,99.00,99.00,2016,,West Wendover Recreation District,""
Shane E Morley,GC Marshall,75.98,0.00,0.00,0.00,75.98,75.98,2016,,West Wendover Recreation District,""
Briana N Holloway,Concessions/Tickets,27.07,0.00,0.00,0.00,27.07,27.07,2016,,West Wendover Recreation District,""
