Employee Name,Job Title,Base Pay,Overtime Pay,Other Pay,Benefits,Total Pay,Total Pay & Benefits,Year,Notes,Agency,Status
James Derrick,FIRE EQUI OPR AEMT,Aggregate,Aggregate,Aggregate,Not Provided,67932.99,67932.99,2016,,White Pine County Fire District,""
Rodney Gamble,FIREFIGHTER I/AEMT,Aggregate,Aggregate,Aggregate,Not Provided,59734.38,59734.38,2016,,White Pine County Fire District,""
Anthony J. Gilbert,FIREFIGHTER/AEMT,Aggregate,Aggregate,Aggregate,Not Provided,45038.25,45038.25,2016,,White Pine County Fire District,""
David Beau Carlson,FIREFIGHTER I/AEMT,Aggregate,Aggregate,Aggregate,Not Provided,41873.48,41873.48,2016,,White Pine County Fire District,""
Timothy Woolever,FIRE CHEIF,Aggregate,Aggregate,Aggregate,Not Provided,35262.15,35262.15,2016,,White Pine County Fire District,""
Jennifer Hollingsworth,FIREFIGHTER I/AEMT,Aggregate,Aggregate,Aggregate,Not Provided,25115.75,25115.75,2016,,White Pine County Fire District,""
Merrill Harrison,FIREFIGHTER 11/AEMT,Aggregate,Aggregate,Aggregate,Not Provided,19877.98,19877.98,2016,,White Pine County Fire District,""
Elinor C Blackham,AEMT,Aggregate,Aggregate,Aggregate,Not Provided,12685.00,12685.00,2016,,White Pine County Fire District,""
Wendy Gamble,EMT/FIRE,Aggregate,Aggregate,Aggregate,Not Provided,8205.00,8205.00,2016,,White Pine County Fire District,""
Michael Tilby,FIREFIGHTER I/ AEMT,Aggregate,Aggregate,Aggregate,Not Provided,7836.75,7836.75,2016,,White Pine County Fire District,""
Kody W Carson,FIREFIGHTER/DRIVER,Aggregate,Aggregate,Aggregate,Not Provided,2730.00,2730.00,2016,,White Pine County Fire District,""
Sarah E Christensen,EMT,Aggregate,Aggregate,Aggregate,Not Provided,2182.50,2182.50,2016,,White Pine County Fire District,""
Wells Lee Radford,FIREFIGHTER/EMT,Aggregate,Aggregate,Aggregate,Not Provided,1455.00,1455.00,2016,,White Pine County Fire District,""
Anselmo L Garcia,FIRE FIGHTER,Aggregate,Aggregate,Aggregate,Not Provided,1445.00,1445.00,2016,,White Pine County Fire District,""
Matthew L Martin,FIREFIGHTER I/AEMT,Aggregate,Aggregate,Aggregate,Not Provided,1060.00,1060.00,2016,,White Pine County Fire District,""
Carrie A. Martin,FIREFIGHTER/EMT,Aggregate,Aggregate,Aggregate,Not Provided,675.00,675.00,2016,,White Pine County Fire District,""
Carol O Mckenzie,AEMT,Aggregate,Aggregate,Aggregate,Not Provided,530.00,530.00,2016,,White Pine County Fire District,""
William L Hendrix,FIREFIGHTER,Aggregate,Aggregate,Aggregate,Not Provided,525.00,525.00,2016,,White Pine County Fire District,""
Melissa Spear,FIREFIGHTER/EMT,Aggregate,Aggregate,Aggregate,Not Provided,517.50,517.50,2016,,White Pine County Fire District,""
April M Bath,AEMT,Aggregate,Aggregate,Aggregate,Not Provided,380.00,380.00,2016,,White Pine County Fire District,""
Ricky Jr Garcia,FIREFIGHTER,Aggregate,Aggregate,Aggregate,Not Provided,347.50,347.50,2016,,White Pine County Fire District,""
Justin W Spear,AEMT,Aggregate,Aggregate,Aggregate,Not Provided,340.00,340.00,2016,,White Pine County Fire District,""
Debra Willes,EMT,Aggregate,Aggregate,Aggregate,Not Provided,310.00,310.00,2016,,White Pine County Fire District,""
Sami Jo Blackham,EMT/FIREFIGHTER,Aggregate,Aggregate,Aggregate,Not Provided,176.25,176.25,2016,,White Pine County Fire District,""
Linda N Woolever,EMT/FIREFIGHTER,Aggregate,Aggregate,Aggregate,Not Provided,150.00,150.00,2016,,White Pine County Fire District,""
Alena L Hardy,EMT/BASIC,Aggregate,Aggregate,Aggregate,Not Provided,90.00,90.00,2016,,White Pine County Fire District,""
Gretchen M Baker,EMT,Aggregate,Aggregate,Aggregate,Not Provided,30.00,30.00,2016,,White Pine County Fire District,""
Burton W Hilton,FIREFIGHTER I/AEMT,Aggregate,Aggregate,Aggregate,Not Provided,0.00,0.00,2016,,White Pine County Fire District,""
Calvin K. Kennedy,FIREFIGHTER,Aggregate,Aggregate,Aggregate,Not Provided,0.00,0.00,2016,,White Pine County Fire District,""
Cody B Snodgrass,EMT/FIREFIGHTER,Aggregate,Aggregate,Aggregate,Not Provided,0.00,0.00,2016,,White Pine County Fire District,""
Richard D Willes,FIREFIGHTER,Aggregate,Aggregate,Aggregate,Not Provided,0.00,0.00,2016,,White Pine County Fire District,""
