Employee Name,Job Title,Base Pay,Overtime Pay,Other Pay,Benefits,Total Pay,Total Pay & Benefits,Year,Notes,Agency,Status
Stephen W Driscoll,City Manager,193395.20,0.00,15251.13,95350.47,208646.33,303996.80,2016,,Sparks,""
Brian K Allen,Police Chief,166800.80,0.00,22779.93,102892.00,189580.73,292472.73,2016,,Sparks,""
James A Reid,Fire Battalion Chief,114409.53,71207.57,27526.43,78247.96,213143.53,291391.49,2016,,Sparks,""
Neil C Krutz,Assistant City Mgr,173415.18,0.00,21488.73,91066.36,194903.91,285970.27,2016,,Sparks,""
Michael E Keating,Police Lieutenant,105461.16,30994.12,41672.15,82863.76,178127.43,260991.19,2016,,Sparks,""
Thomas R Garrison,Fire Chief,127868.00,0.00,41115.78,88100.39,168983.78,257084.17,2016,,Sparks,""
Chester H Adams,City Attorney,163240.00,0.00,8453.03,77804.37,171693.03,249497.40,2016,,Sparks,""
Jeffrey D Cronk,Finance Services  Director,150103.20,0.00,15251.13,81031.32,165354.33,246385.65,2016,,Sparks,""
Chris L Maples,Fire Chief,126683.19,4614.16,32016.61,82678.08,163313.96,245992.04,2016,,Sparks,""
Brian S Miller,Deputy Police Chief,140310.40,0.00,17813.29,87151.48,158123.69,245275.17,2016,,Sparks,""
Tracy L Domingues,Parks & Rec Director,150103.20,0.00,14351.13,79833.64,164454.33,244287.97,2016,,Sparks,""
Clinte L Bellamy,Sergeant Detective,84017.02,45381.93,43743.21,64861.91,173142.16,238004.07,2016,,Sparks,""
Rocky L Triplett,Deputy Police Chief,114709.60,9492.86,27181.29,85440.09,151383.75,236823.84,2016,,Sparks,""
James L Spoo,Municipal Court Judge,158243.68,0.00,7553.03,65378.89,165796.71,231175.60,2016,,Sparks,""
Edward C McDonald,Fire Captain,95107.30,49835.78,13465.12,72401.25,158408.20,230809.45,2016,,Sparks,""
Charles A Alt,Sergeant Detective,85592.96,16943.10,44247.14,83309.22,146783.20,230092.42,2016,,Sparks,""
John A Martini,Community Services Dir,146273.62,0.00,12265.69,71155.95,158539.31,229695.26,2016,,Sparks,""
Darin L Berry,Fire Captain,85358.56,64113.52,11379.78,68073.15,160851.86,228925.01,2016,,Sparks,""
Justin T Langford,Fire Captain,85358.56,58721.69,17134.23,67509.01,161214.48,228723.49,2016,,Sparks,""
Robert C King,Fire Marshal,114409.62,5803.69,24389.35,81502.70,144602.66,226105.36,2016,,Sparks,""
Peter J Krall,Police Lieutenant,108251.20,9153.78,32355.73,74625.99,149760.71,224386.70,2016,,Sparks,""
Shawn W McEvers,Fire Battalion Chief,110857.85,23924.85,21137.17,67978.68,155919.87,223898.55,2016,,Sparks,""
Chad D Hawkins,Police Lieutenant,108251.20,15356.77,26669.29,72649.95,150277.26,222927.21,2016,,Sparks,""
Thomas A Miller,Deputy Police Chief,115747.60,0.00,33592.12,72631.24,149339.72,221970.96,2016,,Sparks,""
Barbara S McCarthy,Municipal Court Judge,158243.68,0.00,8453.03,54896.34,166696.71,221593.05,2016,,Sparks,""
Erick P Thomas,Police Lieutenant,108300.81,1051.16,26506.87,83091.80,135858.84,218950.64,2016,,Sparks,""
Scott D Tracy,Police Lieutenant,89976.80,12701.08,41519.54,71902.61,144197.42,216100.03,2016,,Sparks,""
James A Kindness,Fire Battalion Chief,108951.36,20428.92,20134.21,65519.88,149514.49,215034.37,2016,,Sparks,""
Shirle T Eiting,Chief Assistant City Attorney,135513.60,0.00,12549.33,66521.01,148062.93,214583.94,2016,,Sparks,""
Michael F McCreary,Police Sergeant,85650.41,32531.25,21513.01,71765.93,139694.67,211460.60,2016,,Sparks,""
John P Patton,Police Sergeant,87025.92,27428.73,24553.07,72088.56,139007.72,211096.28,2016,,Sparks,""
George M Forbush,Police Officer,65705.60,39277.59,35222.39,70611.93,140205.58,210817.51,2016,,Sparks,""
Scott L Means,Fire Battalion Chief,108951.36,22819.22,12399.88,65209.49,144170.46,209379.95,2016,,Sparks,""
Derek Keller,Fire Battalion Chief,91579.04,24795.92,22531.19,68128.18,138906.15,207034.33,2016,,Sparks,""
John B Vasquez,Detective,64997.71,37428.45,36243.81,67486.18,138669.97,206156.15,2016,,Sparks,""
Michael A Drinkwater,Treatment Plant Mgr,140456.00,0.00,4200.00,59889.30,144656.00,204545.30,2016,,Sparks,""
6 Undercover,Sergeant Detective,85958.40,16137.05,25565.14,75013.41,127660.59,202674.00,2016,,Sparks,""
Jr Armando Ornelas Jr,Asst Community Svcs Director,127377.50,0.00,9109.52,64074.73,136487.02,200561.75,2016,,Sparks,""
Douglas R Thornley,Assistant City Attorney Sr-Civil,123512.80,0.00,17492.72,59046.30,141005.52,200051.82,2016,,Sparks,""
Donald R Player,Police Sergeant,85452.90,22224.05,20505.66,68403.74,128182.61,196586.35,2016,,Sparks,""
Matthew J Toni,Fire Captain,85358.56,21014.97,28412.60,60784.49,134786.13,195570.62,2016,,Sparks,""
Matt G Glock,Fire Captain,85358.56,22907.45,25949.85,61070.65,134215.86,195286.51,2016,,Sparks,""
Christopher M Jones,Fire Captain,85358.56,35546.55,14368.08,59317.10,135273.19,194590.29,2016,,Sparks,""
Christopher J McCubbins,Assistant Fire Marshal,95107.28,9723.52,16289.76,71947.34,121120.56,193067.90,2016,,Sparks,""
Kevin N Jakubos,Fire Captain,85358.56,32034.30,14325.92,59959.37,131718.78,191678.15,2016,,Sparks,""
Christopher M Rowe,Police Sergeant,72098.59,23798.33,26832.51,68331.33,122729.43,191060.76,2016,,Sparks,""
Jon R Ericson,City Engineer,120320.40,0.00,8209.52,61973.80,128529.92,190503.72,2016,,Sparks,""
Nicholas B Klaich,Fire Captain,85358.56,22436.62,16056.44,66650.91,123851.62,190502.53,2016,,Sparks,""
Kyle T Chenoweth,Fire Captain,76894.72,31940.32,16572.03,63665.27,125407.07,189072.34,2016,,Sparks,""
Jace C Thelin,Police Sergeant,70152.80,25296.98,24907.50,66577.31,120357.28,186934.59,2016,,Sparks,""
Christopher F Crawforth,Police Sergeant,83456.00,9322.44,23714.62,70060.13,116493.06,186553.19,2016,,Sparks,""
Andrew P Schreiber,Detective,65003.20,30331.05,26694.27,64162.77,122028.52,186191.29,2016,,Sparks,""
Eron M Hurley,Police Officer,65756.80,31985.28,24029.31,63747.95,121771.39,185519.34,2016,,Sparks,""
Matthew H Caldwell,Fire Apparatus Operator,74867.52,30004.35,19025.02,60594.97,123896.89,184491.86,2016,,Sparks,""
Tyler M Gayton,Fire Apparatus Operator,74867.52,23972.86,22884.76,62098.51,121725.14,183823.65,2016,,Sparks,""
Darren Jackson,Fire Captain,85358.56,13732.53,19945.34,64387.22,119036.43,183423.65,2016,,Sparks,""
Thomas J Krompetz,Fire Captain,85358.56,19773.59,12119.16,65306.24,117251.31,182557.55,2016,,Sparks,""
Greta D Woyciehowsky,Police Lieutenant,90389.60,2630.86,23350.15,65873.51,116370.61,182244.12,2016,,Sparks,""
David E Hults,Police Officer,65296.00,33559.78,28348.45,55019.59,127204.23,182223.82,2016,,Sparks,""
Christopher L Dutra,Police Officer,64710.41,40309.43,15923.02,61220.92,120942.86,182163.78,2016,,Sparks,""
Aaron C Leary,Sergeant Detective,85738.40,4589.15,20849.47,70829.80,111177.02,182006.82,2016,,Sparks,""
Nicholas A Pagni,Detective,64661.60,27470.86,27147.10,62594.80,119279.56,181874.36,2016,,Sparks,""
Brian D Cason,Capital Projects Mgr,116479.20,0.00,4200.00,60794.76,120679.20,181473.96,2016,,Sparks,""
Andrew M Hummel,Utility Mgr,116479.20,0.00,4200.00,60794.72,120679.20,181473.92,2016,,Sparks,""
Bryan Yee,Police Officer,64661.60,55978.97,17133.13,43331.03,137773.70,181104.73,2016,,Sparks,""
Jeffrey B Sullivan,Fire Captain,85358.56,19814.80,11029.50,64870.21,116202.86,181073.07,2016,,Sparks,""
Michael J Tonner,Fire Captain,85358.56,18926.10,11024.41,64647.40,115309.07,179956.47,2016,,Sparks,""
Mark T Meranda,Building Official,116479.20,0.00,3300.00,59536.84,119779.20,179316.04,2016,,Sparks,""
II T William Macaulay II,Fire Captain,85358.56,20990.98,13836.10,58957.59,120185.64,179143.23,2016,,Sparks,""
Johnson Rosalba I Arango-Johnson,Assistant City Attorney Sr,119584.00,0.30,7909.52,51528.43,127493.82,179022.25,2016,,Sparks,""
Chad E Richards,Fire Captain,85358.56,15672.37,11029.50,66790.86,112060.43,178851.29,2016,,Sparks,""
Sean A Holbrook,Fire Captain,85358.56,14827.70,12376.33,66048.86,112562.59,178611.45,2016,,Sparks,""
Heidi Shaw,Municipal Court Administrator,116500.00,0.00,3000.00,57651.44,119500.00,177151.44,2016,,Sparks,""
Curtis E Wilson,Firefighter,68132.96,37891.28,12065.12,58824.17,118089.36,176913.53,2016,,Sparks,""
Erick E Chavez,Police Officer,65100.82,12528.44,30899.13,66986.59,108528.39,175514.98,2016,,Sparks,""
Ronald E Korman,Public Works Manager,117607.20,0.00,3300.00,53579.93,120907.20,174487.13,2016,,Sparks,""
Gerald L Kingery,Crew Supervisor,73320.25,33499.45,21480.04,46152.32,128299.74,174452.06,2016,,Sparks,""
Jason J P Elorza,Fire Captain,95107.34,155.52,10763.13,68423.98,106025.99,174449.97,2016,,Sparks,""
John A Wakefield,Fire Apparatus Operator,74867.52,20925.33,18383.81,59716.83,114176.66,173893.49,2016,,Sparks,""
Stephen A Burns,Police Officer,65149.60,19448.12,28903.07,59987.76,113500.79,173488.55,2016,,Sparks,""
Thomas J Kowatch,Fire Captain,85358.56,12395.05,11122.67,64067.58,108876.28,172943.86,2016,,Sparks,""
Glenn R Marsh,Police Officer,65127.20,17287.07,28751.00,61348.39,111165.27,172513.66,2016,,Sparks,""
III James E Hammerstone III,Police Officer,64710.40,26028.52,19649.00,62094.63,110387.92,172482.55,2016,,Sparks,""
Wayne G Monson,Fire Apparatus Operator,74867.52,24274.35,12453.23,60832.94,111595.10,172428.04,2016,,Sparks,""
Bret W Natali,Fire Apparatus Operator,74867.52,27407.97,9530.07,60446.37,111805.56,172251.93,2016,,Sparks,""
Michael G Porter,Fire Apparatus Operator,74867.52,17745.87,17778.19,61711.87,110391.58,172103.45,2016,,Sparks,""
Forrest W Johnson,Fire Apparatus Operator,74867.52,17875.24,18380.78,60581.69,111123.54,171705.23,2016,,Sparks,""
Michel L Brown,Detective,65344.80,20690.78,23302.40,62317.45,109337.98,171655.43,2016,,Sparks,""
Eric D Millette,Fire Captain,85358.56,10364.66,11029.50,64806.43,106752.72,171559.15,2016,,Sparks,""
Phillip M Felder,Fire Captain,85358.56,10933.75,11029.50,64180.10,107321.81,171501.91,2016,,Sparks,""
Teresa M Gardner,City Clerk,108848.80,0.00,3900.00,58506.08,112748.80,171254.88,2016,,Sparks,""
Richard W Brookes,Civil Engineer Sr,109262.40,0.00,3300.00,58632.86,112562.40,171195.26,2016,,Sparks,""
Jason J Woodard,Sergeant Detective,73987.22,7455.48,22436.40,67021.44,103879.10,170900.54,2016,,Sparks,""
Thomas RC Wilson,Assistant City Attorney Sr,119584.00,0.00,4909.52,45187.48,124493.52,169681.00,2016,,Sparks,""
Tara N Bell,Police Sergeant,83588.85,5982.79,24536.62,55095.09,114108.26,169203.35,2016,,Sparks,""
Matthew P Norland,Firefighter,68132.96,23252.21,18591.90,58711.66,109977.07,168688.73,2016,,Sparks,""
James R Rundle,Planning Manager,106287.20,0.00,3997.72,57789.02,110284.92,168073.94,2016,,Sparks,""
Kevin L Dach,Detective,65756.83,12487.33,24322.13,65472.49,102566.29,168038.78,2016,,Sparks,""
Karen Melby,Development Services Manager,106287.20,0.00,7629.00,54068.48,113916.20,167984.68,2016,,Sparks,""
Marlene P Cleveland,Police Sergeant,85414.40,4094.39,22724.57,55224.49,112233.36,167457.85,2016,,Sparks,""
Daniel S Marran,Contracts & Risk Mgr,102491.20,0.00,7945.84,56715.44,110437.04,167152.48,2016,,Sparks,""
Adam R Mayberry,Community Relations Mgr,102491.20,0.00,7909.52,56699.61,110400.72,167100.33,2016,,Sparks,""
Shane E Minick,Police Officer,65192.30,22899.36,18037.61,60646.41,106129.27,166775.68,2016,,Sparks,""
Kevin D Lake,Police Officer,65756.80,14471.18,23628.28,62709.03,103856.26,166565.29,2016,,Sparks,""
Tyler D Carson,Fire Captain,85358.56,8269.28,13152.06,59483.06,106779.90,166262.96,2016,,Sparks,""
William C Lutsch,Laboratory Manager,102491.20,0.00,8266.94,55125.09,110758.14,165883.23,2016,,Sparks,""
Shawn A Congdon,Detective,65000.19,7783.01,27045.06,65841.83,99828.26,165670.09,2016,,Sparks,""
Yeadon P Sturtevant,Police Officer,64661.60,19906.90,21816.58,58172.61,106385.08,164557.69,2016,,Sparks,""
Mindy J Falk,Human Resources Manager,103558.98,0.00,3900.00,56941.69,107458.98,164400.67,2016,,Sparks,""
1 Undercover,Detective,65003.20,8254.90,30052.04,60482.47,103310.14,163792.61,2016,,Sparks,""
Edward L Weller,Fire Apparatus Operator,74867.52,19579.90,20262.15,48744.10,114709.57,163453.67,2016,,Sparks,""
Shawn T Hanneman,Fire Apparatus Operator,74867.52,14762.09,18060.52,55395.74,107690.13,163085.87,2016,,Sparks,""
Jeffrey M Prokosch,Fire Apparatus Operator,74867.52,13411.87,13862.13,60930.46,102141.52,163071.98,2016,,Sparks,""
Deborah L J Kinder,Accounting Mgr,102491.20,0.00,3900.00,56617.56,106391.20,163008.76,2016,,Sparks,""
Benjamin D Russell,Detective,65149.60,13830.61,21358.49,62640.95,100338.70,162979.65,2016,,Sparks,""
Robert A Begbie,Police Officer,65235.00,13643.33,21050.19,62873.37,99928.52,162801.89,2016,,Sparks,""
Adam R Harris,Detective,64710.40,9468.52,23169.68,65089.73,97348.60,162438.33,2016,,Sparks,""
Edward D Wilson,Police Officer,64661.60,21943.57,17923.58,57890.13,104528.75,162418.88,2016,,Sparks,""
Andy Echeita,Capital Projects Coord I,102491.20,0.00,4200.00,55125.09,106691.20,161816.29,2016,,Sparks,""
Steven C Davidek,IT Manager,104682.40,0.00,3900.00,53229.20,108582.40,161811.60,2016,,Sparks,""
Denise C Little,Fire Apparatus Operator,74867.52,12218.83,13274.84,60411.25,100361.19,160772.44,2016,,Sparks,""
Robert Kevin Matteoni,Fire Captain,85358.56,8699.66,13209.73,53069.33,107267.95,160337.28,2016,,Sparks,""
Daniel R Larason,Police Officer,64661.61,18853.12,16574.97,60236.36,100089.70,160326.06,2016,,Sparks,""
Todd W Dyer,Crew Supervisor,73320.10,13125.30,20244.58,53386.77,106689.98,160076.75,2016,,Sparks,""
Wesley M Keller,Detective,64661.60,10916.08,25037.33,59016.32,100615.01,159631.33,2016,,Sparks,""
Kenneth G Gallop,Police Officer,65859.20,19626.96,13609.80,60340.92,99095.96,159436.88,2016,,Sparks,""
Bryan P Orr,Police Officer,65332.60,23533.42,11942.53,58466.82,100808.55,159275.37,2016,,Sparks,""
Casey A Bond,Crew Supervisor,71736.13,20842.62,14653.30,52042.87,107232.05,159274.92,2016,,Sparks,""
Dorothy J Peterson,Detective,65859.21,3281.16,26158.72,63742.39,95299.09,159041.48,2016,,Sparks,""
Joseph C Warner,Fire Captain,85358.56,6947.39,9063.78,57429.39,101369.73,158799.12,2016,,Sparks,""
Dennis J Rodrigue,Police Officer,65756.80,11215.28,18519.67,62104.79,95491.75,157596.54,2016,,Sparks,""
Aaron E Phillips,Fire Apparatus Operator,74867.52,9576.93,14304.72,58529.69,98749.17,157278.86,2016,,Sparks,""
Tod T Novak,Police Officer,65749.12,13858.04,22491.81,55044.13,102098.97,157143.10,2016,,Sparks,""
Chas A Welch,Fire Apparatus Operator,74867.52,12295.48,17925.21,51316.93,105088.21,156405.14,2016,,Sparks,""
Keith C Mullen,Firefighter,68132.96,15045.16,14803.96,58273.64,97982.08,156255.72,2016,,Sparks,""
Jason Edmonson,Police Sergeant,77807.50,4315.06,15941.08,58147.88,98063.64,156211.52,2016,,Sparks,""
James D Ahdunko,Police Sergeant,69036.81,12794.26,18815.80,55404.17,100646.87,156051.04,2016,,Sparks,""
Toby M Ebens,Envir Control Supervisor,78902.40,196.64,21311.48,55591.13,100410.52,156001.65,2016,,Sparks,""
Curtis L English,Detective,65247.20,13256.12,16397.19,61018.98,94900.51,155919.49,2016,,Sparks,""
Jr Danny R James Jr,Police Officer,65052.00,12302.31,18922.72,59538.73,96277.03,155815.76,2016,,Sparks,""
Laura C Jacobsen,Fire Apparatus Operator,74867.52,7914.49,18028.74,54253.46,100810.75,155064.21,2016,,Sparks,""
Teresa R Wiley,Admin Division Mgr,109083.20,0.00,3000.00,42899.36,112083.20,154982.56,2016,,Sparks,""
Jim O Herman,Transportation Svcs Coord I,102491.20,0.00,3300.00,49111.77,105791.20,154902.97,2016,,Sparks,""
2 Undercover,Detective,65483.80,14088.57,17627.40,57642.16,97199.77,154841.93,2016,,Sparks,""
Nathan P Coats,Police Officer,65426.57,12494.04,15718.30,60610.11,93638.91,154249.02,2016,,Sparks,""
Jr James L Strandberg Jr,Firefighter,68132.96,20528.02,14315.91,51245.96,102976.89,154222.85,2016,,Sparks,""
Manuel R Souza,Fire Apparatus Operator,74867.52,9794.14,16474.84,52967.98,101136.50,154104.48,2016,,Sparks,""
David S Daniels,Crew Supervisor,73320.03,16146.61,19130.18,45331.59,108596.82,153928.41,2016,,Sparks,""
3 Undercover,Police Officer,65100.80,15882.08,17322.18,55582.92,98305.06,153887.98,2016,,Sparks,""
Kim C Laber,TMWRF Maintenance Mgr,97267.20,0.00,8195.68,47625.78,105462.88,153088.66,2016,,Sparks,""
Kishora K Panda,Treatment Plant Process Engineer,109262.40,0.00,300.00,42054.44,109562.40,151616.84,2016,,Sparks,""
Jason S Kimball,Detective,65003.21,10443.17,16169.03,60000.65,91615.41,151616.06,2016,,Sparks,""
8 Undercover,Detective,65859.22,8775.08,15608.42,61135.15,90242.72,151377.87,2016,,Sparks,""
Matthew M Raker,Police Officer,64710.40,8264.69,16965.08,60807.80,89940.17,150747.97,2016,,Sparks,""
Thomas W Radley,Police Officer,65296.00,16719.72,10408.68,58182.44,92424.40,150606.84,2016,,Sparks,""
Anthony G Pehle,Recreation Supervisor,89780.80,0.00,7392.80,52954.32,97173.60,150127.92,2016,,Sparks,""
Shauna A Nelson,Recreation Supervisor,89432.80,0.00,7358.40,52841.95,96791.20,149633.15,2016,,Sparks,""
Walraven Joseph E Van Walraven,Firefighter,67598.72,31332.25,7496.74,43027.88,106427.71,149455.59,2016,,Sparks,""
Matthew D Alder,Firefighter,67776.80,15696.42,10883.31,54972.52,94356.53,149329.05,2016,,Sparks,""
Richard J Armstrong,Fire Apparatus Operator,69437.76,16307.20,12288.56,51172.54,98033.52,149206.06,2016,,Sparks,""
Matthew R Joseph,Fire Apparatus Operator,74867.52,11144.27,9591.74,53571.19,95603.53,149174.72,2016,,Sparks,""
Steven M Georgeson,Fire Apparatus Operator,74867.52,5881.19,10612.63,57451.43,91361.34,148812.77,2016,,Sparks,""
Eric L Curtis,Detective,65756.80,1466.83,25160.92,55947.94,92384.55,148332.49,2016,,Sparks,""
Jason R Kloehn,Police Officer,65357.00,3092.05,19681.31,60107.97,88130.36,148238.33,2016,,Sparks,""
Matthew J Scott,Fire Apparatus Operator,74867.52,2882.35,10714.84,59720.21,88464.71,148184.92,2016,,Sparks,""
Michael G Foster,Firefighter,68132.96,10133.19,13064.13,56655.07,91330.28,147985.35,2016,,Sparks,""
Steve T Bennett,Treatment Plant Mechanic II,61968.00,19112.21,21902.57,44207.05,102982.78,147189.83,2016,,Sparks,""
Jennifer L McCall,Human Resources Analyst Sr,89780.80,0.00,4226.20,52894.85,94007.00,146901.85,2016,,Sparks,""
Wilfred FD Morin,Firefighter,67598.72,5874.93,29585.14,43746.56,103058.79,146805.35,2016,,Sparks,""
Jose E Zendejas,Detective,65093.49,13659.81,15870.65,51982.42,94623.95,146606.37,2016,,Sparks,""
Stacie Hemmerling,Budget Administrator,89780.80,0.00,3900.00,52895.27,93680.80,146576.07,2016,,Sparks,""
7 Undercover,Detective,65095.95,7180.52,16761.09,57362.27,89037.56,146399.83,2016,,Sparks,""
4 Undercover,Detective,60932.80,12342.65,23484.87,49544.05,96760.32,146304.37,2016,,Sparks,""
Vincent T Bush,Firefighter,68132.96,8903.43,12005.77,57041.04,89042.16,146083.20,2016,,Sparks,""
Jeffery C Partridge,Fire Apparatus Operator,74867.52,3300.84,8670.83,59182.50,86839.19,146021.69,2016,,Sparks,""
Eric M Atkins,Police Officer,65003.21,4384.10,17121.65,59143.86,86508.96,145652.82,2016,,Sparks,""
Andre' Fagg Stigall,Recreation Supervisor,89640.80,0.00,3000.00,52854.04,92640.80,145494.84,2016,,Sparks,""
Clifford W Humphreys,Envir Control Officer II,68287.28,1456.18,22630.34,52926.93,92373.80,145300.73,2016,,Sparks,""
Suey K Huey,Control System Programmer,77562.78,3035.57,11439.71,52862.63,92038.06,144900.69,2016,,Sparks,""
William S Valenti,Detective,65756.80,2774.98,20107.55,56233.16,88639.33,144872.49,2016,,Sparks,""
Damon D O'Connell,Police Officer,64905.62,9237.39,12420.87,58270.32,86563.88,144834.20,2016,,Sparks,""
Daniel B Snow,Police Officer,65052.00,7554.30,14394.33,57732.87,87000.63,144733.50,2016,,Sparks,""
Robert M Adams,Crew Supervisor,73320.19,17481.58,4602.97,49227.87,95404.74,144632.61,2016,,Sparks,""
Jon M Raw,Firefighter,68132.96,20132.78,10614.44,45617.74,98880.18,144497.92,2016,,Sparks,""
Sean C Meeks,Police Officer,65756.82,4148.23,14381.87,59668.15,84286.92,143955.07,2016,,Sparks,""
Jason P Gonzalez,Firefighter,67598.72,8652.09,12386.69,55265.20,88637.50,143902.70,2016,,Sparks,""
Timothy M Egan,Firefighter,67598.72,18361.36,12104.06,45543.22,98064.14,143607.36,2016,,Sparks,""
Robert A Rigdon,Control System Programmer,65232.90,2084.93,26877.34,49312.90,94195.17,143508.07,2016,,Sparks,""
Ryan J Christensen,Firefighter,68132.96,8262.61,16235.81,50662.78,92631.38,143294.16,2016,,Sparks,""
Byron Scott J Hale-Byron,Police Officer,65296.00,1675.38,16660.53,59661.78,83631.91,143293.69,2016,,Sparks,""
Jennifer P Vaught,Detective,65127.21,4658.56,24438.67,48035.94,94224.44,142260.38,2016,,Sparks,""
James M Recob,Fire Prev Inspector II,74801.61,2457.74,15349.87,49534.14,92609.22,142143.36,2016,,Sparks,""
Danno E Seaton,Crew Supervisor,73320.01,3632.79,13503.84,51378.84,90456.64,141835.48,2016,,Sparks,""
Jarrod A Stewart,Firefighter,68132.96,15316.19,13523.37,44057.52,96972.52,141030.04,2016,,Sparks,""
Michael A Shaw,Firefighter,63226.24,28725.19,6417.08,42115.77,98368.51,140484.28,2016,,Sparks,""
Jacob E Palmer,Firefighter,68132.96,8117.62,12580.92,51529.23,88831.50,140360.73,2016,,Sparks,""
C Mark Bowman,Control System Programmer,77562.42,3203.82,7677.52,51383.10,88443.76,139826.86,2016,,Sparks,""
Donald W Parsons,Fire Prev Inspector II,74801.62,3390.79,11911.75,49271.35,90104.16,139375.51,2016,,Sparks,""
Andrew J Lindsey,Police Officer,53262.40,25579.82,11088.52,49101.72,89930.74,139032.46,2016,,Sparks,""
Mark W Lowe,Laboratory Quality Assurance Officer,89780.80,0.00,3402.72,45353.61,93183.52,138537.13,2016,,Sparks,""
David T Brant,TMWRF Operations Mgr,82858.40,0.00,4814.08,50849.31,87672.48,138521.79,2016,,Sparks,""
Major R Herrick,Fire Prev Inspector II,74801.61,3673.49,14786.95,44900.02,93262.05,138162.07,2016,,Sparks,""
Richard C Brown,Systems Development Administrator,91699.20,0.00,7324.00,37810.72,99023.20,136833.92,2016,,Sparks,""
Dustin R Beauford,Police Officer,51208.00,27184.66,10453.54,47907.97,88846.20,136754.17,2016,,Sparks,""
David E Poore,Envir Control Officer II,68287.23,187.12,22154.09,45245.54,90628.44,135873.98,2016,,Sparks,""
Douglas M Barr,Fire Apparatus Operator,74867.52,5440.91,8330.10,47037.10,88638.53,135675.63,2016,,Sparks,""
Colin E Ancina,Firefighter,68132.96,4143.67,13124.65,50235.94,85401.28,135637.22,2016,,Sparks,""
Wayne D Webber,Accountant Sr,89780.80,0.00,8505.60,37257.06,98286.40,135543.46,2016,,Sparks,""
5 Undercover,Police Officer,53847.20,18628.86,22662.98,40327.21,95139.04,135466.25,2016,,Sparks,""
Richard L Breese,Crew Supervisor,73320.10,12267.16,7607.08,42015.50,93194.34,135209.84,2016,,Sparks,""
Amber L Sosa,Transportation Mgr,91966.40,0.00,1200.00,41375.02,93166.40,134541.42,2016,,Sparks,""
Timothy W Ginchereau,Police Officer,65232.57,4484.80,10565.73,54156.58,80283.10,134439.68,2016,,Sparks,""
Bruce R French,Crew Supervisor,73320.14,8161.01,9688.43,43207.45,91169.58,134377.03,2016,,Sparks,""
Ryan D Patterson,Police Officer,53933.30,27576.99,13280.02,39219.33,94790.31,134009.64,2016,,Sparks,""
Thomas F Farrell,Chemist II,76442.41,12247.48,9669.43,35020.94,98359.32,133380.26,2016,,Sparks,""
Lawrence W Kolstrup,Crew Supervisor,73320.06,3380.95,6599.94,49994.65,83300.95,133295.60,2016,,Sparks,""
Christopher C VanNess,Fire Prev Inspector II,74801.62,1838.36,11603.02,45033.51,88243.00,133276.51,2016,,Sparks,""
Nathan I Janning,Police Officer,53160.00,14591.88,16016.67,49311.25,83768.55,133079.80,2016,,Sparks,""
Adrian Berumen,Police Officer,51784.00,28824.17,15750.62,36661.15,96358.79,133019.94,2016,,Sparks,""
Joseph R Mercer,Police Officer,54679.53,16890.51,15759.34,45511.01,87329.38,132840.39,2016,,Sparks,""
Mitchell A Kidd,Wastewater Plant Operator III,65048.74,7255.15,11953.75,48366.12,84257.64,132623.76,2016,,Sparks,""
Mark A Andersen,Assistant Public Works Mgr,79129.60,0.00,3315.51,49767.92,82445.11,132213.03,2016,,Sparks,""
Charles E Suter,Crew Supervisor,73320.10,4131.10,11434.55,43235.98,88885.75,132121.73,2016,,Sparks,""
Jon B Walker,Systems Analyst Sr-GIS,89780.80,0.00,1200.00,39921.53,90980.80,130902.33,2016,,Sparks,""
Clay R Schindler,Marshal,65564.84,0.00,8635.20,56669.35,74200.04,130869.39,2016,,Sparks,""
Frank B Marvitz,Fire Plans Examiner/Inspector,68287.20,2071.96,13218.31,46819.57,83577.47,130397.04,2016,,Sparks,""
Connor M Warren,Firefighter,59164.00,18790.34,6431.00,45793.27,84385.34,130178.61,2016,,Sparks,""
Jennifer C Pereos,Chemist II,76442.44,780.30,3275.00,49651.68,80497.74,130149.42,2016,,Sparks,""
Nicholas Corona,Firefighter,63226.24,4296.35,10845.92,51766.97,78368.51,130135.48,2016,,Sparks,""
Christopher S Navarro,Marshal,65564.82,0.00,7390.00,56686.79,72954.82,129641.61,2016,,Sparks,""
Jason S Rivera,Chemist II,76442.49,5517.88,2720.85,44497.60,84681.22,129178.82,2016,,Sparks,""
Donald L Darby,Marshal,64534.48,4.99,8160.00,56129.42,72699.47,128828.89,2016,,Sparks,""
Scott A Bader,Police Officer,58036.80,18213.70,12695.52,39744.97,88946.02,128690.99,2016,,Sparks,""
Brian N Sullivan,Police Officer,55893.60,22501.33,11135.48,39085.80,89530.41,128616.21,2016,,Sparks,""
Kyle A Mickelson,Police Officer,55385.50,9624.63,13552.71,49921.74,78562.84,128484.58,2016,,Sparks,""
Eli E Maile,Police Officer,51990.40,17380.81,11684.26,47046.41,81055.47,128101.88,2016,,Sparks,""
Jarrod A Wilson,Treatment Plant Mechanic II,56219.25,7908.29,20134.55,43793.74,84262.09,128055.83,2016,,Sparks,""
Daniel J Szoke,Treatment Plant Mechanic II,56116.83,8274.66,19847.72,43726.87,84239.21,127966.08,2016,,Sparks,""
Terry Shackelford,Crew Supervisor,73320.10,2134.02,10001.06,41833.65,85455.18,127288.83,2016,,Sparks,""
Chris C Syverson,Administrative Services Director,66498.72,0.00,13566.87,46569.39,80065.59,126634.98,2016,,Sparks,""
Ill Sheila M Lichius-Ill,Police Records Supervisor,64291.16,11032.67,5166.03,46104.05,80489.86,126593.91,2016,,Sparks,""
Donna J DiCarlo,Assistant City Clerk/Records Coordinator,77297.60,0.00,7252.86,41725.05,84550.46,126275.51,2016,,Sparks,""
Mary Jo B Teston,Admin Analyst Sr,80986.40,0.00,3000.00,41914.11,83986.40,125900.51,2016,,Sparks,""
Katherine M Clewett,Admin Analyst Sr,80986.40,0.00,3000.00,41881.42,83986.40,125867.82,2016,,Sparks,""
Nancy L Owens,Emergency Com Supervisor,68141.58,14727.52,9343.79,32797.88,92212.89,125010.77,2016,,Sparks,""
Cherie R Terry,Emergency Com Supervisor,68141.60,9968.21,13705.09,32906.81,91814.90,124721.71,2016,,Sparks,""
Dalphina M Rizzuto,Police Records Supervisor,64291.21,11026.04,9810.02,39364.69,85127.27,124491.96,2016,,Sparks,""
Jr Travis E Jones Jr,Wastewater Plant Operator III,63175.95,3468.28,10533.06,47036.31,77177.29,124213.60,2016,,Sparks,""
Hartman Charles C Colborn-Hartman,Police Officer,51784.00,25278.83,9999.68,36648.49,87062.51,123711.00,2016,,Sparks,""
Jon C Pennington,Building Inspector II,66312.89,7067.40,3276.62,46749.28,76656.91,123406.19,2016,,Sparks,""
Ian J Crittenden,Planner Sr,81691.20,0.00,0.00,41671.62,81691.20,123362.82,2016,,Sparks,""
Jaime L Ahdunko,Detective,65100.81,554.89,13301.36,44373.55,78957.06,123330.61,2016,,Sparks,""
Gordon L Pasley,Equipment Mechanic III,68287.21,2490.73,4865.94,47647.94,75643.88,123291.82,2016,,Sparks,""
Brandon D Sheffield,Police Officer,58036.80,8128.53,6769.50,50350.22,72934.83,123285.05,2016,,Sparks,""
Shawn A Dixon,Treatment Plant Mechanic II,61968.00,0.00,12896.96,48193.55,74864.96,123058.51,2016,,Sparks,""
Janice L Borden,Police Records Supervisor,64291.20,14840.45,11365.10,32299.19,90496.75,122795.94,2016,,Sparks,""
Kymberly J Dilk,Crime Analyst/Statistician,71081.60,221.98,3142.44,48094.67,74446.02,122540.69,2016,,Sparks,""
Kimberly C Hodge,Police Officer,65296.01,1313.65,12719.01,43192.74,79328.67,122521.41,2016,,Sparks,""
Wayne B Yount,Electrician III,65048.82,6945.74,3386.74,47083.54,75381.30,122464.84,2016,,Sparks,""
Teresa L J Parkhurst,Permit Technician Sr,57018.50,22700.28,6402.54,36018.01,86121.32,122139.33,2016,,Sparks,""
Helene A Decker,Chemist II,76442.43,0.00,3585.52,42084.67,80027.95,122112.62,2016,,Sparks,""
Carl Ian E Hamm-Carl,Police Officer,53262.40,22229.56,9322.60,36737.17,84814.56,121551.73,2016,,Sparks,""
Jared Diem,Firefighter,62829.76,10650.01,6553.33,40776.74,80033.10,120809.84,2016,,Sparks,""
Landon L Vega,Firefighter,59164.00,15275.71,6865.35,39025.18,81305.06,120330.24,2016,,Sparks,""
Peter L Loeschner,Police Officer,54717.50,10185.43,12000.77,43265.17,76903.70,120168.87,2016,,Sparks,""
Denise S Yarbrough,Administrative Assistant,66980.04,1615.01,4326.81,46904.53,72921.86,119826.39,2016,,Sparks,""
Brett M Zolkos,Police Officer,53262.40,12798.43,14125.19,39248.70,80186.02,119434.72,2016,,Sparks,""
Douglas A Campbell,Systems Analyst Senior,78468.00,0.00,3000.00,37850.59,81468.00,119318.59,2016,,Sparks,""
Jennifer Parmenter,Accountant II,73436.80,0.00,5856.80,39683.99,79293.60,118977.59,2016,,Sparks,""
Patric J Case,Firefighter,59164.00,11606.91,7116.75,40789.81,77887.66,118677.47,2016,,Sparks,""
Klayton Bailey,Crew Supervisor,73320.03,1657.83,8684.66,34618.92,83662.52,118281.44,2016,,Sparks,""
Cody R Cavin,Firefighter,59038.56,6517.46,7123.18,45548.28,72679.20,118227.48,2016,,Sparks,""
Christopher S Broce,Police Officer,53262.40,15834.05,11411.95,37426.77,80508.40,117935.17,2016,,Sparks,""
Timothy A Saathoff,Network & Infrastructure Admin,71849.58,1185.07,4470.80,40255.30,77505.45,117760.75,2016,,Sparks,""
Joanna M Bellamy,Property Evidence Tech II,56199.20,6493.21,15953.10,38979.21,78645.51,117624.72,2016,,Sparks,""
Casey A Foster,Police Officer,51552.50,10912.27,8290.08,46729.13,70754.85,117483.98,2016,,Sparks,""
Jill N Valdez,Human Resources Analyst II,80281.92,0.00,978.77,36187.95,81260.69,117448.64,2016,,Sparks,""
Cynthia A Boggan,Executive Admin Assistant,71459.47,477.31,3000.00,41836.05,74936.78,116772.83,2016,,Sparks,""
Fred E Olsen,Building Inspector Sr,75322.56,4977.20,3285.17,33003.75,83584.93,116588.68,2016,,Sparks,""
Stephen A Goodrum,Police Officer,57400.20,2491.38,9168.81,47385.01,69060.39,116445.40,2016,,Sparks,""
Linda O Brown,Property Evidence Tech II,57018.48,7549.69,18337.04,33467.46,82905.21,116372.67,2016,,Sparks,""
Janet C Stout,Administrative Assistant,66829.72,50.57,3065.62,46168.27,69945.91,116114.18,2016,,Sparks,""
Dennis W White,Crew Supervisor,73320.28,1484.68,6993.06,34201.13,81798.02,115999.15,2016,,Sparks,""
Richard F Kirtley,Utility Maintenance Worker II,76925.22,7.35,3550.00,35332.48,80482.57,115815.05,2016,,Sparks,""
M Francine Burge,Special Events Supervisor,77894.40,0.00,900.00,36801.40,78794.40,115595.80,2016,,Sparks,""
Jason W Knoblock,Maintenance Worker IV,63897.60,2088.18,3321.87,46142.29,69307.65,115449.94,2016,,Sparks,""
Ryan N Green,Firefighter,57905.12,6643.68,6825.59,44055.62,71374.39,115430.01,2016,,Sparks,""
Perla V Tavera,Accountant II,73436.80,0.00,6168.46,35767.42,79605.26,115372.68,2016,,Sparks,""
Jr Thomas S Barnes Jr,Crew Supervisor,66667.20,4414.06,11688.37,32312.76,82769.63,115082.39,2016,,Sparks,""
Kelly S Bailey,Public Works Insp II,61968.00,3720.78,3676.57,45465.50,69365.35,114830.85,2016,,Sparks,""
Ryan J Simpson,Code Enforcement Officer II,65048.75,30.07,3255.47,46295.32,68334.29,114629.61,2016,,Sparks,""
Maureen A Dyette,Emergency Com Supervisor,68141.59,995.17,5188.38,39999.22,74325.14,114324.36,2016,,Sparks,""
Ryan C Anderson,Facilities Maintenance Worker IV,59000.07,4864.55,4818.13,45216.50,68682.75,113899.25,2016,,Sparks,""
Angela K Sullivan,Assistant Court Administrator,71744.06,0.00,3000.00,38285.87,74744.06,113029.93,2016,,Sparks,""
Michael M Trussell,Streets Maintenance Worker IV,59000.06,4692.77,4028.18,45231.43,67721.01,112952.44,2016,,Sparks,""
Darren J Partyka,Firefighter,57905.12,5849.08,9063.05,39441.63,72817.25,112258.88,2016,,Sparks,""
Christopher M Mallette,Trtmt Plant E&I Tech II,54049.74,5254.33,20288.29,32400.60,79592.36,111992.96,2016,,Sparks,""
David E Brown,Emergency Communication Dispatcher,54320.86,6407.87,7686.25,43485.65,68414.98,111900.63,2016,,Sparks,""
Jessica L Easler,Customer Services Mgr,75879.76,0.00,0.00,35821.50,75879.76,111701.26,2016,,Sparks,""
Jacob E Reed,Traffic Maintenance Worker IV,59000.07,3043.87,4533.93,44605.71,66577.87,111183.58,2016,,Sparks,""
Garrett R Brown,Firefighter,57905.12,7428.75,6935.23,38812.88,72269.10,111081.98,2016,,Sparks,""
Eli J Espinosa,Electrician II,57416.10,5327.26,3373.17,44676.61,66116.53,110793.14,2016,,Sparks,""
Joe M Rodriquez,Code Enforcement Supervisor,72408.02,1426.70,4672.29,32126.65,78507.01,110633.66,2016,,Sparks,""
David E Orais,Wastewater Plant Operator II,61967.95,5395.03,10395.12,32845.69,77758.10,110603.79,2016,,Sparks,""
George T Graham,Housing Specialist,73436.80,0.00,4596.46,32389.17,78033.26,110422.43,2016,,Sparks,""
Michael A Szopa,Firefighter,57905.12,9012.17,6066.66,37406.79,72983.95,110390.74,2016,,Sparks,""
Brett A Warne,Wastewater Plant Operator III,58788.84,4055.18,7041.93,40353.91,69885.95,110239.86,2016,,Sparks,""
Brandon E Baxter,Public Works Insp I,54492.81,6302.28,4408.37,43350.35,65203.46,108553.81,2016,,Sparks,""
Michael Cody McDougall,Envir Control Officer II,54379.50,0.00,14833.76,39248.41,69213.26,108461.67,2016,,Sparks,""
Kyle C Congdon,Police Officer,52168.00,3424.43,12165.27,40192.64,67757.70,107950.34,2016,,Sparks,""
Cornelia M Shepperd,Terminal Agency Coord,59903.27,4.49,3098.05,44710.05,63005.81,107715.86,2016,,Sparks,""
Stanley B Hall,Wastewater Plant Operator II,61967.96,4692.11,5122.56,35634.66,71782.63,107417.29,2016,,Sparks,""
Jacob L McCall,Police Officer,51551.48,8653.33,10017.22,37191.36,70222.03,107413.39,2016,,Sparks,""
James D Kiley,Building Inspector II,63175.99,5404.83,3280.15,35513.70,71860.97,107374.67,2016,,Sparks,""
Mary Villasenor,Victim Advocate,60093.60,0.00,3000.00,44158.57,63093.60,107252.17,2016,,Sparks,""
Mary F Holbrook,Emergency Com Supervisor,55336.14,5661.46,9926.04,35672.62,70923.64,106596.26,2016,,Sparks,""
Chere' L Jigour,Code Enforcement Officer II,65048.80,90.50,3042.94,38076.23,68182.24,106258.47,2016,,Sparks,""
Robert O Miller,Utility Maintenance Worker IV,59000.05,35.34,3342.50,43844.31,62377.89,106222.20,2016,,Sparks,""
Aaron B Stickley,Wastewater Plant Operator II,54566.25,7813.43,4327.98,39143.87,66707.66,105851.53,2016,,Sparks,""
Aaron P Armstrong,Systems Support Specialist,69324.03,54.36,4279.74,31853.27,73658.13,105511.40,2016,,Sparks,""
James L Bauer,Trtmt Plant E&I Tech II,61968.00,228.68,2100.52,40992.51,64297.20,105289.71,2016,,Sparks,""
Robert R Bidart,Civil Engineer Sr,71136.00,0.00,1275.00,32847.07,72411.00,105258.07,2016,,Sparks,""
Christopher S Cobb,Parks Development Coordinator,66940.00,0.00,4275.00,33995.64,71215.00,105210.64,2016,,Sparks,""
Matthew F Dryden,IT Support Specialist Sr,63296.82,1028.85,403.37,40369.37,64729.04,105098.41,2016,,Sparks,""
Ralph J Clendenen,Treatment Plant Mechanic II,61968.00,1768.50,3437.94,37878.49,67174.44,105052.93,2016,,Sparks,""
Jr Kevin H Andersen Jr,Public Works Insp II,61968.32,251.10,6385.00,36390.41,68604.42,104994.83,2016,,Sparks,""
Mariana Mendez,Judges Assistant,58266.44,0.00,3000.00,43593.87,61266.44,104860.31,2016,,Sparks,""
Ernie T Cisneros,Parks Maintenance Worker II,39262.04,921.49,30427.23,34203.44,70610.76,104814.20,2016,,Sparks,""
Geno R Martini,Mayor,61087.64,0.00,7553.03,36126.20,68640.67,104766.87,2016,,Sparks,""
Cynthia A Ingram,Administrative Secretary,57018.44,589.41,3008.41,43925.94,60616.26,104542.20,2016,,Sparks,""
Tyler J Turrietta,Equipment Mechanic II,63512.87,23.95,3408.45,37466.16,66945.27,104411.43,2016,,Sparks,""
Leslie A Lorber,Wastewater Plant Operator II,61967.95,2905.86,8933.44,29957.25,73807.25,103764.50,2016,,Sparks,""
Jonathan A Wood,Equipment Mechanic II,62015.21,319.41,498.22,40491.32,62832.84,103324.16,2016,,Sparks,""
Jeffrey D Streeter,IT Support Specialist Sr,68040.85,132.06,4296.80,30840.29,72469.71,103310.00,2016,,Sparks,""
Clint L Larson,Traffic Maintenance Worker III,53521.64,3119.02,3523.68,43062.99,60164.34,103227.33,2016,,Sparks,""
Debra L Price,Administrative Secretary,57018.42,7056.74,3206.62,35879.44,67281.78,103161.22,2016,,Sparks,""
Kyle K Ellis,Safety Coordinator,65828.00,0.00,300.00,37004.71,66128.00,103132.71,2016,,Sparks,""
Mary A Hail,Emergency Communication Dispatcher,54320.86,2365.94,8939.26,37204.12,65626.06,102830.18,2016,,Sparks,""
David J Lewis,Facilities Maintenance Worker III,53521.61,2313.28,3371.57,43292.94,59206.46,102499.40,2016,,Sparks,""
Nancy R Rose,Human Resources/Risk Tech II,60982.20,388.73,6216.00,34895.85,67586.93,102482.78,2016,,Sparks,""
Lisa G Hunderman,Business License Specialist,58699.65,908.63,3031.70,39760.82,62639.98,102400.80,2016,,Sparks,""
Daniel J Keyes,Equipment Mechanic II,61427.24,116.92,445.89,40386.69,61990.05,102376.74,2016,,Sparks,""
Lori A Montelatici,Emergency Communication Dispatcher,54320.87,5023.08,6607.85,36401.16,65951.80,102352.96,2016,,Sparks,""
David G Wozynski,Wastewater Plant Operator II,51265.54,6588.08,6672.17,37308.62,64525.79,101834.41,2016,,Sparks,""
Daniel R Lawson,Police Officer,44824.71,14288.20,8461.00,34079.41,67573.91,101653.32,2016,,Sparks,""
Nicholas B Slider,Police Officer,46684.70,2120.77,11206.45,40900.89,60011.92,100912.81,2016,,Sparks,""
Brandon S Miles,Parks Maintenance Worker III,53521.65,1289.38,3580.57,42513.98,58391.60,100905.58,2016,,Sparks,""
Heather B Key,Equipment Parts Technician,53521.79,4.01,4270.29,42887.54,57796.09,100683.63,2016,,Sparks,""
Michelle D Ballesteros,Legal Secretary II - Criminal,54320.85,4.09,3000.00,43121.19,57324.94,100446.13,2016,,Sparks,""
Buck B Larsen,Parks Maintenance Worker III,53521.71,599.53,3284.84,42829.58,57406.08,100235.66,2016,,Sparks,""
Andrew N Robbins,Community Appearance Maintenance Worker III,53521.60,497.88,3276.83,42887.38,57296.31,100183.69,2016,,Sparks,""
Denise M Wagner,Emergency Communication Dispatcher,54320.95,4411.96,5814.77,35613.73,64547.68,100161.41,2016,,Sparks,""
Ryan M Thran,Traffic Maintenance Worker III,53521.68,141.43,3281.23,42893.50,56944.34,99837.84,2016,,Sparks,""
Cynthia M Brantner,Recreation Specialist II,53521.61,0.00,3000.00,42888.46,56521.61,99410.07,2016,,Sparks,""
Ronald G Sahlberg,Wastewater Plant Operator II,61967.97,0.00,6643.86,30655.76,68611.83,99267.59,2016,,Sparks,""
III Richard D Griffin III,Utility Maintenance Worker II,52603.27,523.35,3295.75,42690.74,56422.37,99113.11,2016,,Sparks,""
Jeff N Wright,Traffic Maintenance Worker III,53521.68,4.03,3325.71,42247.63,56851.42,99099.05,2016,,Sparks,""
Melissa J Nabong,Emergency Communication Dispatcher,54320.92,863.17,7942.43,35936.44,63126.52,99062.96,2016,,Sparks,""
Karlton Q Martin,Parks Maintenance Worker III,53521.66,5945.88,4200.50,35090.63,63668.04,98758.67,2016,,Sparks,""
Amy J Egan,Chemist II,66906.51,642.94,782.06,30261.18,68331.51,98592.69,2016,,Sparks,""
Shelley L Burkhart,Emergency Communication Dispatcher,54320.91,4014.29,9776.18,30442.98,68111.38,98554.36,2016,,Sparks,""
Rhett O Madsen,Wastewater Plant Operator II,50701.49,2191.12,7433.70,38187.73,60326.31,98514.04,2016,,Sparks,""
Lydia C McCoy,Emergency Communication Dispatcher,52075.19,1735.81,6094.70,38480.22,59905.70,98385.92,2016,,Sparks,""
Desiree Barker,Human Resources/Risk Tech II,60981.52,0.00,2834.75,34511.11,63816.27,98327.38,2016,,Sparks,""
Jeanette A Martin,Administrative Assistant,58499.23,0.00,3000.00,36791.32,61499.23,98290.55,2016,,Sparks,""
Kay D Adams,Administrative Secretary,57018.47,425.65,4407.49,36399.19,61851.61,98250.80,2016,,Sparks,""
Trace L Martinez,Payroll Administrator,59286.84,6247.50,4285.61,28186.76,69819.95,98006.71,2016,,Sparks,""
Jarad P Aguilar,Wastewater Plant Operator II,50277.65,5422.70,4101.73,38178.58,59802.08,97980.66,2016,,Sparks,""
Melinda E Judd,Administrative Secretary,57018.42,351.84,4082.80,36385.29,61453.06,97838.35,2016,,Sparks,""
James L Lewallen,Police Officer,46600.00,8548.41,6241.18,36374.02,61389.59,97763.61,2016,,Sparks,""
Allan T Pagni,Utility Maintenance Worker II,48572.03,2493.38,4512.55,42066.38,55577.96,97644.34,2016,,Sparks,""
Lori B Schelvis,Police Office Asst II,46952.83,2024.18,7138.77,41468.75,56115.78,97584.53,2016,,Sparks,""
Tanja M Ramociotti,Recreation Specialist II,53521.61,1281.15,4189.85,38538.05,58992.61,97530.66,2016,,Sparks,""
Jennifer L Olsen,Victim Advocate,60093.60,0.00,2608.37,34426.87,62701.97,97128.84,2016,,Sparks,""
Radhika Radhakrishnan,Systems Analyst II,66630.40,0.00,900.00,29427.89,67530.40,96958.29,2016,,Sparks,""
Carrie A Brooks,Records Technician,57018.76,758.47,4082.80,34887.61,61860.03,96747.64,2016,,Sparks,""
Maurice P Holmes,Parks Maintenance Worker II,48572.05,3139.69,3395.24,41566.01,55106.98,96672.99,2016,,Sparks,""
James S Bass,Utility Maintenance Worker III,49340.02,2055.75,3318.84,41957.21,54714.61,96671.82,2016,,Sparks,""
Elaina D Heron,Police Office Asst II,46952.81,1333.08,6721.44,41287.95,55007.33,96295.28,2016,,Sparks,""
Brown Lisa M Rose-Brown,Emergency Com Supervisor,55336.04,1060.59,4581.47,34963.78,60978.10,95941.88,2016,,Sparks,""
Garrick W Wrenn,Parks Maintenance Worker II,48572.02,5498.06,3246.47,38552.99,57316.55,95869.54,2016,,Sparks,""
Karen M Hood,Administrative Secretary,57018.42,188.85,3000.00,35515.46,60207.27,95722.73,2016,,Sparks,""
Brian J Andersen,Utility Maintenance Worker III,49340.04,1077.88,3323.21,41913.92,53741.13,95655.05,2016,,Sparks,""
Kristen J Aaquist,Legal Secretary Sr,57018.44,0.00,3000.00,35167.71,60018.44,95186.15,2016,,Sparks,""
Lisa R Buckles,Emergency Communication Dispatcher,54320.87,1045.06,9999.28,29189.84,65365.21,94555.05,2016,,Sparks,""
Helen L Elliott,Police Office Asst II,46952.82,1030.61,11930.80,34460.15,59914.23,94374.38,2016,,Sparks,""
Keith E Vanslyck,Parks Maintenance Worker II,48572.05,937.92,3310.45,40852.45,52820.42,93672.87,2016,,Sparks,""
Angelica B Lacroix,Civil Engineer,53503.20,4978.02,3453.07,31494.79,61934.29,93429.08,2016,,Sparks,""
Jesse R Hon,Parks Maintenance Worker III,50956.08,5015.37,3414.46,34029.96,59385.91,93415.87,2016,,Sparks,""
Mark P Reynolds,Parks Maintenance Worker II,48572.07,36.24,3136.89,41389.92,51745.20,93135.12,2016,,Sparks,""
Kevin J Porter,Civil Engineer Sr,63122.08,0.00,1350.00,28585.22,64472.08,93057.30,2016,,Sparks,""
Marty K Redding,Parks Maintenance Worker II,48572.00,21.84,3275.97,40775.44,51869.81,92645.25,2016,,Sparks,""
Stephanie K Buck,Emergency Communication Dispatcher,49873.58,3898.79,11748.61,27023.03,65520.98,92544.01,2016,,Sparks,""
Theresa Choman,Muni Court Clerk II,52134.56,0.00,3000.00,37098.92,55134.56,92233.48,2016,,Sparks,""
Marlene M Prowse,Accounting Specialist II,54320.97,0.00,3000.00,34881.78,57320.97,92202.75,2016,,Sparks,""
L C Bo Collins,Utility Maintenance Worker III,53521.66,99.42,3511.55,34718.99,57132.63,91851.62,2016,,Sparks,""
Bryce A Lallement,Building Inspector I,51907.98,8913.04,277.12,30741.14,61098.14,91839.28,2016,,Sparks,""
Debra J Hutchinson,Police Assistant II,48572.13,2745.72,5720.36,33998.23,57038.21,91036.44,2016,,Sparks,""
John E Thom,Utility Maintenance Worker II,48572.02,5513.99,3536.94,33402.45,57622.95,91025.40,2016,,Sparks,""
JaykeLee L Grant,Wastewater Plant Operator I,47099.22,7275.55,5380.44,31245.78,59755.21,91000.99,2016,,Sparks,""
Randolph Gray,Wastewater Plant Operator III,49016.58,2087.50,14859.26,24566.11,65963.34,90529.45,2016,,Sparks,""
Robert Schricker,Infrastructure Coordinator I,60008.55,0.00,900.00,29587.66,60908.55,90496.21,2016,,Sparks,""
Frank W Schoenheider,Treatment Plant Mechanic II,60727.20,0.00,379.15,29318.62,61106.35,90424.97,2016,,Sparks,""
Ricky W Parton,Accountant II,59003.20,0.00,0.00,31277.67,59003.20,90280.87,2016,,Sparks,""
Symantha L Miller,Police Office Asst II,46952.80,1720.05,7285.77,33804.44,55958.62,89763.06,2016,,Sparks,""
Ty T Reid,IT Support Specialist II,52188.79,296.67,0.00,37265.99,52485.46,89751.45,2016,,Sparks,""
Nicholas J Connolly,GT Specialist II - GIS,57098.38,179.15,286.09,32169.80,57563.62,89733.42,2016,,Sparks,""
Russell K Elder,Systems Analyst II,60704.00,0.00,900.00,27754.07,61604.00,89358.07,2016,,Sparks,""
S Danise Sipple,Muni Court Clerk II,51180.90,0.00,0.00,37616.65,51180.90,88797.55,2016,,Sparks,""
Nicholas L Diaz,Utility Maintenance Worker II,48572.05,3465.36,3355.02,33356.29,55392.43,88748.72,2016,,Sparks,""
Dorothy J Roth,Police Office Asst II,46952.80,738.97,6474.02,34334.38,54165.79,88500.17,2016,,Sparks,""
David M Morlet,Wastewater Plant Operator I,45653.60,5585.59,4809.89,31675.03,56049.08,87724.11,2016,,Sparks,""
Mieka J McGhin,Emergency Communication Dispatcher,44022.43,4266.97,4130.07,34837.83,52419.47,87257.30,2016,,Sparks,""
Ronald E Smith,City Council - Ward 3,48862.72,0.00,7553.03,30462.08,56415.75,86877.83,2016,,Sparks,""
Derek D Haren,Accountant I,59314.40,0.00,0.00,27440.55,59314.40,86754.95,2016,,Sparks,""
Jennifer L Radli,Police Assistant II,48572.02,125.95,4644.62,32922.60,53342.59,86265.19,2016,,Sparks,""
Marilie E Smith,Administrative Secretary,53159.22,66.48,131.23,32783.29,53356.93,86140.22,2016,,Sparks,""
Casey S Mentzer,Wastewater Plant Operator I,44369.84,2303.75,3882.26,35461.88,50555.85,86017.73,2016,,Sparks,""
Darlene E Turner,Streets Maintenance Worker II,48572.01,480.11,3521.52,33408.53,52573.64,85982.17,2016,,Sparks,""
Michael J Ginocchio,Utility Maintenance Worker II,48572.04,2760.27,2449.84,31943.87,53782.15,85726.02,2016,,Sparks,""
Aubri L Harrigan,Police Officer,41801.00,148.41,9316.21,34139.92,51265.62,85405.54,2016,,Sparks,""
Marla A Wetterling,Police Office Asst II,46952.83,610.25,4091.20,33711.17,51654.28,85365.45,2016,,Sparks,""
Justin D Kistner,Public Works Insp I,49532.19,1791.27,2338.15,31297.01,53661.61,84958.62,2016,,Sparks,""
Andrea F Pelto,Accounting Specialist II,54320.89,4.09,3000.00,27388.09,57324.98,84713.07,2016,,Sparks,""
James H Fox,IT Support Specialist II,51995.98,663.78,0.00,31583.55,52659.76,84243.31,2016,,Sparks,""
Patrick C Dyer,Police Sergeant,26526.50,90.72,31779.68,25020.93,58396.90,83417.83,2016,,Sparks,""
Brian R Wisneski,Police Officer,33066.00,12152.87,6507.49,30459.79,51726.36,82186.15,2016,,Sparks,""
Sandra L Calhoon,Police Office Asst II,43462.90,14.41,5100.64,33417.63,48577.95,81995.58,2016,,Sparks,""
Christine Fleiner,Police Assistant I,44109.62,3030.96,4135.94,30223.83,51276.52,81500.35,2016,,Sparks,""
Julie M Goertz,Police Assistant II,48572.10,322.66,6432.91,26003.73,55327.67,81331.40,2016,,Sparks,""
Mary Jo Newton,Administrative Assistant,31291.20,2.02,30234.28,19461.14,61527.50,80988.64,2016,,Sparks,""
Lewis Edward Lawson,City Council - Ward 2,48862.72,0.00,7553.03,24373.65,56415.75,80789.40,2016,,Sparks,""
Bybee Charlene L Thomas Bybee,City Council - Ward 4,48625.84,0.00,7553.03,24297.25,56178.87,80476.12,2016,,Sparks,""
David R Bresee,Parks Maintenance Worker II,39068.04,5581.54,529.29,33928.09,45178.87,79106.96,2016,,Sparks,""
Michelle A Harper,Customer Service Specialist II,47135.32,2023.12,69.47,29843.50,49227.91,79071.41,2016,,Sparks,""
Leslie Ryan Engeland,Treatment Plant Mechanic I,47787.31,148.81,452.84,29838.14,48388.96,78227.10,2016,,Sparks,""
Christopher S Luciano,Emergency Communication Dispatcher,41826.54,381.53,1526.24,34407.35,43734.31,78141.66,2016,,Sparks,""
Charles M Sauer,Utility Maintenance Worker II,48572.02,202.79,3275.81,25731.95,52050.62,77782.57,2016,,Sparks,""
Clint G Kunishige,Utility Maintenance Worker II,48572.00,575.69,3417.86,25117.37,52565.55,77682.92,2016,,Sparks,""
Brent D Oliveira,Equipment Mechanic I,42094.41,108.99,376.79,34661.13,42580.19,77241.32,2016,,Sparks,""
Dan A Jenkins,Utility Maintenance Worker II,48110.85,22.16,3275.00,25593.96,51408.01,77001.97,2016,,Sparks,""
Jeff T Parmenter,Utility Maintenance Worker II,48572.05,3.46,3284.22,25074.72,51859.73,76934.45,2016,,Sparks,""
Ronald P Schmitt,City Council - Ward 5,45179.92,0.00,7273.00,23269.15,52452.92,75722.07,2016,,Sparks,""
Jazmin Lozano,Accounting Specialist I,42115.98,115.47,2606.59,30539.16,44838.04,75377.20,2016,,Sparks,""
Andreas Brunner,Utility Maintenance Worker II,39207.23,1872.76,438.42,33814.73,41518.41,75333.14,2016,,Sparks,""
Patricia Cruz,Customer Service Specialist I,40201.41,345.11,1309.29,33469.93,41855.81,75325.74,2016,,Sparks,""
David A Knudsen,Wastewater Plant Operator I,45207.41,375.06,4734.73,23821.15,50317.20,74138.35,2016,,Sparks,""
Roxana G Portillo,Customer Service Specialist II,43326.25,21.91,1301.06,28663.01,44649.22,73312.23,2016,,Sparks,""
Sean M Chambers,GT Specialist I - GIS,48354.43,0.00,0.00,24825.84,48354.43,73180.27,2016,,Sparks,""
Sandra L Garcia,Judges Assistant,50683.20,4.82,0.00,22437.55,50688.02,73125.57,2016,,Sparks,""
Charles S Burns,Utility Maintenance Worker II,37196.81,2166.39,376.51,33330.83,39739.71,73070.54,2016,,Sparks,""
Julia A Ratti,City Council - Ward 1,40269.53,0.00,6432.91,25235.73,46702.44,71938.17,2016,,Sparks,""
Ike Hopper,Utility Maintenance Worker II,37195.90,1378.67,346.27,32665.61,38920.84,71586.45,2016,,Sparks,""
Isis Morales,Victim Advocate,42422.40,0.00,1200.00,24932.06,43622.40,68554.46,2016,,Sparks,""
James J Young,Parks Maintenance Worker II,36779.21,4744.15,675.70,25932.73,42199.06,68131.79,2016,,Sparks,""
Rebecca J Ormsby,Emergency Communication Dispatcher,41826.63,556.73,1466.14,23338.61,43849.50,67188.11,2016,,Sparks,""
Cory L Coombes,Police Officer,29683.50,1263.75,12735.77,23341.42,43683.02,67024.44,2016,,Sparks,""
Amanda E Puente,Permit Technician I,38833.62,5992.62,23.11,22114.33,44849.35,66963.68,2016,,Sparks,""
Kember J Murphy,Legal Secretary I - Civil,42281.72,5.78,0.00,23006.40,42287.50,65293.90,2016,,Sparks,""
Cassidy J Santos,Utility Maintenance Worker II,37196.84,510.51,295.87,26334.65,38003.22,64337.87,2016,,Sparks,""
Stephen D Ball,Streets Maintenance Worker II,39207.21,1769.60,337.98,22004.88,41314.79,63319.67,2016,,Sparks,""
Jay T Egami,Police Officer,32014.40,1476.35,7285.53,21885.37,40776.28,62661.65,2016,,Sparks,""
Brent E Quilici,Infrastructure Coordinator II,5863.35,0.00,50810.49,3903.68,56673.84,60577.52,2016,,Sparks,""
Eric A Dejesus,Police Officer,30484.70,2068.75,6042.55,21439.29,38596.00,60035.29,2016,,Sparks,""
Christopher G Thompson,Utility Maintenance Worker I,37640.80,14.25,1236.38,20987.40,38891.43,59878.83,2016,,Sparks,""
Jessica E Cao,Police Assistant I,36067.25,169.93,1785.10,20761.30,38022.28,58783.58,2016,,Sparks,""
Samantha E Carr,Police Office Asst I,35262.39,405.53,1024.25,20540.35,36692.17,57232.52,2016,,Sparks,""
Aaron M Gustin,Trtmt Plant E&I Tech II,32469.64,3258.21,742.21,20535.27,36470.06,57005.33,2016,,Sparks,""
Dennis Kelly,Police Recruit,30655.20,1313.15,3663.33,20839.84,35631.68,56471.52,2016,,Sparks,""
Jacqueline I Martinez,Office Assistant I,32578.50,14.70,1300.00,19503.89,33893.20,53397.09,2016,,Sparks,""
George A Dorsa,Marshal,32296.20,13.76,560.00,19906.31,32869.96,52776.27,2016,,Sparks,""
Alyson L McCormick,Assistant City Attorney I-Civil,33853.60,0.00,3877.22,14228.57,37730.82,51959.39,2016,,Sparks,""
Cesar O Aranda,Police Officer,18072.00,11660.77,7304.95,14739.14,37037.72,51776.86,2016,,Sparks,""
Sherri E Fansler,Accounting Specialist II,19218.79,0.00,17714.62,14156.26,36933.41,51089.67,2016,,Sparks,""
Todd R Saxberg,TMWRF Operations Mgr,8756.00,0.00,33726.22,7450.17,42482.22,49932.39,2016,,Sparks,""
Gerald Kaiser,Police Office Asst I,21666.24,1004.81,2156.06,21658.88,24827.11,46485.99,2016,,Sparks,""
Nicolas A Fernandez,Streets Maintenance Worker I,25843.23,1872.18,766.50,15139.72,28481.91,43621.63,2016,,Sparks,""
Javier O Moncada,Marshal,20080.00,7.92,1520.48,16395.50,21608.40,38003.90,2016,,Sparks,""
Vernon R Taylor,Police Officer,20893.60,0.00,2229.60,11661.59,23123.20,34784.79,2016,,Sparks,""
John J Boyle,Police Officer,20893.60,0.00,1152.29,12314.83,22045.89,34360.72,2016,,Sparks,""
Jennifer L Hough,Police Officer,20893.60,0.00,1818.46,11523.93,22712.06,34235.99,2016,,Sparks,""
Jared C Lowry,Police Officer,16416.00,771.63,3085.30,13498.24,20272.93,33771.17,2016,,Sparks,""
Dana E Finocchiaro,Administrative Secretary,20953.60,9.56,0.00,10319.23,20963.16,31282.39,2016,,Sparks,""
Luke C Elliott,Marshal,13098.80,0.00,5710.38,12320.32,18809.18,31129.50,2016,,Sparks,""
Michael S Sumersille,Marshal,18528.80,0.00,400.00,11960.41,18928.80,30889.21,2016,,Sparks,""
Michelle R Wing,Court Compliance Officer,17574.40,0.00,0.00,8664.46,17574.40,26238.86,2016,,Sparks,""
Jim D Green,Plans Examiner Sr,15638.39,19.55,1945.03,8627.11,17602.97,26230.08,2016,,Sparks,""
Shawna L Liles,Administrative Assistant/CF,15696.00,0.00,1196.18,9175.14,16892.18,26067.32,2016,,Sparks,""
Karl N Nieberlein,Retiree,0.00,0.00,25000.00,362.50,25000.00,25362.50,2016,,Sparks,""
John P Franz,Retiree,0.00,0.00,22861.97,331.50,22861.97,23193.47,2016,,Sparks,""
Matthew J Brown,Firefighter,10869.60,414.93,2895.66,7983.63,14180.19,22163.82,2016,,Sparks,""
Dennis C Tittensor,Marshal,9526.40,0.00,2917.53,9025.55,12443.93,21469.48,2016,,Sparks,""
Misty D Colfack,Muni Court Clerk II,13342.40,0.00,389.77,6885.09,13732.17,20617.26,2016,,Sparks,""
Carlos A Sandoval,Police Officer,7660.80,0.00,1497.22,5698.31,9158.02,14856.33,2016,,Sparks,""
Lance F Lehigh,Police Officer,1220.80,60.69,9912.86,2942.14,11194.35,14136.49,2016,,Sparks,""
April D Stokes,Customer Service Specialist I,7216.03,0.00,4.08,5734.59,7220.11,12954.70,2016,,Sparks,""
Jacob P Parker,Wastewater Plant Operator I,6902.37,0.00,286.88,3769.74,7189.25,10958.99,2016,,Sparks,""
Ann Marie M Bibolet,Wastewater Plant Operator I,5176.79,0.00,289.18,2865.33,5465.97,8331.30,2016,,Sparks,""
Donald R Abbott,City Council - Ward 1,3819.20,0.00,560.06,1963.29,4379.26,6342.55,2016,,Sparks,""
Kristopher A Dahir,City Council - Ward 5,3819.20,0.00,560.06,1963.29,4379.26,6342.55,2016,,Sparks,""
Suzanne J Gurinskas,Retiree,0.00,0.00,5000.00,72.50,5000.00,5072.50,2016,,Sparks,""
Daniel D Woyciehowsky,Police Officer,1196.80,0.00,0.00,502.05,1196.80,1698.85,2016,,Sparks,""
Jason J Pond,Systems Analyst I,1000.80,0.00,0.00,298.73,1000.80,1299.53,2016,,Sparks,""
