Employee Name,Job Title,Base Pay,Overtime Pay,Other Pay,Benefits,Total Pay,Total Pay & Benefits,Year,Notes,Agency,Status
"Brumbach, Jeffry W",Snow removal/Roadway Maintenance,11165.00,0.00,0.00,0.00,11165.00,11165.00,2016,,Zephyr Heights General Improvement District,""
"Watkins, Robert K",Snow removal/Roadway Maintenance,8300.00,0.00,0.00,0.00,8300.00,8300.00,2016,,Zephyr Heights General Improvement District,""
"Moss, Guy W.",Snow removal/Roadway Maintenance,6707.50,0.00,0.00,0.00,6707.50,6707.50,2016,,Zephyr Heights General Improvement District,""
"Kellogg, George D",Snow removal/Roadway Maintenance,1554.00,0.00,0.00,0.00,1554.00,1554.00,2016,,Zephyr Heights General Improvement District,""
"Littlefield, Andrew W",Snow removal/Roadway Maintenance,1258.00,0.00,0.00,0.00,1258.00,1258.00,2016,,Zephyr Heights General Improvement District,""
"Lambeth, Rondi R.",Trustee,1200.00,0.00,0.00,0.00,1200.00,1200.00,2016,,Zephyr Heights General Improvement District,""
"Irwin, Russell A",Trustee,1200.00,0.00,0.00,0.00,1200.00,1200.00,2016,,Zephyr Heights General Improvement District,""
"Imbach, Diane L.",Trustee,1200.00,0.00,0.00,0.00,1200.00,1200.00,2016,,Zephyr Heights General Improvement District,""
"Sutter, Allan J.",Trustee,1200.00,0.00,0.00,0.00,1200.00,1200.00,2016,,Zephyr Heights General Improvement District,""
"Brandow, Ronald A",Trustee,1200.00,0.00,0.00,0.00,1200.00,1200.00,2016,,Zephyr Heights General Improvement District,""
