Employee Name,Job Title,Base Pay,Overtime Pay,Other Pay,Benefits,Total Pay,Total Pay & Benefits,Year,Notes,Agency,Status
Joseph Westerlund,DIRECTOR OF PUBLIC WORKS,Aggregate,Aggregate,Aggregate,31268.72,66639.54,97908.26,2016,,Tonopah,""
Christine Mulkerns,ADMINISTRATIVE MANAGER,Aggregate,Aggregate,Aggregate,28558.96,62233.28,90792.24,2016,,Tonopah,""
Calvin Tappe,MAINTENANCE FOREMAN - TPU,Aggregate,Aggregate,Aggregate,27849.81,56996.70,84846.51,2016,,Tonopah,""
Manuel Linares,MAINTENANCE,Aggregate,Aggregate,Aggregate,22259.47,42645.92,64905.39,2016,,Tonopah,""
Robert Herren,MAINTENANCE MAN III - TOWN,Aggregate,Aggregate,Aggregate,22107.64,42659.85,64767.49,2016,,Tonopah,""
Diane Perchetti,SECRETARY,Aggregate,Aggregate,Aggregate,21850.72,39928.40,61779.12,2016,,Tonopah,""
David Speakman,MAINTENANCE MAN III - TOWN,Aggregate,Aggregate,Aggregate,21428.36,40211.43,61639.79,2016,,Tonopah,""
Rebecca Braska,SENIOR ACCT REPRESENTATIVE,Aggregate,Aggregate,Aggregate,19500.63,32355.20,51855.83,2016,,Tonopah,""
Dallas Boyer,MAINTENANCE MAN/WORKER - TOWN,Aggregate,Aggregate,Aggregate,18151.38,32230.13,50381.51,2016,,Tonopah,""
James Jeffrey,MAINTENANCE MAN III - TOWN,Aggregate,Aggregate,Aggregate,17441.42,29894.87,47336.29,2016,,Tonopah,""
Kathrin Biggeleben,DEPUTY TOWN CLERK,Aggregate,Aggregate,Aggregate,17812.47,26955.33,44767.80,2016,,Tonopah,""
Shari Bombard,MINING PARK TOUR GUIDE,Aggregate,Aggregate,Aggregate,12572.52,22062.53,34635.05,2016,,Tonopah,""
Jeffrey Martin,MINING PARK TOUR GUIDE,Aggregate,Aggregate,Aggregate,14887.65,18165.00,33052.65,2016,,Tonopah,""
Christina Perry,MINING PARK TOUR GUIDE,Aggregate,Aggregate,Aggregate,9360.48,16825.72,26186.20,2016,,Tonopah,""
Martha Ryals,LIBRARY STAFF W/O BENEFITS-T,Aggregate,Aggregate,Aggregate,891.93,11659.00,12550.93,2016,,Tonopah,""
Tawnia Seward,LIBRARY STAFF W/O BENEFITS-T,Aggregate,Aggregate,Aggregate,750.66,9812.52,10563.18,2016,,Tonopah,""
Mike Baca,MINING PARK TOUR GUIDE,Aggregate,Aggregate,Aggregate,861.69,7515.76,8377.45,2016,,Tonopah,""
Jason Carman Jr,MAINTENANCE MAN III - TOWN,Aggregate,Aggregate,Aggregate,2007.62,6278.99,8286.61,2016,,Tonopah,""
Dian Wickenden,LIBRARY STAFF W/O BENEFITS-T,Aggregate,Aggregate,Aggregate,528.43,6908.00,7436.43,2016,,Tonopah,""
Brendan Eason,MAINTENANCE MAN/WORKER - TOWN,Aggregate,Aggregate,Aggregate,617.39,5387.50,6004.89,2016,,Tonopah,""
Madison North,SWIMMING POOL SEASONAL - TOT,Aggregate,Aggregate,Aggregate,384.08,3059.47,3443.55,2016,,Tonopah,""
Isabelle Gonzalez,SWIMMING POOL SEASONAL - TOT,Aggregate,Aggregate,Aggregate,355.56,2832.94,3188.50,2016,,Tonopah,""
Sandra Dunn,SWIMMING POOL SEASONAL - TOT,Aggregate,Aggregate,Aggregate,350.52,2793.47,3143.99,2016,,Tonopah,""
Tessa North,SWIMMING POOL SEASONAL - TOT,Aggregate,Aggregate,Aggregate,329.78,2627.26,2957.04,2016,,Tonopah,""
Victoria Fitch,SWIMMING POOL SEASONAL - TOT,Aggregate,Aggregate,Aggregate,290.60,2313.64,2604.24,2016,,Tonopah,""
Lauren Klapper,SWIMMING POOL SEASONAL - TOT,Aggregate,Aggregate,Aggregate,234.39,1866.57,2100.96,2016,,Tonopah,""
Payton Brown,SWIMMING POOL SEASONAL - TOT,Aggregate,Aggregate,Aggregate,42.92,655.32,698.24,2016,,Tonopah,""
Scott Guthridge,LIBRARY MAINTENANCE W/O BENEFITS-T,Aggregate,Aggregate,Aggregate,27.54,360.00,387.54,2016,,Tonopah,""
Derek J Eason,SWIMMING POOL SEASONAL - TOT,Aggregate,Aggregate,Aggregate,13.79,109.32,123.11,2016,,Tonopah,""
Karissa Brown,SWIMMING POOL SEASONAL - TOT,Aggregate,Aggregate,Aggregate,13.79,109.32,123.11,2016,,Tonopah,""
