Employee Name,Job Title,Base Pay,Overtime Pay,Other Pay,Benefits,Total Pay,Total Pay & Benefits,Year,Notes,Agency,Status
"Supp, JM",City Manager,Aggregate,Aggregate,Aggregate,32063.50,81303.07,113366.57,2016,,Wells,""
"Pengelly, JJ",Public Works Director,Aggregate,Aggregate,Aggregate,26279.44,69339.87,95619.31,2016,,Wells,""
"Calton, DD",Public Works,Aggregate,Aggregate,Aggregate,27466.44,55517.77,82984.21,2016,,Wells,""
"Shamblin, SG",Public Works,Aggregate,Aggregate,Aggregate,22010.34,52182.10,74192.44,2016,,Wells,""
"Aguilar, LP",Public Works,Aggregate,Aggregate,Aggregate,19891.64,52495.63,72387.27,2016,,Wells,""
"Justus, SA",Deputy Clerk,Aggregate,Aggregate,Aggregate,22602.12,44973.93,67576.05,2016,,Wells,""
"Poteet, S",Public Works,Aggregate,Aggregate,Aggregate,17634.28,36663.32,54297.60,2016,,Wells,""
"Zander, P",AP/AR Clerk,Aggregate,Aggregate,Aggregate,19778.64,31807.98,51586.62,2016,,Wells,""
"Prado, T",Public Works,Aggregate,Aggregate,Aggregate,14337.54,32807.87,47145.41,2016,,Wells,""
"Iveson, H",Utility Clerk,Aggregate,Aggregate,Aggregate,14839.74,30769.24,45608.98,2016,,Wells,""
"Aboite, A",Pool Supervisor,Aggregate,Aggregate,Aggregate,13530.88,25262.03,38792.91,2016,,Wells,""
"Naveran, S",Administrative Services,Aggregate,Aggregate,Aggregate,8480.57,23164.65,31645.22,2016,,Wells,""
"Campbell, D",Senior Center Director,Aggregate,Aggregate,Aggregate,8658.38,22057.69,30716.07,2016,,Wells,""
"Taylor, S",Senior Cook,Aggregate,Aggregate,Aggregate,5994.68,21516.51,27511.19,2016,,Wells,""
"Calton, PL",Judge,Aggregate,Aggregate,Aggregate,5113.52,18262.40,23375.92,2016,,Wells,""
"Thornton, D",Public Works,Aggregate,Aggregate,Aggregate,3515.00,16607.24,20122.24,2016,,Wells,""
"Hartsell, K",Lifeguard,Aggregate,Aggregate,Aggregate,4440.92,15429.60,19870.52,2016,,Wells,""
"Tybo, JL",Janitor,Aggregate,Aggregate,Aggregate,2016.00,7200.00,9216.00,2016,,Wells,""
"Frank, R",Bus Driver,Aggregate,Aggregate,Aggregate,0.00,8813.59,8813.59,2016,,Wells,""
"Cruz-Rojas, R",Public Works,Aggregate,Aggregate,Aggregate,1688.52,5873.14,7561.66,2016,,Wells,""
"Achurra, E",Bldg Inspector,Aggregate,Aggregate,Aggregate,0.00,6745.50,6745.50,2016,,Wells,""
"Hall, K",Fire Chief,Aggregate,Aggregate,Aggregate,336.00,1200.00,1536.00,2016,,Wells,""
"DeMello, J",Asst. Senior Driver,Aggregate,Aggregate,Aggregate,0.00,1271.32,1271.32,2016,,Wells,""
