Employee Name,Job Title,Base Pay,Overtime Pay,Other Pay,Benefits,Total Pay,Total Pay & Benefits,Year,Notes,Agency,Status
Chris J Melville,City Manager,142015.12,0.00,2520.00,47308.10,144535.12,191843.22,2016,,West Wendover,""
Jeffery L. Knudtson,Fire Chief,126825.88,0.00,3940.00,57600.58,130765.88,188366.46,2016,,West Wendover,""
Michael D. Connin,Police Sergeant II,86423.42,14478.84,7888.13,46684.25,108790.39,155474.64,2016,,West Wendover,""
Donald Laurence Lininger,Police Lt.,89041.04,9351.98,8472.81,46732.40,106865.83,153598.23,2016,,West Wendover,""
Burdel N Welsh,Police Chief,97866.08,0.00,1200.00,47919.80,99066.08,146985.88,2016,,West Wendover,""
Bryce C. Jr Kimber,Public Works Directo,102640.00,0.00,2660.00,37768.08,105300.00,143068.08,2016,,West Wendover,""
Catherine Ann Petro,Police Sergeant II,82229.44,9191.95,4536.09,44768.09,95957.48,140725.57,2016,,West Wendover,""
Jason Abrams,Police Sergeant,73954.49,21913.96,3105.99,39473.72,98974.44,138448.16,2016,,West Wendover,""
Bradlee Keith Hillaker,Police Detective,79907.36,8717.05,6183.26,43039.56,94807.67,137847.23,2016,,West Wendover,""
Gary Corona,Fire Captain,72866.20,13469.08,5260.09,44075.00,91595.37,135670.37,2016,,West Wendover,""
Jeremy B Loncar,Fire Captain,73651.25,11208.26,6160.09,42648.59,91019.60,133668.19,2016,,West Wendover,""
Peter E Turner,POLICE OFFICER,72597.77,11529.45,3472.84,39214.68,87600.06,126814.74,2016,,West Wendover,""
Michelle L Giovo,CFO,85057.28,0.00,0.00,32100.11,85057.28,117157.39,2016,,West Wendover,""
Chris D Buxton,PW Supervisor,70607.00,9007.53,4271.84,29766.42,83886.37,113652.79,2016,,West Wendover,""
Raul D Naranjo,Utiltiy Op Manager,71297.60,4025.72,4311.01,29707.83,79634.33,109342.16,2016,,West Wendover,""
Anna E Bartlome,CITY CLERK,69969.60,0.00,1960.00,28424.29,71929.60,100353.89,2016,,West Wendover,""
Daniel S Kim,Fire Fighter,54498.04,10338.76,3102.88,31869.24,67939.68,99808.92,2016,,West Wendover,""
Ignacio Vera,P.W. Technicain 2,53800.40,5945.29,6883.76,25822.55,66629.45,92452.00,2016,,West Wendover,""
Amber D Dehn,Waste Water Oprtr 1,56861.41,4166.70,4273.70,25601.05,65301.81,90902.86,2016,,West Wendover,""
Keridwen A Hillstead,Accounting Specialis,54191.56,305.34,2537.26,24070.87,57034.16,81105.03,2016,,West Wendover,""
Tomas Ramirez,POLICE OFFICER,46286.72,5319.49,1649.49,27767.79,53255.70,81023.49,2016,,West Wendover,""
Alexander Peterson,Animal Control Offic,51482.24,1775.02,4303.98,23444.26,57561.24,81005.50,2016,,West Wendover,""
Toni Corona,ADMIN  ASSISTANT,50838.40,1814.32,4663.76,23605.82,57316.48,80922.30,2016,,West Wendover,""
Debora S Smith,ADMIN  ASSISTANT,50838.40,129.74,4563.76,23652.84,55531.90,79184.74,2016,,West Wendover,""
Kerrie Supanich,ADMIN  ASSISTANT,50838.40,1396.56,3313.76,23384.22,55548.72,78932.94,2016,,West Wendover,""
Alejandro Sanchez,POLICE OFFICER,42376.35,7715.31,2207.06,26135.26,52298.72,78433.98,2016,,West Wendover,""
Joshua P Earl,POLICE OFFICER,43875.52,5261.92,1800.00,26811.03,50937.44,77748.47,2016,,West Wendover,""
Heather L Sherman,HR Technician,51121.20,348.03,2991.12,23203.66,54460.35,77664.01,2016,,West Wendover,""
Shannon J Baker,DISPATCHER,49040.09,3720.94,2326.85,22518.59,55087.88,77606.47,2016,,West Wendover,""
Cutter Love,POLICE OFFICER,42115.82,6944.41,2207.06,26106.90,51267.29,77374.19,2016,,West Wendover,""
Vidal Castaneda,P.W. Technician II,48632.57,3459.32,1520.00,22535.08,53611.89,76146.97,2016,,West Wendover,""
Charlotte A Jones,Accounting Tech,50608.36,561.43,1878.61,22907.29,53048.40,75955.69,2016,,West Wendover,""
Fernando Uribe,POLICE OFFICER,39972.16,7668.79,1800.00,25407.98,49440.95,74848.93,2016,,West Wendover,""
Heather M Neilson,Lead Dispatcher,47956.80,1174.95,2283.91,22076.82,51415.66,73492.48,2016,,West Wendover,""
Jose Guadalupe Prieto-Dorado,Janitor,46686.40,626.37,3182.59,22176.23,50495.36,72671.59,2016,,West Wendover,""
Ernesto Espitia,COMPOST PLANT OP,45584.96,612.21,3957.59,22015.78,50154.76,72170.54,2016,,West Wendover,""
Gordon M Richardson,LANDFILL OPERATOR,44775.16,3603.79,984.13,21303.16,49363.08,70666.24,2016,,West Wendover,""
Jesus Salazar,P.W. Technician 1,43134.56,3286.13,2511.66,21376.17,48932.35,70308.52,2016,,West Wendover,""
Teresa Naranjo,Court Administrator,44784.64,1898.57,1452.48,21033.82,48135.69,69169.51,2016,,West Wendover,""
Alison R Cook,ADMIN  ASSISTANT,45563.60,1332.38,555.34,21280.94,47451.32,68732.26,2016,,West Wendover,""
Gustavo Chavez,Waste Water Oprtr 1,40998.19,4160.22,1352.76,20201.16,46511.17,66712.33,2016,,West Wendover,""
Miguel A Esparza,P.W. Technician I,40516.00,3340.47,475.06,19923.19,44331.53,64254.72,2016,,West Wendover,""
Kimberly Morley,Admin Clerk,40883.22,2163.34,679.02,19731.36,43725.58,63456.94,2016,,West Wendover,""
Christopher C Perez,DISPATCHER,36575.17,3266.26,767.38,19083.33,40608.81,59692.14,2016,,West Wendover,""
Heather Murphy,Accounting Tech,38365.11,68.36,739.44,19026.30,39172.91,58199.21,2016,,West Wendover,""
Yesenia Pacheco,Deputy Court Clerk 2,37407.20,471.09,807.76,18800.12,38686.05,57486.17,2016,,West Wendover,""
Robyn Smith,Accounting Tech,34444.92,733.02,323.86,17942.35,35501.80,53444.15,2016,,West Wendover,""
Brian E Boatman,MUNICIPAL JUDGE,34999.90,0.00,0.00,18083.98,34999.90,53083.88,2016,,West Wendover,""
Luis Perez,DISPATCHER,31931.56,2143.30,721.82,17548.14,34796.68,52344.82,2016,,West Wendover,""
Karen Floyd,Admin Clerk,32498.97,502.29,1084.81,17561.75,34086.07,51647.82,2016,,West Wendover,""
Miguel Pantelakis,POLICE OFFICER,28221.20,4423.30,600.00,18376.81,33244.50,51621.31,2016,,West Wendover,""
Jose Gonzalez,DISPATCHER,30682.81,2475.60,727.65,17362.92,33886.06,51248.98,2016,,West Wendover,""
Haily Christensen,DISPATCHER,30732.76,2127.60,727.65,17206.35,33588.01,50794.36,2016,,West Wendover,""
Gerardo Sandoval,Waste Water Oprtr 1,27324.97,3919.46,90.00,13389.59,31334.43,44724.02,2016,,West Wendover,""
Michael Young,DISPATCHER,20080.22,1449.84,430.00,11031.49,21960.06,32991.55,2016,,West Wendover,""
Tony Kinnison,P.W. Technician II,22698.17,0.00,435.34,9260.21,23133.51,32393.72,2016,,West Wendover,""
Wayne Lemon,DISPATCHER,18071.97,1325.44,430.00,10050.54,19827.41,29877.95,2016,,West Wendover,""
Dusty Labrie,Janitor,12639.34,40.95,50.00,6068.56,12730.29,18798.85,2016,,West Wendover,""
Osbaldo Rodriguez,P.W. Technician 1,8408.64,801.28,30.00,3790.44,9239.92,13030.36,2016,,West Wendover,""
Maria Hernandez,Deputy Court Clerk 2,8110.41,275.98,0.00,3676.20,8386.39,12062.59,2016,,West Wendover,""
Emily P Carter,Mayor,6647.04,0.00,0.00,1861.20,6647.04,8508.24,2016,,West Wendover,""
Mary-Elaine Borghoff,DISPATCHER,5101.90,325.08,215.00,2190.74,5641.98,7832.72,2016,,West Wendover,""
John B Hanson,Councilmember,6000.28,0.00,0.00,1680.12,6000.28,7680.40,2016,,West Wendover,""
Nicolas Flores,Councilmember,6000.28,0.00,0.00,1680.12,6000.28,7680.40,2016,,West Wendover,""
Gerald V. Anderson,Councilmember,6000.28,0.00,0.00,1680.12,6000.28,7680.40,2016,,West Wendover,""
Jasie M Holm,Councilmember,6000.28,0.00,0.00,1680.12,6000.28,7680.40,2016,,West Wendover,""
Ismael Izzy Gutierrez,Councilmember,6000.28,0.00,0.00,1680.12,6000.28,7680.40,2016,,West Wendover,""
Deborah Wahlstrom,Depurty Court Clerk 1,7258.86,0.00,0.00,0.00,7258.86,7258.86,2016,,West Wendover,""
Nancy Rodriguez,Deputy Court Clerk 1,6109.16,0.00,0.00,0.00,6109.16,6109.16,2016,,West Wendover,""
Esau Valedez,Waste Water Oprtr 1,2655.12,378.79,10.00,743.44,3043.91,3787.35,2016,,West Wendover,""
Chris D Buxton,Part Time Fire Fighter,0.00,3351.39,0.00,0.00,3351.39,3351.39,2016,,West Wendover,""
German Hernandez,Janitor,2164.80,0.00,0.00,606.14,2164.80,2770.94,2016,,West Wendover,""
Genaro Rivera,Part Time Fire Fighter,2303.25,0.00,0.00,0.00,2303.25,2303.25,2016,,West Wendover,""
Nicolas Herrera,Part Time Fire Fighter,1707.75,0.00,0.00,0.00,1707.75,1707.75,2016,,West Wendover,""
Antonio Escareno,Part Time Fire Fighter,1415.75,0.00,0.00,0.00,1415.75,1415.75,2016,,West Wendover,""
Waylan Nelson,Part Time Fire Fighter,1396.50,0.00,0.00,0.00,1396.50,1396.50,2016,,West Wendover,""
German Hernandez,Part Time Fire Fighter,997.50,157.50,0.00,0.00,1155.00,1155.00,2016,,West Wendover,""
Christopher C Perez,Part Time Fire Fighter,0.00,1115.64,0.00,0.00,1115.64,1115.64,2016,,West Wendover,""
Daniel Corona,Mayor,830.88,0.00,0.00,232.65,830.88,1063.53,2016,,West Wendover,""
Adalberto Vega,Part Time Fire Fighter,907.00,0.00,0.00,0.00,907.00,907.00,2016,,West Wendover,""
Enrique Trujillo,Part Time Fire Fighter,875.50,0.00,0.00,0.00,875.50,875.50,2016,,West Wendover,""
Savannah Singleton,Part Time Fire Fighter,769.25,0.00,0.00,0.00,769.25,769.25,2016,,West Wendover,""
Gerardo Sandoval,Part Time Fire Fighter,0.00,747.38,0.00,0.00,747.38,747.38,2016,,West Wendover,""
Albert George Brain,Part Time Fire Fighter,539.75,0.00,0.00,0.00,539.75,539.75,2016,,West Wendover,""
Shad Ii Luna,Part Time Fire Fighter,505.75,0.00,0.00,0.00,505.75,505.75,2016,,West Wendover,""
Brian E Boatman,Part Time Fire Fighter,484.50,0.00,0.00,0.00,484.50,484.50,2016,,West Wendover,""
David Davila,Part Time Fire Fighter,257.25,0.00,0.00,0.00,257.25,257.25,2016,,West Wendover,""
Juvencio Flores,Part Time Fire Fighter,225.75,0.00,0.00,0.00,225.75,225.75,2016,,West Wendover,""
Gabriel D Read,Part Time Fire Fighter,106.25,0.00,0.00,0.00,106.25,106.25,2016,,West Wendover,""
Fernando Reina,Part Time Fire Fighter,89.25,0.00,0.00,0.00,89.25,89.25,2016,,West Wendover,""
Adam Kent Young,Part Time Fire Fighter,75.00,0.00,0.00,0.00,75.00,75.00,2016,,West Wendover,""
David Seth Murphy,Part Time Fire Fighter,63.75,0.00,0.00,0.00,63.75,63.75,2016,,West Wendover,""
