Employee Name,Job Title,Base Pay,Overtime Pay,Other Pay,Benefits,Total Pay,Total Pay & Benefits,Year,Notes,Agency,Status
Nicholas Wisner,PATROLMAN,45529.58,20974.11,10109.78,45349.95,76613.47,121963.42,2016,,Yerington,""
Steven Banta,PATROLMAN,52018.15,5008.50,11618.31,47974.18,68644.96,116619.14,2016,,Yerington,""
Brandon Coombs,PATROLMAN,44817.51,18947.09,8090.91,44378.34,71855.51,116233.85,2016,,Yerington,""
Danny Newell,CITY MANAGER,79423.00,0.00,0.00,34042.00,79423.00,113465.00,2016,,Yerington,""
Darren E. Wagner,CHIEF OF POLICE,61799.89,0.00,2600.43,48384.73,64400.32,112785.05,2016,,Yerington,""
Jerome Del Giudice,PATROLMAN,32475.99,10921.38,6716.75,46345.75,50114.12,96459.87,2016,,Yerington,""
Jay Flakus,PW DIRECTOR,50928.00,0.00,0.00,25241.00,50928.00,76169.00,2016,,Yerington,""
Sheema Shaw,INTERIM CITY CLERK,41716.00,0.00,0.00,24461.00,41716.00,66177.00,2016,,Yerington,""
Bruce Gordon,PW ASSISTANT I,38222.00,2768.00,315.00,23669.00,41305.00,64974.00,2016,,Yerington,""
Dennis Becker,PW ASSISTANT I,34442.00,4478.00,76.00,22061.00,38996.00,61057.00,2016,,Yerington,""
Clarence Howard,PW ASSISTANT I,32739.00,3629.00,0.00,22571.00,36368.00,58939.00,2016,,Yerington,""
Helen Sturtevant,DEPUTY CLERK,29473.00,111.00,0.00,21087.00,29584.00,50671.00,2016,,Yerington,""
Ryan Huntley,PW ASSISTANT I,31950.00,2616.00,0.00,15764.00,34566.00,50330.00,2016,,Yerington,""
Ashley Armstrong,PW ASSISTANT I,27849.00,979.00,0.00,19816.00,28828.00,48644.00,2016,,Yerington,""
David Smith,PW LABORER,25034.00,3511.00,0.00,19224.00,28545.00,47769.00,2016,,Yerington,""
Brian Pittman,PW LABORER,25925.00,2257.00,0.00,18607.00,28182.00,46789.00,2016,,Yerington,""
Maria Reyes-Trujillo,DEPUTY CLERK,25540.00,209.00,0.00,16699.00,25749.00,42448.00,2016,,Yerington,""
Jordyn Corkern,BOOKKEEPER,21571.00,0.00,0.00,13525.00,21571.00,35096.00,2016,,Yerington,""
Leslie Dew Hedrick,COURT CLERK,12138.00,0.00,0.00,7659.00,12138.00,19797.00,2016,,Yerington,""
Jesslyna Cochrane,DEPUTY CLERK,7141.00,0.00,0.00,3898.00,7141.00,11039.00,2016,,Yerington,""
