Employee Name,Job Title,Base Pay,Overtime Pay,Other Pay,Benefits,Total Pay,Total Pay & Benefits,Year,Notes,Agency,Status
Dennis Fobes,Police Chief,73742.92,0.00,375.00,39625.28,74117.92,113743.20,2016,,Carlin,""
Carlos Esparza,Director,68533.48,0.00,300.00,28948.71,68833.48,97782.19,2016,,Carlin,""
William Jones,City Manager,74156.80,0.00,688.00,20611.81,74844.80,95456.61,2016,,Carlin,""
Henry Johnson,Laborer,58240.09,1032.08,5158.03,27536.10,64430.20,91966.30,2016,,Carlin,""
Ladawn Lawson,City Clerk,62602.76,0.00,0.00,27288.10,62602.76,89890.86,2016,,Carlin,""
Steven Wilkinson,Laborer,48922.22,1778.32,7303.54,25378.31,58004.08,83382.39,2016,,Carlin,""
Tyler Thomas,Police Officer,41408.35,5560.39,4206.92,28090.89,51175.66,79266.55,2016,,Carlin,""
Keegan Baty,Police Officer,39348.51,5184.68,6312.41,27625.91,50845.60,78471.51,2016,,Carlin,""
Floyd Davey,Police Officer,45881.04,9333.07,2936.63,20095.57,58150.74,78246.31,2016,,Carlin,""
Taylor Martin,Police Officer,39438.55,4634.18,5401.92,27593.31,49474.65,77067.96,2016,,Carlin,""
Karen Carr-Brian,Animal Control,46384.49,0.00,5586.41,24227.22,51970.90,76198.12,2016,,Carlin,""
Jason Evans,Police Officer,43875.32,1641.55,3567.99,19452.58,49084.86,68537.44,2016,,Carlin,""
Heather Trujillo,Asst City Clerk,36524.18,0.00,4417.28,21222.90,40941.46,62164.36,2016,,Carlin,""
Clay Knight,Laborer,32704.09,76.77,3709.14,19945.66,36490.00,56435.66,2016,,Carlin,""
Mikel Skinner,MECHANIC,35671.47,108.75,366.59,19032.49,36146.81,55179.30,2016,,Carlin,""
Joshua Gallegos,Laborer,31121.02,542.53,3184.86,19285.43,34848.41,54133.84,2016,,Carlin,""
Toni Wright,Laborer,29521.27,0.00,2459.49,18687.09,31980.76,50667.85,2016,,Carlin,""
Lila Sexton,Animal Control,27842.22,0.00,3738.01,18502.01,31580.23,50082.24,2016,,Carlin,""
Kristi Moffett,Admin OP/Permit Tech,33509.22,0.00,4630.79,10639.62,38140.01,48779.63,2016,,Carlin,""
Teri Feasel,Judge,21638.04,0.00,0.00,6058.68,21638.04,27696.72,2016,,Carlin,""
Ella Trujillo,Director,12038.48,0.00,182.64,6661.42,12221.12,18882.54,2016,,Carlin,""
Melinda Harris,Asst City Clerk,10708.88,0.00,102.97,6266.82,10811.85,17078.67,2016,,Carlin,""
Joseph Lindsey,BUILDING INSPECTOR,11960.60,0.00,0.00,0.00,11960.60,11960.60,2016,,Carlin,""
Trent Hustead,Driver,5736.51,35.20,109.52,4087.22,5881.23,9968.45,2016,,Carlin,""
Linda Bingaman,PT Fire Chief,6045.00,0.00,0.00,0.00,6045.00,6045.00,2016,,Carlin,""
Laura Adams,Asst Cook,3585.43,0.00,65.88,1965.69,3651.31,5617.00,2016,,Carlin,""
Dana Holbrook,Councilmember,2695.07,0.00,0.00,754.60,2695.07,3449.67,2016,,Carlin,""
Lisa Brown,Asst Cook,3281.73,4.93,0.00,0.00,3286.66,3286.66,2016,,Carlin,""
Lincoln Litchfield,Councilmember,2100.00,0.00,0.00,588.00,2100.00,2688.00,2016,,Carlin,""
Patricia Griswold,Councilmember,2100.00,0.00,0.00,588.00,2100.00,2688.00,2016,,Carlin,""
Roger Curry,PT Fire Chief,2418.00,0.00,0.00,0.00,2418.00,2418.00,2016,,Carlin,""
Michael Abrams,Fire Assistant Chief,2418.00,0.00,0.00,0.00,2418.00,2418.00,2016,,Carlin,""
Lester Brown,Bailiff,1637.58,0.00,0.00,0.00,1637.58,1637.58,2016,,Carlin,""
Mark Clough,Reserve Officer,0.00,0.00,300.00,0.00,300.00,300.00,2016,,Carlin,""
Donald Van Tassel,Reserve Officer,0.00,0.00,300.00,0.00,300.00,300.00,2016,,Carlin,""
John Rowe,Reserve Officer,0.00,0.00,300.00,0.00,300.00,300.00,2016,,Carlin,""
