Employee Name,Job Title,Base Pay,Overtime Pay,Other Pay,Benefits,Total Pay,Total Pay & Benefits,Year,Notes,Agency,Status
MARK B JACKSON,DISTRICT ATTORNEY,144476.80,0.00,0.00,67152.93,144476.80,211629.73,2016,,Douglas County,""
RONALD P PIERINI,COUNTY SHERIFF,121825.60,0.00,1200.00,77084.17,123025.60,200109.77,2016,,Douglas County,""
PAUL T HOWELL,UNDERSHERIFF,118227.20,0.00,8161.60,67200.33,126388.80,193589.13,2016,,Douglas County,""
RICHARD GLASSON,JUSTICE COURT JUDGE TAHOE,134950.40,0.00,0.00,56966.99,134950.40,191917.39,2016,,Douglas County,""
JAMES R NICHOLS,COUNTY MANAGER,172016.00,0.00,1984.80,13384.75,174000.80,187385.55,2016,,Douglas County,""
THOMAS E PERKINS,JUSTICE COURT JUDGE EF,123697.60,0.00,0.00,54677.51,123697.60,178375.11,2016,,Douglas County,""
DANIEL P BRITTON,CAPTAIN,102294.40,0.00,7486.96,58980.32,109781.36,168761.68,2016,,Douglas County,""
SCOTT J SHICK,CHIEF JUV PROBATION OFFICER,116064.00,0.00,4876.00,45693.69,120940.00,166633.69,2016,,Douglas County,""
SCOTT A MORGAN,DIRECTOR COMMUNITY SERVICES,115856.00,0.00,4815.97,45038.74,120671.97,165710.71,2016,,Douglas County,""
CARL N RUSCHMEYER,DIRECTOR PUBLIC WORKS,115856.00,0.00,4833.16,44327.26,120689.16,165016.42,2016,,Douglas County,""
JOSEPH P DUFFY,CAPTAIN,97302.40,0.00,7350.80,59281.20,104653.20,163934.40,2016,,Douglas County,""
MARIE B MOSS,DIRECTOR COMMUNITY DEVELOPMENT,115856.00,0.00,4816.00,42534.44,120672.00,163206.44,2016,,Douglas County,""
DANIEL J COVERLEY,CAPTAIN,96054.40,0.00,7010.38,58899.32,103064.78,161964.10,2016,,Douglas County,""
JAMES E HALSEY,CAPTAIN,96054.40,0.00,6771.26,58937.42,102825.66,161763.08,2016,,Douglas County,""
DOUGLAS RITCHIE,CHIEF DEPUTY DA - CIVIL,112528.00,0.00,4722.40,44216.13,117250.40,161466.53,2016,,Douglas County,""
CHRISTINE VULETICH,ASSISTANT COUNTY MGR/CFO,119433.60,0.00,3144.80,37266.56,122578.40,159844.96,2016,,Douglas County,""
ERIK LEVIN,DEPUTY DA III,107473.60,0.00,4432.08,42068.27,111905.68,153973.95,2016,,Douglas County,""
ROBERT J DUFFY,SERGEANT,85841.60,13443.03,3200.00,51415.67,102484.63,153900.30,2016,,Douglas County,""
JOHN A GEORGE,SERGEANT,70324.80,29363.54,2950.00,51250.80,102638.34,153889.14,2016,,Douglas County,""
PAUL E GILBERT,CONSTABLE EAST FORK TOWNSHIP,111404.80,0.00,0.00,42267.98,111404.80,153672.78,2016,,Douglas County,""
JEFF M SCHEMENAUER,SERGEANT,79580.80,10767.96,7205.36,52953.07,97554.12,150507.19,2016,,Douglas County,""
BERNADETTE J SMITH,SERGEANT,85841.60,5916.72,3623.50,55056.84,95381.82,150438.66,2016,,Douglas County,""
GREGORY D ROONEY,SERGEANT,86028.80,7887.53,3200.00,51448.38,97116.33,148564.71,2016,,Douglas County,""
RONALD J ROMAN,ENGINEERING MANAGER,102398.40,0.00,4256.68,41064.82,106655.08,147719.90,2016,,Douglas County,""
RONALD M ELGES,SERGEANT,86028.80,4777.08,2700.00,54035.77,93505.88,147541.65,2016,,Douglas County,""
DOUGLAS W SONNEMANN,COUNTY ASSESS0R,96761.60,0.00,0.00,50669.82,96761.60,147431.42,2016,,Douglas County,""
WILL R LYNCH,SERGEANT,86028.80,5947.81,2950.00,52214.97,94926.61,147141.58,2016,,Douglas County,""
RODNEY W GINOCCHIO,DEPUTY SHERIFF II,63918.40,30263.39,6258.52,46091.48,100440.31,146531.79,2016,,Douglas County,""
ALAN M BATES,COURT IT MANAGER,100068.80,0.00,3804.40,41658.11,103873.20,145531.31,2016,,Douglas County,""
DAVID A STANLEY,SERGEANT,70324.80,20904.03,3621.00,50380.41,94849.83,145230.24,2016,,Douglas County,""
ANTHONY J FIELD,SERGEANT,86028.80,4218.72,3200.00,51567.05,93447.52,145014.57,2016,,Douglas County,""
WENDY C GARRISON,DIR JUVENILE CAMP SERVICES,99548.80,0.00,4257.24,40791.96,103806.04,144598.00,2016,,Douglas County,""
KAREN L ELLISON,COUNTY RECORDER,91936.00,0.00,0.00,51788.42,91936.00,143724.42,2016,,Douglas County,""
BRIAN R FITZGERALD,ASST DIRECTOR COMMUNITY SERV,99902.40,0.00,4198.24,38134.73,104100.64,142235.37,2016,,Douglas County,""
ERIK NILSSEN,COUNTY ENGINEER,98363.20,0.00,4088.72,39754.44,102451.92,142206.36,2016,,Douglas County,""
RICHARD J KOONTZ,INVESTIGATOR II,72300.80,11972.22,8193.70,49360.13,92466.72,141826.85,2016,,Douglas County,""
JONATHAN D STORKE,INVESTIGATOR II,72342.40,11036.89,8772.52,49588.32,92151.81,141740.13,2016,,Douglas County,""
BOBBIE R WILLIAMS,COURT ADMINISTRATOR,96907.20,0.00,4028.32,39063.69,100935.52,139999.21,2016,,Douglas County,""
ZACHARY J WADLE,DEPUTY DA III,96033.60,0.00,4030.32,39407.90,100063.92,139471.82,2016,,Douglas County,""
RICHARD CASPER,DEPUTY DA III,95056.00,0.00,3951.20,40278.93,99007.20,139286.13,2016,,Douglas County,""
JAMES B BOOTH,SERGEANT,81286.40,4748.22,3200.00,49518.41,89234.62,138753.03,2016,,Douglas County,""
AMY M SAVAGE,SERGEANT,75545.60,10329.99,2950.00,49831.61,88825.59,138657.20,2016,,Douglas County,""
NATHAN R ALMEIDA,INVESTIGATOR II,72300.80,6528.76,8877.26,49318.86,87706.82,137025.68,2016,,Douglas County,""
THOMAS A DALLAIRE,TOWN MANAGER - GARDNERVILLE,94328.00,0.00,3935.12,38365.30,98263.12,136628.42,2016,,Douglas County,""
SHERRI MCGEE,CHIEF TECHNOLOGY OFFICER,99798.40,0.00,2686.88,33997.15,102485.28,136482.43,2016,,Douglas County,""
BRIAN S HUBKEY,SERGEANT,75795.20,10069.07,2964.00,45381.97,88828.27,134210.24,2016,,Douglas County,""
DOUGLAS A ALBERTSON,CHIEF ALT SENTENCING OFFICER,85841.60,0.00,3587.28,44670.80,89428.88,134099.68,2016,,Douglas County,""
EDWARD M GARREN,INVESTIGATOR II,71656.00,5947.38,8990.10,47145.34,86593.48,133738.82,2016,,Douglas County,""
BRIAN FILTER,DEPUTY DA III,95513.60,0.00,3869.94,33995.14,99383.54,133378.68,2016,,Douglas County,""
STEVEN D SCHULTZ,INVESTIGATOR-DA SENIOR,79352.00,6981.19,11144.32,35765.89,97477.51,133243.40,2016,,Douglas County,""
ADAM R WINDSOR,DEPUTY SHERIFF II,63814.40,13483.41,8396.84,47248.82,85694.65,132943.47,2016,,Douglas County,""
ARAM R MICHITARIAN,SERGEANT,70304.00,11490.31,5035.48,45308.05,86829.79,132137.84,2016,,Douglas County,""
LELAND V LOVE,INVESTIGATOR I,66976.00,6751.32,10899.68,47356.39,84627.00,131983.39,2016,,Douglas County,""
SCOTT D MCCULLOUGH,PROJECT MANAGER,90480.00,0.00,3761.20,37161.20,94241.20,131402.40,2016,,Douglas County,""
MATTHEW C SAYLO,DEPUTY SHERIFF II,61276.80,17967.56,6426.48,45103.97,85670.84,130774.81,2016,,Douglas County,""
KATHRYN M LEWIS,COUNTY CLERK/TREASURER,80641.60,0.00,301.12,48639.49,80942.72,129582.21,2016,,Douglas County,""
JOHN S PRESTON,INVESTIGATOR II,72342.40,3592.26,5345.64,48143.96,81280.30,129424.26,2016,,Douglas County,""
RONALD K MILLER,SERGEANT,73840.00,2795.63,2810.00,49804.72,79445.63,129250.35,2016,,Douglas County,""
CYNTHEA GREGORY,DEPUTY DA III,88358.40,0.00,3708.01,37172.38,92066.41,129238.79,2016,,Douglas County,""
LESLEY A HENDERSON,ASST COUNTY CLERK/TREASURER,89460.80,0.00,3705.68,35980.41,93166.48,129146.89,2016,,Douglas County,""
TINA RUSSOM,DEPUTY DA II,88691.20,0.00,3722.08,35958.16,92413.28,128371.44,2016,,Douglas County,""
DAVID M LUNDERGREEN,BUILDING OFFICIAL,87214.40,0.00,3638.32,37101.56,90852.72,127954.28,2016,,Douglas County,""
JON ERB,CIVIL ENGINEER SENIOR,88400.00,0.00,3687.84,35864.95,92087.84,127952.79,2016,,Douglas County,""
LISA I GRANAHAN,ECONOMIC VITALITY MANAGER,88316.80,0.00,3671.29,35836.20,91988.09,127824.29,2016,,Douglas County,""
EDWARD W JASPERSON,INVESTIGATOR II,72300.80,4547.84,5298.88,45631.56,82147.52,127779.08,2016,,Douglas County,""
NICHOLAS CHARLES,CIVIL ENGINEER SENIOR,87068.80,0.00,3653.93,36677.02,90722.73,127399.75,2016,,Douglas County,""
KAI M WEAVER,DEPUTY SHERIFF II,63939.20,12109.18,4945.12,46383.79,80993.50,127377.29,2016,,Douglas County,""
GEORGE L SCHRAMM,DEPUTY SHERIFF II,63627.20,9407.16,7165.32,46768.36,80199.68,126968.04,2016,,Douglas County,""
RONALD E SKIBINSKI,DEPUTY SHERIFF II,63939.20,11699.93,4945.12,46154.35,80584.25,126738.60,2016,,Douglas County,""
RONALD E MILLS,DEPUTY SHERIFF II,63939.20,7551.86,6636.84,48461.13,78127.90,126589.03,2016,,Douglas County,""
TAMMY D JAMES,MGR TECH INFRASTRUCTURE & OPER,88171.20,0.00,3665.12,34310.56,91836.32,126146.88,2016,,Douglas County,""
BRUCE J BEAUCHAMP,JUVENILE PROBATION OFFICER SR,72155.20,2986.34,6937.24,44014.55,82078.78,126093.33,2016,,Douglas County,""
JARROD L GUILFORD,INVESTIGATOR I,68848.00,3410.79,8246.24,45154.69,80505.03,125659.72,2016,,Douglas County,""
NADINE CHRZANOWSKI,INVESTIGATOR II,72342.40,4617.05,5345.64,43348.02,82305.09,125653.11,2016,,Douglas County,""
MIKE D TORRES,CHIEF DEPUTY JUV PROB OFFICER,76336.00,2366.64,3203.68,43178.80,81906.32,125085.12,2016,,Douglas County,""
AMY DODSON,LIBRARY DIRECTOR,84281.60,0.00,3522.56,36641.36,87804.16,124445.52,2016,,Douglas County,""
ERIK A EISSINGER,DEPUTY SHERIFF II,63939.20,8760.29,4945.12,46602.11,77644.61,124246.72,2016,,Douglas County,""
DEAN T KUMAGAI,DEPUTY SHERIFF II,63939.20,8316.96,4945.12,46394.39,77201.28,123595.67,2016,,Douglas County,""
GEOFFREY S MARSHALL,DEPUTY SHERIFF II,63939.20,7659.87,7111.12,44788.48,78710.19,123498.67,2016,,Douglas County,""
DOMINIC HASTINGS-MOLYNEUX,JUVENILE PROBATION OFFICER SR,65166.40,14007.70,6492.76,36662.10,85666.86,122328.96,2016,,Douglas County,""
RONALD O SAGEN,DIR EMERGENCY COMMUNICATIONS,85176.00,0.00,3241.84,33589.62,88417.84,122007.46,2016,,Douglas County,""
ERIC L ANDERSEN,JUVENILE PROBATION OFFICER SR,70262.40,2420.77,6584.84,42336.14,79268.01,121604.15,2016,,Douglas County,""
JOEL L KRUGER,DEPUTY SHERIFF II,60028.80,9079.66,4602.88,45946.02,73711.34,119657.36,2016,,Douglas County,""
JENIFER R DAVIDSON,TOWN MANAGER - MINDEN,84988.80,0.00,3557.56,31020.48,88546.36,119566.84,2016,,Douglas County,""
JESSE W MCKONE,DEPUTY SHERIFF II,63939.20,4951.19,4898.08,45741.05,73788.47,119529.52,2016,,Douglas County,""
JAMES WOOD,SYSTEMS ENGINEER SENIOR,80454.40,0.00,3376.48,35557.83,83830.88,119388.71,2016,,Douglas County,""
JOHN S BATTCHER,DEPUTY SHERIFF II,62712.00,7040.76,4865.04,44234.03,74617.80,118851.83,2016,,Douglas County,""
CLAYTON RIDLEY,DEPUTY SHERIFF II,63731.20,8177.10,5774.60,41148.31,77682.90,118831.21,2016,,Douglas County,""
BRIAN G PUTZER,INVESTIGATOR-DA,54849.60,2565.78,15587.82,45717.00,73003.20,118720.20,2016,,Douglas County,""
BARBRA A RESNIK,CIVIL ENG PLANS EXAMINER SR,80537.60,0.00,3380.00,34491.77,83917.60,118409.37,2016,,Douglas County,""
ERIC J SCHINZING,DEPUTY SHERIFF II,59841.60,6697.98,6399.76,44755.55,72939.34,117694.89,2016,,Douglas County,""
LESLEY J KEITH,TRAINING & DEVELOPMENT MGR,78665.60,0.00,3371.80,35171.42,82037.40,117208.82,2016,,Douglas County,""
JOHN T HARKER,DEPUTY SHERIFF II,58635.20,10190.67,4729.04,43409.55,73554.91,116964.46,2016,,Douglas County,""
RYAN D GRANT,DEPUTY SHERIFF II,63315.20,3486.39,4871.92,45269.45,71673.51,116942.96,2016,,Douglas County,""
TERESA M DUFFY,DEPUTY SHERIFF II,63939.20,5667.94,4945.12,41746.43,74552.26,116298.69,2016,,Douglas County,""
RYAN R YOUNG,DEPUTY SHERIFF II,59217.60,7548.88,5978.16,43515.03,72744.64,116259.67,2016,,Douglas County,""
KEVIN C KAROSICH,DEPUTY SHERIFF II,61942.40,5892.75,7416.64,40875.80,75251.79,116127.59,2016,,Douglas County,""
WENDY J LANG,DIRECTOR HUMAN RESOURCES,79830.40,0.00,3244.32,32685.34,83074.72,115760.06,2016,,Douglas County,""
BRET M HICKS,DEPUTY SHERIFF II,63939.20,1521.63,4945.12,45151.23,70405.95,115557.18,2016,,Douglas County,""
ROBERT HOLBROOK,DEPUTY SHERIFF II,58656.00,12146.33,5216.60,39516.44,76018.93,115535.37,2016,,Douglas County,""
JOHN MEYER,DEPUTY SHERIFF II,63939.20,7793.11,3905.12,39845.22,75637.43,115482.65,2016,,Douglas County,""
LEWIS P BROOKS,SERGEANT,86028.80,124.08,750.00,28371.33,86902.88,115274.21,2016,,Douglas County,""
MICHAEL GOLDWATER,DEPUTY SHERIFF II,58344.00,7977.15,5390.40,43412.07,71711.55,115123.62,2016,,Douglas County,""
TODD S MCEWEN,DEPUTY SHERIFF II,62088.00,3884.30,4821.04,44158.85,70793.34,114952.19,2016,,Douglas County,""
KIMBERLIE JOHNSON,DEPUTY DA II,79913.60,0.00,2458.88,32554.51,82372.48,114926.99,2016,,Douglas County,""
TROY S VAN AMBURG,DEPUTY SHERIFF II,57948.80,7576.21,5611.48,43750.43,71136.49,114886.92,2016,,Douglas County,""
LEANNE WAGONER,MGR OF COURT ADVOCACY PROGRAMS,77480.00,0.00,3142.40,34146.59,80622.40,114768.99,2016,,Douglas County,""
JUSTIN DAVIS,DEPUTY SHERIFF II,59051.20,6906.92,5517.12,43280.06,71475.24,114755.30,2016,,Douglas County,""
KATHERINE R BRADSHAW,CHIEF DEPUTY TREASURER,78187.20,0.00,3307.92,31868.90,81495.12,113364.02,2016,,Douglas County,""
DEAN PATTERSON,PLANNING MANAGER,90875.20,0.00,2097.12,20311.40,92972.32,113283.72,2016,,Douglas County,""
CHRISTOPHER E OAKDEN,SUPT MAINTENANCE & OPERATIONS,75628.80,0.00,3143.75,34418.95,78772.55,113191.50,2016,,Douglas County,""
PETER HANDY,DEPUTY DA I,76960.00,0.00,3199.20,32398.49,80159.20,112557.69,2016,,Douglas County,""
LESLIE S VIDO,DEPUTY SHERIFF II,60902.40,3211.58,4418.56,43692.35,68532.54,112224.89,2016,,Douglas County,""
RICHARD RODRIGUEZ,DEPUTY SHERIFF II,57304.00,11651.31,4659.44,38481.18,73614.75,112095.93,2016,,Douglas County,""
MARSHALL FLAGG,DEPUTY SHERIFF II,59072.00,3168.03,6245.28,43526.45,68485.31,112011.76,2016,,Douglas County,""
ERIC SCHMIDT,MGR GIS & CUSTOMER SERVICES,75628.80,0.00,3143.68,33217.96,78772.48,111990.44,2016,,Douglas County,""
TRAVIS K LEE,MANAGER COMMUNITY SERVICES,74339.20,0.00,3123.92,34517.57,77463.12,111980.69,2016,,Douglas County,""
JEFFREY P JOHNSEN,DEPUTY SHERIFF II,51064.00,15827.83,5074.68,39765.62,71966.51,111732.13,2016,,Douglas County,""
DOMINICK MACALUSO,ELECTRICAL INSTRUMENTATION TCH,63440.00,983.72,14684.01,32445.21,79107.73,111552.94,2016,,Douglas County,""
GREG W MELANDOW,UTILITY SYSTEMS TECH SR,65644.80,4859.92,7532.22,33504.22,78036.94,111541.16,2016,,Douglas County,""
MATTHEW SCHLANGER,DEPUTY SHERIFF II,52353.60,15116.03,3485.96,40221.29,70955.59,111176.88,2016,,Douglas County,""
STEVEN R HALEY,DEPUTY SHERIFF II,57636.80,7096.28,4678.48,41570.18,69411.56,110981.74,2016,,Douglas County,""
BILL T COLEMAN,DEPUTY SHERIFF II,57948.80,7050.09,3619.76,42344.65,68618.65,110963.30,2016,,Douglas County,""
HARRY M RAUB,SYSTEMS ADMINISTRATOR,74048.00,0.00,3088.96,33624.33,77136.96,110761.29,2016,,Douglas County,""
MARK D DICKENS,DEPUTY SHERIFF II,54683.20,15313.42,3513.52,36859.09,73510.14,110369.23,2016,,Douglas County,""
ERIC D LINDSAY,DEPUTY SHERIFF II,62462.40,1036.05,3796.88,42879.91,67295.33,110175.24,2016,,Douglas County,""
TIMOTHY DETURK,SUPERINTENDENT UTILITY SYSTEMS,77542.40,0.00,3223.39,29093.37,80765.79,109859.16,2016,,Douglas County,""
DANIEL HAMER,JUVENILE PROBATION OFFICER SR,67974.40,3019.33,6422.80,32351.47,77416.53,109768.00,2016,,Douglas County,""
JOHN J SEDDON,LAW CLERK SENIOR,73694.40,0.00,3092.88,32825.72,76787.28,109613.00,2016,,Douglas County,""
VICKI MOORE,ACCOUNTING MANAGER,73798.40,0.00,3076.50,32670.21,76874.90,109545.11,2016,,Douglas County,""
FRANKLIN F DRESSEL,CHIEF DEPUTY APPRAISER,73673.60,0.00,3087.84,32691.40,76761.44,109452.84,2016,,Douglas County,""
HELGA A COTTER,JUDICIAL FISCAL MGMT ANALYST,76377.60,0.00,2319.84,30664.32,78697.44,109361.76,2016,,Douglas County,""
TAMARA D MORRIS,JUVENILE PROBATION OFFICER SR,61672.00,2098.41,6656.08,38817.60,70426.49,109244.09,2016,,Douglas County,""
KAREN A GIOVANNONI,COURT OPERATIONS SPECIALIST,75046.40,0.00,3175.04,30950.07,78221.44,109171.51,2016,,Douglas County,""
JOHN C LENZ,DEPUTY SHERIFF II,53123.20,8771.52,6238.72,40961.41,68133.44,109094.85,2016,,Douglas County,""
JOHN FRISBY,SUPT TOWN PUBLIC WORKS,80080.00,0.00,2156.00,26852.29,82236.00,109088.29,2016,,Douglas County,""
PETER D KNIGHT,PARKS SUPERINTENDENT,74068.80,0.00,3104.00,31627.06,77172.80,108799.86,2016,,Douglas County,""
DAVID P BUTTON,DEPUTY SHERIFF II,53830.40,10431.73,6167.44,38126.56,70429.57,108556.13,2016,,Douglas County,""
JEFFREY P GORTON,YOUTH SERVICES CASE MGR SR,72716.80,0.00,3118.20,32434.10,75835.00,108269.10,2016,,Douglas County,""
DAVID W CADWALLADER,DEPUTY SHERIFF II,55328.00,8900.92,3676.16,40089.23,67905.08,107994.31,2016,,Douglas County,""
GEOFFREY LACOST,SUPT TOWN PUBLIC WORKS,72716.80,0.00,3076.48,32104.82,75793.28,107898.10,2016,,Douglas County,""
DOUGLAS M MIDKIFF,DEPUTY SHERIFF II,51064.00,8752.80,6757.20,41067.49,66574.00,107641.49,2016,,Douglas County,""
BETHANY R LOVE,DEPUTY SHERIFF II,59300.80,4256.20,3673.68,40027.45,67230.68,107258.13,2016,,Douglas County,""
TYLER A JONES,DEPUTY SHERIFF II,51521.60,8118.05,5695.76,41831.43,65335.41,107166.84,2016,,Douglas County,""
ANDREA L PAWLING,YOUTH SERVICES PROGRAM MGR,74172.80,0.00,3079.40,29850.36,77252.20,107102.56,2016,,Douglas County,""
YVETTE ALTRINGER,ALTERNATIVE SENT OFFICER,53185.60,2437.03,13118.39,38225.08,68741.02,106966.10,2016,,Douglas County,""
BRENDA NIXON,JUDICIAL EXECUTIVE ASSISTANT,72571.20,0.00,3027.44,31244.54,75598.64,106843.18,2016,,Douglas County,""
VICTORIA A BARRETT,JUDICIAL EXECUTIVE ASSISTANT,72446.40,0.00,3065.04,31268.94,75511.44,106780.38,2016,,Douglas County,""
BRYAN VEIL,DEPUTY SHERIFF II,54808.00,9148.38,5003.80,37144.03,68960.18,106104.21,2016,,Douglas County,""
"BRETT E REED, JR",UTILITY SYSTEMS TECH SR,63897.60,3092.86,7130.71,31914.67,74121.17,106035.84,2016,,Douglas County,""
JOHN J KELLY,ASST DIR OF JUVENILE CAMP SERV,79976.00,0.00,2378.20,23477.45,82354.20,105831.65,2016,,Douglas County,""
LINDA A WILSON,LIBRARY SUPERVISOR,71780.80,0.00,3012.40,31031.45,74793.20,105824.65,2016,,Douglas County,""
SHERYL M CHRISTIAN,RECREATION SUPERVISOR,69888.00,0.00,2915.52,32512.54,72803.52,105316.06,2016,,Douglas County,""
CHRISTOPHER WIGGINS,DEPUTY SHERIFF II,54454.40,9640.82,3503.84,37502.87,67599.06,105101.93,2016,,Douglas County,""
JUSTIN F FRICKE,DEPUTY SHERIFF II,50585.60,7475.62,6618.98,40329.41,64680.20,105009.61,2016,,Douglas County,""
FRANCISCO TORRES,DEPUTY SHERIFF II,50585.60,13153.07,4483.12,36635.43,68221.79,104857.22,2016,,Douglas County,""
CIRRA A WOODS,EMERGENCY COMM SUPERVISOR,63793.60,8465.41,2419.20,29468.16,74678.21,104146.37,2016,,Douglas County,""
ALBERT TORRES,DEPUTY SHERIFF II,54808.00,3571.55,5047.80,40191.85,63427.35,103619.20,2016,,Douglas County,""
IGNATIUS KYEREMEH,DEPUTY SHERIFF II,45801.60,20011.16,2470.76,34917.54,68283.52,103201.06,2016,,Douglas County,""
RICK G SOUSA,DEPUTY SHERIFF II,63939.20,648.75,2841.44,35378.66,67429.39,102808.05,2016,,Douglas County,""
KEVIN FREEMAN,DEPUTY SHERIFF II,54974.40,5375.21,3968.60,38352.20,64318.21,102670.41,2016,,Douglas County,""
MARGARET A JENSEN,EMERGENCY COMM SUPERVISOR,68993.60,796.08,2388.24,30364.69,72177.92,102542.61,2016,,Douglas County,""
HOPE SULLIVAN,PLANNING MANAGER,87505.60,0.00,1307.36,13624.63,88812.96,102437.59,2016,,Douglas County,""
LUKE O'SULLIVAN,DEPUTY SHERIFF II,49296.00,12174.71,3614.64,36762.62,65085.35,101847.97,2016,,Douglas County,""
ANTHONY R SULLIVAN,ADMINISTRATIVE SERVICES MGR,69680.00,0.00,2709.72,29233.26,72389.72,101622.98,2016,,Douglas County,""
MARK W CHARLES,DEPUTY SHERIFF I,51168.00,9156.02,4013.76,37209.35,64337.78,101547.13,2016,,Douglas County,""
STEPHEN J RIPPE,UTILITY SYSTEMS TECH SR,57262.40,5561.53,7906.24,30748.15,70730.17,101478.32,2016,,Douglas County,""
NONIE MCCANDLESS,EMERGENCY COMM SUPERVISOR,69492.80,263.36,2389.84,28946.60,72146.00,101092.60,2016,,Douglas County,""
STEVEN KIMBRELL,DEPUTY SHERIFF II,48131.20,11211.31,4006.32,37689.42,63348.83,101038.25,2016,,Douglas County,""
KRISTA JENKINS,MOSQ DIST MGR,71988.80,0.00,0.00,28697.69,71988.80,100686.49,2016,,Douglas County,""
VICKY A DERNER,TAHOE CHIEF DEPUTY CLERK/TREAS,66414.40,0.00,2739.44,31523.32,69153.84,100677.16,2016,,Douglas County,""
MATTHEW A SAMPSON,DEPUTY SHERIFF II,48131.20,12349.03,4424.32,35107.32,64904.55,100011.87,2016,,Douglas County,""
PRESTON DAY,DEPUTY DA I,76960.00,0.00,1719.20,21105.75,78679.20,99784.95,2016,,Douglas County,""
THERESA C SCHULTZ,COURT OPERATIONS SPECIALIST,67267.20,0.00,2796.32,29602.30,70063.52,99665.82,2016,,Douglas County,""
MARK BROWN,DEPUTY SHERIFF II,49316.80,8384.94,5030.36,36918.87,62732.10,99650.97,2016,,Douglas County,""
DEBRA M GOCHENOUER,EMERGENCY COMM SPECIALIST SR,58073.60,9566.88,2422.72,29504.63,70063.20,99567.83,2016,,Douglas County,""
IGNACIO GONZALEZ,DEPUTY SHERIFF II,61880.00,2825.93,3772.56,30858.96,68478.49,99337.45,2016,,Douglas County,""
NATALIA N MOORE,CIVIL ENG PLANS EXAMINER,65873.60,0.00,2768.16,30376.51,68641.76,99018.27,2016,,Douglas County,""
PHILIP RITGER,TOWN MANAGER - GENOA,65832.00,0.00,2716.40,30238.56,68548.40,98786.96,2016,,Douglas County,""
DEBORAH L BEAM,ADMINISTRATIVE SERVICES MGR,65395.20,0.00,2740.96,30371.08,68136.16,98507.24,2016,,Douglas County,""
CHRISTOPHER TOLES,YOUTH SERVICES CASE MGR SR,65395.20,0.00,2819.64,30284.70,68214.84,98499.54,2016,,Douglas County,""
DIANA R LASH,ALTERNATIVE SENT SPECIALIST,55556.80,3077.98,10006.81,29814.64,68641.59,98456.23,2016,,Douglas County,""
DONOVAN J SANCHEZ,DEPUTY SHERIFF II,50585.60,6294.35,4807.56,36525.39,61687.51,98212.90,2016,,Douglas County,""
RONALD WARREN,TELECOMMUNICATIONS TECH,63440.00,594.76,4832.00,29322.63,68866.76,98189.39,2016,,Douglas County,""
SETH K RUSSELL,DEPUTY SHERIFF II,51043.20,7903.51,5313.08,33874.50,64259.79,98134.29,2016,,Douglas County,""
CAROL A LOUTHAN,ADMINISTRATIVE SERVICES MGR,66664.00,0.00,2712.16,28754.69,69376.16,98130.85,2016,,Douglas County,""
MICHAEL V DAVIES,ROAD MAINT COORDINATOR,64064.00,91.02,3669.32,30186.67,67824.34,98011.01,2016,,Douglas County,""
DONALD J GERARD,TELECOMMUNICATIONS & RF TECH,60819.20,1213.12,5317.78,30646.03,67350.10,97996.13,2016,,Douglas County,""
TRACI L DILL,RECREATION SUPERVISOR,64812.80,0.00,2723.68,30208.45,67536.48,97744.93,2016,,Douglas County,""
KAREN BECKERBAUER,MANAGER OF SOCIAL SERVICES,65832.00,0.00,2632.80,29208.16,68464.80,97672.96,2016,,Douglas County,""
JANET S DUZAN,ANIMAL SERVICES & CARE SUPV,64105.60,0.00,2674.08,30848.43,66779.68,97628.11,2016,,Douglas County,""
JAKE MEDDLES,DEPUTY SHERIFF II,50440.00,2254.88,4577.00,39652.05,57271.88,96923.93,2016,,Douglas County,""
KARIS L DRAKE,SHERIFF'S RECORDS MANAGER,66809.60,0.00,2721.84,27366.02,69531.44,96897.46,2016,,Douglas County,""
BRUCE JACOBSEN,DEPUTY SHERIFF II,50627.20,7701.57,4325.96,33593.15,62654.73,96247.88,2016,,Douglas County,""
SHAWN B TUREK,NETWORK SECURITY ADMINISTRATOR,64542.40,0.00,2708.56,28691.28,67250.96,95942.24,2016,,Douglas County,""
LIZZETH LOPEZ,DEPUTY SHERIFF II,48318.40,5142.07,4726.72,36515.10,58187.19,94702.29,2016,,Douglas County,""
SHANE T MORTENSEN,UTILITY SYSTEMS TECH I,59113.60,6296.04,7371.14,21900.02,72780.78,94680.80,2016,,Douglas County,""
RICHARD N KOONTZ,DEPUTY SHERIFF II,63315.20,1053.72,2534.32,27600.76,66903.24,94504.00,2016,,Douglas County,""
KRISTIN N OILAR,EMERGENCY COMM SPECIALIST SR,54433.60,11193.36,2270.64,26130.66,67897.60,94028.26,2016,,Douglas County,""
JEFF M MCBRYDE,DEPUTY SHERIFF II,54454.40,4633.86,2875.52,31950.74,61963.78,93914.52,2016,,Douglas County,""
GLEN A RADTKE,MAINTENANCE OPERATIONS SUPV,63897.60,0.00,2681.76,27064.24,66579.36,93643.60,2016,,Douglas County,""
JUSTIN H WILLIAMS,DEPUTY SHERIFF II,50585.60,4551.34,3420.08,35065.76,58557.02,93622.78,2016,,Douglas County,""
BRANDON J WILLIAMSON,DEPUTY SHERIFF II,51251.20,409.01,5970.32,35733.81,57630.53,93364.34,2016,,Douglas County,""
DAVID A FORSYTH,FLEET SERVICES MASTER TECH SR,62524.80,0.00,2608.16,27937.82,65132.96,93070.78,2016,,Douglas County,""
SKYLAR YOUNG,LAW CLERK,62400.00,0.00,2584.80,27779.90,64984.80,92764.70,2016,,Douglas County,""
JOSE GUERRA,DEPUTY SHERIFF II,47652.80,5116.52,3226.20,36575.05,55995.52,92570.57,2016,,Douglas County,""
CHRISTOPHER CARSON,DEPUTY SHERIFF II,47840.00,3709.97,4632.88,36011.92,56182.85,92194.77,2016,,Douglas County,""
DANIEL J KISTLER,TOWN MAINT SUPERVISOR,60278.40,0.00,2505.85,29121.48,62784.25,91905.73,2016,,Douglas County,""
MARCIE SCHURKE,ACCOUNTANT,58073.60,0.00,2799.04,30827.07,60872.64,91699.71,2016,,Douglas County,""
KEVIN A HUFF,FLEET SERVICES MASTER TECH,59529.60,0.00,2500.96,29288.03,62030.56,91318.59,2016,,Douglas County,""
HEATHER FERRIS,PLANNER SENIOR,61276.80,0.00,2497.76,27053.30,63774.56,90827.86,2016,,Douglas County,""
PATRICIA M KOEPNICK,ADMINISTRATIVE SERVICES MGR,61048.00,0.00,2504.40,26983.20,63552.40,90535.60,2016,,Douglas County,""
ANITA L MCGILLIVRAY,HUMAN RESOURCES ANALYST,60361.60,0.00,2535.84,27478.67,62897.44,90376.11,2016,,Douglas County,""
LUISE C DAVIS,LIBRARIAN,60424.00,0.00,2532.32,27269.18,62956.32,90225.50,2016,,Douglas County,""
JEREMY BATTEN,SUBSTANCE ABUSE COUNSELOR,59155.20,0.00,2547.48,28180.14,61702.68,89882.82,2016,,Douglas County,""
CHRISTOPHER MURPHY,UTILITY SYSTEMS TECH II,42286.40,10872.67,11236.76,25443.25,64395.83,89839.08,2016,,Douglas County,""
THEODORE K THRAN,ACCOUNTANT,61172.80,0.00,2524.81,25906.10,63697.61,89603.71,2016,,Douglas County,""
PATRICE A BOYAKINS,SUBSTANCE ABUSE COUN SUPV,61276.80,0.00,2437.72,25483.82,63714.52,89198.34,2016,,Douglas County,""
NICOLE THOMAS,PUBLIC GUARDIAN,61276.80,0.00,1178.40,26643.92,62455.20,89099.12,2016,,Douglas County,""
REBBEL A NAYLOR,YOUTH SERVICES SUPERVISOR,59176.00,0.00,2543.72,26906.48,61719.72,88626.20,2016,,Douglas County,""
ANN PRINZ,APPRAISER SENIOR,59737.60,0.00,2527.36,25972.34,62264.96,88237.30,2016,,Douglas County,""
JAMES D PETERSON,YOUTH DETENTION COUNSELOR,56180.80,0.00,3306.38,28493.58,59487.18,87980.76,2016,,Douglas County,""
CARLOS A SANDOVAL,DEPUTY SHERIFF II,51064.00,1044.09,2684.68,33082.28,54792.77,87875.05,2016,,Douglas County,""
DENA ABEYTA,CHIEF DEPUTY CLERK/ELECTIONS,64480.00,0.00,1736.00,21376.63,66216.00,87592.63,2016,,Douglas County,""
DION A ETCHEGOYHEN,APPRAISER SENIOR,58260.80,0.00,2430.32,26658.78,60691.12,87349.90,2016,,Douglas County,""
SARAH J CHRISTENSEN,HUMAN RESOURCES ANALYST,58219.20,0.00,2436.88,26552.23,60656.08,87208.31,2016,,Douglas County,""
ERIN PLANTE,ADMINISTRATIVE SERVICES MGR,60673.60,0.00,2503.36,23918.34,63176.96,87095.30,2016,,Douglas County,""
COURTNEY WALKER,STORMWATER PROGRAM MANAGER,65000.00,0.00,1750.00,20284.86,66750.00,87034.86,2016,,Douglas County,""
LACY TAYLOR,YOUTH SERVICES SUPERVISOR,57574.40,0.00,2476.92,26383.05,60051.32,86434.37,2016,,Douglas County,""
CAROLINE CHIEFFO,ACCOUNTANT SENIOR,57844.80,0.00,2366.32,26193.49,60211.12,86404.61,2016,,Douglas County,""
KIRT DEITRICK,EMERGENCY COMM SPECIALIST,55556.80,1538.69,2516.40,26766.48,59611.89,86378.37,2016,,Douglas County,""
STEVEN E MILLER,DEPUTY SHERIFF II,48651.20,2166.96,5387.32,30001.19,56205.48,86206.67,2016,,Douglas County,""
LANI COLLINS,BUILDING PLANS EXAMINER,57012.80,0.00,2292.56,26671.77,59305.36,85977.13,2016,,Douglas County,""
MARIA L BOWLING,EMERGENCY COMM SPECIALIST,48713.60,10084.18,2032.16,25137.13,60829.94,85967.07,2016,,Douglas County,""
MELISSA BLOSSER,COMMUNITY RELATIONS MGR,57345.60,0.00,2392.24,26214.37,59737.84,85952.21,2016,,Douglas County,""
AUSTON KINSER,UTILITY SYSTEMS TECH II,45656.00,4247.60,8209.12,27486.68,58112.72,85599.40,2016,,Douglas County,""
TIMOTHY S DAVIS,BUILDING INSPECTOR SENIOR,55931.20,0.00,2331.12,27119.31,58262.32,85381.63,2016,,Douglas County,""
MICHAEL S MUZOREWA JR,DEPUTY DA I,74006.40,0.00,1423.20,9928.23,75429.60,85357.83,2016,,Douglas County,""
DEREK SHORT,DEPUTY SHERIFF I,41641.60,7917.55,2680.76,32690.08,52239.91,84929.99,2016,,Douglas County,""
CINDY TALIA,YOUTH SERVICES COUNSELOR SR,54184.00,123.74,2546.70,27980.84,56854.44,84835.28,2016,,Douglas County,""
KATHRYN ETCHEVERRIA,RECORDS MANAGEMENT SUPERVISOR,55952.00,0.00,2342.48,26436.92,58294.48,84731.40,2016,,Douglas County,""
DENNIS M BOHNER,COMPUTER NETWORK TECH,57200.00,0.00,2420.00,25109.37,59620.00,84729.37,2016,,Douglas County,""
MICHAEL R PLUT,TOWN MAINT SPECIALIST SR,55432.00,0.00,2345.20,26861.30,57777.20,84638.50,2016,,Douglas County,""
LUCILLE J RAO,ASSISTANT PLANNER,54953.60,0.00,2308.64,27009.01,57262.24,84271.25,2016,,Douglas County,""
KIMBERLY R O'HAIR,ADMINISTRATIVE SERVICES MGR,55016.00,0.00,2305.76,26856.71,57321.76,84178.47,2016,,Douglas County,""
MERCEDEZ CUEVA,COMPUTER NETWORK TECH SENIOR,56825.60,0.00,2381.76,24775.72,59207.36,83983.08,2016,,Douglas County,""
CHRISTIAN DELEON,YOUTH DETENTION COUNSELOR,52748.80,188.72,3197.41,27694.74,56134.93,83829.67,2016,,Douglas County,""
THOMAS A TAFLIN,UTILITY SYSTEMS TECH II,44553.60,4789.32,7950.60,26253.41,57293.52,83546.93,2016,,Douglas County,""
ALFREDO G ZAVALA,DEPUTY CLERK/TREASURER SR,55140.80,435.37,2314.16,25578.77,57890.33,83469.10,2016,,Douglas County,""
COLLEEN M KOLLAR,ACCOUNTING CLERK SENIOR,48859.20,7182.68,2016.72,25158.01,58058.60,83216.61,2016,,Douglas County,""
DUANE R WEFERLING,ROAD MAINT OPERATOR SR,55224.00,0.00,2303.76,25533.59,57527.76,83061.35,2016,,Douglas County,""
ERIC D BROERSMA,ENGINEERING TECHNICIAN,56430.40,0.00,2387.42,24095.16,58817.82,82912.98,2016,,Douglas County,""
CINDY MCMURRY,HUMAN RESOURCES ANALYST,55993.60,0.00,2343.36,24487.03,58336.96,82823.99,2016,,Douglas County,""
NANCY L BRIDGES,ACCOUNTING SPECIALIST,53393.60,0.00,2237.59,27149.75,55631.19,82780.94,2016,,Douglas County,""
MARIA E MCCULLOUGH,YOUTH SERVICES CASE MGR,56451.20,0.00,2420.72,23908.44,58871.92,82780.36,2016,,Douglas County,""
MICHAEL S BARDEN,DEPUTY SHERIFF I,42889.60,4734.58,3025.56,32084.75,50649.74,82734.49,2016,,Douglas County,""
GOHAR BARSEGIAN,BUDGET ANALYST SENIOR,54891.20,0.00,2297.36,25192.75,57188.56,82381.31,2016,,Douglas County,""
STEPHONIE J MALAVAZOS,ACCOUNTING CLERK SENIOR,49587.20,6394.36,2081.12,24177.07,58062.68,82239.75,2016,,Douglas County,""
BRIAN K PORCARI,FLEET SERVICES MASTER TECH,54288.00,0.00,2264.80,25203.63,56552.80,81756.43,2016,,Douglas County,""
PAULA K PINOCHI,YOUTH SERVICES COUNSELOR SR,53393.60,868.41,2315.90,25146.73,56577.91,81724.64,2016,,Douglas County,""
JEANE R COX,ADMINISTRATIVE SERVICES MGR,54204.80,0.00,2261.28,25170.59,56466.08,81636.67,2016,,Douglas County,""
TAMMY S MCCOMB,FOOD SERVICES SUPERVISOR,51625.60,0.00,2153.76,27754.00,53779.36,81533.36,2016,,Douglas County,""
LEAH MONTOYA,GIS TECHNICIAN SENIOR,54371.20,0.00,2224.16,24807.79,56595.36,81403.15,2016,,Douglas County,""
KENNY NICOLL,YOUTH SERVICES CASE MGR,52644.80,0.00,2286.76,26310.93,54931.56,81242.49,2016,,Douglas County,""
VICTOR G MANZANO,ROAD MAINT OPERATOR SR,52000.00,0.00,2284.96,26916.31,54284.96,81201.27,2016,,Douglas County,""
KRISTINA M ZEHREN,YOUTH DETENTION SUPERVISOR,53310.40,174.39,2596.54,25004.79,56081.33,81086.12,2016,,Douglas County,""
CRAIG W TUTHILL,TOWN SANITATION SPECIALIST SR,49504.00,5013.46,2072.32,24369.57,56589.78,80959.35,2016,,Douglas County,""
MARTY D STONER,ROAD MAINT OPERATOR,53393.60,0.00,2237.68,25020.87,55631.28,80652.15,2016,,Douglas County,""
MARIA D PEARSON,LIBRARY TECHNICIAN SENIOR,53393.60,0.00,2237.68,25000.35,55631.28,80631.63,2016,,Douglas County,""
VALARIE C NUNES,BUILDING PLANS EXAMINER,61027.20,0.00,1372.16,18220.85,62399.36,80620.21,2016,,Douglas County,""
TRENT THOLEN,APPRAISER SENIOR,52811.20,0.00,2157.84,25535.68,54969.04,80504.72,2016,,Douglas County,""
STEPHEN BOEHLER,APPRAISER SENIOR,52020.80,0.00,2100.00,26328.94,54120.80,80449.74,2016,,Douglas County,""
DONA K THOLL,YOUTH DETENTION SUPERVISOR,64792.00,0.00,0.00,15410.68,64792.00,80202.68,2016,,Douglas County,""
NICHOLAS NADLER,MAINTENANCE SPECIALIST,38168.00,0.00,16860.02,25090.83,55028.02,80118.85,2016,,Douglas County,""
DEBRA SCHAMBRA,EVIDENCE TECHNICIAN,54204.80,1528.28,2271.44,21866.88,58004.52,79871.40,2016,,Douglas County,""
KAREN D FITZGERALD,LIBRARY SERVICES COORDINATOR,53934.40,0.00,2241.84,23681.78,56176.24,79858.02,2016,,Douglas County,""
JULEY FRANK,LEGAL SECRETARY SENIOR,52332.80,0.00,2122.48,25302.33,54455.28,79757.61,2016,,Douglas County,""
KRISTIN L WILFERT,COURT OPERATIONS SPECIALIST,51417.60,0.00,1749.44,26479.82,53167.04,79646.86,2016,,Douglas County,""
KATHY KAISER,BUDGET ANALYST,51688.00,0.00,2163.12,25716.94,53851.12,79568.06,2016,,Douglas County,""
ELIZABETH BAUMGARTNER,ADMINISTRATIVE ASSISTANT,50876.80,144.60,2138.04,26400.87,53159.44,79560.31,2016,,Douglas County,""
CAITLIN HEIMARK,YOUTH SERVICES SUPERVISOR,52624.00,80.24,2047.02,24700.59,54751.26,79451.85,2016,,Douglas County,""
DANIEL T DOYLE,LIBRARY TECHNICIAN SENIOR,52603.20,0.00,2178.96,24577.85,54782.16,79360.01,2016,,Douglas County,""
KEVIN LEWIS,YOUTH SERVICES SUPERVISOR,52124.80,286.31,2018.66,24463.97,54429.77,78893.74,2016,,Douglas County,""
LEANNA STEVENS,CONSTRUCTION INSPECTOR,52124.80,0.00,2181.60,24554.83,54306.40,78861.23,2016,,Douglas County,""
MARIO A HERNANDEZ,FLEET SERVICES MASTER TECH,51646.40,0.00,2167.28,24460.56,53813.68,78274.24,2016,,Douglas County,""
LEANN M TETER,DEPUTY CLERK/TREASURER,49587.20,3937.82,2075.52,22572.75,55600.54,78173.29,2016,,Douglas County,""
BRENT KOONTZ,DEPUTY SHERIFF II,45801.60,2369.67,3218.76,26640.28,51390.03,78030.31,2016,,Douglas County,""
CONCHA LORD,CHIEF DEPUTY CLERK/ELECTIONS,66206.40,0.00,1018.56,10774.68,67224.96,77999.64,2016,,Douglas County,""
JEFF BEGOVICH,WEED CONTROL PROGRAM SUPV,52915.20,0.00,2117.44,22924.36,55032.64,77957.00,2016,,Douglas County,""
MATTHEW RICHARDSON,GIS ANALYST SENIOR,52020.80,0.00,2124.72,23808.36,54145.52,77953.88,2016,,Douglas County,""
JERRY L MCCANN,BUILDING INSPECTOR,50398.40,0.00,2100.56,25369.94,52498.96,77868.90,2016,,Douglas County,""
RYAN STANTON,PARKS SUPERVISOR,52124.80,0.00,2205.28,23479.42,54330.08,77809.50,2016,,Douglas County,""
KATHY MUNSON,ADMINISTRATIVE SERVICES MGR,52124.80,0.00,2042.16,23402.16,54166.96,77569.12,2016,,Douglas County,""
SHAMRA L PETROSKY,YOUTH SERVICES SUPERVISOR,52124.80,99.45,2336.36,22686.74,54560.61,77247.35,2016,,Douglas County,""
MELISSA JOHNSON,EMERGENCY COMM SPECIALIST,49441.60,1447.44,2074.96,23837.28,52964.00,76801.28,2016,,Douglas County,""
NIKKI D SCHMIDT,ADMINISTRATIVE SERVICES MGR,52124.80,0.00,2068.08,22327.83,54192.88,76520.71,2016,,Douglas County,""
SARAH A BATES,LIBRARIAN,48318.40,0.00,2022.88,25958.10,50341.28,76299.38,2016,,Douglas County,""
CYNTHIA CASSELMAN,FAMILY SUPPORT CASE MANAGER,50939.20,0.00,2212.84,22693.67,53152.04,75845.71,2016,,Douglas County,""
EDWARD KOLLAR,BUILDING INSPECTOR,50731.20,0.00,2131.28,22962.02,52862.48,75824.50,2016,,Douglas County,""
LENA M JOHNSTONE,ADMINISTRATIVE ASSISTANT,49587.20,0.00,2075.52,23670.99,51662.72,75333.71,2016,,Douglas County,""
KATHY JO KIDD,HUMAN RESOURCES ANALYST SENIOR,54620.80,0.00,1470.56,19130.26,56091.36,75221.62,2016,,Douglas County,""
PAULA LOCHRIDGE,MAIN STREET PROGRAM MANAGER,49316.80,0.00,2057.36,23723.08,51374.16,75097.24,2016,,Douglas County,""
DARLENE P SPELLBERG,EMERGENCY COMM SPECIALIST,48297.60,4568.39,1271.84,20782.48,54137.83,74920.31,2016,,Douglas County,""
JAMES J HOWARD,PARK RANGER SENIOR,46904.00,321.34,1963.52,25550.49,49188.86,74739.35,2016,,Douglas County,""
BROOK T ENOS,BUILDING INSPECTOR,50086.40,0.00,2081.84,22457.13,52168.24,74625.37,2016,,Douglas County,""
MICHAEL R BEALS,DEPUTY SHERIFF I,43305.60,1445.68,3219.16,26397.66,47970.44,74368.10,2016,,Douglas County,""
JOSHUA NORDLOH,ENGINEERING TECHNICIAN,47049.60,0.00,1962.77,25201.39,49012.37,74213.76,2016,,Douglas County,""
SHAWNYNE GARREN,RECORDING SUPERVISOR,47486.40,0.00,1835.44,24787.70,49321.84,74109.54,2016,,Douglas County,""
SAMANTHA M TORRES,DEPUTY SHERIFF I,48630.40,561.12,2385.24,22350.51,51576.76,73927.27,2016,,Douglas County,""
LESLEE E FISHER,ADMINSTRATIVE ASSISTANT,47236.80,0.00,1890.80,24641.04,49127.60,73768.64,2016,,Douglas County,""
AMANDA E REID,RECREATION COORDINATOR,47486.40,0.00,1946.96,24217.22,49433.36,73650.58,2016,,Douglas County,""
ANDREA KENT,PAYROLL COORDINATOR,47590.40,2258.66,1964.16,21655.27,51813.22,73468.49,2016,,Douglas County,""
GINA M REIBOLDT,CHILD SUPPORT SUPERVISOR,50481.60,0.00,2115.60,20710.68,52597.20,73307.88,2016,,Douglas County,""
LINDA J SKAGGS,TRANSPORTATION SUPERVISOR,47486.40,0.00,1938.64,23846.86,49425.04,73271.90,2016,,Douglas County,""
LAURA S JORDAN,YOUTH SERVICES COUNSELOR,46488.00,184.40,2050.74,24412.77,48723.14,73135.91,2016,,Douglas County,""
LINDA J TIPTON,SECRETARY,48880.00,2030.86,2038.88,20157.48,52949.74,73107.22,2016,,Douglas County,""
REGINA MCDONOUGH,DEPUTY CLERK/TREASURER,48672.00,129.87,2030.40,22154.97,50832.27,72987.24,2016,,Douglas County,""
VERONICA LEEPER,SECRETARY,48692.80,0.00,2043.31,21970.94,50736.11,72707.05,2016,,Douglas County,""
CHAD L FOSTER,GIS ANALYST SENIOR,57990.40,0.00,892.16,13466.87,58882.56,72349.43,2016,,Douglas County,""
PATRICK KIEVA,CODE ENFORCEMENT OFFICER SR,50710.40,0.00,2115.36,19514.12,52825.76,72339.88,2016,,Douglas County,""
PATRICIA A GURULE,SECRETARY,45344.00,359.70,1891.52,24703.17,47595.22,72298.39,2016,,Douglas County,""
TOBIAS DONAHUE,RECREATION COORDINATOR,47486.40,0.00,1953.12,22853.34,49439.52,72292.86,2016,,Douglas County,""
JACQUELINE ONG,SUBSTANCE ABUSE COUNSELOR,47486.40,234.00,2270.10,21653.80,49990.50,71644.30,2016,,Douglas County,""
CORY A SMITH,CULINARY SUPERVISOR,47486.40,0.00,1702.04,22112.06,49188.44,71300.50,2016,,Douglas County,""
MICHELLE M ADKINS,OFFICE SPECIALIST,45344.00,0.00,1904.96,23998.74,47248.96,71247.70,2016,,Douglas County,""
SCOTT O DOERR,RECREATION COORDINATOR,47486.40,0.00,1794.46,21931.96,49280.86,71212.82,2016,,Douglas County,""
CRYSTAL M ALLEN,WARRANTS & EXTRADITION SPECLST,45448.00,288.84,1846.80,23598.11,47583.64,71181.75,2016,,Douglas County,""
MARK MORAN,UTILITY SYSTEMS TECH I,41828.80,1704.68,6194.38,21320.96,49727.86,71048.82,2016,,Douglas County,""
JERRY HARRISON,PARK RANGER SENIOR,46009.60,232.02,1928.08,22727.82,48169.70,70897.52,2016,,Douglas County,""
MINDI HUNTINGTON,DEPUTY COURT CLERK SENIOR,45094.40,795.76,1813.28,23163.41,47703.44,70866.85,2016,,Douglas County,""
EDITH S MACIAS,DEPUTY COURT CLERK,45011.20,55.97,1876.48,23769.09,46943.65,70712.74,2016,,Douglas County,""
BRIAN R WISNESKI,DEPUTY SHERIFF II,50752.00,2956.44,769.24,16012.84,54477.68,70490.52,2016,,Douglas County,""
KATHY ECHAVARRIA,LIBRARIAN,55328.00,0.00,1064.00,13797.68,56392.00,70189.68,2016,,Douglas County,""
RYAN CLARK,TOWN MAINT SPECIALIST,46758.40,0.00,1936.96,21425.62,48695.36,70120.98,2016,,Douglas County,""
DEVIN N MOFFAT,EMERGENCY COMM SPECIALIST,40747.20,5085.60,1710.00,22448.89,47542.80,69991.69,2016,,Douglas County,""
DAVID CHAVEZ,YOUTH CAMP MAINT SPECIALIST SR,44969.60,360.41,1964.76,22464.53,47294.77,69759.30,2016,,Douglas County,""
ALEX O BROWN,UTILITY SYSTEMS TECH I,42120.00,2167.91,2419.56,22993.51,46707.47,69700.98,2016,,Douglas County,""
SHERYL N KAROSICH,RECREATION COORDINATOR,47486.40,0.00,1907.76,20301.85,49394.16,69696.01,2016,,Douglas County,""
CAROL A MCCULLOCH,DEPUTY CLERK/TREASURER,43180.80,638.37,1801.28,24031.58,45620.45,69652.03,2016,,Douglas County,""
TRAVIS EDNEY,YOUTH SERVICES COUNSELOR,42806.40,939.92,1876.88,24002.91,45623.20,69626.11,2016,,Douglas County,""
LISA GILLESPIE,YOUTH SERVICES COUNSELOR,42411.20,967.13,1856.16,23837.31,45234.49,69071.80,2016,,Douglas County,""
MATTHEW C LOUNSBURY,UTILITY SYSTEMS TECH I,38812.80,603.49,6225.69,23407.77,45641.98,69049.75,2016,,Douglas County,""
MARIE NICHOLSON,OFFICE SPECIALIST,45260.80,114.24,1914.88,21284.63,47289.92,68574.55,2016,,Douglas County,""
PEGGY A EDMONSON,SHERIFF'S RECORDS & LICENSING,45344.00,0.00,1904.96,21257.35,47248.96,68506.31,2016,,Douglas County,""
KIRSTEN M SCHEETZ,SECRETARY,45302.40,0.00,1901.28,21174.13,47203.68,68377.81,2016,,Douglas County,""
DOUGLAS N JOHNSON,COUNTY COMMISSIONER,33966.40,0.00,0.00,34276.07,33966.40,68242.47,2016,,Douglas County,""
SHAWN GRANT-DONEY,YOUTH SERVICES COUNSELOR,42411.20,2142.26,1855.14,21730.13,46408.60,68138.73,2016,,Douglas County,""
MICHAEL R TURNER,ROAD MAINT OPERATOR,43097.60,89.64,1863.36,22756.07,45050.60,67806.67,2016,,Douglas County,""
MICHAEL M AVILA,COMPUTER NETWORK TECH,44553.60,349.75,1876.04,21012.83,46779.39,67792.22,2016,,Douglas County,""
LINDA M DOHERTY,COUNTER TECH - PLANNING,42744.00,0.00,1824.32,23189.91,44568.32,67758.23,2016,,Douglas County,""
JAMIE HENMAN,CHILD SUPPORT CASEWORKER,39977.60,2843.28,1675.68,23124.54,44496.56,67621.10,2016,,Douglas County,""
TIFFANY DUBOIS,ADMINISTRATIVE ASSISTANT,41204.80,1796.99,1802.04,22670.79,44803.83,67474.62,2016,,Douglas County,""
STEVE MASON,PLANNER ASSOCIATE,60008.00,0.00,923.20,6475.86,60931.20,67407.06,2016,,Douglas County,""
TANYA SCOTT,SECRETARY,45988.80,0.00,1925.28,19302.29,47914.08,67216.37,2016,,Douglas County,""
DAREN P MORGAN,FOOD SERVICES SUPERVISOR,47486.40,0.00,1768.24,17864.06,49254.64,67118.70,2016,,Douglas County,""
MONA L MCCOY,OFFICE SPECIALIST,43326.40,0.00,1818.10,21939.74,45144.50,67084.24,2016,,Douglas County,""
MARY A WENNER,DEPUTY CLERK/TREASURER,48859.20,327.32,1098.72,16787.68,50285.24,67072.92,2016,,Douglas County,""
DANIEL THERIAULT,COMPUTER NETWORK TECH,45531.20,162.75,1385.60,19935.65,47079.55,67015.20,2016,,Douglas County,""
JOANNE M SUMMERS,DEPUTY SHERIFF II,60008.00,0.00,687.76,6253.88,60695.76,66949.64,2016,,Douglas County,""
LISA BARTELS,LEGAL SECRETARY,42348.80,0.00,1765.28,22732.04,44114.08,66846.12,2016,,Douglas County,""
BRIAN T LEBLANC,YOUTH SERVICES COUNSELOR,42182.40,966.92,1846.50,21651.86,44995.82,66647.68,2016,,Douglas County,""
GREGORY W JUCHTZER,ROAD MAINT OPERATOR,52603.20,0.00,1011.60,12876.50,53614.80,66491.30,2016,,Douglas County,""
LAURE G PENNY,CLERK TO THE BOARD,42806.40,0.00,1798.40,21872.91,44604.80,66477.71,2016,,Douglas County,""
SUSAN STUGART,ADMINISTRATIVE ASSISTANT,42848.00,0.00,1800.80,21822.13,44648.80,66470.93,2016,,Douglas County,""
LYNDA J TAYLOR,ADMINISTRATIVE ASSISTANT,48921.60,0.00,1099.84,16349.94,50021.44,66371.38,2016,,Douglas County,""
TAMMIE M BYINGTON,SHERIFF'S RECORDS & LICENSING,43617.60,47.19,1828.00,20416.91,45492.79,65909.70,2016,,Douglas County,""
ROBERT N CARR,YOUTH SERVICES COUNSELOR,46280.00,0.00,1420.75,18174.16,47700.75,65874.91,2016,,Douglas County,""
TED KOZAK,ASSOCIATE PLANNER,62400.00,0.00,720.00,2754.29,63120.00,65874.29,2016,,Douglas County,""
LETICIA RAMOS,DEPUTY COURT CLERK,43409.60,0.00,1810.96,20642.75,45220.56,65863.31,2016,,Douglas County,""
CRISSY PRATT,YOUTH DETENTION COUNSELOR,43888.00,0.00,2780.99,19020.93,46668.99,65689.92,2016,,Douglas County,""
SALLI DULCO,ACCOUNTANT,51105.60,0.00,1375.92,13108.01,52481.52,65589.53,2016,,Douglas County,""
JACQUELINE E BEGOVICH,ANIMAL SERVICES OFFICER,42681.60,605.56,1784.16,20472.35,45071.32,65543.67,2016,,Douglas County,""
JODY L MARTIN,TOWN MAINT SPECIALIST,41080.00,0.00,1724.08,22679.53,42804.08,65483.61,2016,,Douglas County,""
EDWARD SEELEY,EMERGENCY COMM SPECIALIST,37044.80,5822.20,1543.28,20959.21,44410.28,65369.49,2016,,Douglas County,""
DON W SWAN,PARK RANGER,53144.00,364.09,817.60,11007.87,54325.69,65333.56,2016,,Douglas County,""
JESSICA L MOORE,RECREATION SPECIALIST,41204.80,9.90,1414.78,22544.88,42629.48,65174.36,2016,,Douglas County,""
MARY M BIAGGINI,DEPUTY COURT CLERK,40123.20,14.25,1678.96,23077.72,41816.41,64894.13,2016,,Douglas County,""
JASON PARKE,UTILITY SYSTEMS TECH I,38667.20,1328.20,2095.10,22420.01,42090.50,64510.51,2016,,Douglas County,""
LEA E WILLIAMS,LEGAL SECRETARY,40393.60,0.00,1690.40,22369.05,42084.00,64453.05,2016,,Douglas County,""
RACHEL HAMER,SECRETARY,41953.60,223.54,1738.12,20240.21,43915.26,64155.47,2016,,Douglas County,""
STEVE THOMPSON,TOWN MAINT SPECIALIST,41100.80,0.00,1720.32,21275.39,42821.12,64096.51,2016,,Douglas County,""
STEVEN W MOORE,CONSTRUCTION INSPECTOR,50003.20,0.00,1346.24,12615.15,51349.44,63964.59,2016,,Douglas County,""
KAREN L CHANEY,DEPUTY COURT CLERK,42993.60,0.00,1133.52,19785.05,44127.12,63912.17,2016,,Douglas County,""
TAMMY DAVIS,ADMINISTRATIVE ASSISTANT,41204.80,0.00,1676.40,20947.48,42881.20,63828.68,2016,,Douglas County,""
SHANNON DECORSE,DEPUTY RECORDING CLERK,39936.00,216.00,1665.92,21982.45,41817.92,63800.37,2016,,Douglas County,""
ANA G GEORGE,ADMINISTRATIVE ASSISTANT,40601.60,497.76,1586.96,20194.10,42686.32,62880.42,2016,,Douglas County,""
LEONARD L LAKE,DEPUTY SHERIFF I,53144.00,881.48,613.20,7738.17,54638.68,62376.85,2016,,Douglas County,""
TERESA A LUNDBERG,CASE MANAGER,39665.60,0.00,1639.44,20946.13,41305.04,62251.17,2016,,Douglas County,""
JESSICA JONES,ADMINISTRATIVE ASSISTANT,42224.00,0.00,1773.92,18241.63,43997.92,62239.55,2016,,Douglas County,""
JESSICA TRULIN,YOUTH SERVICES COUNSELOR SR,42660.80,69.76,1521.99,17846.75,44252.55,62099.30,2016,,Douglas County,""
HEATHER MACDONNELL,ACCOUNTANT,47486.40,0.00,1269.28,13338.52,48755.68,62094.20,2016,,Douglas County,""
PHILIP BJORK,ROAD MAINT OPERATOR,39436.80,112.08,1691.04,20799.66,41239.92,62039.58,2016,,Douglas County,""
SANDRA MOORE,DEPUTY COURT CLERK,37648.00,19.84,1570.40,22710.66,39238.24,61948.90,2016,,Douglas County,""
MELANIE MCBROOM,YTH SERVICES COUNS TRAINEE,41787.20,176.78,1830.10,18048.60,43794.08,61842.68,2016,,Douglas County,""
DELORES GOELZ,DEPUTY COURT CLERK,39104.00,342.20,1640.96,20701.67,41087.16,61788.83,2016,,Douglas County,""
TODD RIPA,EMERGENCY COMM SPECIALIST,38168.00,2370.27,1542.56,19245.64,42080.83,61326.47,2016,,Douglas County,""
MORGAN BARRAGAN,CHILD SUPPORT CASEWORKER,38812.80,367.78,1613.28,20494.36,40793.86,61288.22,2016,,Douglas County,""
MANUEL NAVARRETE,FLEET SERVICES MASTER TECH,45136.00,0.00,1215.20,14797.52,46351.20,61148.72,2016,,Douglas County,""
ROBERT MONSON,YOUTH SERVICES COUNSELOR,37606.40,906.11,1589.67,20549.90,40102.18,60652.08,2016,,Douglas County,""
ALLEN CAMP,UTILITY SYSTEMS TECH TRAINEE,37419.20,1213.45,1565.95,20177.54,40198.60,60376.14,2016,,Douglas County,""
NATALIA CAZARES-RODRIGUEZ,SECRETARY,37606.40,85.17,1472.84,21206.12,39164.41,60370.53,2016,,Douglas County,""
MIGUEL VAZQUEZ,PARK RANGER,38168.00,0.00,1601.84,20410.73,39769.84,60180.57,2016,,Douglas County,""
SARAH MACMONAGLE,LEGAL SECRETARY,37169.60,0.00,1533.68,21370.68,38703.28,60073.96,2016,,Douglas County,""
MARGARET R RUSMISEL,LIBRARY TECHNICIAN,37939.20,0.00,1593.92,20401.14,39533.12,59934.26,2016,,Douglas County,""
TONI G WILLIAMS,DUI CASEWORKER/ALT SENT CLK,38105.60,0.00,1454.80,20324.00,39560.40,59884.40,2016,,Douglas County,""
PRESTON MALONE,YTH SERVICES COUNSELOR,37606.40,391.01,1591.51,20246.83,39588.92,59835.75,2016,,Douglas County,""
DANNA MAYER,EMERGENCY COMM SPECIALIST TRN,34299.20,3921.30,1430.00,20183.87,39650.50,59834.37,2016,,Douglas County,""
JODI QUALLS,CASE MANAGER,36899.20,0.00,1539.36,21391.43,38438.56,59829.99,2016,,Douglas County,""
RONALD GROVE,TOWN MAINT SPECIALIST,35713.60,682.51,1510.96,21878.09,37907.07,59785.16,2016,,Douglas County,""
LISA COBOURN,DEPUTY COURT CLERK,37648.00,0.00,1564.80,20182.32,39212.80,59395.12,2016,,Douglas County,""
ESTHER WAHL,CASE MANAGER,37460.80,0.00,1561.12,20150.40,39021.92,59172.32,2016,,Douglas County,""
RICHARD FLYNT,UTILITY SYSTEMS TECH TRAINEE,37419.20,0.00,1565.84,20159.32,38985.04,59144.36,2016,,Douglas County,""
COLLEEN L BAER,ACCOUNTING CLERK,35547.20,0.00,1481.97,21700.31,37029.17,58729.48,2016,,Douglas County,""
MARY E WOOD,DEPT SYSTEMS IT COORDINATOR,39569.92,0.00,1675.05,17438.86,41244.97,58683.83,2016,,Douglas County,""
AUTUMN NEWTON,DEPUTY COURT CLERK,37606.40,0.00,1463.52,19582.70,39069.92,58652.62,2016,,Douglas County,""
COLEEN THRAN-ZEPEDA,DEVELOPMENT COORDINATOR,41600.00,0.00,1120.00,15776.95,42720.00,58496.95,2016,,Douglas County,""
SCOTT W WHARTON,DEPUTY SHERIFF I,41641.60,1246.25,1533.92,13919.38,44421.77,58341.15,2016,,Douglas County,""
JODI STOVALL,DEPUTY RECORDING CLERK,36774.40,13.26,1534.08,19995.77,38321.74,58317.51,2016,,Douglas County,""
VICKIE L SIMON,RECORDS MANAGEMENT CLERK,35152.00,0.00,1471.60,21684.71,36623.60,58308.31,2016,,Douglas County,""
ROD MEAGHER,MOSQ DIST TECH II,40560.00,0.00,0.00,17586.24,40560.00,58146.24,2016,,Douglas County,""
DONALD W GRAY,ROAD MAINT OPERATOR,45136.00,245.10,1106.10,10985.71,46487.20,57472.91,2016,,Douglas County,""
MICHAEL HARRISON,YOUTH SERVICES COUNSELOR,37044.80,556.42,1678.20,17598.01,39279.42,56877.43,2016,,Douglas County,""
KRISTINE BROWN,CHILD SUPPORT CASEWORKER,50585.60,0.00,778.24,5372.57,51363.84,56736.41,2016,,Douglas County,""
JEFFREY L WOHLGEMUTH,ROAD MAINT OPERATOR,49712.00,143.40,764.80,5876.37,50620.20,56496.57,2016,,Douglas County,""
ROBERT POMEROY,YTH SERVICES COUNSELOR,37044.80,750.25,1407.10,17251.81,39202.15,56453.96,2016,,Douglas County,""
STEVE MCGEE,TOWN MAINT SPECIALIST,35838.40,559.53,1492.24,18415.75,37890.17,56305.92,2016,,Douglas County,""
ROBERTA L THORSON,SECRETARY,48880.00,0.00,752.00,6287.30,49632.00,55919.30,2016,,Douglas County,""
STEVEN J THALER,COUNTY COMMISSIONER,28288.00,0.00,0.00,27213.66,28288.00,55501.66,2016,,Douglas County,""
JAIRED BRIGGS,TOWN SANITATION SPECIALIST,36067.20,998.36,1515.20,16487.30,38580.76,55068.06,2016,,Douglas County,""
RODERICK ESTRADA,YOUTH SERVICES COUNSELOR,40560.00,497.26,1135.80,12848.00,42193.06,55041.06,2016,,Douglas County,""
HEATHER FRUEH,LIBRARY TECHNICIAN,34299.20,0.00,1439.60,19263.38,35738.80,55002.18,2016,,Douglas County,""
MARK A GRUVER,LIBRARY TECHNICIAN,34299.20,0.00,1435.76,19228.01,35734.96,54962.97,2016,,Douglas County,""
KEYNA VANDERVORT,ASSESSOR CLERK,34299.20,0.00,1435.76,19137.58,35734.96,54872.54,2016,,Douglas County,""
BRIAN C MEHRER,DEPUTY SHERIFF II,54808.00,0.00,0.00,3.18,54808.00,54811.18,2016,,Douglas County,""
KARIN KLUG,ANIMAL CARE ASSISTANT,32593.60,453.35,1367.92,20108.95,34414.87,54523.82,2016,,Douglas County,""
VICTORIA J PHILLIPS,ASSESSOR CLERK,33800.00,0.00,1430.00,19192.86,35230.00,54422.86,2016,,Douglas County,""
LISA TORRES,ADMINSTRATIVE ASSISTANT,42681.60,0.00,820.80,10824.53,43502.40,54326.93,2016,,Douglas County,""
TRINA M CARTER,SECRETARY,33992.40,0.00,1417.98,18762.91,35410.38,54173.29,2016,,Douglas County,""
DESIREE HECIMOVICH,DEPUTY COURT CLERK,37044.80,75.83,890.56,16069.29,38011.19,54080.48,2016,,Douglas County,""
PAMELA A KRONENBERG,DEPUTY RECORDING CLERK SR,47673.60,0.00,366.72,5405.89,48040.32,53446.21,2016,,Douglas County,""
MICHAEL JACOBSEN,TOWN SANITATION SPECIALIST,35360.00,1161.54,1088.00,15162.71,37609.54,52772.25,2016,,Douglas County,""
NICK NALDER,PARK RANGER,37606.40,664.44,1012.48,13478.90,39283.32,52762.22,2016,,Douglas County,""
JULIA BROWN,LIBRARY BRANCH SUPERVISOR,47840.00,0.00,736.00,4057.21,48576.00,52633.21,2016,,Douglas County,""
LANCE HULET,ROAD MAINT OPERATOR,41371.20,0.00,954.72,10023.55,42325.92,52349.47,2016,,Douglas County,""
NANCY B MCDERMID,COUNTY COMMISSIONER,33384.00,0.00,0.00,18907.06,33384.00,52291.06,2016,,Douglas County,""
DANIELLE MCGILLIVRAY,FOOD SERVICES WORKER,28704.00,1632.04,1137.92,20703.92,31473.96,52177.88,2016,,Douglas County,""
KAITLYN HALL,EMERGENCY COMM SPECIALIST TRN,33800.00,2189.41,910.00,15108.04,36899.41,52007.45,2016,,Douglas County,""
KIRA FREDERICK,LIBRARIAN,47840.00,0.00,736.00,3413.47,48576.00,51989.47,2016,,Douglas County,""
CARA DILLON,EMERGENCY COMM SPECIALIST TRN,37252.80,1377.12,848.64,11369.65,39478.56,50848.21,2016,,Douglas County,""
GREG LYNN,COUNTY COMMISSIONER,32260.80,0.00,0.00,18583.74,32260.80,50844.54,2016,,Douglas County,""
ANN DAMIAN,ADMINISTRATIVE ASSISTANT,42224.00,0.00,812.00,7621.41,43036.00,50657.41,2016,,Douglas County,""
LUKE WARTGOW,YOUTH SERVICES COUNSELOR,40185.60,260.82,788.28,9409.63,41234.70,50644.33,2016,,Douglas County,""
JEFF BURGESS,YOUTH SERVICES COUNSELOR,37044.80,113.54,1133.25,12285.40,38291.59,50576.99,2016,,Douglas County,""
TIFFANY RADTKE,DEPUTY CLERK/TREASURER,29635.84,0.00,1278.74,19212.13,30914.58,50126.71,2016,,Douglas County,""
STEPHANIE MARTIN-AVENT,YTH SERVICES COUNS TRAINEE,40560.00,131.63,663.00,8665.09,41354.63,50019.72,2016,,Douglas County,""
KEVIN MCADOO,UTILITY SYSTEMS TECH I,38729.60,1282.85,2302.06,7513.99,42314.51,49828.50,2016,,Douglas County,""
FRED SITTERLEY,TOWN SANITATION SPECIALIST,34320.00,707.86,924.00,13782.13,35951.86,49733.99,2016,,Douglas County,""
CINDY PONDER,HOMEMAKER,34538.40,0.00,1241.92,13774.16,35780.32,49554.48,2016,,Douglas County,""
KARRIE LUND,YOUTH SERVICES COUNSELOR,37044.80,166.97,1133.25,11117.33,38345.02,49462.35,2016,,Douglas County,""
RUSSELL R KOZERSKI,DRIVER,27206.40,1178.92,1151.04,19537.57,29536.36,49073.93,2016,,Douglas County,""
MICHELE L MARTINEZ,RECREATION SPECIALIST,35045.92,0.00,1498.36,12310.70,36544.28,48854.98,2016,,Douglas County,""
RENEE E D'ACCARDO,DRIVER,27622.40,2949.40,1159.04,17119.98,31730.84,48850.82,2016,,Douglas County,""
BRUCE RUTHERFORD,FLEET SERVICES MASTER TECH,45240.00,0.00,522.00,2514.47,45762.00,48276.47,2016,,Douglas County,""
LAURA SWEENEY,CULINARY SPECIALIST,30326.40,0.00,1346.72,16487.28,31673.12,48160.40,2016,,Douglas County,""
MARIAH C WEST,DEPUTY SHERIFF I,41641.60,955.15,684.64,4854.26,43281.39,48135.65,2016,,Douglas County,""
JORGE REGALADO,PARK RANGER,37606.40,935.64,867.84,8681.37,39409.88,48091.25,2016,,Douglas County,""
SHALON MARANGI,SHERIFF'S RECORDS & LICENSING,33800.00,331.73,1698.28,12230.26,35830.01,48060.27,2016,,Douglas County,""
ALEXANDRIA ESTRADA,OFFICE SPECIALIST,33800.00,0.00,910.00,13271.47,34710.00,47981.47,2016,,Douglas County,""
JAMES VILLASENOR,DRIVER,27206.40,33.28,1046.40,19445.57,28286.08,47731.65,2016,,Douglas County,""
VICTORIA BROOME,FOOD SERVICES WORKER SENIOR,33800.00,879.99,780.00,12064.08,35459.99,47524.07,2016,,Douglas County,""
SEAN SAVAGE,TOWN SANITATION SPECIALIST,34320.00,851.43,924.00,11276.26,36095.43,47371.69,2016,,Douglas County,""
COLE SONNEMANN,DEPUTY SHERIFF I,41641.60,0.00,270.16,5106.19,41911.76,47017.95,2016,,Douglas County,""
SARAH WHITE,LAW CLERK,46467.20,0.00,0.00,540.16,46467.20,47007.36,2016,,Douglas County,""
HENRY MARTINEZ,DRIVER,28288.00,718.11,1067.20,16864.52,30073.31,46937.83,2016,,Douglas County,""
SANDRA DOUGHTY,CHILD SUPPORT CASEWORKER,37044.80,0.00,997.36,8807.40,38042.16,46849.56,2016,,Douglas County,""
ELEANOR NEWELL,LIBRARY TECHNICIAN,33800.00,0.00,780.00,12239.64,34580.00,46819.64,2016,,Douglas County,""
JAMES ROLLINS,CULINARY SPECIALIST,30617.60,11.04,1370.48,14764.51,31999.12,46763.63,2016,,Douglas County,""
MACIEJ STEBEL,DEPUTY SHERIFF I,20820.80,3032.15,2111.12,20599.76,25964.07,46563.83,2016,,Douglas County,""
TEDDY JR QUALLS,YOUTH SERVICES COUNSELOR,40560.00,138.94,530.40,5268.85,41229.34,46498.19,2016,,Douglas County,""
TREVER K MCCANLESS,YOUTH SERVICES COUNSELOR,37044.80,547.66,1072.70,7776.63,38665.16,46441.79,2016,,Douglas County,""
SARISSA ORTIZ,ANIMAL CARE ASSISTANT,27622.40,1037.94,1154.24,16611.46,29814.58,46426.04,2016,,Douglas County,""
AIMEE C LESKOVIC,YOUTH DETENTION COUNSELOR,40601.60,0.00,739.59,5073.21,41341.19,46414.40,2016,,Douglas County,""
JESSICA WEED,CASE MANAGER,40601.60,0.00,624.64,5081.97,41226.24,46308.21,2016,,Douglas County,""
RONALD ADAMSON,MAINTENANCE SPECIALIST,45843.20,0.00,0.00,61.49,45843.20,45904.69,2016,,Douglas County,""
ADRIENNE SAWYER,SHERIFF'S RECORDS & LICENSING,33800.00,12.19,1159.75,10806.32,34971.94,45778.26,2016,,Douglas County,""
ANGELA SMOKEY,YOUTH SERVICES COUNSELOR,37044.80,253.80,755.50,7386.84,38054.10,45440.94,2016,,Douglas County,""
EDUARDO VEGA,YOUTH SERVICES COUNSELOR,40185.60,0.00,328.45,4915.70,40514.05,45429.75,2016,,Douglas County,""
MICHAEL R SAYLO,PARKS MAINT ASSISTANT,31532.80,704.94,606.40,12525.77,32844.14,45369.91,2016,,Douglas County,""
MARIE LANGTIMM,OFFICE SPECIALIST,25350.00,134.07,1072.51,18810.12,26556.58,45366.70,2016,,Douglas County,""
ANTHONY W DAVIS,RECREATION COORDINATOR,44408.00,0.00,341.60,584.09,44749.60,45333.69,2016,,Douglas County,""
JAMES FARNSWORTH,GIS TECHNICIAN,37606.40,0.00,578.56,6974.51,38184.96,45159.47,2016,,Douglas County,""
ASHLEY MAY,EMERGENCY COMM SPECIALIST TRN,40144.00,743.46,617.60,3627.90,41505.06,45132.96,2016,,Douglas County,""
THERESA SCHIRMER,EMERGENCY COMM SPECIALIST TRN,37190.40,697.32,715.20,6503.89,38602.92,45106.81,2016,,Douglas County,""
AUTUMN FENZKE,RECREATION SPECIALIST,40601.60,0.00,624.64,3804.11,41226.24,45030.35,2016,,Douglas County,""
ETHAN GRAY,PARK RANGER,37606.40,664.57,723.20,5861.32,38994.17,44855.49,2016,,Douglas County,""
TRACEY WARD,YOUTH SERVICES COUNSELOR,37044.80,6.68,755.50,6729.79,37806.98,44536.77,2016,,Douglas County,""
MICHAEL MCGEE,YOUTH SERVICES COUNSELOR,37044.80,0.00,876.60,6521.90,37921.40,44443.30,2016,,Douglas County,""
RICHARD PETERSON,DRIVER,27206.40,1086.92,1151.04,14769.50,29444.36,44213.86,2016,,Douglas County,""
MARK A CIRILLO,TOWN SANITATION SPECIALIST,37044.80,40.08,569.92,6424.15,37654.80,44078.95,2016,,Douglas County,""
JULIAN LOMAS,YOUTH SERVICES COUNSELOR,37044.80,26.72,694.95,6005.24,37766.47,43771.71,2016,,Douglas County,""
WILLIAM B PENZEL,COUNTY COMMISSIONER,28288.00,0.00,0.00,14896.72,28288.00,43184.72,2016,,Douglas County,""
NICOLETTE A SMITH,YOUTH SERVICES COUNSELOR,37044.80,0.00,573.85,5477.22,37618.65,43095.87,2016,,Douglas County,""
TATIANA ROBINSON,COUNTER TECH - BUILDING,39520.00,0.00,608.00,2537.43,40128.00,42665.43,2016,,Douglas County,""
GINA HATCHETT,EMERGENCY COMM SPECIALIST TRN,33800.00,292.50,260.00,8054.68,34352.50,42407.18,2016,,Douglas County,""
TRUDY L PRESTON,EMERGENCY COMM SPECIALIST,38251.20,663.72,441.36,2857.04,39356.28,42213.32,2016,,Douglas County,""
MATTHEW LAMB,PARKS MAINT ASSISTANT,30035.20,898.89,577.60,10676.82,31511.69,42188.51,2016,,Douglas County,""
ERIC NEGRETE,TOWN SANITATION SPECIALIST,33800.00,201.10,650.00,7471.51,34651.10,42122.61,2016,,Douglas County,""
MICHAEL D TROUTNER,DEPUTY CLERK/TREASURER,37044.80,472.86,569.92,3618.74,38087.58,41706.32,2016,,Douglas County,""
CODY LOGAN,YOUTH SERVICES COUNSELOR,37044.80,0.00,513.30,4114.20,37558.10,41672.30,2016,,Douglas County,""
REBECCA HUTCHINSON,EMERGENCY COMM SPECIALIST TRN,33800.00,780.00,650.00,6378.46,35230.00,41608.46,2016,,Douglas County,""
BRITTANY SCHRECKENGOST,FOOD SERVICES WORKER,25846.08,756.73,669.71,14096.13,27272.52,41368.65,2016,,Douglas County,""
JAMES D HOYT,RECREATION SPECIALIST,29436.16,0.00,1227.33,9884.93,30663.49,40548.42,2016,,Douglas County,""
FAYE-MARIE PEKAR,RECREATION SPECIALIST,29873.48,0.00,1213.98,9443.80,31087.46,40531.26,2016,,Douglas County,""
CYNTHIA MACDONALD,RECREATION SPECIALIST,29436.16,0.00,1088.14,9809.44,30524.30,40333.74,2016,,Douglas County,""
JENNIFER WHEAT,CASE MANAGER,35484.80,0.00,545.92,4102.22,36030.72,40132.94,2016,,Douglas County,""
ASHER MOODY,YOUTH SERVICES COUNSELOR,37044.80,106.86,452.75,2347.34,37604.41,39951.75,2016,,Douglas County,""
KASEY S MYERS,CASE MANAGER,33160.92,0.00,703.68,5856.93,33864.60,39721.53,2016,,Douglas County,""
DALLIS A BERNAIX,YOUTH SERVICES COUNSELOR,37044.80,0.00,392.20,2022.84,37437.00,39459.84,2016,,Douglas County,""
KATHERINE E POWELL,DEPUTY CLERK/TREASURER,37044.80,0.00,569.92,1826.22,37614.72,39440.94,2016,,Douglas County,""
CYNTHIA CLARK,OFFICE SPECIALIST,33800.00,0.00,650.00,4795.40,34450.00,39245.40,2016,,Douglas County,""
EMMOTT ROSASCHI,TOWN MAINT SPECIALIST,33800.00,870.65,520.00,3496.69,35190.65,38687.34,2016,,Douglas County,""
THOMAS CERVANTEZ,YOUTH SERVICES COUNSELOR,37044.80,0.00,331.65,1086.53,37376.45,38462.98,2016,,Douglas County,""
TROY C WANDLER,TOWN SANITATION SPECIALIST,35360.00,382.51,408.00,2227.51,36150.51,38378.02,2016,,Douglas County,""
SHELLEY EDWARDS,MOSQ DIST ASST MGR II,36795.20,0.00,0.00,1532.06,36795.20,38327.26,2016,,Douglas County,""
STEVE NORTON,FOOD SERVICES WORKER SENIOR,37190.40,348.66,0.00,555.12,37539.06,38094.18,2016,,Douglas County,""
ROSS J CHICHESTER,MANAGEMENT ANALYST,36111.40,0.00,0.00,1267.93,36111.40,37379.33,2016,,Douglas County,""
JESUS QUINTERO,TOWN MAINT SPECIALIST,33800.00,219.38,260.00,3086.99,34279.38,37366.37,2016,,Douglas County,""
JESSIE SHIRLEY,YOUTH SERVICES COUNSELOR,37044.80,0.00,0.00,32.15,37044.80,37076.95,2016,,Douglas County,""
LORI LEE,MANAGEMENT ANALYST,35368.32,0.00,0.00,1525.22,35368.32,36893.54,2016,,Douglas County,""
MICHAEL WITHROW,TOWN SANITATION SPECIALIST,33800.00,0.00,390.00,2205.20,34190.00,36395.20,2016,,Douglas County,""
ANNE WARD,RECREATION LEADER SENIOR,25485.20,0.00,1115.40,9451.27,26600.60,36051.87,2016,,Douglas County,""
SAUL C ALVAREZ,TOWN MAINT SPECIALIST,33800.00,255.94,390.00,1542.09,34445.94,35988.03,2016,,Douglas County,""
ELIZABETH D WENGRIN-ROHRBAUGH,LIBRARY TECHNICIAN,33800.00,0.00,390.00,1534.72,34190.00,35724.72,2016,,Douglas County,""
RICHARD M DEKRUYF,TOWN MAINT SPECIALIST,33800.00,255.94,260.00,1104.09,34315.94,35420.03,2016,,Douglas County,""
MICHAEL P DIGIUSTO,RECREATION LEADER SENIOR,33800.00,0.00,0.00,1569.34,33800.00,35369.34,2016,,Douglas County,""
ANITA L CYR,RECREATION LEADER SENIOR,24376.56,0.00,1427.92,9475.69,25804.48,35280.17,2016,,Douglas County,""
DEREK BARRACLOUGH,RECREATION SPECIALIST,29436.16,0.00,529.97,5295.60,29966.13,35261.73,2016,,Douglas County,""
JOHN BRIDGEMAN,PARKS MAINT ASSISTANT,28017.60,242.46,0.00,6959.68,28260.06,35219.74,2016,,Douglas County,""
ELLIOT PEKAR,RECREATION LEADER SENIOR,33800.00,0.00,0.00,1130.91,33800.00,34930.91,2016,,Douglas County,""
JOHN P NELSON,PARKS MAINT ASSISTANT,30617.60,176.64,0.00,4049.70,30794.24,34843.94,2016,,Douglas County,""
KAREY SWAIN,COURT ADVOCACY PROGRAM ASST,29120.00,0.00,560.00,4835.83,29680.00,34515.83,2016,,Douglas County,""
JAMIE EYERLY,MAINTENANCE SPECIALIST,33800.00,0.00,0.00,390.98,33800.00,34190.98,2016,,Douglas County,""
ROBIN D HOYT,RECREATION LEADER SENIOR,24866.92,0.00,949.04,8355.31,25815.96,34171.27,2016,,Douglas County,""
GEORGIANNA DREES-WASMER,RECREATION LEADER SENIOR,24866.92,0.00,940.91,8098.21,25807.83,33906.04,2016,,Douglas County,""
KURT AHART,RECREATION LEADER SENIOR,24505.00,0.00,866.00,7999.49,25371.00,33370.49,2016,,Douglas County,""
PETE SIMON,RECREATION SPECIALIST,29436.16,0.00,585.60,2933.87,30021.76,32955.63,2016,,Douglas County,""
GREG D SILVESTRO,RECREATION LEADER SENIOR,24505.00,0.00,934.25,7450.01,25439.25,32889.26,2016,,Douglas County,""
CHRIS WEATHERBEE,MAINTENANCE ASSISTANT,27206.40,0.00,523.20,4832.55,27729.60,32562.15,2016,,Douglas County,""
NEWMAN P GILBREATH,PARKS MAINT ASSISTANT,31678.40,0.00,0.00,872.70,31678.40,32551.10,2016,,Douglas County,""
ESTELLE M WHALEN,OFFICE SPECIALIST,22702.68,0.00,907.32,8781.12,23610.00,32391.12,2016,,Douglas County,""
STEPHEN STEELE,MAINTENANCE ASSISTANT,27206.40,0.00,523.20,4064.72,27729.60,31794.32,2016,,Douglas County,""
KAY SUMMERS,RECREATION LEADER SENIOR,21762.00,0.00,1029.13,8835.80,22791.13,31626.93,2016,,Douglas County,""
BRENDA CRISTANELLI,DEPUTY RECORDING CLERK,28080.00,0.00,432.00,2941.60,28512.00,31453.60,2016,,Douglas County,""
STEVEN ALBERT,PARKS MAINT ASSISTANT,30368.00,0.00,0.00,926.90,30368.00,31294.90,2016,,Douglas County,""
WILLIAM F GUTHRIE,DEPUTY CONSTABLE SENIOR,29343.60,0.00,300.00,1504.84,29643.60,31148.44,2016,,Douglas County,""
JESSICA L YAWORSKI,RECREATION LEADER,22559.68,0.00,1036.86,7356.36,23596.54,30952.90,2016,,Douglas County,""
CATRINA SPITSEN,FOOD SERVICES WORKER,19815.12,877.09,827.70,8590.33,21519.91,30110.24,2016,,Douglas County,""
DENNIS EVERETT,PARKS MAINT ASSISTANT,28724.80,93.23,0.00,869.99,28818.03,29688.02,2016,,Douglas County,""
KATHY CULLEN,HOMEMAKER,21232.64,0.00,598.09,7793.60,21830.73,29624.33,2016,,Douglas County,""
ANN MARIE REYNOSO,RECREATION LEADER SENIOR,21125.00,0.00,1050.62,7259.19,22175.62,29434.81,2016,,Douglas County,""
KYLE MAZZONI,RECREATION LEADER SENIOR,21970.00,0.00,699.40,6727.30,22669.40,29396.70,2016,,Douglas County,""
MARIAH BRIGGS,HOMEMAKER,20915.96,0.00,650.61,7542.90,21566.57,29109.47,2016,,Douglas County,""
JERRY ADAIR,PARKS MAINT ASSISTANT,27996.80,40.38,0.00,950.82,28037.18,28988.00,2016,,Douglas County,""
JOHN DIEDRICHSEN,FOOD SERVICES WORKER,20026.24,86.99,819.74,7873.56,20932.97,28806.53,2016,,Douglas County,""
WESLEY A RICE,DEPUTY CONSTABLE,27130.48,0.00,300.00,1333.32,27430.48,28763.80,2016,,Douglas County,""
TIMOTHY R JOHNSON,DEPUTY CONSTABLE,25302.68,0.00,300.00,3059.67,25602.68,28662.35,2016,,Douglas County,""
JOSE GARCIA,MOSQ DIST TECH I,28080.00,40.50,0.00,462.88,28120.50,28583.38,2016,,Douglas County,""
AARON TALHELM,TOWN MAINT ASSISTANT,28080.00,81.00,0.00,413.43,28161.00,28574.43,2016,,Douglas County,""
JENNIFER A EVANS,RECREATION LEADER SENIOR,23735.92,0.00,550.90,4070.41,24286.82,28357.23,2016,,Douglas County,""
JUSTIN COLEMAN,RECREATION LEADER SENIOR,24505.00,0.00,414.38,3294.57,24919.38,28213.95,2016,,Douglas County,""
TERRANCE SCHUSTER,PARKS MAINT ASSISTANT,27206.40,293.98,0.00,631.69,27500.38,28132.07,2016,,Douglas County,""
WHITNEY LEHR,SECRETARY,26857.48,0.00,391.85,871.72,27249.33,28121.05,2016,,Douglas County,""
KENNETH C WEBB,RECREATION LEADER SENIOR,24505.00,0.00,231.45,3377.55,24736.45,28114.00,2016,,Douglas County,""
IRMA PEREZ,FOOD SERVICES WORKER,24485.76,470.88,340.07,2782.98,25296.71,28079.69,2016,,Douglas County,""
SHANE PETERSEN,PARKS MAINT ASSISTANT,27206.40,263.06,0.00,575.53,27469.46,28044.99,2016,,Douglas County,""
DENNIS R SLATER,DEPUTY CONSTABLE,23514.40,0.00,300.00,4215.50,23814.40,28029.90,2016,,Douglas County,""
"THOMAS D LANCASTER, II",MAINTENANCE ASSISTANT,27206.40,0.00,0.00,820.63,27206.40,28027.03,2016,,Douglas County,""
DIANA THOMAS,OFFICE ASSISTANT,24485.76,290.37,274.68,2952.72,25050.81,28003.53,2016,,Douglas County,""
JACOB JOHNSON,MAINTENANCE ASSISTANT,27206.40,39.24,0.00,692.74,27245.64,27938.38,2016,,Douglas County,""
HOLLY BRUMBACH,RECREATION LEADER,27206.40,0.00,0.00,344.70,27206.40,27551.10,2016,,Douglas County,""
AMY LINDSTROM,RECREATION LEADER,27206.40,0.00,0.00,233.74,27206.40,27440.14,2016,,Douglas County,""
BRITTANY BRISSON,RECREATION LEADER,27206.40,0.00,0.00,192.85,27206.40,27399.25,2016,,Douglas County,""
TAYLOR NEWELL,RECREATION LEADER,27206.40,0.00,0.00,43.10,27206.40,27249.50,2016,,Douglas County,""
TROY L RUFF,PARKS MAINT ASSISTANT,27206.40,0.00,0.00,36.61,27206.40,27243.01,2016,,Douglas County,""
DUANE PUSHKARIC,DEPUTY CONSTABLE,23949.12,0.00,300.00,2922.17,24249.12,27171.29,2016,,Douglas County,""
LINDA LONGINOTTI,RECREATION LEADER SENIOR,24505.00,0.00,377.00,2062.00,24882.00,26944.00,2016,,Douglas County,""
TANNER BRAUN,RECREATION LEADER SENIOR,22815.00,0.00,285.12,3585.93,23100.12,26686.05,2016,,Douglas County,""
TINA NIKKILA,RECREATION LEADER SENIOR,24505.00,0.00,162.50,2010.46,24667.50,26677.96,2016,,Douglas County,""
CONNIE S RICHARDSON,DOMESTIC VIOLENCE COORDINATOR,23820.68,0.00,0.00,2662.87,23820.68,26483.55,2016,,Douglas County,""
SHELLEY BEALE,RECREATION LEADER,19724.64,0.00,685.54,6061.15,20410.18,26471.33,2016,,Douglas County,""
ASHLEY AMINIAN,RECREATION LEADER SENIOR,24505.00,0.00,390.00,1439.36,24895.00,26334.36,2016,,Douglas County,""
BRITTNIE MOORE,RECREATION LEADER SENIOR,24505.00,0.00,586.98,1139.99,25091.98,26231.97,2016,,Douglas County,""
KATHLEEN SCHMIDT,DEPUTY CLERK/TREASURER,22226.88,1716.44,284.96,1986.14,24228.28,26214.42,2016,,Douglas County,""
SHERE N BROWN,RECREATION LEADER SENIOR,23554.96,0.00,234.30,2349.91,23789.26,26139.17,2016,,Douglas County,""
SHONNA SAUNDERS,RECREATION LEADER SENIOR,23554.96,0.00,337.40,1879.36,23892.36,25771.72,2016,,Douglas County,""
JOSEPH J ELEFANTE,ALTERNATIVE SENT OFFICER,22536.28,0.00,0.00,2751.66,22536.28,25287.94,2016,,Douglas County,""
STACI S ROBERTSON,RECREATION LEADER SENIOR,24505.00,0.00,162.50,447.26,24667.50,25114.76,2016,,Douglas County,""
DARYLE E LEWIS,RECREATION LEADER SENIOR,24505.00,0.00,0.00,367.24,24505.00,24872.24,2016,,Douglas County,""
SARAH TULLY,RECREATION LEADER SENIOR,24505.00,0.00,0.00,252.13,24505.00,24757.13,2016,,Douglas County,""
CAMILLA MURRAY,TOWN MAINT ASSISTANT,17777.76,0.00,755.80,6155.79,18533.56,24689.35,2016,,Douglas County,""
JERMAINE BOBBITT,MAINTENANCE ASSISTANT,19724.64,9.81,549.36,4173.61,20283.81,24457.42,2016,,Douglas County,""
JOANN BUTLER,RECREATION LEADER,17004.00,0.00,897.91,6417.81,17901.91,24319.72,2016,,Douglas County,""
JAN BARNETT,RECREATION LEADER,17004.00,0.00,802.65,6404.04,17806.65,24210.69,2016,,Douglas County,""
THEODORE W DUZAN,DEPUTY CONSTABLE,22437.48,0.00,300.00,1314.09,22737.48,24051.57,2016,,Douglas County,""
MICHAEL D BEAM,ALTERNATIVE SENT OFFICER,23593.44,0.00,0.00,203.07,23593.44,23796.51,2016,,Douglas County,""
CLINT HINDS,INTERN,23275.20,0.00,0.00,390.12,23275.20,23665.32,2016,,Douglas County,""
CORRY L CLINE,RECREATION LEADER SENIOR,22815.00,0.00,0.00,459.78,22815.00,23274.78,2016,,Douglas County,""
DAVID J NISHIKIDA,DEPUTY SHERIFF I,20481.24,0.00,0.00,2696.82,20481.24,23178.06,2016,,Douglas County,""
MATT HELLMAN,RECREATION LEADER SENIOR,22650.16,0.00,210.28,315.38,22860.44,23175.82,2016,,Douglas County,""
KAREN GARRISON,RECREATION LEADER SENIOR,18007.08,0.00,455.35,4380.62,18462.43,22843.05,2016,,Douglas County,""
DAVID GOTHAM,MAINTENANCE ASSISTANT,19724.64,0.00,379.32,2620.66,20103.96,22724.62,2016,,Douglas County,""
WALTER E COOLING,DEPUTY CONSTABLE,22121.32,0.00,300.00,94.23,22421.32,22515.55,2016,,Douglas County,""
"DAVID D ROBERTS, JR",ALTERNATIVE SENT OFFICER,20757.88,330.92,0.00,1204.17,21088.80,22292.97,2016,,Douglas County,""
BRIAN WARNE,MAINTENANCE ASSISTANT,19724.64,0.00,71.94,2445.50,19796.58,22242.08,2016,,Douglas County,""
SUZANNE CROWLEY,RECREATION LEADER SENIOR,21970.00,0.00,0.00,157.31,21970.00,22127.31,2016,,Douglas County,""
JAMES L PERRY,MOSQ DIST TECH II,19019.00,423.50,0.00,2521.91,19442.50,21964.41,2016,,Douglas County,""
DEANNA L ARCHER,DEPUTY CLERK/TREASURER,20303.40,44.46,0.00,1117.23,20347.86,21465.09,2016,,Douglas County,""
SARAH MACELLARI,OFFICE ASSISTANT,15069.60,0.00,703.50,5379.72,15773.10,21152.82,2016,,Douglas County,""
JOSEPH DELALLO,RECREATION LEADER SENIOR,16055.00,0.00,575.56,4489.80,16630.56,21120.36,2016,,Douglas County,""
JOHN REDD,MAINTENANCE ASSISTANT,19724.64,0.00,78.48,1300.28,19803.12,21103.40,2016,,Douglas County,""
MARIA V PEREDO,RECREATION LEADER,16565.12,0.00,832.91,3698.98,17398.03,21097.01,2016,,Douglas County,""
JOHN R BURNHAM,MAINTENANCE ASSISTANT,19724.64,0.00,156.96,613.25,19881.60,20494.85,2016,,Douglas County,""
YOLANDA C TUCKER,RECREATION AIDE,13962.00,0.00,645.38,4348.41,14607.38,18955.79,2016,,Douglas County,""
SHERMAN E BUDDEN,SECURITY OFFICER,14398.02,0.00,200.00,4197.65,14598.02,18795.67,2016,,Douglas County,""
HELEN J CHAPPELL,COURT RECORDS TECHNICIAN,16677.44,0.00,0.00,1883.99,16677.44,18561.43,2016,,Douglas County,""
GEORGE A LAMONICA,SECURITY OFFICER,14398.02,0.00,200.00,3945.57,14598.02,18543.59,2016,,Douglas County,""
CAROLIN HANSA-BEAVERS,RECREATION LEADER SENIOR,16647.80,0.00,0.00,1198.93,16647.80,17846.73,2016,,Douglas County,""
NICOLE ROWE,RECREATION AIDE,17680.00,0.00,0.00,149.91,17680.00,17829.91,2016,,Douglas County,""
PHILLIP J KASPER,SECURITY OFFICER,14615.64,0.00,200.00,2965.80,14815.64,17781.44,2016,,Douglas County,""
ASHLEY R BUSSE,COURT RECORDS TECHNICIAN,16292.12,0.00,0.00,1020.30,16292.12,17312.42,2016,,Douglas County,""
SIDNEY LOOMIS,RECREATION LEADER SENIOR,16055.00,0.00,0.00,1076.49,16055.00,17131.49,2016,,Douglas County,""
SHEILA GARDNER,COURT RECORDS TECHNICIAN,16143.92,0.00,0.00,891.77,16143.92,17035.69,2016,,Douglas County,""
THOMAS KUEHN,SECURITY OFFICER,16055.00,0.00,200.00,755.23,16255.00,17010.23,2016,,Douglas County,""
JACIE PETERS,SECRETARY,16311.88,0.00,0.00,605.91,16311.88,16917.79,2016,,Douglas County,""
PAUL ANDREW,RECREATION LEADER SENIOR,16055.00,0.00,0.00,716.47,16055.00,16771.47,2016,,Douglas County,""
SILKE ROVER,RECREATION LEADER SENIOR,16055.00,0.00,0.00,689.49,16055.00,16744.49,2016,,Douglas County,""
CORY JOHNSON,YTH DETENTION COUN TRAINEE,16055.00,0.00,22.00,629.58,16077.00,16706.58,2016,,Douglas County,""
JORGE SALAZAR,RECREATION LEADER,14493.96,0.00,476.85,1667.23,14970.81,16638.04,2016,,Douglas County,""
WADE NORBERG,RECREATION LEADER SENIOR,16055.00,0.00,0.00,521.52,16055.00,16576.52,2016,,Douglas County,""
SHANNON TEASLEY,RECREATION LEADER SENIOR,16055.00,0.00,0.00,520.17,16055.00,16575.17,2016,,Douglas County,""
ROCHELLE MILLER,RECREATION LEADER SENIOR,16055.00,0.00,0.00,264.44,16055.00,16319.44,2016,,Douglas County,""
LINDA GILKERSON,RECREATION LEADER SENIOR,16055.00,0.00,0.00,216.99,16055.00,16271.99,2016,,Douglas County,""
ROSALIE BRADY,RECREATION LEADER SENIOR,16055.00,0.00,0.00,152.27,16055.00,16207.27,2016,,Douglas County,""
JENNIFER C PRAX,RECREATION LEADER SENIOR,16055.00,0.00,0.00,111.07,16055.00,16166.07,2016,,Douglas County,""
LUCY PIERCE,RECREATION LEADER,14721.20,0.00,0.00,1414.54,14721.20,16135.74,2016,,Douglas County,""
JOEL BRODKEY,SECURITY OFFICER,13078.26,0.00,200.00,2826.68,13278.26,16104.94,2016,,Douglas County,""
CYNTHIA BEBERG,RECREATION LEADER SENIOR,16055.00,0.00,0.00,41.25,16055.00,16096.25,2016,,Douglas County,""
CARRIE RICHARDSON,RECREATION LEADER SENIOR,16055.00,0.00,0.00,19.56,16055.00,16074.56,2016,,Douglas County,""
ASHLEY RATLIFF,RECREATION LEADER SENIOR,15432.56,0.00,0.00,27.24,15432.56,15459.80,2016,,Douglas County,""
WILLIAM J HARDING,SECURITY OFFICER,11653.20,0.00,200.00,3553.54,11853.20,15406.74,2016,,Douglas County,""
RAELENE M MILLER,RECREATION LEADER,14543.36,0.00,0.00,841.36,14543.36,15384.72,2016,,Douglas County,""
JACQUELINE F GONZALES,RECREATION LEADER,14158.04,0.00,0.00,1224.45,14158.04,15382.49,2016,,Douglas County,""
CATHERINE MUELLER,RECREATION LEADER,13990.08,0.00,0.00,1354.48,13990.08,15344.56,2016,,Douglas County,""
LYNDA LEVEQUE,DEPUTY CLERK/TREASURER,14817.92,0.00,0.00,398.10,14817.92,15216.02,2016,,Douglas County,""
TRACY L CLARK,OFFICE ASSISTANT,14217.32,0.00,0.00,281.40,14217.32,14498.72,2016,,Douglas County,""
SARA LEMOS,RECREATION LEADER,12923.04,0.00,222.11,1214.00,13145.15,14359.15,2016,,Douglas County,""
REBECCA K MERRITT,RECREATION AIDE,10728.12,0.00,365.43,3240.40,11093.55,14333.95,2016,,Douglas County,""
DAVID KING,DRIVER,13120.64,0.00,0.00,1208.66,13120.64,14329.30,2016,,Douglas County,""
ERIK ROBERTS,SECURITY OFFICER,11526.84,0.00,200.00,2464.45,11726.84,14191.29,2016,,Douglas County,""
NOVA LUMADUE,RECREATION LEADER,13644.28,0.00,0.00,429.11,13644.28,14073.39,2016,,Douglas County,""
LYNNE GERARD,OFFICE ASSISTANT,12923.04,0.00,0.00,783.21,12923.04,13706.25,2016,,Douglas County,""
KATHLEEN HAWKINS,OFFICE ASSISTANT,12923.04,0.00,0.00,588.94,12923.04,13511.98,2016,,Douglas County,""
KATHY MARTINEAU,RECREATION LEADER,12923.04,0.00,0.00,321.73,12923.04,13244.77,2016,,Douglas County,""
SYLVANNA ROGERS,RECREATION AIDE,10572.64,0.00,114.92,2394.83,10687.56,13082.39,2016,,Douglas County,""
MOLLY LAKE,RECREATION AIDE,11492.00,0.00,44.20,485.84,11536.20,12022.04,2016,,Douglas County,""
LINDSEY OEXLE,RECREATION LEADER,11549.72,0.00,0.00,130.55,11549.72,11680.27,2016,,Douglas County,""
JUDITH A WALSH,DEPUTY CLERK/TREASURER,9148.88,0.00,0.00,2321.31,9148.88,11470.19,2016,,Douglas County,""
EMMY DOMBROWSKI,MAIL SERVICES CLERK,10028.20,116.22,0.00,1014.68,10144.42,11159.10,2016,,Douglas County,""
SALLIE GONZALES,OFFICE ASSISTANT,10920.00,0.00,0.00,204.60,10920.00,11124.60,2016,,Douglas County,""
MARGARET E LONG,LIBRARY PAGE,9821.24,0.00,0.00,1153.16,9821.24,10974.40,2016,,Douglas County,""
MCKINZE TYNES,RECREATION AIDE,9653.28,0.00,70.72,1247.98,9724.00,10971.98,2016,,Douglas County,""
WENDY L RIDLEY-DERRIG,MAIL SERVICES CLERK,9880.00,0.00,0.00,316.15,9880.00,10196.15,2016,,Douglas County,""
JOHN T COTTER,MAIL SERVICES CLERK,9880.00,0.00,0.00,300.99,9880.00,10180.99,2016,,Douglas County,""
LISA SMITH,MAIL SERVICES CLERK,9880.00,53.58,0.00,149.06,9933.58,10082.64,2016,,Douglas County,""
WILLIAM SCHILLING,MAIL SERVICES CLERK,9880.00,0.00,0.00,73.09,9880.00,9953.09,2016,,Douglas County,""
MELODY N THALER,RECREATION AIDE,8733.92,0.00,0.00,983.69,8733.92,9717.61,2016,,Douglas County,""
REATHA S THRAN,DEPUTY CLERK/TREASURER,8104.20,0.00,0.00,1311.77,8104.20,9415.97,2016,,Douglas County,""
HOWARD N MATTS,MANAGEMENT ANALYST,5808.40,0.00,0.00,3582.88,5808.40,9391.28,2016,,Douglas County,""
JAN M BUDDEN,OFFICE ASSISTANT,3959.80,0.00,785.76,4525.64,4745.56,9271.20,2016,,Douglas County,""
ANTHONY THOMPSON,RECREATION AIDE,8526.44,0.00,0.00,453.26,8526.44,8979.70,2016,,Douglas County,""
RACHAEL RODRIGUEZ,RECREATION AIDE,8398.00,6.38,0.00,539.26,8404.38,8943.64,2016,,Douglas County,""
CATHY A COLQUHOUN,OFFICE ASSISTANT,7919.60,479.75,0.00,464.32,8399.35,8863.67,2016,,Douglas County,""
HEATHER CAMPBELL,RECREATION AIDE,8398.00,0.00,0.00,213.34,8398.00,8611.34,2016,,Douglas County,""
JASA VILLANUEVA,RECREATION AIDE,8398.00,0.00,0.00,211.56,8398.00,8609.56,2016,,Douglas County,""
AUSTIN WINBERG,RECREATION AIDE,8398.00,0.00,0.00,195.91,8398.00,8593.91,2016,,Douglas County,""
SEAN KEELY,RECREATION AIDE,8398.00,0.00,0.00,184.15,8398.00,8582.15,2016,,Douglas County,""
NICOLE LAPORTE,RECREATION AIDE,8398.00,0.00,0.00,133.27,8398.00,8531.27,2016,,Douglas County,""
JESSICA MENDOZA,RECREATION AIDE,8398.00,0.00,0.00,88.35,8398.00,8486.35,2016,,Douglas County,""
BROOKLYN DAVIS,RECREATION AIDE,8398.00,0.00,0.00,81.05,8398.00,8479.05,2016,,Douglas County,""
LIDIA S GUTIERREZ,RECREATION AIDE,8398.00,0.00,0.00,54.69,8398.00,8452.69,2016,,Douglas County,""
JOHN SYROTYNSKI,MAIL SERVICES CLERK,8398.00,0.00,0.00,11.89,8398.00,8409.89,2016,,Douglas County,""
KAYLA BOLDRICK,RECREATION AIDE,8151.00,0.00,0.00,197.04,8151.00,8348.04,2016,,Douglas County,""
AARON J CRAWFORD,DEPUTY SHERIFF II,5720.00,0.00,0.00,2519.27,5720.00,8239.27,2016,,Douglas County,""
JOANN THALER,JUDICIAL EXECUTIVE ASSISTANT,8002.80,0.00,0.00,77.60,8002.80,8080.40,2016,,Douglas County,""
HARLE GLOVER,OFFICE ASSISTANT,7919.60,0.00,0.00,93.71,7919.60,8013.31,2016,,Douglas County,""
GLORIA M BURRUEL,DEPUTY RECORDING CLERK,5792.80,0.00,0.00,2042.47,5792.80,7835.27,2016,,Douglas County,""
SONJIA WAHAB,LIBRARY PAGE,6996.60,0.00,0.00,456.90,6996.60,7453.50,2016,,Douglas County,""
LAURE J EBEL,LIBRARY PAGE,7051.20,0.00,0.00,368.92,7051.20,7420.12,2016,,Douglas County,""
ROBERT BUONAMICI,DEPUTY SHERIFF II,5720.00,0.00,0.00,1317.31,5720.00,7037.31,2016,,Douglas County,""
JAMES J LEGARE,SECURITY OFFICER,4225.00,0.00,200.00,2406.87,4425.00,6831.87,2016,,Douglas County,""
SCOTT JACKSON,DEPUTY SHERIFF I,5720.00,0.00,0.00,1091.53,5720.00,6811.53,2016,,Douglas County,""
JEFFREY BRACKETT,DEPUTY SHERIFF II,5720.00,0.00,0.00,828.67,5720.00,6548.67,2016,,Douglas County,""
ARNE G DIGERUD,DEPUTY SHERIFF II,6107.40,0.00,0.00,384.51,6107.40,6491.91,2016,,Douglas County,""
RONALD LYNCH,MOSQ DIST ASST MGR,5558.80,0.00,0.00,919.17,5558.80,6477.97,2016,,Douglas County,""
SHARON R SAWYER,DEPUTY CLERK/TREASURER,5659.68,0.00,0.00,700.69,5659.68,6360.37,2016,,Douglas County,""
MARGARET A COLESCOTT,ADMINISTRATIVE ASSISTANT,5917.60,0.00,0.00,226.57,5917.60,6144.17,2016,,Douglas County,""
ROBERT D WARTGOW,DEPUTY CLERK/TREASURER,4680.00,499.50,0.00,868.62,5179.50,6048.12,2016,,Douglas County,""
DAVID JONES,DEPUTY SHERIFF II,5720.00,0.00,0.00,153.99,5720.00,5873.99,2016,,Douglas County,""
ROBERT KELLY,TOWN MAINT ASSISTANT,4040.40,0.00,0.00,1721.73,4040.40,5762.13,2016,,Douglas County,""
MONIQUE ROBERTS,OFFICE SPECIALIST,4225.00,0.00,0.00,1533.68,4225.00,5758.68,2016,,Douglas County,""
ROBERT E AUTRE,DEPUTY CONSTABLE,5545.80,0.00,0.00,26.02,5545.80,5571.82,2016,,Douglas County,""
SONDRA E CONDRON,DEPUTY CLERK/TREASURER,4680.00,459.00,0.00,335.37,5139.00,5474.37,2016,,Douglas County,""
PAUL CAIN,YTH SERVICES COUNS TRAINEE,4435.60,0.00,0.00,1017.40,4435.60,5453.00,2016,,Douglas County,""
LEWIS E GROSS JR,YTH DETENTION COUNS TRAINEE,4479.80,0.00,363.00,578.64,4842.80,5421.44,2016,,Douglas County,""
VICTOR GAVIN,TRANSPORTATION OFFICER,5415.80,0.00,0.00,4.82,5415.80,5420.62,2016,,Douglas County,""
URSULA K MCMANUS,ADMINISTRATIVE ASSISTANT,5127.20,0.00,0.00,292.78,5127.20,5419.98,2016,,Douglas County,""
JAMES E BACA,TRANSPORTATION OFFICER,5275.40,0.00,0.00,108.65,5275.40,5384.05,2016,,Douglas County,""
DAWN L PATTERSON,OFFICE SPECIALIST,4412.20,0.00,0.00,743.47,4412.20,5155.67,2016,,Douglas County,""
VIRGIL P COURNEYA,YTH DETENTION COUNS TRAINEE,4602.00,0.00,88.00,274.46,4690.00,4964.46,2016,,Douglas County,""
ALAN REINHARDT,ROAD MAINT OPERATOR,4700.80,0.00,0.00,220.02,4700.80,4920.82,2016,,Douglas County,""
CAROL L ALDAX,OFFICE SPECIALIST,4690.40,0.00,0.00,190.49,4690.40,4880.89,2016,,Douglas County,""
STEVEN I ROSENBLOOM,RECREATION LEADER,3751.80,0.00,0.00,1074.85,3751.80,4826.65,2016,,Douglas County,""
LORRAINE A KABAT,OFFICE SPECIALIST,4331.60,0.00,0.00,483.08,4331.60,4814.68,2016,,Douglas County,""
ILANA LIBES,YOUTH SERVICES COUNSELOR,4630.60,0.00,0.00,176.55,4630.60,4807.15,2016,,Douglas County,""
BRANDON E YELLEN,YOUTH SERVICES COUNSELOR,4630.60,0.00,0.00,162.54,4630.60,4793.14,2016,,Douglas County,""
TERRY L LUNDERGREEN,DEPUTY CLERK/TREASURER,4680.00,0.00,0.00,78.47,4680.00,4758.47,2016,,Douglas County,""
MARK C HANSON,MOSQ DIST TECH II,3770.00,0.00,0.00,985.17,3770.00,4755.17,2016,,Douglas County,""
CONNIE E WENNER,OFFICE ASSISTANT,3959.80,502.59,0.00,280.95,4462.39,4743.34,2016,,Douglas County,""
MINDY DEPAZ,YOUTH SERVICES COUNSELOR,4630.60,0.00,0.00,87.75,4630.60,4718.35,2016,,Douglas County,""
KELLY MEGEE,YOUTH SERVICES COUNSELOR,4630.60,0.00,0.00,70.68,4630.60,4701.28,2016,,Douglas County,""
DEVIN DEVRIES,YOUTH SERVICES COUNSELOR,4630.60,0.00,0.00,17.38,4630.60,4647.98,2016,,Douglas County,""
TANYA J GRIMES,DRIVER,3400.80,0.00,0.00,1220.32,3400.80,4621.12,2016,,Douglas County,""
ROBERT J WOOD,DRIVER,3400.80,0.00,0.00,1175.28,3400.80,4576.08,2016,,Douglas County,""
DOUGLAS LEET,YTH DETENTION COUNS TRAINEE,4225.00,0.00,11.00,317.10,4236.00,4553.10,2016,,Douglas County,""
APRIL CRANDALL,YTH SERVICES COUNS TRAINEE,4435.60,0.00,0.00,32.76,4435.60,4468.36,2016,,Douglas County,""
KIM CUNNINGHAM,HOMEMAKER,3468.40,0.00,0.00,877.97,3468.40,4346.37,2016,,Douglas County,""
PAULA SMITH,YTH DENTETION COUN TRAINEE,4225.00,0.00,11.00,55.60,4236.00,4291.60,2016,,Douglas County,""
ROBERT HOWES,PARKS MAINT ASSISTANT,3400.80,0.00,0.00,679.74,3400.80,4080.54,2016,,Douglas County,""
CRAIG S BURNSIDE,OFFICE ASSISTANT,3959.80,0.00,0.00,83.00,3959.80,4042.80,2016,,Douglas County,""
SHELAGH BREMER,OFFICE ASSISTANT,3640.00,0.00,0.00,350.40,3640.00,3990.40,2016,,Douglas County,""
JAIMIE LAWRENCE,OFFICE SPECIALIST,3905.20,0.00,0.00,64.89,3905.20,3970.09,2016,,Douglas County,""
TERRY K RONEY,TOWN MAINT ASSISTANT,3400.80,0.00,0.00,220.62,3400.80,3621.42,2016,,Douglas County,""
CATHERINE J FIELD,DEPUTY CLERK/TREASURER,2457.00,0.00,0.00,290.79,2457.00,2747.79,2016,,Douglas County,""
CLAUDETTE M SPRINGMEYER,PUBLIC ADMINISTRATOR,20.80,0.00,0.00,1536.95,20.80,1557.75,2016,,Douglas County,""
