Employee Name,Job Title,Base Pay,Overtime Pay,Other Pay,Benefits,Total Pay,Total Pay & Benefits,Year,Notes,Agency,Status
STOKES ROBERT,COUNTY MANAGER,Aggregate,Aggregate,Aggregate,Not Provided,148907.98,148907.98,2016,,Elko County,""
SIMONS MASON,JUSTICE COURT JUDGE,Aggregate,Aggregate,Aggregate,Not Provided,129408.24,129408.24,2016,,Elko County,""
BROWN SCOTT,ASST CO MGR/DIR NAT RES MGMT,Aggregate,Aggregate,Aggregate,Not Provided,115850.02,115850.02,2016,,Elko County,""
MCKINNEY KEVIN,LIEUTENANT (PATROL DIVISION),Aggregate,Aggregate,Aggregate,Not Provided,110630.42,110630.42,2016,,Elko County,""
HILL KRISTON,PUBLIC DEFENDER,Aggregate,Aggregate,Aggregate,Not Provided,110000.02,110000.02,2016,,Elko County,""
FISHER DOUGLAS,SERGEANT/PATROL,Aggregate,Aggregate,Aggregate,Not Provided,109236.84,109236.84,2016,,Elko County,""
PITTS JAMES,SHERIFF,Aggregate,Aggregate,Aggregate,Not Provided,108984.02,108984.02,2016,,Elko County,""
WARD PAUL,PARAMEDIC,Aggregate,Aggregate,Aggregate,Not Provided,106881.08,106881.08,2016,,Elko County,""
STEWART ROGER,CHIEF DEPUTY PUBLIC DEFENDER,Aggregate,Aggregate,Aggregate,Not Provided,104009.88,104009.88,2016,,Elko County,""
HOOD BILLY,DETECTIVE,Aggregate,Aggregate,Aggregate,Not Provided,102972.89,102972.89,2016,,Elko County,""
THOMPSON CHAD,CHIEF DEPUTY DISTRICT ATTORNEY,Aggregate,Aggregate,Aggregate,Not Provided,102201.83,102201.83,2016,,Elko County,""
PEAVEY KELLI,AMB DEPT STATION COORDINATOR,Aggregate,Aggregate,Aggregate,Not Provided,100731.20,100731.20,2016,,Elko County,""
HASSETT DANIEL,PARAMEDIC,Aggregate,Aggregate,Aggregate,Not Provided,100672.60,100672.60,2016,,Elko County,""
GLASER MARY SLOAN,DRUG COURT COORDINATOR,Aggregate,Aggregate,Aggregate,Not Provided,98960.51,98960.51,2016,,Elko County,""
MIERINS ANDREW,JUV/FAMILY COURT MASTER,Aggregate,Aggregate,Aggregate,Not Provided,98931.13,98931.13,2016,,Elko County,""
PEDERSEN MICHAEL,CHIEF JUVENILE PROBATION OFFIC,Aggregate,Aggregate,Aggregate,Not Provided,97190.08,97190.08,2016,,Elko County,""
BORDA PAMELA,EXECUTIVE DIRECTOR ECEDA,Aggregate,Aggregate,Aggregate,Not Provided,96789.90,96789.90,2016,,Elko County,""
ALEXANDER MATTHEW,SERGEANT (JAIL),Aggregate,Aggregate,Aggregate,Not Provided,95553.75,95553.75,2016,,Elko County,""
CARPENTER JAMES,SERGEANT/PATROL,Aggregate,Aggregate,Aggregate,Not Provided,95357.29,95357.29,2016,,Elko County,""
BINGAMAN LINDA,FIRE ADMINISTRATOR,Aggregate,Aggregate,Aggregate,Not Provided,95000.10,95000.10,2016,,Elko County,""
INGERSOLL THOMAS,BUILDING OFFICIAL,Aggregate,Aggregate,Aggregate,Not Provided,94692.00,94692.00,2016,,Elko County,""
TORVINEN MARK,DISTRICT ATTORNEY,Aggregate,Aggregate,Aggregate,Not Provided,93268.80,93268.80,2016,,Elko County,""
LANDON TRAVIS,SERGEANT/PATROL,Aggregate,Aggregate,Aggregate,Not Provided,93044.43,93044.43,2016,,Elko County,""
ERICKSON REBECCA,TREASURER,Aggregate,Aggregate,Aggregate,Not Provided,92921.77,92921.77,2016,,Elko County,""
INGRAM TYLER,DISTRICT ATTORNEY,Aggregate,Aggregate,Aggregate,Not Provided,92901.98,92901.98,2016,,Elko County,""
SILVA MICHAEL,"LIEUTENANT,(JAIL DIVISION)",Aggregate,Aggregate,Aggregate,Not Provided,92324.56,92324.56,2016,,Elko County,""
ADKINS BOBBY,SERGEANT (JAIL),Aggregate,Aggregate,Aggregate,Not Provided,92119.82,92119.82,2016,,Elko County,""
OSBORNE AMANDA,HUMAN SERVICES ADMINISTRATOR,Aggregate,Aggregate,Aggregate,Not Provided,91052.00,91052.00,2016,,Elko County,""
CZEGLEDI NICHOLAS,SERGEANT/PATROL,Aggregate,Aggregate,Aggregate,Not Provided,90685.71,90685.71,2016,,Elko County,""
SWITZER BRIAN,DEPUTY/PATROL,Aggregate,Aggregate,Aggregate,Not Provided,89855.62,89855.62,2016,,Elko County,""
RUSSELL KATRINKA,ASSESSOR,Aggregate,Aggregate,Aggregate,Not Provided,89744.69,89744.69,2016,,Elko County,""
AMES JON,SERGEANT/PATROL,Aggregate,Aggregate,Aggregate,Not Provided,89484.50,89484.50,2016,,Elko County,""
LISTER TERRY,ROADS SUPERVISOR,Aggregate,Aggregate,Aggregate,Not Provided,88910.12,88910.12,2016,,Elko County,""
JACKSON HARRY,DIRECTOR OF DATA PROCESSING,Aggregate,Aggregate,Aggregate,Not Provided,88642.06,88642.06,2016,,Elko County,""
BRENSEL ADRIENNE,SERGEANT (JAIL),Aggregate,Aggregate,Aggregate,Not Provided,88563.62,88563.62,2016,,Elko County,""
WINSTEAD DAVID,SERGEANT/PATROL,Aggregate,Aggregate,Aggregate,Not Provided,88001.24,88001.24,2016,,Elko County,""
SIRI LUCRETIA,PARAMEDIC,Aggregate,Aggregate,Aggregate,Not Provided,87303.76,87303.76,2016,,Elko County,""
UNRUH DONALD,DEPUTY/PATROL,Aggregate,Aggregate,Aggregate,Not Provided,86936.90,86936.90,2016,,Elko County,""
NARVAIZA AITOR,SERGEANT/PATROL,Aggregate,Aggregate,Aggregate,Not Provided,86902.74,86902.74,2016,,Elko County,""
SMALES D MIKE,RECORDER,Aggregate,Aggregate,Aggregate,Not Provided,86567.38,86567.38,2016,,Elko County,""
FOSMO CAROL,COUNTY CLERK,Aggregate,Aggregate,Aggregate,Not Provided,86567.38,86567.38,2016,,Elko County,""
BUCHLER DAVID,DEPUTY DISTRICT ATTORNEY,Aggregate,Aggregate,Aggregate,Not Provided,86249.80,86249.80,2016,,Elko County,""
FOSTER STEFFANIE,DEPUTY PUBLIC DEFENDER,Aggregate,Aggregate,Aggregate,Not Provided,85186.98,85186.98,2016,,Elko County,""
STAKE NICHOLAS,DETECTIVE,Aggregate,Aggregate,Aggregate,Not Provided,84005.77,84005.77,2016,,Elko County,""
TAYLOR PAUL,DEPUTY/PATROL,Aggregate,Aggregate,Aggregate,Not Provided,83854.46,83854.46,2016,,Elko County,""
STEINFELD VALLERIE,DEPUTY/PATROL,Aggregate,Aggregate,Aggregate,Not Provided,83833.47,83833.47,2016,,Elko County,""
GAUMOND BENJAMIN,DEPUTY PUBLIC DEFENDER,Aggregate,Aggregate,Aggregate,Not Provided,83588.84,83588.84,2016,,Elko County,""
SMITH CAROLYN,OFFICE MANAGER - DIST ATTORNEY,Aggregate,Aggregate,Aggregate,Not Provided,83547.88,83547.88,2016,,Elko County,""
SODERQUIS T      RANDALL,COURT ADMINISTRATOR,Aggregate,Aggregate,Aggregate,Not Provided,83200.00,83200.00,2016,,Elko County,""
MATHES JAMES,DEPUTY/PATROL,Aggregate,Aggregate,Aggregate,Not Provided,82928.88,82928.88,2016,,Elko County,""
HOOVER MICHAEL,PARAMEDIC,Aggregate,Aggregate,Aggregate,Not Provided,82873.75,82873.75,2016,,Elko County,""
SLOVER MATTHEW,DEPUTY/PATROL,Aggregate,Aggregate,Aggregate,Not Provided,82870.80,82870.80,2016,,Elko County,""
LEAHY MATT,DEPUTY/JAIL,Aggregate,Aggregate,Aggregate,Not Provided,82345.72,82345.72,2016,,Elko County,""
KINGWELL JOHN,SUPERVISOR PLANNING/ZONING,Aggregate,Aggregate,Aggregate,Not Provided,81389.33,81389.33,2016,,Elko County,""
MILLS MARK,DEPUTY DISTRICT ATTORNEY,Aggregate,Aggregate,Aggregate,Not Provided,81298.62,81298.62,2016,,Elko County,""
DEARRIETA DENNIS,DEPUTY ASSESSOR,Aggregate,Aggregate,Aggregate,Not Provided,80980.39,80980.39,2016,,Elko County,""
SHELLEY RANDALL,ASST CHIEF JUV PROB OFFICER,Aggregate,Aggregate,Aggregate,Not Provided,80760.94,80760.94,2016,,Elko County,""
COMBRINK GARY,ASST DIR OF DATA PROCESSING,Aggregate,Aggregate,Aggregate,Not Provided,80026.44,80026.44,2016,,Elko County,""
HUDDLESTO N      RICHARD,DEPUTY/JAIL,Aggregate,Aggregate,Aggregate,Not Provided,79669.27,79669.27,2016,,Elko County,""
HAWKINS MARK,DEPUTY/PATROL,Aggregate,Aggregate,Aggregate,Not Provided,79345.88,79345.88,2016,,Elko County,""
SATTERTHW AITE   SCOTT,SERGEANT (JAIL),Aggregate,Aggregate,Aggregate,Not Provided,78954.90,78954.90,2016,,Elko County,""
THORNAL ROBERT,DEPUTY/PATROL,Aggregate,Aggregate,Aggregate,Not Provided,77383.22,77383.22,2016,,Elko County,""
JONES KATHLEEN,PUBLIC GUARDIAN,Aggregate,Aggregate,Aggregate,Not Provided,77379.90,77379.90,2016,,Elko County,""
DRAKE MARIAH,DEPUTY/PATROL,Aggregate,Aggregate,Aggregate,Not Provided,76632.96,76632.96,2016,,Elko County,""
DAVIS GARY,ECFPD CAPTAIN,Aggregate,Aggregate,Aggregate,Not Provided,76467.46,76467.46,2016,,Elko County,""
SHOAF BRIAN,DEPUTY/PATROL,Aggregate,Aggregate,Aggregate,Not Provided,75722.88,75722.88,2016,,Elko County,""
HANKEL MARTIN,DEPUTY/PATROL,Aggregate,Aggregate,Aggregate,Not Provided,75536.06,75536.06,2016,,Elko County,""
HOUSE MATTHEW,ECFPD FIREFIGHTER II,Aggregate,Aggregate,Aggregate,Not Provided,74873.79,74873.79,2016,,Elko County,""
KIRBY JOSHUA,PARAMEDIC,Aggregate,Aggregate,Aggregate,Not Provided,74861.53,74861.53,2016,,Elko County,""
BARRY MICHAEL,ECFPD FIREFIGHTER II,Aggregate,Aggregate,Aggregate,Not Provided,74490.34,74490.34,2016,,Elko County,""
PENNELL MATTHEW,DEPUTY PUBLIC DEFENDER,Aggregate,Aggregate,Aggregate,Not Provided,74433.98,74433.98,2016,,Elko County,""
ARMUTH DAVID,MAINTENANCE SUPERVISOR,Aggregate,Aggregate,Aggregate,Not Provided,74362.08,74362.08,2016,,Elko County,""
SHERWOOD SHAWN,DEPUTY/PATROL,Aggregate,Aggregate,Aggregate,Not Provided,73953.06,73953.06,2016,,Elko County,""
FRIEZ MARTIN,DEPUTY/PATROL,Aggregate,Aggregate,Aggregate,Not Provided,73915.68,73915.68,2016,,Elko County,""
SLADE JEFFREY,DEPUTY DISTRICT ATTORNEY,Aggregate,Aggregate,Aggregate,Not Provided,73793.20,73793.20,2016,,Elko County,""
MOORE CURTIS,DEPUTY DISTRICT ATTORNEY,Aggregate,Aggregate,Aggregate,Not Provided,73142.64,73142.64,2016,,Elko County,""
JAKEMAN KRISTINE,CHIEF DEPUTY CLERK,Aggregate,Aggregate,Aggregate,Not Provided,72762.86,72762.86,2016,,Elko County,""
LONG KATHRYN,ACCOUNTANT II,Aggregate,Aggregate,Aggregate,Not Provided,72652.24,72652.24,2016,,Elko County,""
GAYLOR JOHN,DEPUTY/PATROL,Aggregate,Aggregate,Aggregate,Not Provided,72566.58,72566.58,2016,,Elko County,""
HAMILTON STEVEN,FIRE DIST DIV CHIEF-PREVENTION,Aggregate,Aggregate,Aggregate,Not Provided,72100.08,72100.08,2016,,Elko County,""
WILLIAMS CALVERN,DEPUTY/JAIL,Aggregate,Aggregate,Aggregate,Not Provided,71767.48,71767.48,2016,,Elko County,""
EDGMOND MELONIE,DEPUTY/JAIL,Aggregate,Aggregate,Aggregate,Not Provided,71683.13,71683.13,2016,,Elko County,""
OLDHAM JOSHUA,DEPUTY/JAIL,Aggregate,Aggregate,Aggregate,Not Provided,71039.54,71039.54,2016,,Elko County,""
KEEMA MICHAEL,DEPUTY/PATROL,Aggregate,Aggregate,Aggregate,Not Provided,70712.26,70712.26,2016,,Elko County,""
MORRISON CALVIN,DETENTION DIRECTOR,Aggregate,Aggregate,Aggregate,Not Provided,70591.08,70591.08,2016,,Elko County,""
TAYLOR CORY,DEPUTY/JAIL,Aggregate,Aggregate,Aggregate,Not Provided,70409.65,70409.65,2016,,Elko County,""
IRIBARNE JANET,APPRAISER III,Aggregate,Aggregate,Aggregate,Not Provided,70072.19,70072.19,2016,,Elko County,""
STEVENS LOREN,DEPUTY/PATROL,Aggregate,Aggregate,Aggregate,Not Provided,70052.56,70052.56,2016,,Elko County,""
AGUIRRE KERRY,SENIOR CITIZENS CENTER,Aggregate,Aggregate,Aggregate,Not Provided,69737.60,69737.60,2016,,Elko County,""
PRATT ROBERT,NETWORK ADMIN./SR ANALYST,Aggregate,Aggregate,Aggregate,Not Provided,69648.16,69648.16,2016,,Elko County,""
PETTY MICHELE,"EXECUTIVE ASSISTANT, CO. MGR.",Aggregate,Aggregate,Aggregate,Not Provided,69410.27,69410.27,2016,,Elko County,""
STEWART DINA,PAYROLL TECHNICIAN,Aggregate,Aggregate,Aggregate,Not Provided,69305.48,69305.48,2016,,Elko County,""
REITZ ANDREW,DEPUTY/PATROL,Aggregate,Aggregate,Aggregate,Not Provided,69118.31,69118.31,2016,,Elko County,""
BRIBIESCA ANA,DEPUTY/PATROL,Aggregate,Aggregate,Aggregate,Not Provided,68791.44,68791.44,2016,,Elko County,""
LESPADE RICHARD,DEPUTY/JAIL,Aggregate,Aggregate,Aggregate,Not Provided,68640.42,68640.42,2016,,Elko County,""
PITTS MARY,DRUG COURT COORDINATOR,Aggregate,Aggregate,Aggregate,Not Provided,68466.16,68466.16,2016,,Elko County,""
HOEHNE BRIAN,ECFPD CAPTAIN,Aggregate,Aggregate,Aggregate,Not Provided,68364.99,68364.99,2016,,Elko County,""
PAUL CHERYL,ADMIN. DEPUTY TREASURER,Aggregate,Aggregate,Aggregate,Not Provided,68199.77,68199.77,2016,,Elko County,""
MYERS CHARLES,DEPUTY/JAIL,Aggregate,Aggregate,Aggregate,Not Provided,67736.42,67736.42,2016,,Elko County,""
CALTON PATRICIA,JUSTICE COURT JUDGE,Aggregate,Aggregate,Aggregate,Not Provided,67365.12,67365.12,2016,,Elko County,""
RILEY JAMEY,ECFPD FIREFIGHTER II,Aggregate,Aggregate,Aggregate,Not Provided,67121.34,67121.34,2016,,Elko County,""
RADER DARCIE,PARAMEDIC,Aggregate,Aggregate,Aggregate,Not Provided,66995.83,66995.83,2016,,Elko County,""
NUNES LUIZ,DEPUTY/PATROL,Aggregate,Aggregate,Aggregate,Not Provided,66882.77,66882.77,2016,,Elko County,""
LOUP MICHAEL,DEPUTY/PATROL,Aggregate,Aggregate,Aggregate,Not Provided,66700.79,66700.79,2016,,Elko County,""
PITTS JOHN,FIRE DIST DIV CHIEF-OPERATIONS,Aggregate,Aggregate,Aggregate,Not Provided,66695.87,66695.87,2016,,Elko County,""
SECORD JEFFREY,GIS-CAD TECHNICIAN,Aggregate,Aggregate,Aggregate,Not Provided,66666.90,66666.90,2016,,Elko County,""
BURT SHAWN,PUBLIC WORKS SUPER./JACKPOT,Aggregate,Aggregate,Aggregate,Not Provided,65607.38,65607.38,2016,,Elko County,""
CORTEZ BRENDA,DEPUTY/JAIL,Aggregate,Aggregate,Aggregate,Not Provided,65552.78,65552.78,2016,,Elko County,""
PINKHAM DEAN,DEPUTY/JAIL,Aggregate,Aggregate,Aggregate,Not Provided,65474.68,65474.68,2016,,Elko County,""
OSBORN DUSTIN,ECFPD FIREFIGHTER II,Aggregate,Aggregate,Aggregate,Not Provided,65166.51,65166.51,2016,,Elko County,""
POST STEPHANIE,CHILD SUPPORT PROGRAM MANAGER,Aggregate,Aggregate,Aggregate,Not Provided,64962.83,64962.83,2016,,Elko County,""
VARGAS BA CA     ALAN,DEPUTY/JAIL,Aggregate,Aggregate,Aggregate,Not Provided,64807.40,64807.40,2016,,Elko County,""
KERR JIM,PUBLIC WORKS SUPER./ELKO,Aggregate,Aggregate,Aggregate,Not Provided,64685.75,64685.75,2016,,Elko County,""
WRIGHT RENEE,ADMINISTRATIVE DEPUTY RECORDER,Aggregate,Aggregate,Aggregate,Not Provided,64510.05,64510.05,2016,,Elko County,""
HALL KEVEN,ECFPD CAPTAIN,Aggregate,Aggregate,Aggregate,Not Provided,64398.85,64398.85,2016,,Elko County,""
BURT RAEANN,DEPUTY/PATROL,Aggregate,Aggregate,Aggregate,Not Provided,64249.37,64249.37,2016,,Elko County,""
WHEELER ABIGAIL,TRANSIT MGT. COORDINATOR,Aggregate,Aggregate,Aggregate,Not Provided,64046.12,64046.12,2016,,Elko County,""
BROWN COLLEEN,OFFICE MGR.PUBLIC DEFENDER,Aggregate,Aggregate,Aggregate,Not Provided,63965.68,63965.68,2016,,Elko County,""
KLINE KELSEY,DEPUTY/JAIL,Aggregate,Aggregate,Aggregate,Not Provided,63367.40,63367.40,2016,,Elko County,""
CARROLL ASPYN,DEPUTY/JAIL,Aggregate,Aggregate,Aggregate,Not Provided,63068.23,63068.23,2016,,Elko County,""
SULLIVAN KURRI,D A ASSISTANT OFFICE MANAGER,Aggregate,Aggregate,Aggregate,Not Provided,62705.81,62705.81,2016,,Elko County,""
HYDE CLARENCE,LEAD HEAVY EQUIP OPER-HWY DEPT,Aggregate,Aggregate,Aggregate,Not Provided,62676.24,62676.24,2016,,Elko County,""
PACE MICHAEL,DEPUTY/PATROL,Aggregate,Aggregate,Aggregate,Not Provided,62620.78,62620.78,2016,,Elko County,""
FELLOWS MELINDA,JUV. DET. OFFICER III/SHIFT S,Aggregate,Aggregate,Aggregate,Not Provided,62454.52,62454.52,2016,,Elko County,""
KINGWELL STEVEN,BUILDING INSPECTOR II,Aggregate,Aggregate,Aggregate,Not Provided,62397.66,62397.66,2016,,Elko County,""
KOSTELECK Y-WHEELDORENE,CIVIL SERVER,Aggregate,Aggregate,Aggregate,Not Provided,62388.53,62388.53,2016,,Elko County,""
DUNN PATRICK,REFERENCE LIBRARIAN,Aggregate,Aggregate,Aggregate,Not Provided,62364.52,62364.52,2016,,Elko County,""
TILLEY VERA,JUV. DET. OFFICER III/SHIFT S,Aggregate,Aggregate,Aggregate,Not Provided,62312.98,62312.98,2016,,Elko County,""
TANGARO EUGENE,JUVENILE PROBATION OFFICER II,Aggregate,Aggregate,Aggregate,Not Provided,61537.68,61537.68,2016,,Elko County,""
LINSTRUTH PATRICK,ECFPD FIREFIGHTER I,Aggregate,Aggregate,Aggregate,Not Provided,61478.35,61478.35,2016,,Elko County,""
ELDRIDGE MARTY,LEAD HEAVY EQUIP OPER-HWY DEPT,Aggregate,Aggregate,Aggregate,Not Provided,61335.92,61335.92,2016,,Elko County,""
RAY JAMES,JUVENILE DETENTION OFFICER II,Aggregate,Aggregate,Aggregate,Not Provided,61221.53,61221.53,2016,,Elko County,""
SULLIVAN SHIRLEY,PROBATION OFFICE MANAGER,Aggregate,Aggregate,Aggregate,Not Provided,60868.10,60868.10,2016,,Elko County,""
KERR ANNETTE,SUPPORT SERV MANAGER-SHERIFF,Aggregate,Aggregate,Aggregate,Not Provided,60682.96,60682.96,2016,,Elko County,""
BRENSEL ROBERT,MECHANIC,Aggregate,Aggregate,Aggregate,Not Provided,60443.11,60443.11,2016,,Elko County,""
FOUST ALAN,EQUIPMENT OPERATOR,Aggregate,Aggregate,Aggregate,Not Provided,60252.39,60252.39,2016,,Elko County,""
FURBEE CHRISTOPHER,DEPUTY/JAIL,Aggregate,Aggregate,Aggregate,Not Provided,60027.10,60027.10,2016,,Elko County,""
ROMERO SARAH,APPRAISER II,Aggregate,Aggregate,Aggregate,Not Provided,59765.24,59765.24,2016,,Elko County,""
PAYNE NICHOLAS,DEPUTY/JAIL,Aggregate,Aggregate,Aggregate,Not Provided,59727.03,59727.03,2016,,Elko County,""
JOHNSTON DENNIS,DEPUTY/JAIL,Aggregate,Aggregate,Aggregate,Not Provided,59621.57,59621.57,2016,,Elko County,""
YBARZABAL JONATHON,EQUIPMENT OPERATOR,Aggregate,Aggregate,Aggregate,Not Provided,59545.26,59545.26,2016,,Elko County,""
LOSTRA JOSEPH,EQUIPMENT OPERATOR,Aggregate,Aggregate,Aggregate,Not Provided,59302.39,59302.39,2016,,Elko County,""
MARTIARTU JOSEPH,EQUIPMENT OPERATOR,Aggregate,Aggregate,Aggregate,Not Provided,59252.39,59252.39,2016,,Elko County,""
SORENSON DELL,EQUIPMENT OPERATOR,Aggregate,Aggregate,Aggregate,Not Provided,59245.07,59245.07,2016,,Elko County,""
TAYLOR JEAN,CHILD SUPPORT CASE WORKER,Aggregate,Aggregate,Aggregate,Not Provided,59155.07,59155.07,2016,,Elko County,""
BARRON JOSEFINA,HUMAN SERVICES ASSISTANT,Aggregate,Aggregate,Aggregate,Not Provided,59136.91,59136.91,2016,,Elko County,""
JORDAN GEORGIA,CASEWORKER II,Aggregate,Aggregate,Aggregate,Not Provided,58852.75,58852.75,2016,,Elko County,""
FELLOWS TIM,JUVENILE DETENTION OFFICER II,Aggregate,Aggregate,Aggregate,Not Provided,58822.63,58822.63,2016,,Elko County,""
WASHINGTO N      LEI-ANTE,DEPUTY/PATROL,Aggregate,Aggregate,Aggregate,Not Provided,58672.17,58672.17,2016,,Elko County,""
CALTON KENNETH,CHILD SUPPORT CASE WORKER,Aggregate,Aggregate,Aggregate,Not Provided,58623.14,58623.14,2016,,Elko County,""
PLACE ROBIN,JUVENILE PROBATION OFFICER II,Aggregate,Aggregate,Aggregate,Not Provided,58330.48,58330.48,2016,,Elko County,""
GARCIA JUAN,JUVENILE PROBATION OFFICER II,Aggregate,Aggregate,Aggregate,Not Provided,58315.90,58315.90,2016,,Elko County,""
NEFF WANETA,CONTROL ROOM CLERK,Aggregate,Aggregate,Aggregate,Not Provided,58104.53,58104.53,2016,,Elko County,""
STEWART ANDY,EQUIPMENT OPERATOR,Aggregate,Aggregate,Aggregate,Not Provided,57485.45,57485.45,2016,,Elko County,""
KEEMA PATRICIA,DEPUTY COURT CLERK III,Aggregate,Aggregate,Aggregate,Not Provided,57181.41,57181.41,2016,,Elko County,""
SMITH JUDY,DEPUTY COURT CLERK II,Aggregate,Aggregate,Aggregate,Not Provided,57152.93,57152.93,2016,,Elko County,""
OTTOBONI CHRISTOPHER,ECFPD FIREFIGHTER I,Aggregate,Aggregate,Aggregate,Not Provided,56999.62,56999.62,2016,,Elko County,""
MARIN ARMIDA,ADMIN ASST.SHERIFF'S OFFICE,Aggregate,Aggregate,Aggregate,Not Provided,56972.25,56972.25,2016,,Elko County,""
WEBB JANET,JUST. CRT CLERK-2ND RECORD CLK,Aggregate,Aggregate,Aggregate,Not Provided,56852.89,56852.89,2016,,Elko County,""
ANTONUCCI WILLIAM,EQUIPMENT OPERATOR,Aggregate,Aggregate,Aggregate,Not Provided,56701.30,56701.30,2016,,Elko County,""
RODRIGUEZ SUSAN,BAILIFF JUSTICE COURT,Aggregate,Aggregate,Aggregate,Not Provided,56584.52,56584.52,2016,,Elko County,""
ROONEY PAMELA,PERMIT TECHNICIAN,Aggregate,Aggregate,Aggregate,Not Provided,56521.10,56521.10,2016,,Elko County,""
BROWN LAURI,BUILDING MAINTENANCE WORKER,Aggregate,Aggregate,Aggregate,Not Provided,56232.28,56232.28,2016,,Elko County,""
EDDLEMAN RICK,BUILDING MAINTENANCE WORKER,Aggregate,Aggregate,Aggregate,Not Provided,56169.86,56169.86,2016,,Elko County,""
BUTTERFIE LD     SHARON,CASEWORKER II - PUBLIC DEFNDER,Aggregate,Aggregate,Aggregate,Not Provided,56165.82,56165.82,2016,,Elko County,""
HUGILL BRIAN,FIRE CHIEF - JACKPOT,Aggregate,Aggregate,Aggregate,Not Provided,56113.98,56113.98,2016,,Elko County,""
TIPTON MARILYN,DEPUTY COUNTY CLERK,Aggregate,Aggregate,Aggregate,Not Provided,56052.93,56052.93,2016,,Elko County,""
RAMIREZ ELIDIA,JUSTICE COURT CLERK - TOWNS,Aggregate,Aggregate,Aggregate,Not Provided,56052.88,56052.88,2016,,Elko County,""
CARTER JUDITH,DEPUTY COURT CLERK II,Aggregate,Aggregate,Aggregate,Not Provided,55852.88,55852.88,2016,,Elko County,""
MEANS GLENN,PARTS AND MAINTENANCE MANAGER,Aggregate,Aggregate,Aggregate,Not Provided,55469.59,55469.59,2016,,Elko County,""
HAMMONS JEANETTE,LIBRARY DIRECTOR,Aggregate,Aggregate,Aggregate,Not Provided,55381.79,55381.79,2016,,Elko County,""
BURTON-PR IMEAUX DELORES,JUSTICE COURT CLERK - TOWNS,Aggregate,Aggregate,Aggregate,Not Provided,55368.49,55368.49,2016,,Elko County,""
WALTERS STACEY,CHILD SUPPORT CASE WORKER,Aggregate,Aggregate,Aggregate,Not Provided,55292.12,55292.12,2016,,Elko County,""
GARZA YVETTE,JUVENILE DETENTION OFFICER II,Aggregate,Aggregate,Aggregate,Not Provided,55235.37,55235.37,2016,,Elko County,""
LAPRADE ATHENA,CATALOGER,Aggregate,Aggregate,Aggregate,Not Provided,54999.20,54999.20,2016,,Elko County,""
SMITH DEBRA,COLLECTIONS OFFICER,Aggregate,Aggregate,Aggregate,Not Provided,54758.02,54758.02,2016,,Elko County,""
DILULO KELLY,WARRANTS/EXTRADITION COORDINA,Aggregate,Aggregate,Aggregate,Not Provided,54518.33,54518.33,2016,,Elko County,""
MANLEY CONNIE,ANIMAL CONTROL OFFICER,Aggregate,Aggregate,Aggregate,Not Provided,54007.13,54007.13,2016,,Elko County,""
SNYDER-ES PINOZA SHERI,JUVENILE PROBATION OFFICER II,Aggregate,Aggregate,Aggregate,Not Provided,53995.49,53995.49,2016,,Elko County,""
FLEURY FAYE,DEPUTY COUNTY CLERK,Aggregate,Aggregate,Aggregate,Not Provided,53901.02,53901.02,2016,,Elko County,""
SELDERS KELVIN,BOOKMOBILE DRIVER,Aggregate,Aggregate,Aggregate,Not Provided,53459.83,53459.83,2016,,Elko County,""
PLACE MIKEL,JUVENILE DETENTION OFFICER II,Aggregate,Aggregate,Aggregate,Not Provided,53213.05,53213.05,2016,,Elko County,""
MCCOY DANIEL,JUVENILE DETENTION OFFICER II,Aggregate,Aggregate,Aggregate,Not Provided,53155.21,53155.21,2016,,Elko County,""
SCHWEER KAREN,DEPUTY COURT CLERK II,Aggregate,Aggregate,Aggregate,Not Provided,53126.49,53126.49,2016,,Elko County,""
CARL JULIE,PERSONAL PROP. APPRAISER,Aggregate,Aggregate,Aggregate,Not Provided,52607.20,52607.20,2016,,Elko County,""
PECK AMANDA,DEPUTY COUNTY CLERK,Aggregate,Aggregate,Aggregate,Not Provided,52488.52,52488.52,2016,,Elko County,""
HADLOCK RANDY,MECHANIC,Aggregate,Aggregate,Aggregate,Not Provided,52417.52,52417.52,2016,,Elko County,""
WALKER ROBERT,EQUIPMENT OPERATOR,Aggregate,Aggregate,Aggregate,Not Provided,52339.05,52339.05,2016,,Elko County,""
PLUNKETT REBECCA,DEPUTY COUNTY CLERK,Aggregate,Aggregate,Aggregate,Not Provided,52253.61,52253.61,2016,,Elko County,""
ZUGAZAGA PEDRO,LAW CLERK DIST. COURT II,Aggregate,Aggregate,Aggregate,Not Provided,52000.00,52000.00,2016,,Elko County,""
MAXWELL JENICA,LAW CLERK D.C.1,Aggregate,Aggregate,Aggregate,Not Provided,52000.00,52000.00,2016,,Elko County,""
SUPP RONALD,UNDERSHERIFF,Aggregate,Aggregate,Aggregate,Not Provided,51544.00,51544.00,2016,,Elko County,""
PHILLIPS CLARK,PUBLIC UTILITIES/ENGINEERING,Aggregate,Aggregate,Aggregate,Not Provided,51448.58,51448.58,2016,,Elko County,""
THUEMLER JULIE,JUDICIAL SECRETARY,Aggregate,Aggregate,Aggregate,Not Provided,51296.47,51296.47,2016,,Elko County,""
CRACRAFT DICKENSTAMMIE,APPRAISER I,Aggregate,Aggregate,Aggregate,Not Provided,50971.88,50971.88,2016,,Elko County,""
INGHAM GLEN,JUVENILE DETENTION OFFICER II,Aggregate,Aggregate,Aggregate,Not Provided,50725.38,50725.38,2016,,Elko County,""
PACINI THERESA,SUPPORT SERVICES ASSIST. LEAD,Aggregate,Aggregate,Aggregate,Not Provided,50485.31,50485.31,2016,,Elko County,""
KEVAN CANDACE,ADMIN. SEC. - AG EXTENSION,Aggregate,Aggregate,Aggregate,Not Provided,50422.00,50422.00,2016,,Elko County,""
RUIZ SHEILA,ADMIN.SEC'Y FINANCE,Aggregate,Aggregate,Aggregate,Not Provided,50374.73,50374.73,2016,,Elko County,""
PONZINI LINDSEY,APPRAISER I,Aggregate,Aggregate,Aggregate,Not Provided,50361.59,50361.59,2016,,Elko County,""
LISTER JAMES,LEAD MECHANIC,Aggregate,Aggregate,Aggregate,Not Provided,50181.49,50181.49,2016,,Elko County,""
YELL TANYA,VICTIM/WITNESS LIAISON,Aggregate,Aggregate,Aggregate,Not Provided,50155.53,50155.53,2016,,Elko County,""
KIMBRELL KRISTY,DEPUTY COURT CLERK II,Aggregate,Aggregate,Aggregate,Not Provided,50040.77,50040.77,2016,,Elko County,""
TORIVIO JUANITA,JUVENILE DETENTION OFFICER II,Aggregate,Aggregate,Aggregate,Not Provided,49995.30,49995.30,2016,,Elko County,""
ESTRADA GUSTAVO,PUBLIC WORKS TECHNICIAN J.P.,Aggregate,Aggregate,Aggregate,Not Provided,49876.85,49876.85,2016,,Elko County,""
ABRAMS MICHAEL,ECFPD TRAINING OFFICER,Aggregate,Aggregate,Aggregate,Not Provided,49675.23,49675.23,2016,,Elko County,""
HOOVER BRITTENY,ADVANCED EMT,Aggregate,Aggregate,Aggregate,Not Provided,49655.35,49655.35,2016,,Elko County,""
HYLTON WILLIAM,EQUIPMENT OPERATOR,Aggregate,Aggregate,Aggregate,Not Provided,49317.12,49317.12,2016,,Elko County,""
SCHNOOR MELISSA,FAMILY COURT CLERK,Aggregate,Aggregate,Aggregate,Not Provided,49181.37,49181.37,2016,,Elko County,""
MOORE KRISTINA,DEPUTY COURT CLERK III,Aggregate,Aggregate,Aggregate,Not Provided,49004.48,49004.48,2016,,Elko County,""
MOORE DIANE,JUSTICE COURT CLERK - TOWNS,Aggregate,Aggregate,Aggregate,Not Provided,48977.49,48977.49,2016,,Elko County,""
NANCE CHERYL,JUSTICE COURT CLERK - TOWNS,Aggregate,Aggregate,Aggregate,Not Provided,48927.50,48927.50,2016,,Elko County,""
LAVOIE THRESA,HUMAN SERVICES ASSISTANT,Aggregate,Aggregate,Aggregate,Not Provided,48646.38,48646.38,2016,,Elko County,""
ODONNELL ELEANOR,ADMIN ASST PLANNING/ZONING,Aggregate,Aggregate,Aggregate,Not Provided,48414.54,48414.54,2016,,Elko County,""
DAVILA NANCY,DEPUTY TREASURER,Aggregate,Aggregate,Aggregate,Not Provided,48381.35,48381.35,2016,,Elko County,""
NIELSON LISA,CASEWORKER II - PUBLIC DEFNDER,Aggregate,Aggregate,Aggregate,Not Provided,48192.79,48192.79,2016,,Elko County,""
LARSEN CHASE,BUILDING MAINTENANCE WORKER,Aggregate,Aggregate,Aggregate,Not Provided,48064.74,48064.74,2016,,Elko County,""
WHITAKER WALTER,EQUIPMENT OPERATOR,Aggregate,Aggregate,Aggregate,Not Provided,47811.65,47811.65,2016,,Elko County,""
LUCE RONALD,EQUIPMENT OPERATOR,Aggregate,Aggregate,Aggregate,Not Provided,47811.62,47811.62,2016,,Elko County,""
ELLISON JOYCE,ASSESSOR RECORDS CLERK,Aggregate,Aggregate,Aggregate,Not Provided,47747.99,47747.99,2016,,Elko County,""
VAN RIPER VICTORIA,AMBULANCE SERVICE BILLER,Aggregate,Aggregate,Aggregate,Not Provided,47730.16,47730.16,2016,,Elko County,""
WHEELER MEGHAN,CASEWORKER II,Aggregate,Aggregate,Aggregate,Not Provided,47269.01,47269.01,2016,,Elko County,""
CERVANTES ROMAN,NETWORK ANALYST,Aggregate,Aggregate,Aggregate,Not Provided,47206.61,47206.61,2016,,Elko County,""
MERKLEY MICHELE,DEPUTY COUNTY CLERK,Aggregate,Aggregate,Aggregate,Not Provided,46398.77,46398.77,2016,,Elko County,""
BARRETT JOSEPH,DEPUTY DISTRICT ATTORNEY,Aggregate,Aggregate,Aggregate,Not Provided,46189.54,46189.54,2016,,Elko County,""
REYES PALMIRA,ADMIN. SEC'Y FAMILY COURT,Aggregate,Aggregate,Aggregate,Not Provided,46099.83,46099.83,2016,,Elko County,""
ANCHONDO CARISA,CASEWORKER II,Aggregate,Aggregate,Aggregate,Not Provided,45847.86,45847.86,2016,,Elko County,""
MALOTTE DARLA,DEPUTY COURT CLERK II,Aggregate,Aggregate,Aggregate,Not Provided,45775.06,45775.06,2016,,Elko County,""
TUTTLE MICHELE,DEPUTY RECORDER,Aggregate,Aggregate,Aggregate,Not Provided,45574.59,45574.59,2016,,Elko County,""
GUSTAFSON CHARNICE,SENIOR CITIZENS CENTER,Aggregate,Aggregate,Aggregate,Not Provided,45147.89,45147.89,2016,,Elko County,""
DAZ EVE,DEPUTY COURT CLERK II,Aggregate,Aggregate,Aggregate,Not Provided,45047.39,45047.39,2016,,Elko County,""
DEMARS ANGELINA,DEPUTY COUNTY CLERK,Aggregate,Aggregate,Aggregate,Not Provided,45047.38,45047.38,2016,,Elko County,""
CZEGLEDI KAYLA,SUPPORT SERVICES ASSISTANT,Aggregate,Aggregate,Aggregate,Not Provided,45033.85,45033.85,2016,,Elko County,""
WILKIE DONNA,CASEWORKER II - PUBLIC DEFNDER,Aggregate,Aggregate,Aggregate,Not Provided,44813.02,44813.02,2016,,Elko County,""
PUGH KATHLEEN,ADMINISTRATIVE SECRETARY-ROADS,Aggregate,Aggregate,Aggregate,Not Provided,44789.48,44789.48,2016,,Elko County,""
IRVIN CHRISTY,ADVANCED EMT,Aggregate,Aggregate,Aggregate,Not Provided,44744.20,44744.20,2016,,Elko County,""
ALGERIO JEANETTE,CHILD SUPPORT CASE WORKER,Aggregate,Aggregate,Aggregate,Not Provided,44493.89,44493.89,2016,,Elko County,""
MERKLEY JANE,DEPUTY/JAIL,Aggregate,Aggregate,Aggregate,Not Provided,44047.69,44047.69,2016,,Elko County,""
GILL JOSEPH,BUILDING MAINTENANCE WORKER,Aggregate,Aggregate,Aggregate,Not Provided,43886.71,43886.71,2016,,Elko County,""
URBAN VICKI,PERSONAL PROP. APPRAISER,Aggregate,Aggregate,Aggregate,Not Provided,43680.00,43680.00,2016,,Elko County,""
BOATMAN BRIAN,JUSTICE COURT JUDGE,Aggregate,Aggregate,Aggregate,Not Provided,43634.96,43634.96,2016,,Elko County,""
DUSOLEIL HEIDI,DEPUTY TREASURER,Aggregate,Aggregate,Aggregate,Not Provided,43083.01,43083.01,2016,,Elko County,""
MACHADO MAGGIE,CASEWORKER II,Aggregate,Aggregate,Aggregate,Not Provided,42972.54,42972.54,2016,,Elko County,""
REKWARD SAVANNA,APPRAISER I,Aggregate,Aggregate,Aggregate,Not Provided,42584.64,42584.64,2016,,Elko County,""
TSOSIE ALANA,CONTROL ROOM CLERK,Aggregate,Aggregate,Aggregate,Not Provided,42522.87,42522.87,2016,,Elko County,""
ANTONUCCI KELLY,JURY COMMISSIONER,Aggregate,Aggregate,Aggregate,Not Provided,42487.62,42487.62,2016,,Elko County,""
ROBINSON ANNETTE,CIRCULATION SUPERVISOR,Aggregate,Aggregate,Aggregate,Not Provided,42296.01,42296.01,2016,,Elko County,""
JORGENSEN AUTUMN,SUPPORT SERVICES ASSISTANT,Aggregate,Aggregate,Aggregate,Not Provided,41565.44,41565.44,2016,,Elko County,""
SPENCE MELISSA,ASSISTANT LIBRARY DIRECTOR,Aggregate,Aggregate,Aggregate,Not Provided,41545.60,41545.60,2016,,Elko County,""
STEWART KATASHUA,LIBRARY ASSISTANT,Aggregate,Aggregate,Aggregate,Not Provided,40904.46,40904.46,2016,,Elko County,""
PINGEL RANDY,EMT-FIREFIGHTER,Aggregate,Aggregate,Aggregate,Not Provided,40885.63,40885.63,2016,,Elko County,""
PENNELL JULIE,SUPPORT SERVICES ASSISTANT,Aggregate,Aggregate,Aggregate,Not Provided,40749.60,40749.60,2016,,Elko County,""
FEASEL TERI,JUSTICE COURT JUDGE,Aggregate,Aggregate,Aggregate,Not Provided,40625.24,40625.24,2016,,Elko County,""
DALTON GEORGEANN,RECEPTIONIST/CRIMINAL DIV.,Aggregate,Aggregate,Aggregate,Not Provided,40076.04,40076.04,2016,,Elko County,""
MADRIGAL KAYLA,CASEWORKER II,Aggregate,Aggregate,Aggregate,Not Provided,39244.75,39244.75,2016,,Elko County,""
DILL SARAH,ADMINISTRATIVE ASSISTANT II,Aggregate,Aggregate,Aggregate,Not Provided,38423.04,38423.04,2016,,Elko County,""
BENOIT SARA,ACCOUNTANT I,Aggregate,Aggregate,Aggregate,Not Provided,38058.65,38058.65,2016,,Elko County,""
WILKIE CRYSTAL,RECEPTIONIST/CHILD SUPPORT,Aggregate,Aggregate,Aggregate,Not Provided,36883.16,36883.16,2016,,Elko County,""
YAMAUCHI KRYSTIN,NETWORK TECHNICIAN,Aggregate,Aggregate,Aggregate,Not Provided,36540.25,36540.25,2016,,Elko County,""
ASHDOWN KRISTINA,ADMIN ASST TO DIRECTOR,Aggregate,Aggregate,Aggregate,Not Provided,36492.00,36492.00,2016,,Elko County,""
PRICE SOPHIA,DEPUTY COURT CLERK I,Aggregate,Aggregate,Aggregate,Not Provided,36125.91,36125.91,2016,,Elko County,""
ARZOLA MARTHA,LEAD CUSTODIAL WORKER,Aggregate,Aggregate,Aggregate,Not Provided,36085.38,36085.38,2016,,Elko County,""
VELASQUEZ JAMIE,SUPPORT SERVICES ASSISTANT,Aggregate,Aggregate,Aggregate,Not Provided,35607.92,35607.92,2016,,Elko County,""
GILLIAM JUSTIN,PUBLIC WORKS TECHNICIAN I,Aggregate,Aggregate,Aggregate,Not Provided,35517.26,35517.26,2016,,Elko County,""
BOHARSIK MICHAEL,ADVANCED EMT,Aggregate,Aggregate,Aggregate,Not Provided,35336.33,35336.33,2016,,Elko County,""
GREGORY TAMMY,LIBRARY BRANCH ASSISTANT,Aggregate,Aggregate,Aggregate,Not Provided,34943.14,34943.14,2016,,Elko County,""
HAMILTON JULIA,SUPPORT SERVICES ASSISTANT,Aggregate,Aggregate,Aggregate,Not Provided,34735.86,34735.86,2016,,Elko County,""
EDGAR SHYANN,RECEP/CLERICAL-COUNTY MGR OFFI,Aggregate,Aggregate,Aggregate,Not Provided,34578.13,34578.13,2016,,Elko County,""
BOYER JESSICA,LIBRARY BRANCH ASSISTANT,Aggregate,Aggregate,Aggregate,Not Provided,33636.64,33636.64,2016,,Elko County,""
HESTER JAMES,JUSTICE COURT JUDGE,Aggregate,Aggregate,Aggregate,Not Provided,33601.24,33601.24,2016,,Elko County,""
PATTIE JAMI,ASSESSOR RECORDS CLERK,Aggregate,Aggregate,Aggregate,Not Provided,33517.59,33517.59,2016,,Elko County,""
LONGHURST PEGGY,BOOKKEEPER - LIBRARY,Aggregate,Aggregate,Aggregate,Not Provided,32286.33,32286.33,2016,,Elko County,""
GIFFORD FRANCINE,CUSTODIAL WORKER,Aggregate,Aggregate,Aggregate,Not Provided,31754.63,31754.63,2016,,Elko County,""
DAHL DEMAR,COUNTY COMMISSIONERS,Aggregate,Aggregate,Aggregate,Not Provided,31014.22,31014.22,2016,,Elko County,""
TILSON WILLIAM,JUSTICE COURT CLERK - TOWNS,Aggregate,Aggregate,Aggregate,Not Provided,29440.69,29440.69,2016,,Elko County,""
SORENSEN MATTHEW,CUSTODIAL WORKER,Aggregate,Aggregate,Aggregate,Not Provided,29423.14,29423.14,2016,,Elko County,""
WRENFROW THOMAS,CUSTODIAL WORKER,Aggregate,Aggregate,Aggregate,Not Provided,29258.18,29258.18,2016,,Elko County,""
BARRUS ROSALIND,REC.PROG.OPERATIONS SUPERVISOR,Aggregate,Aggregate,Aggregate,Not Provided,28880.12,28880.12,2016,,Elko County,""
MORRIS CLAIR,UNDERSHERIFF,Aggregate,Aggregate,Aggregate,Not Provided,28506.86,28506.86,2016,,Elko County,""
NEDLI-CHA NDLER  SUSAN,DEPUTY/JAIL,Aggregate,Aggregate,Aggregate,Not Provided,27656.69,27656.69,2016,,Elko County,""
ANDREOZZI DELMO,COUNTY COMMISSIONERS,Aggregate,Aggregate,Aggregate,Not Provided,27453.66,27453.66,2016,,Elko County,""
STENINGER REX,COUNTY COMMISSIONERS,Aggregate,Aggregate,Aggregate,Not Provided,27453.66,27453.66,2016,,Elko County,""
EKLUND CLIFFORD,COUNTY COMMISSIONERS,Aggregate,Aggregate,Aggregate,Not Provided,27453.66,27453.66,2016,,Elko County,""
MCNEIL LUCRESIA,DEPUTY/JAIL,Aggregate,Aggregate,Aggregate,Not Provided,26910.46,26910.46,2016,,Elko County,""
EVELETH KELLY,LIBRARY BRANCH ASSISTANT,Aggregate,Aggregate,Aggregate,Not Provided,26448.40,26448.40,2016,,Elko County,""
HUNTON KARRIE,DISPATCHER I,Aggregate,Aggregate,Aggregate,Not Provided,26327.59,26327.59,2016,,Elko County,""
GREEN NATASHA,CASEWORKER II,Aggregate,Aggregate,Aggregate,Not Provided,25902.85,25902.85,2016,,Elko County,""
BROPHY SHANNON,ADVANCED EMT,Aggregate,Aggregate,Aggregate,Not Provided,24901.42,24901.42,2016,,Elko County,""
LEHMANN JESSICA,CASEWORKER II - PUBLIC DEFNDER,Aggregate,Aggregate,Aggregate,Not Provided,23981.79,23981.79,2016,,Elko County,""
BIRDSILL MARJORIE,SENIOR CITIZENS CENTER,Aggregate,Aggregate,Aggregate,Not Provided,23628.79,23628.79,2016,,Elko County,""
LUSAR DAMIAN,DEPUTY COURT CLERK I,Aggregate,Aggregate,Aggregate,Not Provided,23613.48,23613.48,2016,,Elko County,""
CASTRO GLORIA,DEPUTY COURT CLERK II,Aggregate,Aggregate,Aggregate,Not Provided,22141.55,22141.55,2016,,Elko County,""
CHOATE DIXIE,JACKPOT TOWN CLERK,Aggregate,Aggregate,Aggregate,Not Provided,21377.93,21377.93,2016,,Elko County,""
MORQUECHO CLAUDIA,PUBLIC SAFETY VOL.FIRE & AMBUL,Aggregate,Aggregate,Aggregate,Not Provided,20682.00,20682.00,2016,,Elko County,""
HESS KIMBERLY,RECEPT/SECRETARY PUBLIC WORKS,Aggregate,Aggregate,Aggregate,Not Provided,19171.37,19171.37,2016,,Elko County,""
RIDGE GLORIA,LIBRARY BRANCH ASSISTANT,Aggregate,Aggregate,Aggregate,Not Provided,18952.63,18952.63,2016,,Elko County,""
FITCH ANGELL,CASEWORKER II,Aggregate,Aggregate,Aggregate,Not Provided,18762.25,18762.25,2016,,Elko County,""
MEZA SONIA,DEPUTY COURT CLERK I,Aggregate,Aggregate,Aggregate,Not Provided,18676.98,18676.98,2016,,Elko County,""
MOIOLA STEVE,PART-TIME HIGHWAYS,Aggregate,Aggregate,Aggregate,Not Provided,16800.73,16800.73,2016,,Elko County,""
MARTINEZ LESLIE,LIBRARY BRANCH ASSISTANT,Aggregate,Aggregate,Aggregate,Not Provided,16202.38,16202.38,2016,,Elko County,""
LICKLY JOANN,CASEWORKER II,Aggregate,Aggregate,Aggregate,Not Provided,15475.87,15475.87,2016,,Elko County,""
ASHBY CANDICE,SENIOR CITIZENS CENTER,Aggregate,Aggregate,Aggregate,Not Provided,14964.30,14964.30,2016,,Elko County,""
MARTINEZ MARITZA,PART-TIME LEGAL/JUDICIAL,Aggregate,Aggregate,Aggregate,Not Provided,14460.00,14460.00,2016,,Elko County,""
LEE HEIDI,SENIOR CITIZENS CENTER,Aggregate,Aggregate,Aggregate,Not Provided,13695.31,13695.31,2016,,Elko County,""
YGOA ALFONSO,PART-TIME HIGHWAYS,Aggregate,Aggregate,Aggregate,Not Provided,13584.20,13584.20,2016,,Elko County,""
WILSON DALE,PART TIME ADVANCED EMT,Aggregate,Aggregate,Aggregate,Not Provided,13344.00,13344.00,2016,,Elko County,""
FULLER ROSEMARY,LIBRARY BRANCH ASSISTANT,Aggregate,Aggregate,Aggregate,Not Provided,13260.69,13260.69,2016,,Elko County,""
HAMILTON CLARA,LIBRARY BRANCH ASSISTANT,Aggregate,Aggregate,Aggregate,Not Provided,12185.98,12185.98,2016,,Elko County,""
TACADINA KRISTIE,JUVENILE PROBATION OFFICER II,Aggregate,Aggregate,Aggregate,Not Provided,12042.79,12042.79,2016,,Elko County,""
RADEL KRISTINA,PART TIME ADVANCED EMT,Aggregate,Aggregate,Aggregate,Not Provided,11625.00,11625.00,2016,,Elko County,""
MORTON MARVIN,LIEUTENANT (PATROL DIVISION),Aggregate,Aggregate,Aggregate,Not Provided,11304.20,11304.20,2016,,Elko County,""
WHITE TIMOTHY,PUBLIC SAFETY VOL.FIRE & AMBUL,Aggregate,Aggregate,Aggregate,Not Provided,11150.00,11150.00,2016,,Elko County,""
PONCE DIANA,PART-TIME LEGAL/JUDICIAL,Aggregate,Aggregate,Aggregate,Not Provided,11148.00,11148.00,2016,,Elko County,""
KENDALL KIMBERLY,PART-TIME LEGAL/JUDICIAL,Aggregate,Aggregate,Aggregate,Not Provided,10878.00,10878.00,2016,,Elko County,""
WINES SYLVIA,PUBLIC SAFETY VOL.FIRE & AMBUL,Aggregate,Aggregate,Aggregate,Not Provided,10306.75,10306.75,2016,,Elko County,""
LESPADE LISA,PART-TIME SHERIFF,Aggregate,Aggregate,Aggregate,Not Provided,9891.00,9891.00,2016,,Elko County,""
MCCRORY TRINITY,PART-TIME LIBRARY,Aggregate,Aggregate,Aggregate,Not Provided,9191.15,9191.15,2016,,Elko County,""
RAY ROBERT,PART-TIME LEGAL/JUDICIAL,Aggregate,Aggregate,Aggregate,Not Provided,9020.00,9020.00,2016,,Elko County,""
ANDERSON JOSHUA,PART TIME ADVANCED EMT,Aggregate,Aggregate,Aggregate,Not Provided,8712.00,8712.00,2016,,Elko County,""
HANEY PAULA,PART-TIME LIBRARY,Aggregate,Aggregate,Aggregate,Not Provided,8621.25,8621.25,2016,,Elko County,""
GAUL KRISTIN,PART-TIME LEGAL/JUDICIAL,Aggregate,Aggregate,Aggregate,Not Provided,8345.00,8345.00,2016,,Elko County,""
GLOVER LORI,PART-TIME LIBRARY,Aggregate,Aggregate,Aggregate,Not Provided,8274.03,8274.03,2016,,Elko County,""
SALAS COM ACHO   MARIA,PART TIME CLERICAL JACKPOT,Aggregate,Aggregate,Aggregate,Not Provided,8205.00,8205.00,2016,,Elko County,""
HERNANDEZ AURORA,PART-TIME UTILITIES,Aggregate,Aggregate,Aggregate,Not Provided,8040.00,8040.00,2016,,Elko County,""
SANDOVAL RACHAEL,PART-TIME LIBRARY,Aggregate,Aggregate,Aggregate,Not Provided,7907.63,7907.63,2016,,Elko County,""
SCHEPER JOHN,FIRE DIST DIV CHIEF-OPERATIONS,Aggregate,Aggregate,Aggregate,Not Provided,7846.14,7846.14,2016,,Elko County,""
VAUGHN CONNIE,PART-TIME LIBRARY,Aggregate,Aggregate,Aggregate,Not Provided,7700.63,7700.63,2016,,Elko County,""
SLAMA JEREMEY,PART-TIME HIGHWAYS,Aggregate,Aggregate,Aggregate,Not Provided,7636.00,7636.00,2016,,Elko County,""
THOMPSON MARY,PART-TIME LIBRARY,Aggregate,Aggregate,Aggregate,Not Provided,7573.50,7573.50,2016,,Elko County,""
PRESCOTT YVONNE,PART-TIME LIBRARY,Aggregate,Aggregate,Aggregate,Not Provided,7320.88,7320.88,2016,,Elko County,""
WHITE CRYSTAL,PUBLIC SAFETY VOL.FIRE & AMBUL,Aggregate,Aggregate,Aggregate,Not Provided,6817.00,6817.00,2016,,Elko County,""
NAGAPETOV BAGRAT,PUBLIC SAFETY VOL.FIRE & AMBUL,Aggregate,Aggregate,Aggregate,Not Provided,6420.50,6420.50,2016,,Elko County,""
FRANCO KELSEY,PART-TIME HIGHWAYS,Aggregate,Aggregate,Aggregate,Not Provided,6321.00,6321.00,2016,,Elko County,""
BAUTISTA ALBERTO,PART-TIME BLDG/GROUNDS,Aggregate,Aggregate,Aggregate,Not Provided,6180.00,6180.00,2016,,Elko County,""
ANDERSON JOHNATHON,PART TIME ADVANCED EMT,Aggregate,Aggregate,Aggregate,Not Provided,6060.00,6060.00,2016,,Elko County,""
DAVIDSON SHIRLEY,PART-TIME LIBRARY,Aggregate,Aggregate,Aggregate,Not Provided,5659.72,5659.72,2016,,Elko County,""
BARKER MEMORI,PART-TIME LIBRARY,Aggregate,Aggregate,Aggregate,Not Provided,5624.07,5624.07,2016,,Elko County,""
CARROLL KACEE,PART-TIME LIBRARY,Aggregate,Aggregate,Aggregate,Not Provided,5568.79,5568.79,2016,,Elko County,""
MENDOZA THOMAS,PUBLIC SAFETY VOL.FIRE & AMBUL,Aggregate,Aggregate,Aggregate,Not Provided,5450.00,5450.00,2016,,Elko County,""
NUNEZ-GON ZALEZ  ARIZBETH,PART-TIME LEGAL/JUDICIAL,Aggregate,Aggregate,Aggregate,Not Provided,5250.00,5250.00,2016,,Elko County,""
GLEASON TINA,PUBLIC SAFETY VOL.FIRE & AMBUL,Aggregate,Aggregate,Aggregate,Not Provided,5225.50,5225.50,2016,,Elko County,""
DAVLIN PATRICK,PUBLIC SAFETY VOL.FIRE & AMBUL,Aggregate,Aggregate,Aggregate,Not Provided,5151.00,5151.00,2016,,Elko County,""
ARELLANO ANNA,PART-TIME LEGAL/JUDICIAL,Aggregate,Aggregate,Aggregate,Not Provided,4627.50,4627.50,2016,,Elko County,""
KIPLING KEVIN,SENIOR CITIZENS CENTER,Aggregate,Aggregate,Aggregate,Not Provided,4610.70,4610.70,2016,,Elko County,""
TANNER ELIZABETH,PART-TIME LIBRARY,Aggregate,Aggregate,Aggregate,Not Provided,4162.17,4162.17,2016,,Elko County,""
WADFORD BARRY,PUBLIC SAFETY VOL.FIRE & AMBUL,Aggregate,Aggregate,Aggregate,Not Provided,4122.32,4122.32,2016,,Elko County,""
RUIZ ALEXIS,PART-TIME PARKS/RECREATION,Aggregate,Aggregate,Aggregate,Not Provided,4059.75,4059.75,2016,,Elko County,""
ZUNINO GARY,PART TIME ECFPD,Aggregate,Aggregate,Aggregate,Not Provided,4038.47,4038.47,2016,,Elko County,""
MESSMER ISAAC,PART-TIME PARKS/RECREATION,Aggregate,Aggregate,Aggregate,Not Provided,4030.13,4030.13,2016,,Elko County,""
QUINTERO VERONICA,PART-TIME LIBRARY,Aggregate,Aggregate,Aggregate,Not Provided,3877.50,3877.50,2016,,Elko County,""
SUDWEEKS LAURIE,SENIOR CITIZENS CENTER,Aggregate,Aggregate,Aggregate,Not Provided,3831.60,3831.60,2016,,Elko County,""
WILKINSON DIANE,PART-TIME CLERICAL HELP,Aggregate,Aggregate,Aggregate,Not Provided,3546.00,3546.00,2016,,Elko County,""
ECHEGARAY JOSEPH,PUBLIC SAFETY VOL.FIRE & AMBUL,Aggregate,Aggregate,Aggregate,Not Provided,3288.00,3288.00,2016,,Elko County,""
WOSTER MERCEDES,CASEWORKER II,Aggregate,Aggregate,Aggregate,Not Provided,3257.82,3257.82,2016,,Elko County,""
DOMINGUEZ REBECA,PUBLIC SAFETY VOL.FIRE & AMBUL,Aggregate,Aggregate,Aggregate,Not Provided,3221.00,3221.00,2016,,Elko County,""
ADKINS DAKOTA,PUBLIC SAFETY VOL.FIRE & AMBUL,Aggregate,Aggregate,Aggregate,Not Provided,3188.50,3188.50,2016,,Elko County,""
CARTER TONI,PUBLIC SAFETY VOL.FIRE & AMBUL,Aggregate,Aggregate,Aggregate,Not Provided,3053.50,3053.50,2016,,Elko County,""
SAMPSON LOGAN,ECFPD PART/TIME FIREFIGHTER,Aggregate,Aggregate,Aggregate,Not Provided,3015.48,3015.48,2016,,Elko County,""
DALRYMPLE JACLYN,PART TIME ADVANCED EMT,Aggregate,Aggregate,Aggregate,Not Provided,2932.50,2932.50,2016,,Elko County,""
PEAVEY DAVID,PUBLIC SAFETY VOL.FIRE & AMBUL,Aggregate,Aggregate,Aggregate,Not Provided,2662.00,2662.00,2016,,Elko County,""
CRESPIN PATRICK,PUBLIC SAFETY VOL.FIRE & AMBUL,Aggregate,Aggregate,Aggregate,Not Provided,2657.75,2657.75,2016,,Elko County,""
ATOA SIERRA,PART-TIME CLERICAL HELP,Aggregate,Aggregate,Aggregate,Not Provided,2555.00,2555.00,2016,,Elko County,""
GLASS DWIGHT,PUBLIC SAFETY VOL.FIRE & AMBUL,Aggregate,Aggregate,Aggregate,Not Provided,2523.00,2523.00,2016,,Elko County,""
FULLER MICHAEL,PUBLIC SAFETY VOL.FIRE & AMBUL,Aggregate,Aggregate,Aggregate,Not Provided,2243.50,2243.50,2016,,Elko County,""
MORENO MERCEDEZ,PART-TIME PARKS/RECREATION,Aggregate,Aggregate,Aggregate,Not Provided,2239.89,2239.89,2016,,Elko County,""
MASON DEBRA,PART-TIME LIBRARY,Aggregate,Aggregate,Aggregate,Not Provided,2227.53,2227.53,2016,,Elko County,""
KERNEGHAN KENNETH,PUBLIC SAFETY VOL.FIRE & AMBUL,Aggregate,Aggregate,Aggregate,Not Provided,2215.00,2215.00,2016,,Elko County,""
FAIRFIELD JOEL,PUBLIC SAFETY VOL.FIRE & AMBUL,Aggregate,Aggregate,Aggregate,Not Provided,1870.50,1870.50,2016,,Elko County,""
YOUNT JASON,PUBLIC SAFETY VOL.FIRE & AMBUL,Aggregate,Aggregate,Aggregate,Not Provided,1829.00,1829.00,2016,,Elko County,""
PECK MCKAYLA,PART-TIME LEGAL/JUDICIAL,Aggregate,Aggregate,Aggregate,Not Provided,1716.00,1716.00,2016,,Elko County,""
SANDHOFF SEAN,PUBLIC SAFETY VOL.FIRE & AMBUL,Aggregate,Aggregate,Aggregate,Not Provided,1710.50,1710.50,2016,,Elko County,""
ZEISZLER LEIGHA,PART-TIME LIBRARY,Aggregate,Aggregate,Aggregate,Not Provided,1641.75,1641.75,2016,,Elko County,""
BROOKS PHILLIP,PUBLIC SAFETY VOL.FIRE & AMBUL,Aggregate,Aggregate,Aggregate,Not Provided,1635.00,1635.00,2016,,Elko County,""
GILLESPIE CHERI,PART-TIME LIBRARY,Aggregate,Aggregate,Aggregate,Not Provided,1505.63,1505.63,2016,,Elko County,""
RYAN THERESA,PART-TIME LIBRARY,Aggregate,Aggregate,Aggregate,Not Provided,1311.75,1311.75,2016,,Elko County,""
TESTERMAN CAROLYN,PUBLIC SAFETY VOL.FIRE & AMBUL,Aggregate,Aggregate,Aggregate,Not Provided,1311.00,1311.00,2016,,Elko County,""
ROBB LARRY,PART-TIME SHERIFF,Aggregate,Aggregate,Aggregate,Not Provided,1297.50,1297.50,2016,,Elko County,""
JOHNSTON WILLIAM,PART-TIME HIGHWAYS,Aggregate,Aggregate,Aggregate,Not Provided,1267.50,1267.50,2016,,Elko County,""
EBOLI ASIA,PART-TIME PARKS/RECREATION,Aggregate,Aggregate,Aggregate,Not Provided,1249.89,1249.89,2016,,Elko County,""
BAUTISTA LUZ,PART-TIME BLDG/GROUNDS,Aggregate,Aggregate,Aggregate,Not Provided,1215.00,1215.00,2016,,Elko County,""
THURMAN BOBBIE,SENIOR CITIZENS CENTER,Aggregate,Aggregate,Aggregate,Not Provided,1042.63,1042.63,2016,,Elko County,""
COLE JACOB,PUBLIC SAFETY VOL.FIRE & AMBUL,Aggregate,Aggregate,Aggregate,Not Provided,912.00,912.00,2016,,Elko County,""
WIECHERS AMBERLIA,PUBLIC SAFETY VOL.FIRE & AMBUL,Aggregate,Aggregate,Aggregate,Not Provided,876.00,876.00,2016,,Elko County,""
BEBEAU MICHAEL,PUBLIC SAFETY VOL.FIRE & AMBUL,Aggregate,Aggregate,Aggregate,Not Provided,655.00,655.00,2016,,Elko County,""
RIRIE MACKENNA,PART-TIME PARKS/RECREATION,Aggregate,Aggregate,Aggregate,Not Provided,618.75,618.75,2016,,Elko County,""
FULLER JENETTE,PUBLIC SAFETY VOL.FIRE & AMBUL,Aggregate,Aggregate,Aggregate,Not Provided,580.50,580.50,2016,,Elko County,""
STANHOPE AUSTIN,PUBLIC SAFETY VOL.FIRE & AMBUL,Aggregate,Aggregate,Aggregate,Not Provided,576.00,576.00,2016,,Elko County,""
JACK JARED,PUBLIC SAFETY VOL.FIRE & AMBUL,Aggregate,Aggregate,Aggregate,Not Provided,568.00,568.00,2016,,Elko County,""
CONNIN JUSTIN,PUBLIC SAFETY VOL.FIRE & AMBUL,Aggregate,Aggregate,Aggregate,Not Provided,567.50,567.50,2016,,Elko County,""
SOLLENBER GER    LISA,PART-TIME LIBRARY,Aggregate,Aggregate,Aggregate,Not Provided,525.00,525.00,2016,,Elko County,""
ANDREASEN KYLE,PUBLIC SAFETY VOL.FIRE & AMBUL,Aggregate,Aggregate,Aggregate,Not Provided,510.00,510.00,2016,,Elko County,""
LONCAR CARLA,PART-TIME LIBRARY,Aggregate,Aggregate,Aggregate,Not Provided,420.75,420.75,2016,,Elko County,""
IVORY LANCE,PUBLIC SAFETY VOL.FIRE & AMBUL,Aggregate,Aggregate,Aggregate,Not Provided,420.00,420.00,2016,,Elko County,""
BYINGTON WILLIAM,PUBLIC SAFETY VOL.FIRE & AMBUL,Aggregate,Aggregate,Aggregate,Not Provided,363.00,363.00,2016,,Elko County,""
DALPIAZ KATHLEEN,PART-TIME LIBRARY,Aggregate,Aggregate,Aggregate,Not Provided,319.50,319.50,2016,,Elko County,""
BRAATEN KENNETH,PUBLIC SAFETY VOL.FIRE & AMBUL,Aggregate,Aggregate,Aggregate,Not Provided,297.00,297.00,2016,,Elko County,""
WILLIAMS DARREL,PUBLIC SAFETY VOL.FIRE & AMBUL,Aggregate,Aggregate,Aggregate,Not Provided,288.00,288.00,2016,,Elko County,""
VINCENT JUSTIN,PUBLIC SAFETY VOL.FIRE & AMBUL,Aggregate,Aggregate,Aggregate,Not Provided,288.00,288.00,2016,,Elko County,""
BASSO SEAN,PART-TIME SHERIFF,Aggregate,Aggregate,Aggregate,Not Provided,262.50,262.50,2016,,Elko County,""
KOCH CARL,PUBLIC SAFETY VOL.FIRE & AMBUL,Aggregate,Aggregate,Aggregate,Not Provided,205.00,205.00,2016,,Elko County,""
PRATT ANGELA,PUBLIC SAFETY VOL.FIRE & AMBUL,Aggregate,Aggregate,Aggregate,Not Provided,200.00,200.00,2016,,Elko County,""
SKINNER DUSTIN,PUBLIC SAFETY VOL.FIRE & AMBUL,Aggregate,Aggregate,Aggregate,Not Provided,192.00,192.00,2016,,Elko County,""
JIMENEZ ALMA,PUBLIC SAFETY VOL.FIRE & AMBUL,Aggregate,Aggregate,Aggregate,Not Provided,183.50,183.50,2016,,Elko County,""
COOK SALLY,PART-TIME LIBRARY,Aggregate,Aggregate,Aggregate,Not Provided,173.25,173.25,2016,,Elko County,""
LOSH ROSEMARY,PART-TIME LIBRARY,Aggregate,Aggregate,Aggregate,Not Provided,160.88,160.88,2016,,Elko County,""
TORRISE JOHN,PART-TIME LEGAL/JUDICIAL,Aggregate,Aggregate,Aggregate,Not Provided,160.00,160.00,2016,,Elko County,""
MCCREADY ASHLEY,SENIOR CITIZENS CENTER,Aggregate,Aggregate,Aggregate,Not Provided,144.88,144.88,2016,,Elko County,""
RAMSEY DIANA,PUBLIC SAFETY VOL.FIRE & AMBUL,Aggregate,Aggregate,Aggregate,Not Provided,138.00,138.00,2016,,Elko County,""
GOERTZEN DYLAN,PUBLIC SAFETY VOL.FIRE & AMBUL,Aggregate,Aggregate,Aggregate,Not Provided,70.00,70.00,2016,,Elko County,""
MUSE CALEB,ECFPD EMERGENCY FIREFIGHTER,Aggregate,Aggregate,Aggregate,Not Provided,50.82,50.82,2016,,Elko County,""
MARTINEZ SUSANA,PUBLIC SAFETY VOL.FIRE & AMBUL,Aggregate,Aggregate,Aggregate,Not Provided,50.00,50.00,2016,,Elko County,""
BENSON JARED,PUBLIC SAFETY VOL.FIRE & AMBUL,Aggregate,Aggregate,Aggregate,Not Provided,48.00,48.00,2016,,Elko County,""
GORDON ROBERT,PUBLIC SAFETY VOL.FIRE & AMBUL,Aggregate,Aggregate,Aggregate,Not Provided,20.00,20.00,2016,,Elko County,""
