Employee Name,Job Title,Base Pay,Overtime Pay,Other Pay,Benefits,Total Pay,Total Pay & Benefits,Year,Notes,Agency,Status
Michael Macdonald,DISTRICT ATTORNEY,131531.79,0.00,0.00,38736.10,131531.79,170267.89,2016,,Humboldt County,""
Kevin L Pasquale,CHIEF DPTY DIST ATTY,125543.63,0.00,0.00,36972.51,125543.63,162516.14,2016,,Humboldt County,""
Kim D Petersen,WCVA DIRECTOR,123014.97,0.00,0.00,36030.89,123014.97,159045.86,2016,,Humboldt County,""
David A Mendiola,ADMINISTRATOR,119939.30,0.00,0.00,35169.22,119939.30,155108.52,2016,,Humboldt County,""
Matthew J Stermitz,PUBLIC DEFENDER,115730.42,0.00,0.00,34037.02,115730.42,149767.44,2016,,Humboldt County,""
Benjamin A Garrett,ROAD SUPERINTENDENT,111144.41,0.00,0.00,32704.71,111144.41,143849.12,2016,,Humboldt County,""
Gabrielle J Carr,CHIEF DPTY DISTRICT,109904.39,0.00,0.00,32272.52,109904.39,142176.91,2016,,Humboldt County,""
Christopher R Aker,SERGEANT,77499.20,19333.00,7859.65,35624.32,104691.85,140316.17,2016,,Humboldt County,""
David W Milton,SERGEANT-PATROL,86216.00,11385.43,3908.10,37419.18,101509.53,138928.71,2016,,Humboldt County,""
Andrew R Rorex,CAPTAIN,92221.81,0.00,2187.50,38718.79,94409.31,133128.10,2016,,Humboldt County,""
Kevin W Malone,CAPTAIN,92221.81,0.00,1750.00,38709.66,93971.81,132681.47,2016,,Humboldt County,""
Stevan R Radmanovich,SERGEANT,73201.60,16426.44,8476.96,33826.63,98105.00,131931.63,2016,,Humboldt County,""
Irma Aboytes-Tanner,COURT MASTER,101568.43,0.00,0.00,29911.94,101568.43,131480.37,2016,,Humboldt County,""
Jacqueline M Lynn,SERGEANT,78372.80,8628.05,6429.08,34989.92,93429.93,128419.85,2016,,Humboldt County,""
Chris L Lininger,DPTY SHERIFF PATROL,72373.60,19099.68,4313.74,32078.55,95787.02,127865.57,2016,,Humboldt County,""
Bobby Thomas,BUILDING OFFICIAL,98187.44,0.00,0.00,28916.16,98187.44,127103.60,2016,,Humboldt County,""
Angel Cardenas,DEPUTY SHERIFF,65780.00,25853.65,5375.92,29616.94,97009.57,126626.51,2016,,Humboldt County,""
Tami Rae Spero,COUNTY CLERK,95360.98,0.00,0.00,28079.10,95360.98,123440.08,2016,,Humboldt County,""
Wm. Jeffrey Johnson,ASSESSOR,95360.98,0.00,0.00,28042.76,95360.98,123403.74,2016,,Humboldt County,""
Anthony R Gordon,DPTY DIST ATTORNEY,95323.98,0.00,0.00,28073.12,95323.98,123397.10,2016,,Humboldt County,""
Richard C Haas,DPTY DISTRICT ATTY,95323.98,0.00,0.00,27993.88,95323.98,123317.86,2016,,Humboldt County,""
Gina S Rackley,COMPTROLLER,92988.74,0.00,0.00,27385.15,92988.74,120373.89,2016,,Humboldt County,""
David E Grantham,SR COMMUNIC TECH,85028.18,9920.82,0.00,25324.74,94949.00,120273.74,2016,,Humboldt County,""
Damon B Kuskie,DPTY SHERIFF PATROL,65780.00,13288.37,6179.64,29897.22,85248.01,115145.23,2016,,Humboldt County,""
Carole Duncan,SERGEANT-DETENTION,71173.60,6010.74,4154.56,31022.06,81338.90,112360.96,2016,,Humboldt County,""
Pauline E Salla-Smith,DIRECTOR OF JUVENILE,85850.05,0.00,0.00,25282.44,85850.05,111132.49,2016,,Humboldt County,""
Casey S Negus,DEPUTY SHERIFF,57853.60,17189.02,7500.32,28555.09,82542.94,111098.03,2016,,Humboldt County,""
Lincoln P Fay,DEPUTY SHERIFF,65780.00,7668.51,7458.14,30125.61,80906.65,111032.26,2016,,Humboldt County,""
Victor M Castaneda,INVESTIGATOR,67100.80,10002.19,3453.00,30004.66,80555.99,110560.65,2016,,Humboldt County,""
Christopher L Sjoblom,DPTY SHERIFF PATROL,65240.00,11012.70,4665.08,29027.51,80917.78,109945.29,2016,,Humboldt County,""
Enoc A Gaitan,B&G DIRECTOR,83940.48,0.00,0.00,24704.70,83940.48,108645.18,2016,,Humboldt County,""
Don E Darlington,DEPUTY SHERIFF,62811.20,7382.51,7165.00,30134.70,77358.71,107493.41,2016,,Humboldt County,""
Cynthia M O,LIBRARY DIRECTOR,82456.14,0.00,0.00,24283.35,82456.14,106739.49,2016,,Humboldt County,""
William David Walls,DPTY SHERIFF,69200.80,3044.23,2601.54,29455.38,74846.57,104301.95,2016,,Humboldt County,""
Michael E Allen,SHERIFF,100045.53,0.00,1750.00,1479.95,101795.53,103275.48,2016,,Humboldt County,""
Deborah Ann Engstrom,RECORDER,79467.57,0.00,0.00,23380.23,79467.57,102847.80,2016,,Humboldt County,""
Lefette M Norcutt,JUSTICE OF THE PEACE,79467.57,0.00,0.00,23357.48,79467.57,102825.05,2016,,Humboldt County,""
Sondra S Schmidt,COMPTROLLER,78952.15,0.00,0.00,23389.20,78952.15,102341.35,2016,,Humboldt County,""
Hellie K Casey,DPTY SHERIFF DETENT,63539.20,4460.66,5332.32,28282.46,73332.18,101614.64,2016,,Humboldt County,""
Shane Goodale,DPTY SHERIFF DETENTI,60661.60,7752.67,4764.69,26853.90,73178.96,100032.86,2016,,Humboldt County,""
Sheri L Mcdaniel,DISPATCH SUPERVISOR,54438.40,25987.58,2242.64,17025.85,82668.62,99694.47,2016,,Humboldt County,""
Nicholas L Zicari,DPTY DIST ATTORNEY,76994.06,0.00,0.00,22674.73,76994.06,99668.79,2016,,Humboldt County,""
Enrique Ponce,DEPTY SHERIFF PATROL,53220.00,13967.07,7185.72,24837.91,74372.79,99210.70,2016,,Humboldt County,""
Sheree M Tibbals,OPERATIONS SUPERVSR,74497.28,0.00,0.00,21912.46,74497.28,96409.74,2016,,Humboldt County,""
Tony Harris,RESIDENTIAL TECH IV,70447.20,2996.80,1293.38,21188.76,74737.38,95926.14,2016,,Humboldt County,""
Jodie M Huitt,DISPATCHER,52494.00,19967.25,5599.56,17448.38,78060.81,95509.19,2016,,Humboldt County,""
Luis A Mendoza,DPTY SHERIFF DETENT,54921.92,11668.84,4451.76,24373.57,71042.52,95416.09,2016,,Humboldt County,""
Rodolfo D Avila,DPTY SHERIFF DETENT,56128.80,8139.42,5741.12,25366.77,70009.34,95376.11,2016,,Humboldt County,""
Preston L Grieve,DPTY SHERIFF DETENT,54974.40,6949.61,7669.44,25633.55,69593.45,95227.00,2016,,Humboldt County,""
Betty J Roeder,RESIDENTIAL TECH IV,69794.40,4274.26,3.00,20612.77,74071.66,94684.43,2016,,Humboldt County,""
Kathy L Brumm,COURT TRANSCRIBER,71807.68,0.00,0.00,21128.49,71807.68,92936.17,2016,,Humboldt County,""
Dustin D Hatch,DPTY SHERIFF DETENT,54350.40,9241.20,4657.52,24183.06,68249.12,92432.18,2016,,Humboldt County,""
Kyle A Negus,DEPUTY SHERIFF,49424.00,13093.90,6070.98,23803.72,68588.88,92392.60,2016,,Humboldt County,""
Zachary L Nicholson,DPTY SHERIFF DETENT,54555.20,8327.88,4878.04,24386.07,67761.12,92147.19,2016,,Humboldt County,""
Joseph A Patchen,DPTY SHERIFF DETENT,56866.40,5158.34,4121.00,24935.79,66145.74,91081.53,2016,,Humboldt County,""
Timothy P Grady,JUV PROB OFFICER II,59384.80,3973.84,0.00,26060.97,63358.64,89419.61,2016,,Humboldt County,""
Ronald S Moser,DPTY SHERIFF DETENT,54448.00,6597.01,3279.40,23728.77,64324.41,88053.18,2016,,Humboldt County,""
Trevor K Hall,DEPUTY SHERIFF,55760.80,4196.40,2912.52,24061.38,62869.72,86931.10,2016,,Humboldt County,""
Kristi S Scheidt,DRAFTING TECH,65769.60,1134.72,0.00,19361.95,66904.32,86266.27,2016,,Humboldt County,""
Colette A Hansen,JUV PROB OFFICER II,57952.00,2226.80,0.00,25517.78,60178.80,85696.58,2016,,Humboldt County,""
Heather M Fischer,DPTY SHERIFF DETENTI,51038.40,6078.70,5160.98,22892.10,62278.08,85170.18,2016,,Humboldt County,""
Shauna Jo Del Soldato,OFFICE MANAGER,65646.74,0.00,0.00,19333.03,65646.74,84979.77,2016,,Humboldt County,""
Jacqueline R Mitcham,DPTY SHERIFF PATROL,55182.40,1783.42,3696.56,24016.48,60662.38,84678.86,2016,,Humboldt County,""
Rhona L Lecumberry,TREASURER,64605.59,0.00,0.00,19027.12,64605.59,83632.71,2016,,Humboldt County,""
John D Ames,NETWORK TECH II,62074.40,2898.34,0.00,18243.77,64972.74,83216.51,2016,,Humboldt County,""
Sandra R Gleixner,GUARDIAN AD LITEM,64157.60,140.18,0.00,18895.31,64297.78,83193.09,2016,,Humboldt County,""
Brooke E O'byrne,DRCTR OF COURT SVCS,64026.14,0.00,0.00,18845.66,64026.14,82871.80,2016,,Humboldt County,""
Nancy Jurad,LEGAL OFFICE,62741.60,0.00,0.00,18470.13,62741.60,81211.73,2016,,Humboldt County,""
Steffanie M Ferrera,DISPATCHER,42861.20,18471.14,4591.40,14394.61,65923.74,80318.35,2016,,Humboldt County,""
Karen L Johnson,BLDNG INSPECTOR III,61902.40,0.00,0.00,18232.45,61902.40,80134.85,2016,,Humboldt County,""
Christine E Marshall,DISPATCHER,53071.20,7198.03,3019.72,16667.52,63288.95,79956.47,2016,,Humboldt County,""
Timothy P Henigin,COMM TECH II,54436.80,7348.47,0.00,16787.19,61785.27,78572.46,2016,,Humboldt County,""
Rebecca M Azurmendi,DISPATCHER,43126.40,17261.60,3093.60,14475.81,63481.60,77957.41,2016,,Humboldt County,""
Leticia Bernal,RESIDENTIAL TECH II,56576.00,1830.75,1756.00,17205.35,60162.75,77368.10,2016,,Humboldt County,""
S Howard,DEPTY SHERIFF PATROL,42330.76,10384.68,5018.36,19308.72,57733.80,77042.52,2016,,Humboldt County,""
Larry E Swanger,MAINT EQUIP OPER,58375.20,442.24,0.00,17188.48,58817.44,76005.92,2016,,Humboldt County,""
Michelle E Manske,MAINT EQUIP OPER,56745.60,1454.64,0.00,16770.62,58200.24,74970.86,2016,,Humboldt County,""
Lane A Floyd,MECHANIC II,57730.40,0.00,0.00,17001.60,57730.40,74732.00,2016,,Humboldt County,""
Dolores C Shields,ADMIN CLERK III,53978.40,4164.23,0.00,15957.06,58142.63,74099.69,2016,,Humboldt County,""
Devin S Fabor,NETWORK TECH I,54335.20,3399.89,0.00,16051.04,57735.09,73786.13,2016,,Humboldt County,""
Roy A Tiske,MECHANIC II,56690.40,102.52,0.00,16691.76,56792.92,73484.68,2016,,Humboldt County,""
Carrie A Micone,ANIMAL CONTROL,52956.80,1427.76,2669.56,16426.16,57054.12,73480.28,2016,,Humboldt County,""
Monica M Miller,REAL PROP APPRAISER,56688.80,0.00,0.00,16677.35,56688.80,73366.15,2016,,Humboldt County,""
Ramona Suba,JUSTICE COURT ADMIN,56263.20,0.00,0.00,16569.53,56263.20,72832.73,2016,,Humboldt County,""
Sonny C Bengoa,MAINT EQUIP OPER,55696.80,596.06,0.00,16395.57,56292.86,72688.43,2016,,Humboldt County,""
Darrin Quilici,MECHANIC II,54928.00,1175.80,0.00,16200.60,56103.80,72304.40,2016,,Humboldt County,""
Carmen Garcia,JUSTICE COURT ADMIN,54760.80,1006.85,0.00,16138.59,55767.65,71906.24,2016,,Humboldt County,""
Joe C Garcia,ROAD MAINTENANCE,52400.00,3862.17,0.00,15476.93,56262.17,71739.10,2016,,Humboldt County,""
Norman Celio,MAINT EQUIP OPER,54922.40,316.86,0.00,16224.21,55239.26,71463.47,2016,,Humboldt County,""
Colleen Cox,PP APPRAISER II,54777.60,0.00,0.00,16132.47,54777.60,70910.07,2016,,Humboldt County,""
Darrel L Field,MRKTNG & SPEC EVENTS,51960.80,3466.91,0.00,15352.74,55427.71,70780.45,2016,,Humboldt County,""
Candace R Cartier,RESIDENTIAL TECH II,51344.80,4176.24,44.00,15194.60,55565.04,70759.64,2016,,Humboldt County,""
Brenda L Dial,CHILD SUPPORT SUPV,53730.03,602.18,0.00,15832.28,54332.21,70164.49,2016,,Humboldt County,""
Jeffrey R Tindall,CHIEF BUILD ENGINEER,54046.46,0.00,0.00,15791.71,54046.46,69838.17,2016,,Humboldt County,""
Elishia B Hill,DISPATCHER,42567.20,8477.71,4227.56,13897.83,55272.47,69170.30,2016,,Humboldt County,""
Don D Johnson Sr.,MAINT EQUIP OPER,52924.00,505.76,0.00,15494.76,53429.76,68924.52,2016,,Humboldt County,""
Ramon Vaca,FAIRGROUND ATTENDANT,51374.40,2078.64,0.00,15104.04,53453.04,68557.08,2016,,Humboldt County,""
Cami K Durick,DET CENTER CONTROL,48318.40,3472.09,1407.60,14689.70,53198.09,67887.79,2016,,Humboldt County,""
Spencer E Zielinski,APPRAISER,52270.53,0.00,0.00,15393.68,52270.53,67664.21,2016,,Humboldt County,""
Allen T Armstrong,MAINT EQUIP OPER,51952.50,277.77,0.00,15304.11,52230.27,67534.38,2016,,Humboldt County,""
Virginia S Dufurrena,LIB SPEC BOOKMOBILE,52010.40,0.00,0.00,15310.18,52010.40,67320.58,2016,,Humboldt County,""
Karen A Bannister,ADMIN SPECIALIST,51276.40,0.00,0.00,15100.90,51276.40,66377.30,2016,,Humboldt County,""
Kimra L Raabe,ADMIN SPECIALIST,50897.60,0.00,0.00,14974.87,50897.60,65872.47,2016,,Humboldt County,""
Maureen Macdonald,LEGAL SECRETARY III,50111.20,0.00,0.00,14757.64,50111.20,64868.84,2016,,Humboldt County,""
Russell D. Jr Mullis,WORK CREW SUPERVISOR,47781.60,2192.79,42.00,14082.29,50016.39,64098.68,2016,,Humboldt County,""
Michelle J Hammond-Urain,MRKTNG & SALES CORD,48869.60,819.92,0.00,14399.01,49689.52,64088.53,2016,,Humboldt County,""
Jody B Clark,ADMIN CLERK II,46004.80,4202.43,0.00,13607.30,50207.23,63814.53,2016,,Humboldt County,""
Barbara J Duncan,CORRECTIONS COOK,49193.92,0.00,0.00,14487.52,49193.92,63681.44,2016,,Humboldt County,""
Sonia Ramirez,CHILD SUP CSWRKR III,48944.80,0.00,0.00,14398.49,48944.80,63343.29,2016,,Humboldt County,""
Elizabeth A Lawrence,SENIOR PLANNING TECH,48269.43,586.85,0.00,14226.59,48856.28,63082.87,2016,,Humboldt County,""
P Wiggin,JUV PROB OFFICER,42464.80,1473.83,0.00,18506.58,43938.63,62445.21,2016,,Humboldt County,""
Pamela F Brooks,ADMIN SPECIALIST,48106.40,0.00,0.00,14162.36,48106.40,62268.76,2016,,Humboldt County,""
Heidi M Nutting,DET CENTER CONTROL,40189.60,5848.27,2948.32,12775.99,48986.19,61762.18,2016,,Humboldt County,""
Kurt L Vanderweyden,ROAD MAINT EQUIP OP,46285.60,1811.86,0.00,13652.87,48097.46,61750.33,2016,,Humboldt County,""
Joy N Holt,ASST LIBRARY DIRECT,46314.01,1106.87,502.04,13824.13,47922.92,61747.05,2016,,Humboldt County,""
Deborah D Lohr,JUST COURT CLERK II,47673.60,0.00,0.00,14039.97,47673.60,61713.57,2016,,Humboldt County,""
Randy A Close,SERGEANT,40021.60,2409.03,1766.84,17294.95,44197.47,61492.42,2016,,Humboldt County,""
Sara B Mcpherson,DET CENTER CONTROL,39660.00,3281.75,5043.86,13192.72,47985.61,61178.33,2016,,Humboldt County,""
Niki J Linn,ADMIN CLERK IV,45577.84,1957.72,0.00,13453.05,47535.56,60988.61,2016,,Humboldt County,""
Jennifer A Wilhite,DEED/TITLE REV SPEC,47091.20,0.00,0.00,13845.20,47091.20,60936.40,2016,,Humboldt County,""
Michelle L Noble,ADMIN CLERK IV,46846.40,0.00,0.00,13791.04,46846.40,60637.44,2016,,Humboldt County,""
Elizabeth C Smock,ADMIN CLERK II,43215.45,3635.86,0.00,12673.36,46851.31,59524.67,2016,,Humboldt County,""
Georgina G Ramirez,LEGAL SECRETARY I,45807.20,0.00,0.00,13471.20,45807.20,59278.40,2016,,Humboldt County,""
Brian K Radford,MAINT EQUIP OPERATOR,44666.56,1101.85,0.00,13089.86,45768.41,58858.27,2016,,Humboldt County,""
Tamara A Jenkins,ADMIN CLERK III,45333.60,0.00,0.00,13340.42,45333.60,58674.02,2016,,Humboldt County,""
Martin D Gusky,MAINT EQUIP OPERATOR,44376.80,912.19,0.00,12986.92,45288.99,58275.91,2016,,Humboldt County,""
Stephiene L Yenne,ADMIN CLERK IV,44934.40,0.00,0.00,13236.29,44934.40,58170.69,2016,,Humboldt County,""
Kelli T Mayerson,CENTRAL CONTROL,38758.40,4476.52,2555.14,12231.74,45790.06,58021.80,2016,,Humboldt County,""
Sharon L Barton,VOL & EVENTS SPEC,44120.00,721.58,0.00,12989.49,44841.58,57831.07,2016,,Humboldt County,""
Wayne L Ruby,MAINTENANCE ENGINEER,44418.40,291.15,0.00,13085.31,44709.55,57794.86,2016,,Humboldt County,""
Jessica L Dyk,LIBRARY SPECIALIST,44584.80,0.00,0.00,13130.57,44584.80,57715.37,2016,,Humboldt County,""
Juan Acevedo,FAIRGROUND ATTENDANT,42798.40,1744.59,0.00,12628.60,44542.99,57171.59,2016,,Humboldt County,""
Darlene K Thon,ADMIN CLERK III,43781.60,179.74,0.00,12996.61,43961.34,56957.95,2016,,Humboldt County,""
Jeremy M Peters,DPTY SHERIFF PATROL,32386.00,5557.18,3998.70,14842.33,41941.88,56784.21,2016,,Humboldt County,""
Eva L Tregellas,LEGAL SECRETARY I,43848.80,0.00,0.00,12873.07,43848.80,56721.87,2016,,Humboldt County,""
Thomas J Glasgow,MAINT EQUIP OPERATOR,43539.20,199.69,0.00,12820.69,43738.89,56559.58,2016,,Humboldt County,""
Steven R Willman,MAINT EQUIP OPERATOR,42322.31,1590.69,0.00,12484.95,43913.00,56397.95,2016,,Humboldt County,""
M Lucila Alvarez,CUSTODIAL WORKER,43518.40,0.00,0.00,12816.16,43518.40,56334.56,2016,,Humboldt County,""
Christina I Berish,RESIDENTIAL TECH,39432.80,3891.32,1027.75,11971.62,44351.87,56323.49,2016,,Humboldt County,""
James E Loveless,INVESTIGATOR,36766.40,2452.29,1180.02,15763.99,40398.71,56162.70,2016,,Humboldt County,""
Karrie Garcia,RESIDENTIAL TECH I,39468.80,2845.41,1378.00,12072.19,43692.21,55764.40,2016,,Humboldt County,""
Carlos Villa,FAIRGROUND ATTENDANT,40976.80,2106.44,0.00,12096.93,43083.24,55180.17,2016,,Humboldt County,""
Elizabeth Sjoblom,ADMIN CLERK IV,42412.80,250.33,0.00,12493.35,42663.13,55156.48,2016,,Humboldt County,""
Renae Norris,ADMIN CLERK III,42594.40,0.00,0.00,12536.73,42594.40,55131.13,2016,,Humboldt County,""
Maria Bengochea,LEGAL SECRETARY I,42233.60,454.06,0.00,12440.56,42687.66,55128.22,2016,,Humboldt County,""
Steven Ballew,MAINT WORKER,42390.40,0.00,0.00,12483.90,42390.40,54874.30,2016,,Humboldt County,""
Eva J Sanchez,JUST COURT CLERK II,42133.60,0.00,0.00,12408.33,42133.60,54541.93,2016,,Humboldt County,""
America F Gillespie,LEGAL SECRETARY I,42045.06,0.00,0.00,12373.57,42045.06,54418.63,2016,,Humboldt County,""
Katherine R Wolfsteller,ADMIN CLERK IV,41343.20,122.16,0.00,12177.41,41465.36,53642.77,2016,,Humboldt County,""
Brenda L Keating,ADMIN CLERK II,40792.00,0.00,0.00,12012.92,40792.00,52804.92,2016,,Humboldt County,""
Jeff Drenth,ROAD EQUIP OPERATOR,40073.70,788.02,0.00,11806.53,40861.72,52668.25,2016,,Humboldt County,""
Tia H Lange,ADMIN CLERK III,40430.40,0.00,0.00,11904.97,40430.40,52335.37,2016,,Humboldt County,""
Daina Scherbenske,ACCOUNTING TECH I,37112.32,4151.68,0.00,10989.18,41264.00,52253.18,2016,,Humboldt County,""
Laura Chavez,COMMUNICATE TECH I,36482.40,4821.81,0.00,10932.09,41304.21,52236.30,2016,,Humboldt County,""
Louise Michelle Matthews,JUST COURT CLERK I,40011.20,402.34,0.00,11781.17,40413.54,52194.71,2016,,Humboldt County,""
Jessica L Anderson,SENIOR LIBRARY TECH,40381.60,0.00,0.00,11793.62,40381.60,52175.22,2016,,Humboldt County,""
Eliana Sandoval,LEGAL SECRETARY I,40219.29,0.00,0.00,11845.45,40219.29,52064.74,2016,,Humboldt County,""
Donald Jr Prather,MAINTENANCE ENGINEER,40077.60,0.00,0.00,11795.69,40077.60,51873.29,2016,,Humboldt County,""
Sasha W Zurcher,JUST COURT CLERK I,40011.20,0.00,0.00,11784.49,40011.20,51795.69,2016,,Humboldt County,""
Brandy L Martin,CHILD SUP CASE WRK I,37881.60,2646.81,0.00,11196.85,40528.41,51725.26,2016,,Humboldt County,""
Rosio M Andrade,LIBRARY TECHNICIAN,39826.40,0.00,0.00,11726.06,39826.40,51552.46,2016,,Humboldt County,""
Rachelle Piquet,ADMIN CLERK II,38808.00,0.00,0.00,11429.13,38808.00,50237.13,2016,,Humboldt County,""
Shirley J Ruggera,LIBRARY TECHNICIAN,38588.00,0.00,0.00,11356.36,38588.00,49944.36,2016,,Humboldt County,""
Bryan D Casalez,CUSTODIAL WORKER II,37460.80,0.00,0.00,11032.19,37460.80,48492.99,2016,,Humboldt County,""
Levi J Carl,RESIDENTIAL TECH,33936.06,2062.71,1764.00,10543.67,37762.77,48306.44,2016,,Humboldt County,""
Amanda Brinkerhoff-Tollefsrud,DET CENTER CONTROL,33424.70,939.68,2179.72,10499.16,36544.10,47043.26,2016,,Humboldt County,""
Pamela D Hummer,ADMIN CLERK IV,35451.60,0.00,0.00,10415.87,35451.60,45867.47,2016,,Humboldt County,""
Juan A Alcaraz,FACILITIES ATTENDANT,33914.40,0.00,0.00,9987.90,33914.40,43902.30,2016,,Humboldt County,""
Garley Amos Jr,COMMISSIONER SEAT D,33967.05,0.00,0.00,9929.76,33967.05,43896.81,2016,,Humboldt County,""
Maria G Guerrero,CUSTODIAL WORKER,33914.40,0.00,0.00,9981.77,33914.40,43896.17,2016,,Humboldt County,""
Constance M Beck,ADMIN CLERK IV,33681.44,0.00,0.00,9837.21,33681.44,43518.65,2016,,Humboldt County,""
Guadalupe Machain,CHILD SUP CASEWRKR I,33105.34,259.20,0.00,9749.45,33364.54,43113.99,2016,,Humboldt County,""
Elizabeth Robinson,LIBRARY ASSISTANT,33173.60,0.00,0.00,9769.68,33173.60,42943.28,2016,,Humboldt County,""
Kyle M Ebert,LIBRARY ASSISTANT,32048.80,0.00,0.00,9438.44,32048.80,41487.24,2016,,Humboldt County,""
Brooke Esquibel,PROG DIR CELEB FAMIL,31015.36,0.00,0.00,9150.73,31015.36,40166.09,2016,,Humboldt County,""
Gustavo Munoz,FACILITIES ATTENDANT,30731.09,286.35,0.00,9058.46,31017.44,40075.90,2016,,Humboldt County,""
Laura A Guidry,LAW CLERK,29094.24,0.00,0.00,8575.17,29094.24,37669.41,2016,,Humboldt County,""
Shawna B Krebs,DISPATCHER,23273.60,3820.51,2464.25,7657.04,29558.36,37215.40,2016,,Humboldt County,""
Theresa A Lemus,DRUG COURT CLINICAL,36680.00,0.00,0.00,531.87,36680.00,37211.87,2016,,Humboldt County,""
Cody R Peek,DPTY SHERIFF PATROL,22488.79,4288.83,581.50,9648.27,27359.12,37007.39,2016,,Humboldt County,""
Victoria Ann Easterday,LIBRARY SPECIALIST,28578.13,0.00,0.00,8416.30,28578.13,36994.43,2016,,Humboldt County,""
Ronald E Schrempp,WRFD FIRE CHIEF,28558.40,0.00,0.00,8420.03,28558.40,36978.43,2016,,Humboldt County,""
L Ferraro,CHILD SUP CASE WRK I,27880.00,206.82,0.00,8213.63,28086.82,36300.45,2016,,Humboldt County,""
Abel Del Real-Nava,ADMIN CLERK IV,27661.72,357.45,0.00,8151.53,28019.17,36170.70,2016,,Humboldt County,""
Marlene Brissenden,COMMISSIONER SEAT A,27905.80,0.00,0.00,8218.21,27905.80,36124.01,2016,,Humboldt County,""
Ronald L Cerri,COMMISSIONER SEAT C,27905.80,0.00,0.00,8218.21,27905.80,36124.01,2016,,Humboldt County,""
Sherry E Ranf,LIBRARY SPECIALIST,27561.00,0.00,0.00,8116.74,27561.00,35677.74,2016,,Humboldt County,""
Jerry R Oliver,RESIDENTIAL TECH I,25101.60,1561.72,1172.00,7770.96,27835.32,35606.28,2016,,Humboldt County,""
Michele A Jacobson,JUVENILE DRUG COURT,27234.00,0.00,0.00,8028.81,27234.00,35262.81,2016,,Humboldt County,""
Chandra H Allred,LIBRARY ASSISTANT,27163.41,0.00,0.00,7999.93,27163.41,35163.34,2016,,Humboldt County,""
Mario R Murillo,DEPTY SHERIFF PATROL,22707.20,1293.38,1283.00,9730.42,25283.58,35014.00,2016,,Humboldt County,""
Melody E Jones,DRUG COURT COUNSELOR,26794.13,0.00,0.00,7924.13,26794.13,34718.26,2016,,Humboldt County,""
Brenda M Willey,HR DIRECTOR,26652.27,0.00,0.00,7976.51,26652.27,34628.78,2016,,Humboldt County,""
Daniel M Debord,DEPUTY SHERIFF,22543.20,1518.54,821.22,9692.29,24882.96,34575.25,2016,,Humboldt County,""
Rebecca Hawley,SENIOR LIBRARY TECH,25434.00,0.00,0.00,7534.95,25434.00,32968.95,2016,,Humboldt County,""
Michael S Bell,COMMISSIONER SEAT B,31994.04,0.00,0.00,348.29,31994.04,32342.33,2016,,Humboldt County,""
Valerie Teichert,DRUG COURT TEAM LEAD,24542.40,510.00,0.00,7222.90,25052.40,32275.30,2016,,Humboldt County,""
James French,COMMISSIONER SEAT E,30861.74,0.00,0.00,443.95,30861.74,31305.69,2016,,Humboldt County,""
Heather Hill,LIBRARY ASSISTANT,23984.15,0.00,0.00,7063.27,23984.15,31047.42,2016,,Humboldt County,""
April M Wilson,RECOVERY COACH,23647.40,0.00,0.00,6137.64,23647.40,29785.04,2016,,Humboldt County,""
Shelly Smith,ACCOUNTING TECH III,21864.00,732.83,0.00,6490.10,22596.83,29086.93,2016,,Humboldt County,""
Tina K Veesart,DET CENTER CONTROL,20331.20,454.80,1595.68,6464.02,22381.68,28845.70,2016,,Humboldt County,""
Elizabeth C Bradley,DET CENTER CONTROL,18806.48,936.54,1042.08,5857.64,20785.10,26642.74,2016,,Humboldt County,""
M Marchand,LIBRARY ASSISTANT,19985.52,0.00,0.00,5885.67,19985.52,25871.19,2016,,Humboldt County,""
Rae Ellen M Lueptow,DISPATCHER,16166.40,2279.71,805.00,5124.45,19251.11,24375.56,2016,,Humboldt County,""
Christopher R Carter,DEPUTY SHERIFF,23847.98,0.00,0.00,345.80,23847.98,24193.78,2016,,Humboldt County,""
Ashley D Maden,ACCOUNTING TECH I,17414.93,1583.19,0.00,5151.70,18998.12,24149.82,2016,,Humboldt County,""
Kimberly A Mullins,DISPATCH TRAINEE,15342.59,3320.24,504.72,4715.12,19167.55,23882.67,2016,,Humboldt County,""
Elisha D Formby,ADMIN CLERK I,17274.88,1433.70,0.00,5108.28,18708.58,23816.86,2016,,Humboldt County,""
Makenna A Powell,DISPATCHER,14830.32,678.71,740.12,4600.61,16249.15,20849.76,2016,,Humboldt County,""
Anthony J Miller,LAW CLERK,15480.78,0.00,0.00,4559.10,15480.78,20039.88,2016,,Humboldt County,""
Tony J Sanchez,FACILITIES ATTENDANT,15195.37,0.00,0.00,4476.10,15195.37,19671.47,2016,,Humboldt County,""
Charles V Krebs,RD MAINT EQUIP OPER,14976.60,76.30,0.00,4387.97,15052.90,19440.87,2016,,Humboldt County,""
Skye F Samms,DET CENTER CONTROL,12484.80,642.60,900.32,3951.22,14027.72,17978.94,2016,,Humboldt County,""
Not Provided,LIBRARY ASSISTANT,13872.64,0.00,0.00,4093.21,13872.64,17965.85,2016,,Humboldt County,""
Josefina V Rodriguez,CUSTODIAL WORKER,13789.60,0.00,0.00,4061.09,13789.60,17850.69,2016,,Humboldt County,""
Leanne M Autrey,ASST LIBRARY DIRECT,13507.20,0.00,0.00,4028.54,13507.20,17535.74,2016,,Humboldt County,""
Catherine F Bergey,ADMIN CLERK IV,13504.80,0.00,0.00,3977.15,13504.80,17481.95,2016,,Humboldt County,""
Teresita Douglas,CUSTODIAL WORKER,13024.00,0.00,0.00,3912.80,13024.00,16936.80,2016,,Humboldt County,""
T. Layne Wilhelm,DRUG COURT PROGRAM,15960.00,0.00,0.00,231.42,15960.00,16191.42,2016,,Humboldt County,""
Grace L Harris,DISPATCHER TRAINEE,10836.00,785.61,866.88,3457.88,12488.49,15946.37,2016,,Humboldt County,""
Irene E Ruehl,DRUG TESTER,15230.75,0.00,0.00,220.83,15230.75,15451.58,2016,,Humboldt County,""
Tricia M Baker,ADMIN CLERK III,11443.20,0.00,0.00,3425.29,11443.20,14868.49,2016,,Humboldt County,""
Tiffany Donoho,ADMIN CLERK I,11182.08,17.28,0.00,3293.19,11199.36,14492.55,2016,,Humboldt County,""
Joshua E Nicholson,DEPTY SHERIFF PATROL,8377.20,767.91,1032.81,3605.34,10177.92,13783.26,2016,,Humboldt County,""
Aubree D Murrin,ADMIN CLERK I,10545.91,58.78,0.00,3106.65,10604.69,13711.34,2016,,Humboldt County,""
Doreen Davenport,RESIDENTIAL TECH,11417.60,428.16,569.38,180.20,12415.14,12595.34,2016,,Humboldt County,""
Huston B Littlefair,ASSISTANT ROAD,8141.88,0.00,0.00,2389.09,8141.88,10530.97,2016,,Humboldt County,""
Sylvia Bautista,FACILITIES ATTENDANT,7521.60,0.00,0.00,2215.14,7521.60,9736.74,2016,,Humboldt County,""
Karrie L Lund,RESIDENTIAL TECH I,8458.24,591.36,339.00,136.14,9388.60,9524.74,2016,,Humboldt County,""
Jayme L Tomera,LIBRARY ASSISTANT,6384.40,0.00,0.00,1880.18,6384.40,8264.58,2016,,Humboldt County,""
Jean Pierre Salla,DRUG COURT,7860.00,0.00,0.00,113.97,7860.00,7973.97,2016,,Humboldt County,""
Dwayne L Thurmond,RESIDENTIAL TECH,7581.93,0.00,256.50,113.65,7838.43,7952.08,2016,,Humboldt County,""
Adrienne M Marin,EVENING REPORTING,6470.00,0.00,0.00,93.82,6470.00,6563.82,2016,,Humboldt County,""
Jeanine Poor,DPTY SHERIFF PATROL,5690.00,0.00,0.00,82.52,5690.00,5772.52,2016,,Humboldt County,""
Jennifer D Peters,RESIDENTIAL TECH,4651.78,6.69,192.75,70.35,4851.22,4921.57,2016,,Humboldt County,""
Jennifer Childers,RESIDENTIAL TECH,4339.58,107.04,134.00,66.42,4580.62,4647.04,2016,,Humboldt County,""
Kristine L Stultz,DISPATCHER,3224.52,227.37,0.00,952.97,3451.89,4404.86,2016,,Humboldt County,""
Anita D Paquette,ADMIN CLERK III,3084.00,218.45,0.00,1003.03,3302.45,4305.48,2016,,Humboldt County,""
Jennifer Slovernick,RECEPTIONIST,4201.34,0.00,0.00,60.94,4201.34,4262.28,2016,,Humboldt County,""
Belinda D Bell,EDUCATIONAL ADVOCATE,4048.00,0.00,0.00,58.69,4048.00,4106.69,2016,,Humboldt County,""
Shenae E Crutcher,DISPATCHER TRAINEE,2889.60,288.96,0.00,855.17,3178.56,4033.73,2016,,Humboldt County,""
Jose Paniagua,FACILITATOR,3693.75,0.00,0.00,53.58,3693.75,3747.33,2016,,Humboldt County,""
Jason M Beltramo,DPTY SHERIFF PATROL,1929.16,453.92,0.00,896.34,2383.08,3279.42,2016,,Humboldt County,""
Nancy L Johnson,HEALTH REGISTRAR,2400.00,0.00,0.00,35.68,2400.00,2435.68,2016,,Humboldt County,""
Annette G Petro,JUST COURT CLERK II,1728.00,54.00,0.00,534.00,1782.00,2316.00,2016,,Humboldt County,""
Jordan L Abel,LIBRARY ASSISTANT,1707.60,0.00,0.00,505.81,1707.60,2213.41,2016,,Humboldt County,""
Betsy Guerrero,JUDICIAL INTERN,2075.00,0.00,0.00,30.09,2075.00,2105.09,2016,,Humboldt County,""
Austin F Mayo,SUMMER SCHOOL,2062.50,0.00,0.00,29.91,2062.50,2092.41,2016,,Humboldt County,""
Rosa Maria Sanchez,LAB TECHNICIAN,2020.00,0.00,0.00,29.31,2020.00,2049.31,2016,,Humboldt County,""
Elva Pulido,FACILITATOR,2002.50,0.00,0.00,29.07,2002.50,2031.57,2016,,Humboldt County,""
Heather Ellingsworth,RESIDENTIAL TECH,1427.20,53.52,80.00,444.65,1560.72,2005.37,2016,,Humboldt County,""
Chancie Kliewer,DRUG TESTER,1657.50,0.00,0.00,24.03,1657.50,1681.53,2016,,Humboldt County,""
Jessica L Eastman,SUMMER SCHOOL,1595.00,0.00,0.00,23.14,1595.00,1618.14,2016,,Humboldt County,""
Joyce Lacaillade,TEMP PT ADMIN CLERK,1408.00,0.00,0.00,20.41,1408.00,1428.41,2016,,Humboldt County,""
Laura Mata,FACILITATOR,1275.00,0.00,0.00,18.53,1275.00,1293.53,2016,,Humboldt County,""
Makenzie S Gordon,DIST COURT INTERN,1269.71,0.00,0.00,18.42,1269.71,1288.13,2016,,Humboldt County,""
Larry C Littrell,INTERN,416.63,0.00,0.00,6.05,416.63,422.68,2016,,Humboldt County,""
Hayley C Hall,INTERN,125.82,0.00,0.00,1.83,125.82,127.65,2016,,Humboldt County,""
