Employee Name,Job Title,Base Pay,Overtime Pay,Other Pay,Benefits,Total Pay,Total Pay & Benefits,Year,Notes,Agency,Status
Robert Quick,Under Sheriff,93905.04,0.00,24517.28,60974.07,118422.32,179396.39,2016,,Lander County,""
Max Bunch,Justice of the Peace,102542.64,0.00,20508.48,44298.11,123051.12,167349.23,2016,,Lander County,""
Keith Westengard,Executive Director,128407.50,0.00,0.00,30326.18,128407.50,158733.68,2016,,Lander County,""
Dennis Lowe,Corporal Level 4,83075.14,7921.65,14619.47,51796.34,105616.26,157412.60,2016,,Lander County,""
Theodore Herrera,District Attorney,113952.00,0.00,0.00,41507.74,113952.00,155459.74,2016,,Lander County,""
Ronald Unger,Sheriff,90041.88,0.00,18008.40,45198.61,108050.28,153248.89,2016,,Lander County,""
Derek Zacharias,Patrol Deputy Level 5,68328.21,12564.95,17167.64,53632.80,98060.80,151693.60,2016,,Lander County,""
Araceli Stephens,Corporal Level 4,80897.14,8308.35,9299.69,49864.23,98505.18,148369.41,2016,,Lander County,""
Gary Campbell,Corporal Level 2,72291.96,14098.31,7876.26,51576.68,94266.53,145843.21,2016,,Lander County,""
MeShell Young,Sergeant Level 3,81171.91,4883.70,13314.74,46133.67,99370.35,145504.02,2016,,Lander County,""
Joseph Jones,Sergeant Level 2,75425.99,2839.35,4299.64,54100.18,82564.98,136665.16,2016,,Lander County,""
Raul Jr. Ceja,Patrol Deputy Level 4,59523.28,23669.19,11196.13,40899.92,94388.60,135288.52,2016,,Lander County,""
John Rochester,Corporal Level 2,70429.46,11752.67,8256.10,43763.91,90438.23,134202.14,2016,,Lander County,""
Stephen Priest,Patrol Deputy Level 3,59894.28,19334.41,9562.49,39814.30,88791.18,128605.48,2016,,Lander County,""
Anna Day,Patrol Deputy Level 5,67446.46,7156.43,9217.61,43074.18,83820.50,126894.68,2016,,Lander County,""
Hy Forgeron,Deputy District Attorney,108108.80,0.00,0.00,18257.12,108108.80,126365.92,2016,,Lander County,""
Alex Rangel,Patrol Deputy Level 4,61548.30,8487.00,9429.30,39923.23,79464.60,119387.83,2016,,Lander County,""
J A Feliciano,Patrol Deputy Level 3,59419.05,11614.65,7719.19,40025.53,78752.89,118778.42,2016,,Lander County,""
Jonathan Lucas,Patrol Deputy Level 3,59621.40,13455.96,5099.05,39859.27,78176.41,118035.68,2016,,Lander County,""
Bartolo Ramos,Public Works Director,87608.73,0.00,1089.00,23880.58,88697.73,112578.31,2016,,Lander County,""
Grace Kemp,Treasurer,66284.64,0.00,13257.00,32531.70,79541.64,112073.34,2016,,Lander County,""
Steven Day,Patrol Deputy Level 3,58177.48,1778.39,11759.92,40323.19,71715.79,112038.98,2016,,Lander County,""
Lural Sandoval,Assessor,66284.64,0.00,13257.00,32058.95,79541.64,111600.59,2016,,Lander County,""
Sandra Smith,Social Services/Senior Center Director,76303.84,0.00,1171.64,32333.68,77475.48,109809.16,2016,,Lander County,""
Steven Smith,Patrol Deputy Level 4,62458.18,3989.72,1941.98,41165.92,68389.88,109555.80,2016,,Lander County,""
Justin Bussa,Patrol Deputy Level 3,57661.60,7119.48,5111.46,38913.06,69892.54,108805.60,2016,,Lander County,""
Sadie Sullivan,Clerk,66284.64,0.00,6628.44,31491.70,72913.08,104404.78,2016,,Lander County,""
Tamara Burden,Communications Supervisor Level 2,61754.24,11287.81,5157.60,19946.99,78199.65,98146.64,2016,,Lander County,""
Lesley Bunch,Recorder,66284.64,0.00,0.00,29364.76,66284.64,95649.40,2016,,Lander County,""
Ignacio Romero,Patrol Deputy Level 3,49199.37,988.20,7758.49,33284.94,57946.06,91231.00,2016,,Lander County,""
Natividad Camacho,Communications Officer Level 3,49938.94,5974.28,7658.94,21144.75,63572.16,84716.91,2016,,Lander County,""
Jerry Russell,Mechanic III,49643.20,1785.20,0.00,33224.39,51428.40,84652.79,2016,,Lander County,""
Cynthia Benson,Accountant,63066.92,0.00,0.00,19904.28,63066.92,82971.20,2016,,Lander County,""
Todd Fagg,Water & Sewer Tech III,42609.92,9228.70,6784.50,24059.08,58623.12,82682.20,2016,,Lander County,""
Kimberly Parker,Communications Officer Level 3,42187.55,9694.16,7575.01,22552.76,59456.72,82009.48,2016,,Lander County,""
Richard Hardin,Lead Person,48556.62,7310.37,1171.88,24565.30,57038.87,81604.17,2016,,Lander County,""
Rebecca Murphey,Accountant,54654.80,0.00,0.00,25995.01,54654.80,80649.81,2016,,Lander County,""
Lorie Calkins,Lead Person,51125.39,1950.45,2223.74,25047.16,55299.58,80346.74,2016,,Lander County,""
Eric Todd,Maintainer III w/CDL,50068.80,251.90,0.00,27997.19,50320.70,78317.89,2016,,Lander County,""
Bradley Olson,Water & Sewer Lead I,42168.26,6573.54,5562.00,23884.14,54303.80,78187.94,2016,,Lander County,""
Denise Fortune,Justice Court Clerk III,58691.83,0.00,0.00,19174.20,58691.83,77866.03,2016,,Lander County,""
Tamara Dimitroff,Assistant to Public Works Director,52461.94,0.00,0.00,25359.93,52461.94,77821.87,2016,,Lander County,""
Kathleen Ancho,Secretary to Sheriff Level 2,52704.88,0.00,0.00,25090.60,52704.88,77795.48,2016,,Lander County,""
Don Prince,Lead Person,56076.68,1560.73,0.00,18947.30,57637.41,76584.71,2016,,Lander County,""
Elizabeth Barela,Office Manager,52480.00,0.00,0.00,23359.65,52480.00,75839.65,2016,,Lander County,""
Jan Morrison,Community Service Officer,56681.64,0.00,0.00,18905.50,56681.64,75587.14,2016,,Lander County,""
Lucas Jenkins,Patrol Deputy Level 2,40416.20,3576.45,2971.80,28007.30,46964.45,74971.75,2016,,Lander County,""
Becky Johnson,Human Resource Director,50123.84,0.00,901.68,23943.48,51025.52,74969.00,2016,,Lander County,""
Nanette Ancho,Finance Director,54131.00,0.00,8334.12,10500.46,62465.12,72965.58,2016,,Lander County,""
Anna Penola,Building Inspector,49728.28,0.00,0.00,22549.13,49728.28,72277.41,2016,,Lander County,""
Samual Griffith,Maintainer III w/CDL,44230.50,4507.64,0.00,22563.10,48738.14,71301.24,2016,,Lander County,""
Charley Van Troba,Maintainer III w/CDL,44904.58,978.14,1171.88,23416.69,47054.60,70471.29,2016,,Lander County,""
Darla Cantrell,Communications Officer Level 3,42513.60,0.00,5100.00,22658.89,47613.60,70272.49,2016,,Lander County,""
Julie Trevizo,Appraiser II,51793.60,16.36,0.00,18068.05,51809.96,69878.01,2016,,Lander County,""
James Lucas,Maintainer III w/CDL,44062.88,2602.62,0.00,22864.88,46665.50,69530.38,2016,,Lander County,""
Terry Wahrenburg,Maintainer III w/CDL,50817.92,692.31,0.00,17949.33,51510.23,69459.56,2016,,Lander County,""
Jack Derr,Maintainer III w/CDL,50776.00,550.20,0.00,17637.38,51326.20,68963.58,2016,,Lander County,""
Darlene Torrence,Senior Deputy Treasurer,45403.20,0.00,0.00,23445.20,45403.20,68848.40,2016,,Lander County,""
Stacy Brooks,Assistant Site Director,38259.30,0.00,0.00,30565.10,38259.30,68824.40,2016,,Lander County,""
Earl Sandoval,Maintainer III w/CDL,51793.60,0.00,0.00,16938.23,51793.60,68731.83,2016,,Lander County,""
John Mauldin,Water & Sewer Tech I,42886.88,4525.96,3738.00,17446.01,51150.84,68596.85,2016,,Lander County,""
Helen Adams,Communications Officer Level 2,43350.92,2912.77,4732.00,17357.69,50995.69,68353.38,2016,,Lander County,""
Scott Norman,Maintainer III w/CDL,44020.80,361.79,0.00,22786.00,44382.59,67168.59,2016,,Lander County,""
Donna Stienmetz,Senior Deputy Assessor,43116.80,1099.44,0.00,22556.26,44216.24,66772.50,2016,,Lander County,""
Marla Sam,Senior Deputy Recorder/DMV Clerk,43220.80,0.00,0.00,22685.78,43220.80,65906.58,2016,,Lander County,""
Randie Potter,Patrol Deputy Level 1,33482.20,828.25,5602.63,25955.44,39913.08,65868.52,2016,,Lander County,""
Karen Haller,PT Animal Control Officer Level 1,36498.91,901.20,5003.96,22923.86,42404.07,65327.93,2016,,Lander County,""
Fred Jolly,Maintainer I,44332.80,3125.63,0.00,17389.73,47458.43,64848.16,2016,,Lander County,""
Mark Ames,Maintainer II,41526.40,1036.29,0.00,22060.06,42562.69,64622.75,2016,,Lander County,""
Jeanne Falzone,Civil Secretary,42275.20,0.00,0.00,22272.96,42275.20,64548.16,2016,,Lander County,""
Becky Wiley,Administrative Assistant Level 2,46696.00,429.43,0.00,17333.42,47125.43,64458.85,2016,,Lander County,""
Robin Smith,Manager,46589.23,504.39,0.00,17364.65,47093.62,64458.27,2016,,Lander County,""
Shannon Berumen,Executive Secretary III,46961.60,0.00,0.00,17334.13,46961.60,64295.73,2016,,Lander County,""
Paula Tomera,Interim Executive,46632.56,0.00,0.00,17619.42,46632.56,64251.98,2016,,Lander County,""
Roberto Fernandez,Maintainer II,41526.40,163.19,0.00,22062.05,41689.59,63751.64,2016,,Lander County,""
April Kennedy,Appraiser I,40705.60,1151.64,0.00,21807.25,41857.24,63664.49,2016,,Lander County,""
Jusdivia Johnson,Accounting Specialist II,41435.20,0.00,0.00,22125.97,41435.20,63561.17,2016,,Lander County,""
Matthew Levi,Patrol Deputy Level 3,33056.95,2265.49,4608.87,22782.11,39931.31,62713.42,2016,,Lander County,""
Cathrine Bagwell,Justice Court Clerk II,39092.80,0.00,1171.88,20524.77,40264.68,60789.45,2016,,Lander County,""
Carrie Baum,Maintainer I,38470.23,805.94,0.00,21214.51,39276.17,60490.68,2016,,Lander County,""
Kayla Melvin,Animal Control Officer Level 2,38443.96,235.61,570.00,21112.62,39249.57,60362.19,2016,,Lander County,""
Laken Marine,Accounting Specialist I,43438.40,928.05,0.00,15710.32,44366.45,60076.77,2016,,Lander County,""
J'Lianne White,Food Service Director Level 1,38094.37,257.44,439.04,21012.77,38790.85,59803.62,2016,,Lander County,""
Deonilla Fuller,Executive Secretary II,43242.84,436.57,0.00,15676.28,43679.41,59355.69,2016,,Lander County,""
Stephen Moran,Maintainer I,37568.28,781.18,0.00,20960.79,38349.46,59310.25,2016,,Lander County,""
Kyla Bright,Deputy Recorder II,42329.60,64.63,0.00,16594.05,42394.23,58988.28,2016,,Lander County,""
Alma Martinez,Health Program Assistant,42123.64,0.00,228.12,16608.94,42351.76,58960.70,2016,,Lander County,""
Shannon Thiss,Water Clerk Master,37440.00,0.00,0.00,20587.67,37440.00,58027.67,2016,,Lander County,""
Maria Cardenas,Communications Officer Level 1,33495.30,3050.29,2378.25,18964.10,38923.84,57887.94,2016,,Lander County,""
Elizabeth Esparza,Legal Secretary I,37640.00,0.00,0.00,19775.18,37640.00,57415.18,2016,,Lander County,""
Andrea Delgado,Justice Court Clerk I,36313.60,0.00,0.00,20578.14,36313.60,56891.74,2016,,Lander County,""
Kathy Duvall,Executive Secretary I,34747.20,954.45,0.00,19262.13,35701.65,54963.78,2016,,Lander County,""
Nancy Anderson,Deputy Recorder II/DMV,43764.80,0.00,0.00,9245.50,43764.80,53010.30,2016,,Lander County,""
William Schaeffer,Justice of the Peace,34653.60,0.00,0.00,18037.21,34653.60,52690.81,2016,,Lander County,""
Rochelle Benevidez,Administrative Assistant Level 1,37471.67,28.08,0.00,14444.67,37499.75,51944.42,2016,,Lander County,""
Matilda Dehays Camacho,Janitor,34229.04,702.18,0.00,15472.93,34931.22,50404.15,2016,,Lander County,""
Gail Utter,DMV Clerk,31259.68,0.00,0.00,18804.25,31259.68,50063.93,2016,,Lander County,""
Steven Stienmetz,Commissioner,25740.96,0.00,5148.24,18691.17,30889.20,49580.37,2016,,Lander County,""
Rosanna Carone,Head Cook,29653.56,0.00,0.00,19370.26,29653.56,49023.82,2016,,Lander County,""
Joe Stoddart,Patrol Deputy Level 4,26013.84,43.91,2539.28,20045.44,28597.03,48642.47,2016,,Lander County,""
Glen Duvall,Janitor,34163.64,765.48,0.00,13689.28,34929.12,48618.40,2016,,Lander County,""
Perry Gollihar,Maintainer III w/CDL,33671.20,416.91,1755.71,11825.09,35843.82,47668.91,2016,,Lander County,""
Dayna Jim,Van Driver,28488.96,0.00,0.00,18928.43,28488.96,47417.39,2016,,Lander County,""
Patsy Waits,Commissioner,25740.96,0.00,0.00,19160.42,25740.96,44901.38,2016,,Lander County,""
Kathleen Brown,Assistant Cook,26776.16,0.00,0.00,16317.19,26776.16,43093.35,2016,,Lander County,""
Sean Bakker,Commissioner,25740.96,0.00,0.00,16930.98,25740.96,42671.94,2016,,Lander County,""
Douglas Mills,Commissioner,25740.96,0.00,0.00,16930.60,25740.96,42671.56,2016,,Lander County,""
Richard Edgar,Landfill Equipment Operator,30268.88,799.06,0.00,11197.67,31067.94,42265.61,2016,,Lander County,""
Elizabeth Dias,Fiscal Officer,28071.16,0.00,0.00,9173.44,28071.16,37244.60,2016,,Lander County,""
Elvina Barker,Executive Secretary I,27310.81,201.75,0.00,9238.84,27512.56,36751.40,2016,,Lander County,""
Molly Gonzalez,Executive Secretary I,20956.00,0.00,4499.48,10843.51,25455.48,36298.99,2016,,Lander County,""
Arthur Clark III,Commissioner,25740.96,0.00,0.00,10432.30,25740.96,36173.26,2016,,Lander County,""
Carla Hargroves,PT Food Service Level 1,17463.88,0.00,0.00,2163.07,17463.88,19626.95,2016,,Lander County,""
Rita Rogers,Assistant Manager,13185.50,0.00,0.00,5979.04,13185.50,19164.54,2016,,Lander County,""
Angie Elquist,PT Records Clerk,16836.12,0.00,0.00,2086.14,16836.12,18922.26,2016,,Lander County,""
Miteshell Lanham,PT Commissioners Secretary,15867.00,0.00,0.00,1965.46,15867.00,17832.46,2016,,Lander County,""
Donna White,Secretary,10527.90,0.00,1267.78,5714.62,11795.68,17510.30,2016,,Lander County,""
Frank Stephens,Relief Dispatcher,14883.39,0.00,87.50,1849.32,14970.89,16820.21,2016,,Lander County,""
Sandra Sherve,PT Deputy Assessor,14835.07,0.00,0.00,1838.70,14835.07,16673.77,2016,,Lander County,""
Spencer Roberts,Patrol Deputy Level 1,9674.34,30.62,126.00,6667.50,9830.96,16498.46,2016,,Lander County,""
Mickie Jo Evans,Greenskeeper I,10361.00,95.65,0.00,4905.69,10456.65,15362.34,2016,,Lander County,""
Donna Sossa,Court Clerk/Office Manager,13325.68,0.00,0.00,1650.64,13325.68,14976.32,2016,,Lander County,""
Kathleen Parnell,Office Assistant,12797.50,0.00,0.00,1586.39,12797.50,14383.89,2016,,Lander County,""
Emily Hendrix,Executive Secretary Trainee,9355.20,411.78,202.72,4017.74,9969.70,13987.44,2016,,Lander County,""
Donald Negro,B. M. Road & Bridge Foreman,4927.07,0.00,7116.00,1461.21,12043.07,13504.28,2016,,Lander County,""
David Brown,Maintainer II,10040.80,326.38,0.00,2604.35,10367.18,12971.53,2016,,Lander County,""
Scott Marine,Greenskeeper I,8817.20,0.00,0.00,3163.31,8817.20,11980.51,2016,,Lander County,""
Kim Bozarth,Relief Clerk,10388.79,0.00,0.00,1287.25,10388.79,11676.04,2016,,Lander County,""
Karri Millsap,Relief Dispatcher,9500.40,0.00,0.00,1172.91,9500.40,10673.31,2016,,Lander County,""
Kimberly Schacht,PT EMS Coordinator,9280.00,0.00,0.00,841.46,9280.00,10121.46,2016,,Lander County,""
Karen Anderson,Gate Keeper,7162.95,0.00,0.00,2115.72,7162.95,9278.67,2016,,Lander County,""
Melvin Langer,PT Gatekeeper,8013.12,0.00,0.00,994.00,8013.12,9007.12,2016,,Lander County,""
Mary Noyes,Relief Cook,6971.76,0.00,0.00,1121.90,6971.76,8093.66,2016,,Lander County,""
Chip Colpitts,Relief Water Master,7162.50,0.00,0.00,832.69,7162.50,7995.19,2016,,Lander County,""
Rebecca Murphey,Fair & Rec. Secretary,6093.96,0.00,0.00,755.04,6093.96,6849.00,2016,,Lander County,""
Crystal Rangel,PT Janitor,5848.20,0.00,0.00,723.32,5848.20,6571.52,2016,,Lander County,""
Sally Repp,Assistant Pool Manager,5533.20,240.12,0.00,716.37,5773.32,6489.69,2016,,Lander County,""
Zachary Heese,Seasonal Grounds Keeper,5283.20,156.00,0.00,674.89,5439.20,6114.09,2016,,Lander County,""
Maria Ruvalcaba,Janitor,5321.70,0.00,0.00,660.33,5321.70,5982.03,2016,,Lander County,""
Brenda Thomas,Relief Driver/Dishwasher,3722.76,0.00,353.13,1447.07,4075.89,5522.96,2016,,Lander County,""
Joyce Myers,PT Delivery/Dish Washer,4555.00,0.00,0.00,734.70,4555.00,5289.70,2016,,Lander County,""
Braden Powrie,Administrative Assistant,3083.20,346.92,546.50,1110.17,3976.62,5086.79,2016,,Lander County,""
Mason Fuller,Seasonal Grounds Keeper,4378.40,117.00,0.00,557.78,4495.40,5053.18,2016,,Lander County,""
Glenda Torres,P.T. Janitor,3822.39,0.00,0.00,474.07,3822.39,4296.46,2016,,Lander County,""
John Gordon,Water & Sewer Tech I,2754.41,0.00,251.64,903.58,3006.05,3909.63,2016,,Lander County,""
Trisha Gallegos,PT Delivery,3399.78,0.00,0.00,421.37,3399.78,3821.15,2016,,Lander County,""
Vicki Clifford,Executive Secretary II,1641.20,0.00,1193.60,591.49,2834.80,3426.29,2016,,Lander County,""
Ryan Winrod,Lifeguard,2748.50,0.00,0.00,341.05,2748.50,3089.55,2016,,Lander County,""
Zachery Jones,Lifeguard,2562.08,0.00,0.00,317.89,2562.08,2879.97,2016,,Lander County,""
Dorothy Hudson,PT Driver/Dish Washer,2187.72,0.00,0.00,269.91,2187.72,2457.63,2016,,Lander County,""
Daniel Baldini,Secretary,1800.00,0.00,0.00,163.65,1800.00,1963.65,2016,,Lander County,""
Rebecca Linville,Office Assistant,1627.50,0.00,0.00,201.98,1627.50,1829.48,2016,,Lander County,""
Joseph Scaramuzzino,Patrol Deputy Level 2,1062.60,0.00,0.00,659.63,1062.60,1722.23,2016,,Lander County,""
Shadow Quertermous,Lifeguard,1049.67,0.00,0.00,130.23,1049.67,1179.90,2016,,Lander County,""
Connor Rochester,Lifeguard,793.44,0.00,0.00,98.45,793.44,891.89,2016,,Lander County,""
Cynthia Maestretti,Relief Cook,336.72,0.00,0.00,54.07,336.72,390.79,2016,,Lander County,""
Karen Ramos,Relief Assistant Cook,110.40,0.00,0.00,17.73,110.40,128.13,2016,,Lander County,""
Kelly Sloan,Relief Cook,48.20,0.00,0.00,7.78,48.20,55.98,2016,,Lander County,""
