Employee Name,Job Title,Base Pay,Overtime Pay,Other Pay,Benefits,Total Pay,Total Pay & Benefits,Year,Notes,Agency,Status
Stephen B Rye,DISTRICT ATTORNEY,120654.95,0.00,0.00,42944.58,120654.95,163599.53,2016,,Lyon County,""
Jeffery A Page,COUNTY MANAGER,115859.99,0.00,0.00,41167.09,115859.99,157027.08,2016,,Lyon County,""
Roger W Sayre,CHIEF JUVENILE PROBATION OFFICER,96291.54,0.00,0.00,47283.54,96291.54,143575.08,2016,,Lyon County,""
Alvin H Jr Mcneil,SHERIFF,101539.80,2.70,0.00,41563.62,101542.50,143106.12,2016,,Lyon County,""
Edrie Lavoie,HUMAN SERVICES DIRECTOR,103497.43,0.00,0.00,38166.03,103497.43,141663.46,2016,,Lyon County,""
Joshua D Foli,COMPTROLLER,102624.22,0.00,0.00,38619.67,102624.22,141243.89,2016,,Lyon County,""
Michael L Workman,UTILITIES DIRECTOR,102804.00,0.00,0.00,37070.69,102804.00,139874.69,2016,,Lyon County,""
Christie Reeder,HUMAN RESOURCES DIRECTOR,102269.01,0.00,0.00,35396.53,102269.01,137665.54,2016,,Lyon County,""
Jeremy R Reichenberg,CHIEF DEPUTY DISTRICT ATTORNEY,102039.40,0.00,0.00,35332.21,102039.40,137371.61,2016,,Lyon County,""
Edwin R Kilgore,BUREAU COMMANDER,88712.52,0.00,1100.00,44118.94,89812.52,133931.46,2016,,Lyon County,""
Julie L Redmond,DEPUTY,62876.05,32179.78,1489.25,34490.50,96545.08,131035.58,2016,,Lyon County,""
Nikki A Bryan,CLERK/TREASURER,79467.57,0.00,15893.41,33462.31,95360.98,128823.29,2016,,Lyon County,""
Peter J Baltes,SERGEANT,61058.36,29121.12,2707.51,35399.89,92886.99,128286.88,2016,,Lyon County,""
Jeremy J Grundy,SERGEANT,67501.39,21632.78,1003.90,36366.48,90138.07,126504.55,2016,,Lyon County,""
Robert G Stout,DEPUTY,62546.46,27930.87,2059.50,33816.21,92536.83,126353.04,2016,,Lyon County,""
Robin D Hall,BUREAU COMMANDER,83082.64,0.00,1100.00,41748.60,84182.64,125931.24,2016,,Lyon County,""
Hazen R Adams,IT DIRECTOR,90874.19,0.00,0.00,33317.78,90874.19,124191.97,2016,,Lyon County,""
Donna R Cupp,DISPATCH MANAGER,63032.98,31671.77,1678.18,27442.31,96382.93,123825.24,2016,,Lyon County,""
Daniel J Lynch,SERGEANT,67496.52,17156.85,1387.88,36909.66,86041.25,122950.91,2016,,Lyon County,""
Johnny L Jr Smith,LIEUTENANT,71522.79,11820.75,1322.00,37964.37,84665.54,122629.91,2016,,Lyon County,""
Abel Ortiz,LIEUTENANT,75122.44,7502.76,1060.75,38892.44,83685.95,122578.39,2016,,Lyon County,""
Jerry L Pattison,LIEUTENANT,73768.76,8141.94,967.45,39542.08,82878.15,122420.23,2016,,Lyon County,""
Shawn J Clanton,LIEUTENANT,71462.68,11751.54,1093.75,37728.65,84307.97,122036.62,2016,,Lyon County,""
Richard C Cabrera,DEPUTY,63948.05,18510.33,2701.28,35309.37,85159.66,120469.03,2016,,Lyon County,""
Peter J Spinuzzi,SERGEANT,71956.17,10504.80,1135.75,36201.35,83596.72,119798.07,2016,,Lyon County,""
Michael J Carlson,ADMINISTRATIVE SERVICES MANAGER,87165.53,0.00,0.00,32161.32,87165.53,119326.85,2016,,Lyon County,""
Zachary D Hickman,DEPUTY,58261.58,24308.68,1907.50,31608.73,84477.76,116086.49,2016,,Lyon County,""
Allan R Strand,SERGEANT,69146.44,9067.96,1782.00,35944.51,79996.40,115940.91,2016,,Lyon County,""
Camille M Vecchiarelli,JUSTICE OF THE PEACE,88394.82,0.00,0.00,26595.37,88394.82,114990.19,2016,,Lyon County,""
Jeffrey E Peebles,DEPUTY,63304.31,16678.59,1755.38,33178.75,81738.28,114917.03,2016,,Lyon County,""
Sherry L Stone,PUBLIC GUARDIAN,84445.96,0.00,0.00,30401.87,84445.96,114847.83,2016,,Lyon County,""
Marty J Dues,DEPUTY,58894.66,22471.07,974.51,32266.47,82340.24,114606.71,2016,,Lyon County,""
Bryan E Parsons,SERGEANT,67190.78,10257.50,1784.76,35272.22,79233.04,114505.26,2016,,Lyon County,""
Van S Sellers,WASTEWATER CHIEF OPERATOR,71069.17,5864.39,6661.82,30779.92,83595.38,114375.30,2016,,Lyon County,""
Frank E Hunewill,BUREAU COMMANDER,72238.01,2924.76,1106.00,37890.19,76268.77,114158.96,2016,,Lyon County,""
Brad M Pope,SERGEANT,66581.72,12335.32,900.00,34192.10,79817.04,114009.14,2016,,Lyon County,""
Catherine J Du Bois,DEPUTY,61934.48,13858.10,2045.88,35596.47,77838.46,113434.93,2016,,Lyon County,""
John T Vandiver,DEPUTY,63836.31,15274.93,900.00,33191.44,80011.24,113202.68,2016,,Lyon County,""
Robert J Bennett,JUSTICE OF THE PEACE,86164.00,0.00,0.00,27034.45,86164.00,113198.45,2016,,Lyon County,""
Tyrell M Joyner,DEPUTY,61046.16,17455.55,1758.63,32076.34,80260.34,112336.68,2016,,Lyon County,""
Jeffrey S Miller,SERGEANT,63555.04,12337.09,2277.01,33840.15,78169.14,112009.29,2016,,Lyon County,""
Margaret L Sei,DIRECTOR,91864.62,0.00,0.00,20081.51,91864.62,111946.13,2016,,Lyon County,""
James R Powell,SERGEANT,66550.25,9482.64,1039.33,34564.94,77072.22,111637.16,2016,,Lyon County,""
William D Mcdaniel,DEPUTY,62432.90,14857.41,1140.88,33102.30,78431.19,111533.49,2016,,Lyon County,""
Gabriel J Santos,DEPUTY,50189.50,25524.75,2699.76,31832.10,78414.01,110246.11,2016,,Lyon County,""
Timothy M Shaffer,DEPUTY,61698.25,11113.73,2611.50,34811.11,75423.48,110234.59,2016,,Lyon County,""
Christopher Bixby,DEPUTY,60796.65,14318.22,1524.00,33513.69,76638.87,110152.56,2016,,Lyon County,""
Troy R Villines,ASSESSOR,79467.57,0.00,0.00,30123.95,79467.57,109591.52,2016,,Lyon County,""
Erik J Kusmerz,DEPUTY,60086.46,12690.26,2802.50,33932.81,75579.22,109512.03,2016,,Lyon County,""
Steve B Tustin,DEPUTY,61596.97,11156.90,1525.02,35013.38,74278.89,109292.27,2016,,Lyon County,""
Bret D Willey,SERGEANT,60558.80,11825.33,1873.38,34972.28,74257.51,109229.79,2016,,Lyon County,""
Dawna L Warr,RECORDER,79467.57,0.00,0.00,29383.19,79467.57,108850.76,2016,,Lyon County,""
Sean M Mcneill,DEPUTY,63202.23,9553.78,1066.50,34445.63,73822.51,108268.14,2016,,Lyon County,""
Joshua R Barnes,DEPUTY,64247.74,8132.00,1311.50,34290.13,73691.24,107981.37,2016,,Lyon County,""
Misty M Mann,ADMINISTRATIVE SERVICES MANAGER,78478.03,479.13,0.00,28801.47,78957.16,107758.63,2016,,Lyon County,""
Stephanie A Haas,DEPUTY,59982.77,12530.43,1744.76,33320.41,74257.96,107578.37,2016,,Lyon County,""
Sean P Shannon,DEPUTY,60869.51,12271.12,2102.76,31516.06,75243.39,106759.45,2016,,Lyon County,""
Timothy D Wright,DEPUTY,57887.98,14188.78,2373.28,32223.82,74450.04,106673.86,2016,,Lyon County,""
Erik V Pruitt,DEPUTY,50638.37,23076.66,2268.01,30237.08,75983.04,106220.12,2016,,Lyon County,""
Timothy S Strobel,DEPUTY,58577.08,11633.61,2166.25,33707.99,72376.94,106084.93,2016,,Lyon County,""
Wayne L Hawley,DEPUTY,60210.61,11213.36,2053.39,32147.43,73477.36,105624.79,2016,,Lyon County,""
Jeremy A Best,DEPUTY,60437.10,10479.75,2376.25,32139.84,73293.10,105432.94,2016,,Lyon County,""
Gregory C Kantz,DEPUTY,57325.49,11017.14,2073.00,34787.72,70415.63,105203.35,2016,,Lyon County,""
Michael S Fletcher,JUSTICE OF THE PEACE,86164.00,0.00,0.00,18865.51,86164.00,105029.51,2016,,Lyon County,""
Lorena A Verdugo,DEPUTY,60517.51,6606.11,2567.00,35088.99,69690.62,104779.61,2016,,Lyon County,""
Carl E Jr Mushrush,DEPUTY,61870.76,8891.93,1340.01,32603.53,72102.70,104706.23,2016,,Lyon County,""
Herberth M Parada Aparicio,DEPUTY,59094.13,8591.10,2092.00,34253.97,69777.23,104031.20,2016,,Lyon County,""
Michael M Messmann,DEPUTY,55495.33,15278.75,1849.75,30678.09,72623.83,103301.92,2016,,Lyon County,""
Scott M Fleckenstein,WATER SUPERINTENDENT,80737.61,2777.22,0.00,19432.58,83514.83,102947.41,2016,,Lyon County,""
Julia S Stanton,ACCOUNTNG SUPERVISOR,74076.16,0.00,0.00,27502.61,74076.16,101578.77,2016,,Lyon County,""
Peter K Whitten,DEPUTY,57066.58,10835.12,2078.25,30753.44,69979.95,100733.39,2016,,Lyon County,""
Brian C Haslem,DEPUTY DISTRICT ATTORNEY,80236.00,0.00,0.00,19507.23,80236.00,99743.23,2016,,Lyon County,""
Alfonso Lopez,DEPUTY,60280.62,6253.64,1465.26,30918.72,67999.52,98918.24,2016,,Lyon County,""
Shaun B Lee,DEPUTY,57371.49,10228.63,931.02,30179.14,68531.14,98710.28,2016,,Lyon County,""
Damian D Sinnott,DEPUTY DISTRICT ATTORNEY,72072.00,0.00,0.00,26121.67,72072.00,98193.67,2016,,Lyon County,""
Amy L Geddes,LIBRARY DIRECTOR,70735.20,0.00,0.00,27290.70,70735.20,98025.90,2016,,Lyon County,""
Dustin D Homan,ROAD MAINTENANCE DIRECTOR,69080.42,0.00,0.00,28874.78,69080.42,97955.20,2016,,Lyon County,""
Moreen Scully,DEPUTY DISTRICT ATTORNEY,71108.30,0.00,0.00,26671.57,71108.30,97779.87,2016,,Lyon County,""
Eric Ow-Wing,CHIEF PROPERTY APPRAISER,77332.42,0.00,1958.84,18258.42,79291.26,97549.68,2016,,Lyon County,""
Eric A Smith,CHIEF DEPUTY JUVENILE PROBATION OFFICER,59774.84,4337.08,773.25,32414.86,64885.17,97300.03,2016,,Lyon County,""
Larry S White,DEPUTY,61350.37,7348.74,1655.25,26420.56,70354.36,96774.92,2016,,Lyon County,""
Richard C Wainscott,DISPATCH SUPERVISOR,48272.69,26683.28,866.94,20922.19,75822.91,96745.10,2016,,Lyon County,""
Mitchell T Brantingham,DEPUTY,53419.95,11017.29,2057.25,30103.44,66494.49,96597.93,2016,,Lyon County,""
Matthew K Merrill,DEPUTY DISTRICT ATTORNEY,75627.52,0.00,0.00,20850.74,75627.52,96478.26,2016,,Lyon County,""
Nathaniel C Cooper,DEPUTY,52600.53,10836.72,2745.25,30272.94,66182.50,96455.44,2016,,Lyon County,""
William T Apgar,NETWORK ADMINISTRATOR,69145.92,0.00,0.00,27233.88,69145.92,96379.80,2016,,Lyon County,""
Timothy T Ogle,FACILITIES & FLEET DIRECTOR,69086.99,0.00,0.00,27217.38,69086.99,96304.37,2016,,Lyon County,""
Jacek K Sobol,DEPUTY,53768.49,8450.33,2359.28,31543.36,64578.10,96121.46,2016,,Lyon County,""
Kyle S Jones,DEPUTY,51242.24,12189.97,2779.14,29857.62,66211.35,96068.97,2016,,Lyon County,""
Nathan R Champa,DEPUTY,52953.20,10625.04,1148.26,30485.43,64726.50,95211.93,2016,,Lyon County,""
Dustin C Johnson,DEPUTY,58291.92,3742.69,988.00,31701.34,63022.61,94723.95,2016,,Lyon County,""
Deborah L Frade,CHIEF DEPUTY CLERK-TREASURER,60823.29,322.35,10392.78,22810.56,71538.42,94348.98,2016,,Lyon County,""
Mark R Tookey,WASTE WATER ELECTRICAL/MECH SUPERINTENDENT,67814.40,569.02,0.00,25749.30,68383.42,94132.72,2016,,Lyon County,""
Brendan J Collins,DEPUTY,52726.24,9143.17,2411.13,29435.11,64280.54,93715.65,2016,,Lyon County,""
Jason A Dukek,WASTE WATER SYSTEM TECHNICIAN III,51421.96,9570.72,7863.60,24809.24,68856.28,93665.52,2016,,Lyon County,""
Jonathan A Tripp,DEPUTY,49367.47,16808.89,1067.90,26341.98,67244.26,93586.24,2016,,Lyon County,""
Beth A Pittman,DISPATCHER,53479.07,22418.12,900.84,16779.44,76798.03,93577.47,2016,,Lyon County,""
Douglas Brunson,LIEUTENANT,59204.04,1443.92,372.00,31529.25,61019.96,92549.21,2016,,Lyon County,""
Austin K Lucia,DEPUTY DISTRICT ATTORNEY,74288.00,0.00,0.00,17532.90,74288.00,91820.90,2016,,Lyon County,""
Nicholas J Greenhut,DEPUTY,53158.97,7305.64,1870.00,29381.84,62334.61,91716.45,2016,,Lyon County,""
Letitia R Talbot,DEPUTY JUVENILE PROBATION OFFICER,54908.12,3056.54,1764.75,31735.33,59729.41,91464.74,2016,,Lyon County,""
Omar T Huichapa,DEPUTY,53374.24,6584.88,1750.75,29116.05,61709.87,90825.92,2016,,Lyon County,""
Blake R Johnson,DEPUTY,51644.17,5961.09,1816.50,30710.49,59421.76,90132.25,2016,,Lyon County,""
Robert G Loveberg,COMMUNITY DEVELOPMENT DIRECTOR,55376.59,0.00,15254.01,18405.01,70630.60,89035.61,2016,,Lyon County,""
Brandon J Soukup,DEPUTY,53612.84,4655.50,1518.75,29131.69,59787.09,88918.78,2016,,Lyon County,""
Robert D Mann,WATER SYSTEM TECHNICIAN III,57230.40,3083.91,3655.12,24418.71,63969.43,88388.14,2016,,Lyon County,""
Denise J Johnson,LEGAL ASSISTANT,61090.52,0.00,1509.56,25400.97,62600.08,88001.05,2016,,Lyon County,""
Brian A Kirkley,DEPUTY JUVENILE PROBATION OFFICER,50741.37,5487.54,2160.00,29432.75,58388.91,87821.66,2016,,Lyon County,""
Sean E Sinclair,UTILITIES CONSTRUCTION MANAGER,60861.20,0.00,0.00,26925.99,60861.20,87787.19,2016,,Lyon County,""
Billie D Milligan,ACCOUNTANT,67600.44,1111.09,0.00,18959.69,68711.53,87671.22,2016,,Lyon County,""
Michael A Mccullough,DEPUTY,48645.00,8840.00,1717.76,27528.14,59202.76,86730.90,2016,,Lyon County,""
Tanya Sceirine,DISTRICT COURT ADMINISTRATOR,62140.64,0.00,0.00,24160.58,62140.64,86301.22,2016,,Lyon County,""
Jack L Huizar,EVIDENCE TECHNICIAN-ON CALL,49946.16,3107.90,15177.06,17929.61,68231.12,86160.73,2016,,Lyon County,""
Thomas J Gardner,WATER SYSTEM TECHNICIAN III,50971.29,4857.96,4976.87,25329.80,60806.12,86135.92,2016,,Lyon County,""
Vickey S Borsini,LEGAL ASSISTANT,54924.48,4794.17,1441.96,24832.56,61160.61,85993.17,2016,,Lyon County,""
Andrew W Bronk,DEPUTY,48574.09,7576.48,799.15,28713.36,56949.72,85663.08,2016,,Lyon County,""
George T Bolzle,BAILIFF,55011.60,0.00,0.00,29040.96,55011.60,84052.56,2016,,Lyon County,""
Elizabeth A Cole,PRE-TRIAL SERVICES OFFICER,57525.44,0.00,2878.72,23276.39,60404.16,83680.55,2016,,Lyon County,""
Cary R Smith,BAILIFF,53076.24,616.52,0.00,29862.09,53692.76,83554.85,2016,,Lyon County,""
Robert D Daniels,YOUTH COUNSELOR II,54804.41,2475.80,1261.69,24585.83,58541.90,83127.73,2016,,Lyon County,""
Maureen C Williss,ADMINISTRATIVE ASSISTANT,55815.68,678.12,1428.96,24481.30,57922.76,82404.06,2016,,Lyon County,""
Karl A Grimmer,DEPUTY,47460.98,6223.26,4372.93,24337.04,58057.17,82394.21,2016,,Lyon County,""
Christopher R Arrison,DEPUTY,45894.08,7049.85,2310.81,27052.35,55254.74,82307.09,2016,,Lyon County,""
Robert D Pyzel,SENIOR PLANNER,59506.62,997.38,0.00,21375.06,60504.00,81879.06,2016,,Lyon County,""
Kirk Stanton,ROAD MAINT. SUPERVISOR,55499.89,1184.32,0.00,24425.16,56684.21,81109.37,2016,,Lyon County,""
Shane M Joyner,DEPUTY,42705.14,10322.13,1377.25,26390.17,54404.52,80794.69,2016,,Lyon County,""
Rebecca E Messick,CASE MANAGER III,56690.08,137.25,0.00,23746.26,56827.33,80573.59,2016,,Lyon County,""
Cleveland W Barwig,BAILIFF,52498.78,214.91,0.00,27827.62,52713.69,80541.31,2016,,Lyon County,""
Erin M Singley,CHIEF DEPUTY ASSESSOR,57568.80,0.00,0.00,22880.41,57568.80,80449.21,2016,,Lyon County,""
Barxdal Stinson,DISTRICT MANAGER,55242.86,0.00,0.00,24654.83,55242.86,79897.69,2016,,Lyon County,""
Douglas Green,BLDG & GRNDS SUPERVISOR,60418.12,890.97,0.00,17938.80,61309.09,79247.89,2016,,Lyon County,""
Shanleigh A Brethauer,DEPUTY,45459.26,8809.76,2109.16,22612.05,56378.18,78990.23,2016,,Lyon County,""
Anna L Coons,HS DIVISION MANAGER,60944.80,0.00,0.00,17998.18,60944.80,78942.98,2016,,Lyon County,""
Jesse J Gutierrez,DEPUTY JUVENILE PROBATION OFFICER,46418.68,3453.93,1970.25,26518.55,51842.86,78361.41,2016,,Lyon County,""
Gina M Richardson,OFFICE SUPERVISOR,54984.61,765.73,0.00,22371.29,55750.34,78121.63,2016,,Lyon County,""
Cathrene A Britschgi,SIGN MAINT TECHNICIAN,62051.20,0.00,0.00,15758.54,62051.20,77809.74,2016,,Lyon County,""
Sandra J Jones,LEGAL ASSISTANT,55106.63,77.76,0.00,22592.93,55184.39,77777.32,2016,,Lyon County,""
Blaine A Manz,WATER SYSTEM TECHNICIAN II,54612.81,6377.11,1217.04,15447.44,62206.96,77654.40,2016,,Lyon County,""
Christine R Smith,PAYROLL TECHNICIAN,53362.24,1014.54,0.00,23227.08,54376.78,77603.86,2016,,Lyon County,""
Heather E Benson,HS DIVISION MANAGER,60689.20,0.00,0.00,16672.91,60689.20,77362.11,2016,,Lyon County,""
Richard C Spencer,DEPUTY,44122.49,6328.06,2555.39,24245.04,53005.94,77250.98,2016,,Lyon County,""
Kelly A Veil,SENIOR APPRAISER,54948.94,0.00,0.00,22146.91,54948.94,77095.85,2016,,Lyon County,""
Marcia B Moffitt,ADMINISTRATIVE ASSISTANT,56725.34,2206.48,1429.48,16079.94,60361.30,76441.24,2016,,Lyon County,""
Ronald C Kennison,DISPATCHER,36322.39,19229.71,1020.00,19852.14,56572.10,76424.24,2016,,Lyon County,""
Brian S Gibbs,WATER SYSTEM TECHNICIAN III,49784.04,2413.34,2264.66,21892.38,54462.04,76354.42,2016,,Lyon County,""
Tricia J Umphries,CHIEF DEPUTY CLERK-TREASURER,50207.72,2267.12,1293.76,21489.08,53768.60,75257.68,2016,,Lyon County,""
Michael A Jr Brammer,WASTE WATER SYSTEM TECHNICIAN II,47205.02,4964.84,6994.64,15756.61,59164.50,74921.11,2016,,Lyon County,""
Heather N Anderson,DISPATCHER,40039.86,20733.02,1002.50,12984.50,61775.38,74759.88,2016,,Lyon County,""
Rosa I Stone,DEPUTY JUVENILE PROBATION OFFICER,45075.23,1762.29,1492.50,26353.56,48330.02,74683.58,2016,,Lyon County,""
William T Pinzon,DISPATCHER,41214.20,16766.59,956.42,15610.16,58937.21,74547.37,2016,,Lyon County,""
Patrick J Geurts,BAILIFF,58545.76,0.00,0.00,15973.95,58545.76,74519.71,2016,,Lyon County,""
Cassandra J Pearson,HS DIVISION MANAGER,59010.27,0.00,0.00,15317.76,59010.27,74328.03,2016,,Lyon County,""
Keith L Valentine,SR ROAD MAINTAINER,55901.84,1639.77,1418.04,15286.10,58959.65,74245.75,2016,,Lyon County,""
Nicole L Cates,ANIMAL SERVICES SUPERVISOR,58784.00,174.06,0.00,15285.00,58958.06,74243.06,2016,,Lyon County,""
April J Neiswonger,ADMINISTRATIVE ASSISTANT,53617.73,5547.47,0.00,14903.57,59165.20,74068.77,2016,,Lyon County,""
Laura D La Pierre-Hines,SENIOR APPRAISER,52466.83,0.00,0.00,21451.90,52466.83,73918.73,2016,,Lyon County,""
Mary A Gri-Jackson,DISPATCHER,39767.48,19633.75,1368.30,13074.76,60769.53,73844.29,2016,,Lyon County,""
Daniel R Stevenson,MAINTENANCE TECHNICIAN,56960.32,1104.25,298.98,15063.87,58363.55,73427.42,2016,,Lyon County,""
Sara R Celedon,DISPATCHER,40871.73,16990.94,869.90,14235.75,58732.57,72968.32,2016,,Lyon County,""
Katherine L Thomas,SR DISTRICT COURT CLERK,51514.48,0.00,0.00,21185.27,51514.48,72699.75,2016,,Lyon County,""
Kerry A Page,PLANNING TECHNICIAN,57203.84,0.00,0.00,15055.71,57203.84,72259.55,2016,,Lyon County,""
Jennifer G Moore,DISPATCH SUPERVISOR,37794.24,14938.66,738.69,18630.81,53471.59,72102.40,2016,,Lyon County,""
Catherine E Taylor,JAIL CONTROL ROOM OPERATOR,48259.87,5328.05,2863.26,14391.78,56451.18,70842.96,2016,,Lyon County,""
Gene G Kay,FLEET SERVICES TECHNICIAN,54630.40,1217.44,0.00,14682.62,55847.84,70530.46,2016,,Lyon County,""
Phillip A Thomas,SR ROAD MAINTAINER,48252.20,1084.14,0.00,20738.91,49336.34,70075.25,2016,,Lyon County,""
Craig A Leone,FLEET SERVICES TECHNICIAN,48341.60,889.33,356.61,20396.66,49587.54,69984.20,2016,,Lyon County,""
Shelly R Bristol,SHERIFF RECORDS MANAGER,53858.80,1208.44,0.00,14745.95,55067.24,69813.19,2016,,Lyon County,""
Brenda A Farler,OFFICE SUPERVISOR,44772.62,367.86,10922.48,13270.52,56062.96,69333.48,2016,,Lyon County,""
Lorna J Quisenberry,SENIOR APPRAISER,48757.81,0.00,0.00,20413.46,48757.81,69171.27,2016,,Lyon County,""
Bridget E Hill,CHILD SUPPORT SUPERVISOR,53329.20,0.00,0.00,15605.75,53329.20,68934.95,2016,,Lyon County,""
James W Jr Cupp,DEPUTY,38867.76,3391.35,10575.80,15504.75,52834.91,68339.66,2016,,Lyon County,""
Courtney A Farnsworth,DEPUTY,39207.15,3757.58,1926.00,23283.03,44890.73,68173.76,2016,,Lyon County,""
Christopher M Hoffert,WATER SYSTEM TECHNICIAN II,47657.65,2793.33,2525.28,15149.52,52976.26,68125.78,2016,,Lyon County,""
Margie F Kassebaum,CHIEF DEPUTY RECORDER,47701.26,243.82,0.00,20141.94,47945.08,68087.02,2016,,Lyon County,""
Sonja M Remaley,SENIOR OFFICE ASSISTANT,46679.31,1419.73,0.00,19830.58,48099.04,67929.62,2016,,Lyon County,""
Bonny C Curry,ADMINISTRATIVE ASSISTANT,53265.07,151.44,0.00,14484.57,53416.51,67901.08,2016,,Lyon County,""
Richard R Rand,FLEET SERVICES SUPERVISOR,45640.36,1475.06,0.00,20666.92,47115.42,67782.34,2016,,Lyon County,""
Jennifer I Thomas,ADMINISTRATIVE SERVICES MANAGER,50826.94,1904.73,0.00,14915.88,52731.67,67647.55,2016,,Lyon County,""
Scott N Hansen,DEPUTY,37914.40,4973.68,2155.51,22099.22,45043.59,67142.81,2016,,Lyon County,""
Frank R Lescher,SR BLDG & GRNDS MAINT,51399.01,462.05,0.00,14937.70,51861.06,66798.76,2016,,Lyon County,""
Edward J Wilson,FLEET SERVICES TECHNICIAN,50868.19,1028.62,0.00,14278.80,51896.81,66175.61,2016,,Lyon County,""
Holly K Villines,MAPPING ADMINISTRATOR,51855.46,0.00,0.00,14280.23,51855.46,66135.69,2016,,Lyon County,""
Charles N Beck,DEPUTY,38741.37,3627.59,6084.97,17499.33,48453.93,65953.26,2016,,Lyon County,""
Lisa M Grigg,ADMINISTRATIVE ASSISTANT,46062.66,0.00,0.00,19658.73,46062.66,65721.39,2016,,Lyon County,""
Jason M Grahmann,ROAD MAINT. SUPERVISOR,48868.73,2049.49,0.00,14675.08,50918.22,65593.30,2016,,Lyon County,""
Kathleen M Clanton,DISPATCHER,40529.73,10927.12,991.04,13123.57,52447.89,65571.46,2016,,Lyon County,""
Miguel A Gutierrez,WATER SYSTEM TECHNICIAN II,47078.64,2490.01,1744.93,13840.67,51313.58,65154.25,2016,,Lyon County,""
Rebecca A Bacon,ADMINISTRATIVE ASSISTANT,44656.78,65.97,0.00,20395.41,44722.75,65118.16,2016,,Lyon County,""
Sandra G Brown,ACCOUNTING TECHNICIAN,44733.77,438.34,0.00,19814.71,45172.11,64986.82,2016,,Lyon County,""
Shayla C Holmes,PROGRAM SUPERVISOR,43687.54,159.84,0.00,21003.50,43847.38,64850.88,2016,,Lyon County,""
Lisa L Marraccini,YOUTH COUNSELOR II,46349.45,2235.51,1337.44,14736.11,49922.40,64658.51,2016,,Lyon County,""
Nathan A Bake,BLDG & GRNDS SUPERVISOR,49140.55,1009.47,0.00,14189.95,50150.02,64339.97,2016,,Lyon County,""
Tyler S Creel,YOUTH COUNSELOR III,48026.20,575.59,60.75,14857.70,48662.54,63520.24,2016,,Lyon County,""
Katrena M Martin,LEGAL ASSISTANT,42218.01,556.44,0.00,20686.11,42774.45,63460.56,2016,,Lyon County,""
Cynthia N Munn,CHILD SUPPORT CASE WORKER,45746.48,0.00,3530.18,13732.95,49276.66,63009.61,2016,,Lyon County,""
Cathy M Beckett,SR OFFICE ASSISTANT,42174.59,1570.72,0.00,19009.88,43745.31,62755.19,2016,,Lyon County,""
Brian J Elder,SR FLEET SERV TECHNICIAN,48041.45,340.95,0.00,14147.76,48382.40,62530.16,2016,,Lyon County,""
Deborah A Stevens,SENIOR CENTER SUPERVISOR,52678.89,1246.56,0.00,8258.30,53925.45,62183.75,2016,,Lyon County,""
Summer D Bell,LIBRARY BRNCH MANAGER,45668.90,1779.85,0.00,14602.51,47448.75,62051.26,2016,,Lyon County,""
Charles A Pace,DEPUTY DISTRICT ATTORNEY,45634.20,0.00,0.00,16078.92,45634.20,61713.12,2016,,Lyon County,""
Jason R Booth,SR ROAD MAINTAINER,46104.98,1088.30,0.00,14303.51,47193.28,61496.79,2016,,Lyon County,""
Donna M Macgill,SR OFFICE ASSISTANT,41307.62,1391.64,0.00,18717.01,42699.26,61416.27,2016,,Lyon County,""
Deann P Peeples,DISTRICT COURT CLERK II,40608.49,607.07,0.00,19769.17,41215.56,60984.73,2016,,Lyon County,""
Lydia I Youngblood,OFFICE SUPERVISOR,46433.00,934.45,0.00,13505.79,47367.45,60873.24,2016,,Lyon County,""
Justin D Adie,UTILITIES ELECTRICAL/MECH TECHNICIAN II,41822.80,465.61,0.00,18539.35,42288.41,60827.76,2016,,Lyon County,""
Patrick Gutierrez,SR ROAD MAINTAINER,41357.18,626.23,0.00,18511.07,41983.41,60494.48,2016,,Lyon County,""
Penny L Valiska,CASE MANAGER,41845.70,135.20,0.00,18502.88,41980.90,60483.78,2016,,Lyon County,""
Richard A Sr Hueston,SR BLDG & GRNDS MAINT,45224.24,538.55,541.37,14137.45,46304.16,60441.61,2016,,Lyon County,""
Patrick L Watson,JAIL CONTROL ROOM OPERATOR,35353.38,6901.81,236.88,17921.53,42492.07,60413.60,2016,,Lyon County,""
Anita T Talbot,ADMINISTRATIVE ASSISTANT,41927.34,258.43,0.00,17942.14,42185.77,60127.91,2016,,Lyon County,""
Karly N Sellers,DISPATCHER,33839.98,12472.26,2707.40,10588.98,49019.64,59608.62,2016,,Lyon County,""
Michael R Perumean,APPRAISER,46144.12,0.00,0.00,13452.10,46144.12,59596.22,2016,,Lyon County,""
Ingrid K Walker,UTILITIES METER TECHNICIAN,41255.44,25.56,0.00,18312.79,41281.00,59593.79,2016,,Lyon County,""
Jason R Webb,WATER SYSTEM TECHNICIAN I,41558.51,2719.86,2166.91,13102.51,46445.28,59547.79,2016,,Lyon County,""
Arsenio B Reyes,YOUTH COUNSELOR II,42752.76,2218.26,0.00,14129.92,44971.02,59100.94,2016,,Lyon County,""
Diana L Silveira,YOUTH COUNSELOR II,37556.56,3491.26,96.00,17681.39,41143.82,58825.21,2016,,Lyon County,""
Nicole D Kusmerz,ADMINISTRATIVE ASSISTANT,44710.35,651.75,0.00,13307.25,45362.10,58669.35,2016,,Lyon County,""
Justin J Aguilar,DEPUTY JUVENILE PROBATION OFFICER,34407.61,2667.96,2520.53,18794.93,39596.10,58391.03,2016,,Lyon County,""
Rachel Trujillo,YOUTH COUNSELOR II,41297.45,3055.97,1470.75,12472.32,45824.17,58296.49,2016,,Lyon County,""
Michael G Smith,SR BLDG & GRNDS MAINT,42595.37,762.03,628.07,14176.74,43985.47,58162.21,2016,,Lyon County,""
Natasha L Smihula,JPO SUPPORT SPECIALIST,44879.51,0.00,0.00,13268.73,44879.51,58148.24,2016,,Lyon County,""
Heather D Bryant,DISPATCHER,39117.12,4937.21,392.41,13522.37,44446.74,57969.11,2016,,Lyon County,""
Cynthia A Conover,CASE MANAGER,44152.13,375.82,0.00,13217.82,44527.95,57745.77,2016,,Lyon County,""
Kimberly A Furr,SR OFFICE ASSISTANT,38837.85,114.66,0.00,18779.76,38952.51,57732.27,2016,,Lyon County,""
Vicki L Foster,SR JUSTICE COURT CLERK,39661.77,160.30,0.00,17910.00,39822.07,57732.07,2016,,Lyon County,""
Robert J Stadelhofer,YOUTH COUNSELOR I,38406.10,3862.02,1434.00,13960.23,43702.12,57662.35,2016,,Lyon County,""
Kevin T Halvorson,SR BLDG & GRNDS MAINT,44365.49,62.61,0.00,13203.24,44428.10,57631.34,2016,,Lyon County,""
Carly M Thom,WIC SPECIALIST,39541.42,28.83,0.00,17840.91,39570.25,57411.16,2016,,Lyon County,""
Lucille B Adams,SR OFFICE ASSISTANT,36610.22,1726.24,0.00,18853.31,38336.46,57189.77,2016,,Lyon County,""
Martha A Tapia,SR JUSTICE COURT CLERK,42982.59,0.00,0.00,14105.50,42982.59,57088.09,2016,,Lyon County,""
Gail M Brian,WIC SPECIALIST,43720.64,61.35,0.00,13106.68,43781.99,56888.67,2016,,Lyon County,""
Anne M Tiscareno,JUDICIAL ASSISTANT,37740.25,473.28,0.00,18440.27,38213.53,56653.80,2016,,Lyon County,""
Brenda K Cullen,RECORDS ADMINISTRATOR,38432.53,2040.47,0.00,16011.65,40473.00,56484.65,2016,,Lyon County,""
Barbara L Garcia,FOOD SERVICE COORDINATOR,41832.78,424.61,0.00,13990.28,42257.39,56247.67,2016,,Lyon County,""
Brandon N Faber,ANIMAL CONTROL OFFICER,41385.52,938.87,0.00,13873.89,42324.39,56198.28,2016,,Lyon County,""
Catherine A Petersen,SENIOR CENTER SUPERVISOR,41548.65,729.60,0.00,13233.00,42278.25,55511.25,2016,,Lyon County,""
Brenda D Desmet,OFFICE SUPERVISOR,42422.10,0.00,0.00,12912.52,42422.10,55334.62,2016,,Lyon County,""
Edith M Collins,OFFICE MANAGER,43476.39,7.89,0.00,11686.50,43484.28,55170.78,2016,,Lyon County,""
Andrea C Andersen,DISTRICT COURT CLERK II,37159.20,243.20,0.00,17165.74,37402.40,54568.14,2016,,Lyon County,""
Susanne A Gargano,ANIMAL CONTROL OFFICER,41127.20,323.78,0.00,13095.63,41450.98,54546.61,2016,,Lyon County,""
Jenny A Reviglio,CHILD SUPPORT CASE WORKER,41697.63,0.00,0.00,12807.37,41697.63,54505.00,2016,,Lyon County,""
Julie M Vaughan,CHILD SUPPORT CASE WORKER,41697.63,0.00,0.00,12807.36,41697.63,54504.99,2016,,Lyon County,""
Cheri R Roberts,CASE MANAGER,40021.06,164.74,0.00,14131.18,40185.80,54316.98,2016,,Lyon County,""
Joshua A Coons,SR BLDG & GRNDS MAINT,39783.25,1003.72,0.00,13487.18,40786.97,54274.15,2016,,Lyon County,""
Lura A Panici,ADMINISTRATIVE ASSISTANT,36226.97,825.16,0.00,17135.86,37052.13,54187.99,2016,,Lyon County,""
Tearesa A Wilson,SR OFFICE ASSISTANT,38446.46,3400.34,0.00,12335.01,41846.80,54181.81,2016,,Lyon County,""
Danelle N Bristol,JAIL CONTROL ROOM OPERATOR,34472.97,6483.68,50.75,12746.82,41007.40,53754.22,2016,,Lyon County,""
Joanne M Mcguire,SR OFFICE ASSISTANT,36686.39,0.00,0.00,17033.45,36686.39,53719.84,2016,,Lyon County,""
Cinnamin Lambros,SR OFFICE ASSISTANT,34144.02,3192.81,68.00,16306.87,37404.83,53711.70,2016,,Lyon County,""
Joseph A Mountjoy,SR BLDG & GRNDS MAINT,39667.39,357.74,0.00,13657.77,40025.13,53682.90,2016,,Lyon County,""
Katherine Wakeman-Nelson,JAIL CONTROL ROOM OPERATOR,31877.05,5981.99,1429.00,14141.63,39288.04,53429.67,2016,,Lyon County,""
Linda S Hilton,YOUTH COUNSELOR I,36478.41,1950.22,1115.18,13873.59,39543.81,53417.40,2016,,Lyon County,""
William C Morgan,JAIL CONTROL ROOM OPERATOR,32710.64,6282.04,1624.75,12738.80,40617.43,53356.23,2016,,Lyon County,""
Nicole A Cisneros,JAIL CONTROL ROOM OPERATOR,28700.23,7065.48,1854.51,15522.44,37620.22,53142.66,2016,,Lyon County,""
Jonathan E Jones,ROAD MAINTAINER,39609.59,903.72,0.00,12529.98,40513.31,53043.29,2016,,Lyon County,""
Angelica K Martina,SR JUSTICE COURT CLERK,40199.34,0.00,0.00,12590.09,40199.34,52789.43,2016,,Lyon County,""
Rebecca M Boehner,CASE MANAGER,38871.28,237.03,0.00,13541.65,39108.31,52649.96,2016,,Lyon County,""
Julie N Dalton,CASE MANAGER II,39223.36,521.52,0.00,12854.39,39744.88,52599.27,2016,,Lyon County,""
Rene L Fuhrman,SR OFFICE ASSISTANT,38313.63,14.18,0.00,13428.54,38327.81,51756.35,2016,,Lyon County,""
Melanee N Glenn,CASE MANAGER,38959.26,132.02,0.00,12426.65,39091.28,51517.93,2016,,Lyon County,""
Stephanie I Schneider,YOUTH COUNSELOR II,35007.62,2226.23,475.64,13447.17,37709.49,51156.66,2016,,Lyon County,""
Joel W Brown,SENIOR BUILDING INSPECTOR,32832.56,50.58,6195.74,12038.59,39078.88,51117.47,2016,,Lyon County,""
Tammy L Johnson,JUSTICE COURT CLERK II,37500.30,0.00,0.00,13310.49,37500.30,50810.79,2016,,Lyon County,""
Candis E Rogers,SR OFFICE ASSISTANT,38437.96,27.00,0.00,12338.67,38464.96,50803.63,2016,,Lyon County,""
Lynn D Evans,LIBRARY BRNCH MANAGER,37838.48,707.79,0.00,12131.59,38546.27,50677.86,2016,,Lyon County,""
Jonathan T Aveiro,ROAD MAINTAINER,36644.96,359.91,0.00,13599.09,37004.87,50603.96,2016,,Lyon County,""
Jonathan R Trefault,YOUTH COUNSELOR II,33765.69,2575.90,1898.56,12029.10,38240.15,50269.25,2016,,Lyon County,""
Brody L Deforest,ROAD MAINTAINER,36471.40,1628.16,0.00,12127.76,38099.56,50227.32,2016,,Lyon County,""
Rebekah R Parker-Harrison,JUSTICE COURT CLERK II,37890.31,56.19,0.00,12263.45,37946.50,50209.95,2016,,Lyon County,""
Ashley L Berry,JAIL CONTROL ROOM OPERATOR,32609.66,5230.55,830.00,11264.53,38670.21,49934.74,2016,,Lyon County,""
Gregory J Flores,JAIL CONTROL ROOM OPERATOR,34356.76,3767.66,29.50,11771.38,38153.92,49925.30,2016,,Lyon County,""
Jerrie L Manning,CASE MANAGER,34430.25,676.35,0.00,14816.15,35106.60,49922.75,2016,,Lyon County,""
Ellen L Balaam,SR OFFICE ASSISTANT,43029.69,0.00,0.00,6264.54,43029.69,49294.23,2016,,Lyon County,""
Billy R Jr Kirkland,JAIL CONTROL ROOM OPERATOR,31145.45,5753.71,1289.00,10613.47,38188.16,48801.63,2016,,Lyon County,""
Robert D Bridges,DEPUTY,30176.74,5530.12,400.00,11542.52,36106.86,47649.38,2016,,Lyon County,""
Stephanie M Wolf,SENIOR CENTER SUPERVISOR,32270.68,748.42,0.00,14390.00,33019.10,47409.10,2016,,Lyon County,""
Steffanie M Robinson,CUSTODIAL SUPERVISOR,34812.44,624.01,0.00,11809.11,35436.45,47245.56,2016,,Lyon County,""
Donna J Mccormick,SR OFFICE ASSISTANT,33636.24,60.20,0.00,13334.44,33696.44,47030.88,2016,,Lyon County,""
Kiley M Cook,CASE MANAGER,32915.13,121.80,3854.34,9336.80,36891.27,46228.07,2016,,Lyon County,""
Raymond F Fierro,COMMISSIONER,27881.36,0.00,2513.42,15271.80,30394.78,45666.58,2016,,Lyon County,""
Robert J Hastings,COMMISSIONER,27881.36,0.00,0.00,17691.58,27881.36,45572.94,2016,,Lyon County,""
Xiao-Wen Jin,LAW CLERK,35088.25,0.00,699.06,9520.37,35787.31,45307.68,2016,,Lyon County,""
Rebecca A Armendariz,SR OFFICE ASSISTANT,32783.94,0.00,0.00,12361.59,32783.94,45145.53,2016,,Lyon County,""
Vanessa Cota-Gomez,JUSTICE COURT CLERK II,33147.36,50.88,0.00,11574.99,33198.24,44773.23,2016,,Lyon County,""
Jackie R Zylstra,CUSTODIAN,29523.44,25.17,0.00,15027.78,29548.61,44576.39,2016,,Lyon County,""
Yolanda M Gibbs,CUSTODIAN,29497.52,49.10,0.00,15020.51,29546.62,44567.13,2016,,Lyon County,""
Victoria Tovar,DISTRICT COURT CLERK I,32227.37,0.00,0.00,12260.83,32227.37,44488.20,2016,,Lyon County,""
Christian R Robinson,YOUTH COUNSELOR I,31503.73,450.30,150.00,10994.08,32104.03,43098.11,2016,,Lyon County,""
Donald D Alt,COMMISSIONER,27881.36,0.00,0.00,14567.98,27881.36,42449.34,2016,,Lyon County,""
Karina Nunez,SR OFFICE ASSISTANT,29665.49,0.00,0.00,12277.15,29665.49,41942.64,2016,,Lyon County,""
Gregory A Hunewill,COMMISSIONER,27881.36,0.00,0.00,14037.52,27881.36,41918.88,2016,,Lyon County,""
Christopher J Askew,CUSTODIAN,24922.07,208.06,0.00,15272.27,25130.13,40402.40,2016,,Lyon County,""
Elva R Menesini,LIBRARY ASSISTANT,29732.06,138.60,0.00,10530.09,29870.66,40400.75,2016,,Lyon County,""
Neil J Mortensen,COMMISSIONER,27881.36,0.00,3628.69,8848.04,31510.05,40358.09,2016,,Lyon County,""
Jeff K Warden,CUSTODIAN,27511.85,174.31,0.00,11759.11,27686.16,39445.27,2016,,Lyon County,""
Viola R Tillman,SR FOOD SERVICE SPECIALIST,31333.82,14.84,0.00,7568.27,31348.66,38916.93,2016,,Lyon County,""
Jamie L Sawyer,SR OFFICE ASSISTANT,27794.59,91.28,476.86,10205.22,28362.73,38567.95,2016,,Lyon County,""
Nicholas R Baugh,DEPUTY,21500.40,4144.29,483.38,11354.33,26128.07,37482.40,2016,,Lyon County,""
Michael H Morgan,SIGN MAINT TECHNICIAN,23861.57,1174.70,1488.89,10855.11,26525.16,37380.27,2016,,Lyon County,""
Linda B Manz,SR FOOD SERVICE SPECIALIST,26759.21,0.00,0.00,10085.62,26759.21,36844.83,2016,,Lyon County,""
Kayleen M Taylor,SR CASE MANAGER,27655.88,120.68,753.59,7928.46,28530.15,36458.61,2016,,Lyon County,""
Margaret K Wright,SENIOR OFFICE ASSISTANT,25845.82,413.44,679.33,9421.33,26938.59,36359.92,2016,,Lyon County,""
Nicholas J Carter,DEPUTY,23442.90,1864.98,976.50,10073.21,26284.38,36357.59,2016,,Lyon County,""
Richard E Eichhorn,SR BLDG & GRNDS MAINT,26801.58,743.67,337.62,8418.31,27882.87,36301.18,2016,,Lyon County,""
Lisa A Sinclair,SR FOOD SERVICE SPECIALIST,24610.93,0.00,2329.11,8609.17,26940.04,35549.21,2016,,Lyon County,""
Joseph A Dragon,LAW CLERK,25902.24,0.00,2508.89,6851.92,28411.13,35263.05,2016,,Lyon County,""
Morgan A Barnreiter,SR CASE MANAGER,26694.67,1152.29,0.00,7334.79,27846.96,35181.75,2016,,Lyon County,""
Eugene W Stewart,BUILDING INSPECTOR II,25072.34,30.27,1295.92,8445.73,26398.53,34844.26,2016,,Lyon County,""
Melissa R Connors,SR CASE MANAGER,24643.20,519.55,1808.13,7833.95,26970.88,34804.83,2016,,Lyon County,""
William M Mountjoy,WATER SYSTEM TECHNICIAN I,23794.93,413.04,3795.20,6649.22,28003.17,34652.39,2016,,Lyon County,""
Trudy A Ingerson,JUDICIAL ASSISTANT,17934.41,36.87,710.00,15437.12,18681.28,34118.40,2016,,Lyon County,""
Maria D Alexander,SR OFFICE ASSISTANT,28886.81,0.00,0.00,4188.60,28886.81,33075.41,2016,,Lyon County,""
Melissa M Whitt,SR OFFICE ASSISTANT,26182.69,0.00,0.00,6501.22,26182.69,32683.91,2016,,Lyon County,""
Raymond D Pennine,SR TRANSPORTATION SPECIALIST,23208.08,375.97,0.00,7869.29,23584.05,31453.34,2016,,Lyon County,""
Matthew J Galvin,DEPUTY,17575.65,2749.80,569.63,9199.91,20895.08,30094.99,2016,,Lyon County,""
Wynne M Prindle,LIBRARY TECHNICIAN,25552.81,213.18,0.00,3725.81,25765.99,29491.80,2016,,Lyon County,""
Catherine A Schriner,LIBRARY ASSISTANT,25513.11,238.37,0.00,3722.45,25751.48,29473.93,2016,,Lyon County,""
Richard L Elkins,TRANSPORTATION SPECIALIST,19610.46,0.00,0.00,9791.77,19610.46,29402.23,2016,,Lyon County,""
Maria A Bryant,JUSTICE COURT CLERK I,22483.55,0.00,0.00,6914.03,22483.55,29397.58,2016,,Lyon County,""
Ramona A Campbell,LIBRARY ASSISTANT,25495.83,114.69,0.00,3707.97,25610.52,29318.49,2016,,Lyon County,""
Kristen A Bryant,CASE MANAGER,20188.14,185.16,563.43,6329.62,20936.73,27266.35,2016,,Lyon County,""
Christy A Grundy,CASE MANAGER,20535.60,335.69,0.00,5588.36,20871.29,26459.65,2016,,Lyon County,""
Jessica Angle,HR GENERALIST,17330.40,0.00,0.00,6133.53,17330.40,23463.93,2016,,Lyon County,""
Briza N Rodriguez,YOUTH COUNSELOR I,19198.32,682.56,639.91,2940.47,20520.79,23461.26,2016,,Lyon County,""
Patrick B Mansfield,LAW CLERK,19021.90,0.00,0.00,4408.86,19021.90,23430.76,2016,,Lyon County,""
Debra M Depaoli,SR DISTRICT COURT CLERK,23333.10,0.00,0.00,0.00,23333.10,23333.10,2016,,Lyon County,""
Cara J Holmes,SR CASE MANAGER,17951.80,242.33,344.64,4387.02,18538.77,22925.79,2016,,Lyon County,""
Lloyd E Smethers,JUSTICE COURT CLERK,13039.83,941.87,3989.51,4876.55,17971.21,22847.76,2016,,Lyon County,""
Jeffrey A Jr Otto,DEPUTY,13366.80,1582.12,403.13,7102.11,15352.05,22454.16,2016,,Lyon County,""
Adam J Wynott,LAW CLERK,18070.81,0.00,0.00,3838.25,18070.81,21909.06,2016,,Lyon County,""
Megan M O'brien,OFFICE ASSISTANT,16179.00,0.00,0.00,5647.28,16179.00,21826.28,2016,,Lyon County,""
Susan J Fowler,DISPATCHER,9886.95,4675.27,4725.50,2498.06,19287.72,21785.78,2016,,Lyon County,""
Steven R Betts,SR BLDG & GRNDS MAINT,12713.17,0.00,4527.67,4021.91,17240.84,21262.75,2016,,Lyon County,""
Jason A Rose,SR BLDG & GRNDS MAINT,13078.01,58.14,4357.01,3288.00,17493.16,20781.16,2016,,Lyon County,""
Donna M Forinash,SR OFFICE ASSISTANT,12571.09,442.57,2188.72,5461.04,15202.38,20663.42,2016,,Lyon County,""
Sherry L Talbott,LIBRARY ASSISTANT,17938.96,76.07,0.00,2608.50,18015.03,20623.53,2016,,Lyon County,""
Manfred H Jurgeit,TRANSPORTATION SPECIALIST,17509.38,0.00,0.00,2538.86,17509.38,20048.24,2016,,Lyon County,""
Lisa A Smith,SR OFFICE ASSISTANT,17000.85,0.00,0.00,2465.13,17000.85,19465.98,2016,,Lyon County,""
Amanda A Ortiz,DISPATCHER,12851.60,838.13,108.00,4769.56,13797.73,18567.29,2016,,Lyon County,""
Melissa Thomson,DISPATCHER,12327.00,940.97,132.00,5041.23,13399.97,18441.20,2016,,Lyon County,""
Sean R Lacow,SR CASE MANAGER,12859.20,176.34,0.00,4930.95,13035.54,17966.49,2016,,Lyon County,""
Jessie M Walsh,YOUTH COUNSELOR II,16325.96,988.32,472.50,0.00,17786.78,17786.78,2016,,Lyon County,""
Miranda M Wheeler,SR OFFICE ASSISTANT,13492.54,103.20,0.00,3617.06,13595.74,17212.80,2016,,Lyon County,""
Helen Bacock,LIBRARY ASSISTANT,12692.42,137.18,0.00,3592.27,12829.60,16421.87,2016,,Lyon County,""
David E Moretto,TRANSPORTATION SPECIALIST,12616.06,0.00,0.00,3532.49,12616.06,16148.55,2016,,Lyon County,""
Diana N Cooper,DEPUTY,9935.22,1109.70,306.00,4653.18,11350.92,16004.10,2016,,Lyon County,""
Nikki L Lynch,FOOD SERVICE SPECIALIST,12241.50,0.00,0.00,3427.62,12241.50,15669.12,2016,,Lyon County,""
Patty J Elkins,FOOD SERVICE SPECIALIST,13666.62,0.00,0.00,1932.04,13666.62,15598.66,2016,,Lyon County,""
Debra A Gilmore,JUDICIAL ASSISTANT,14762.49,16.29,0.00,0.00,14778.78,14778.78,2016,,Lyon County,""
Sherilyn A Ostrander,HR ASSISTANT,9426.33,0.00,4560.93,0.00,13987.26,13987.26,2016,,Lyon County,""
Nancy G Avant,TRANSPORTATION SPECIALIST,13559.50,0.00,0.00,0.00,13559.50,13559.50,2016,,Lyon County,""
Robert S Emhoff,ROAD MAINTAINER,10089.00,0.00,0.00,2486.81,10089.00,12575.81,2016,,Lyon County,""
Daniel J Tracy,SEASONAL LABORER,12088.00,0.00,0.00,0.00,12088.00,12088.00,2016,,Lyon County,""
Dean R Sorensen,YOUTH COUNSELOR II,9631.34,1207.69,360.75,868.46,11199.78,12068.24,2016,,Lyon County,""
Patricia Proctor,ON CALL COUNSELOR,11764.41,0.00,254.63,0.00,12019.04,12019.04,2016,,Lyon County,""
Elizabeth I Clark,FOOD SERVICE SPECIALIST,9647.33,9.23,168.51,1375.18,9825.07,11200.25,2016,,Lyon County,""
Elizabeth N Harrison,DEPUTY,6535.35,1147.39,254.00,2865.70,7936.74,10802.44,2016,,Lyon County,""
Karen A Blumenthal,CASE MANAGER,9215.76,0.00,0.00,1336.27,9215.76,10552.03,2016,,Lyon County,""
Linda M Granger,SR CASE MANAGER,7689.25,79.21,178.16,2250.04,7946.62,10196.66,2016,,Lyon County,""
Michael L Lange,COMM SVC WORK COORDINATOR,10133.59,0.00,0.00,0.00,10133.59,10133.59,2016,,Lyon County,""
Amanda L Conken,LIBRARY ASSISTANT,8497.26,13.99,450.66,1168.11,8961.91,10130.02,2016,,Lyon County,""
Stanley T Ingala,TECHNICIAN ON CALL,9709.81,0.00,217.50,0.00,9927.31,9927.31,2016,,Lyon County,""
Shana M Stirton,SR CASE MANAGER,8271.36,0.00,0.00,1199.33,8271.36,9470.69,2016,,Lyon County,""
Karen L Howard,OFFICE ASSISTANT,9029.51,0.00,0.00,0.00,9029.51,9029.51,2016,,Lyon County,""
Patricia K Martin,COMM SVC WORK COORDINATOR,8665.30,0.00,0.00,0.00,8665.30,8665.30,2016,,Lyon County,""
Paul G Esswein,SENIOR PLANNER,6091.74,0.00,996.54,1412.10,7088.28,8500.38,2016,,Lyon County,""
Stephen M Riley,ON CALL COUNSELOR,7634.82,105.76,132.20,0.00,7872.78,7872.78,2016,,Lyon County,""
Nolan R Block,DEPUTY RESERVE,7446.14,0.00,0.00,0.00,7446.14,7446.14,2016,,Lyon County,""
Heather F Cherry,CASE MANAGER,6697.99,16.49,96.00,612.71,6810.48,7423.19,2016,,Lyon County,""
Jacob C Lassen,WATER SYSTEM TECHNICIAN I,6356.25,84.38,0.00,924.37,6440.63,7365.00,2016,,Lyon County,""
Annelisa F Riley,ON CALL COUNSELOR,7206.35,0.00,96.00,0.00,7302.35,7302.35,2016,,Lyon County,""
Martin S Howard,SEASONAL LABORER,7273.00,0.00,0.00,0.00,7273.00,7273.00,2016,,Lyon County,""
Cynthia M Ashe,ON CALL COUNSELOR,6908.15,0.00,132.99,0.00,7041.14,7041.14,2016,,Lyon County,""
Deanna F Hatfield,ON CALL COUNSELOR,6045.65,0.00,158.25,0.00,6203.90,6203.90,2016,,Lyon County,""
Frank A Leisure,TECHNICIAN ON CALL,6167.50,0.00,0.00,0.00,6167.50,6167.50,2016,,Lyon County,""
Amanda M Wachsmuth,CASE MANAGER,4405.68,213.64,0.00,1329.07,4619.32,5948.39,2016,,Lyon County,""
Domenic A Ricci,SEASONAL LABORER,5472.00,90.00,0.00,0.00,5562.00,5562.00,2016,,Lyon County,""
Corry A Chamberlin,SEASONAL LABORER,5355.00,0.00,0.00,0.00,5355.00,5355.00,2016,,Lyon County,""
Shelli S Carewicz,CASE MANAGER,4043.08,0.00,0.00,1132.07,4043.08,5175.15,2016,,Lyon County,""
Richard E Zierenberg,BAILIFF,4436.36,504.28,0.00,0.00,4940.64,4940.64,2016,,Lyon County,""
Marie L Fletcher,CUSTODIAN,4738.56,0.00,161.59,0.00,4900.15,4900.15,2016,,Lyon County,""
Cherie C Rye,BAILIFF,4740.83,132.46,0.00,0.00,4873.29,4873.29,2016,,Lyon County,""
Walter R Stanfield,LIBRARY ASSISTANT,4230.15,0.00,485.00,0.00,4715.15,4715.15,2016,,Lyon County,""
Jennifer M Robinson,TRANSPORTATION SPECIALIST,4306.48,0.00,340.14,0.00,4646.62,4646.62,2016,,Lyon County,""
Jason R Sandborn,SEASONAL LABORER,4462.50,0.00,0.00,0.00,4462.50,4462.50,2016,,Lyon County,""
Martha A Aguilar,OFFICE ASSISTANT,3909.33,0.00,0.00,0.00,3909.33,3909.33,2016,,Lyon County,""
Austin R Lunz,SEASONAL LABORER,3819.40,68.25,0.00,0.00,3887.65,3887.65,2016,,Lyon County,""
Samuel D Athayde,FOOD SERVICE SPECIALIST,2889.63,0.00,228.84,385.81,3118.47,3504.28,2016,,Lyon County,""
Samuel A Blyveis,DEPUTY,2524.51,0.00,0.00,754.82,2524.51,3279.33,2016,,Lyon County,""
Nickele J Mainarick,LIBRARY ASSISTANT,3258.63,0.00,0.00,0.00,3258.63,3258.63,2016,,Lyon County,""
Matthew A Mcdonald,SR FOOD SERVICE SPECIALIST,2697.65,0.00,0.00,507.85,2697.65,3205.50,2016,,Lyon County,""
Mikelynn R Mckinney,CASE MANAGER,2335.20,0.00,0.00,338.61,2335.20,2673.81,2016,,Lyon County,""
Lisa M Favstritsky,CASE MANAGER,2335.20,0.00,0.00,338.61,2335.20,2673.81,2016,,Lyon County,""
David J Davis,BAILIFF,2649.72,0.00,0.00,0.00,2649.72,2649.72,2016,,Lyon County,""
Calli M Pennine,SR OFFICE ASSISTANT,1916.40,0.00,0.00,277.88,1916.40,2194.28,2016,,Lyon County,""
Joel D Burg,ON CALL COUNSELOR,1858.10,0.00,195.50,137.96,2053.60,2191.56,2016,,Lyon County,""
Richard E Eyester,ON CALL COUNSELOR,2182.76,0.00,6.00,0.00,2188.76,2188.76,2016,,Lyon County,""
Alejandro Robles,ON CALL COUNSELOR,1761.60,0.00,0.00,0.00,1761.60,1761.60,2016,,Lyon County,""
Diane M Magner,TRANSPORTATION SPECIALIST,1566.35,0.00,0.00,0.00,1566.35,1566.35,2016,,Lyon County,""
Nichole M Rogacs,ON CALL COUNSELOR,1399.38,0.00,42.00,0.00,1441.38,1441.38,2016,,Lyon County,""
Megan N Calvin,FOOD SERVICE SPECIALIST,1247.40,0.00,0.00,180.87,1247.40,1428.27,2016,,Lyon County,""
Richard A Frakes,SR FOOD SERVICE SPECIALIST,1048.32,0.00,0.00,152.01,1048.32,1200.33,2016,,Lyon County,""
Stacy R Hill,ON CALL COUNSELOR,1146.48,0.00,30.00,0.00,1176.48,1176.48,2016,,Lyon County,""
Brooklynn S Lawrence,YOUTH COUNSELOR I,1021.44,0.00,0.00,148.11,1021.44,1169.55,2016,,Lyon County,""
Richard R Crain,TRANSPORT OFFICER ON CALL,1144.25,0.00,0.00,0.00,1144.25,1144.25,2016,,Lyon County,""
John R Martinez,ON CALL COUNSELOR,1079.04,0.00,54.00,0.00,1133.04,1133.04,2016,,Lyon County,""
Tasha N Davis,LIBRARY ASSISTANT,1125.00,0.00,0.00,0.00,1125.00,1125.00,2016,,Lyon County,""
Betty L Retzer,PLANNING COMMISSIONER,960.00,0.00,0.00,0.00,960.00,960.00,2016,,Lyon County,""
Michael D Hardcastle,PLANNING COMMISSIONER,960.00,0.00,0.00,0.00,960.00,960.00,2016,,Lyon County,""
Lysette A Gillings,ON CALL COUNSELOR,885.15,0.00,30.00,0.00,915.15,915.15,2016,,Lyon County,""
Harold N Jr Ritter,PLANNING COMMISSIONER,880.00,0.00,0.00,0.00,880.00,880.00,2016,,Lyon County,""
Douglas M Bennett,LIBRARY BOARD MEMBER,880.00,0.00,0.00,0.00,880.00,880.00,2016,,Lyon County,""
Michael W Carlisle,TRANSPORT OFFICER ON CALL,816.50,0.00,0.00,0.00,816.50,816.50,2016,,Lyon County,""
Richard L Jones,PLANNING COMMISSIONER,720.00,0.00,0.00,0.00,720.00,720.00,2016,,Lyon County,""
Darcy R Kerns,SR TRANSPORTATION SPECIALIST,604.35,0.00,0.00,87.63,604.35,691.98,2016,,Lyon County,""
Emily Dieneman,LIBRARY ASSISTANT,651.00,0.00,0.00,0.00,651.00,651.00,2016,,Lyon County,""
Edward H Ii Fulton,TRANSPORT OFFICER ON CALL,632.50,0.00,0.00,0.00,632.50,632.50,2016,,Lyon County,""
Mayra L Rodriguez-Galindo,ON CALL COUNSELOR,561.99,0.00,18.75,0.00,580.74,580.74,2016,,Lyon County,""
Tammy L Hoover,OFFICE ASSISTANT,434.80,0.00,0.00,121.74,434.80,556.54,2016,,Lyon County,""
Brittanny A Frew,ON CALL COUNSELOR,543.60,0.00,6.00,0.00,549.60,549.60,2016,,Lyon County,""
Richard D Varner,TRANSPORT OFFICER ON CALL,448.50,0.00,0.00,0.00,448.50,448.50,2016,,Lyon County,""
Josef C Masini,ON CALL COUNSELOR,408.72,0.00,12.00,0.00,420.72,420.72,2016,,Lyon County,""
Mandy A Bennett,LIBRARY BOARD MEMBER,400.00,0.00,0.00,0.00,400.00,400.00,2016,,Lyon County,""
John A Hartley,LIBRARY BOARD MEMBER,360.00,0.00,0.00,0.00,360.00,360.00,2016,,Lyon County,""
Joseph H Maino,LIBRARY BOARD MEMBER,360.00,0.00,0.00,0.00,360.00,360.00,2016,,Lyon County,""
Michael D Detullio,TRANSPORT OFFICER ON CALL,287.50,0.00,0.00,0.00,287.50,287.50,2016,,Lyon County,""
Jessie M Shirley,ON CALL COUNSELOR,272.48,0.00,6.00,0.00,278.48,278.48,2016,,Lyon County,""
Jolene V Warren,OFFICE ASSISTANT,236.56,0.00,0.00,0.00,236.56,236.56,2016,,Lyon County,""
Audrey Allan,LIBRARY BOARD MEMBER,120.00,0.00,0.00,0.00,120.00,120.00,2016,,Lyon County,""
Stephen V Rhoades,LIBRARY ASSISTANT,115.92,0.00,0.00,0.00,115.92,115.92,2016,,Lyon County,""
Jack B Byars,PLANNING COMMISSIONER,80.00,0.00,0.00,0.00,80.00,80.00,2016,,Lyon County,""
