Employee Name,Job Title,Base Pay,Overtime Pay,Other Pay,Benefits,Total Pay,Total Pay & Benefits,Year,Notes,Agency,Status
Kirk Vitto,CHIEF DEPUTY DA - CRIMINAL,135175.72,Aggregate,12695.00,55221.59,147870.72,203092.31,2016,,Nye County,""
Marla Zlotek,CHIEF DEPUTY DA - CIVIL,146981.90,Aggregate,-138.06,52845.45,146843.84,199689.29,2016,,Nye County,""
Lewis Lacy,DIRECTOR OF PLANNING,132535.81,Aggregate,-257.92,49262.73,132277.89,181540.62,2016,,Nye County,""
David Boruchowitz,SERGEANT,121196.06,Aggregate,5465.40,49651.39,126661.46,176312.85,2016,,Nye County,""
David Fanning,DIRECTOR PUBLIC WORKS,175454.82,Aggregate,310.28,0.00,175765.10,175765.10,2016,,Nye County,""
Pamela Webster,COUNTY MANAGER,126344.53,Aggregate,-263.34,47364.57,126081.19,173445.76,2016,,Nye County,""
John Friel Jr,DEPUTY DISTRICT ATTORNEY,112674.66,Aggregate,6964.86,46753.31,119639.52,166392.83,2016,,Nye County,""
Angela Bello,DISTRICT ATTORNEY,115410.10,Aggregate,0.00,44318.89,115410.10,159728.99,2016,,Nye County,""
Todd Arms,INVESTIGATOR,82822.76,Aggregate,12952.92,56664.20,95775.68,152439.88,2016,,Nye County,""
Timothy Sutton,DEPUTY DISTRICT ATTORNEY,97055.00,Aggregate,11708.20,43300.95,108763.20,152064.15,2016,,Nye County,""
Patrick Ferguson,DEPUTY DISTRICT ATTORNEY,95992.52,Aggregate,12770.68,42514.57,108763.20,151277.77,2016,,Nye County,""
Michael Vieta-Kabell,DEPUTY DISTRICT ATTORNEY,106671.28,Aggregate,11.92,41963.52,106683.20,148646.72,2016,,Nye County,""
Brady Adams,RADIO COMMUNICATIONS TECH,95095.86,Aggregate,11762.28,37586.59,106858.14,144444.73,2016,,Nye County,""
Tim Carlo,DIRECTOR PUBLIC WORKS,97000.57,Aggregate,5405.57,41909.08,102406.14,144315.22,2016,,Nye County,""
John Bergstrom Iii,DEPUTY,93957.21,Aggregate,498.72,47529.97,94455.93,141985.90,2016,,Nye County,""
Christopher Jordan,DEPUTY,88035.21,Aggregate,5818.68,44129.36,93853.89,137983.25,2016,,Nye County,""
Milan Dimic,DIRECTOR MGR'T INFO SYSTEM,89659.98,Aggregate,6271.22,40443.21,95931.20,136374.41,2016,,Nye County,""
Kelly Jackson,SERGEANT,81431.85,Aggregate,5286.96,48985.67,86718.81,135704.48,2016,,Nye County,""
Sharon Wehrly,SHERIFF,95696.12,Aggregate,0.00,38544.03,95696.12,134240.15,2016,,Nye County,""
James Mcrae,SERGEANT,88085.83,Aggregate,0.00,45916.98,88085.83,134002.81,2016,,Nye County,""
Duane Downing,SERGEANT,86687.31,Aggregate,0.00,46656.72,86687.31,133344.03,2016,,Nye County,""
John Klenke,GEOSCIENTIST II,95602.76,Aggregate,-253.31,37961.16,95349.45,133310.61,2016,,Nye County,""
Vance Payne,DIRECTOR EMERGENCY MANAGEMENT,87041.46,Aggregate,6796.92,39009.76,93838.38,132848.14,2016,,Nye County,""
Harry Williams,SERGEANT,80361.55,Aggregate,5465.40,46065.01,85826.95,131891.96,2016,,Nye County,""
Allen Lynn,DEPUTY,86056.12,Aggregate,1189.92,44092.52,87246.04,131338.56,2016,,Nye County,""
Michael Eisenloffel,SERGEANT,84316.38,Aggregate,1189.92,45007.03,85506.30,130513.33,2016,,Nye County,""
Christopher Puckett,SERGEANT,81413.38,Aggregate,0.00,48780.91,81413.38,130194.29,2016,,Nye County,""
Thomas Metscher,CHIEF JUVENILE PROBATION OFF,86427.44,Aggregate,5900.56,37761.04,92328.00,130089.04,2016,,Nye County,""
Christi Kindel,DEPUTY DISTRICT ATTORNEY,91593.96,Aggregate,-89.96,37494.60,91504.00,128998.60,2016,,Nye County,""
Sandra Merlino,CLERK,90351.80,Aggregate,864.00,37238.36,91215.80,128454.16,2016,,Nye County,""
Eric Murphy,SERGEANT,82136.24,Aggregate,1189.92,44749.48,83326.16,128075.64,2016,,Nye County,""
John Kakavulias,DEPUTY,79292.20,Aggregate,2359.52,46204.69,81651.72,127856.41,2016,,Nye County,""
Lorina Dellinger,ASSISTANT COUNTY MANAGER,90449.60,Aggregate,1140.17,35783.24,91589.77,127373.01,2016,,Nye County,""
Christel Raimondo,PARALEGAL,59980.51,Aggregate,0.00,65747.18,59980.51,125727.69,2016,,Nye County,""
Randall Jones,PROBATION OFFICER,77535.66,Aggregate,0.00,48149.85,77535.66,125685.51,2016,,Nye County,""
Danelle Shamrell,"DIRECTOR, HUMAN RESOURCES",86831.31,Aggregate,2959.33,35227.03,89790.64,125017.67,2016,,Nye County,""
Cecilia Thomas,COURT REPORTER,81511.78,Aggregate,6983.18,36104.18,88494.96,124599.14,2016,,Nye County,""
Morgan Dillon,INVESTIGATOR - SO,79355.81,Aggregate,0.00,44937.65,79355.81,124293.46,2016,,Nye County,""
Daniel Young,DEPUTY DISTRICT ATTORNEY,87681.28,Aggregate,-54.08,36352.36,87627.20,123979.56,2016,,Nye County,""
Kenneth Hunt,SYSTEMS ADMINISTRATOR,91279.52,Aggregate,498.72,32059.24,91778.24,123837.48,2016,,Nye County,""
Randall Saltzman,PROBATION OFFICER,61059.58,Aggregate,12952.92,48408.72,74012.50,122421.22,2016,,Nye County,""
Kaycee Otteson,SERGEANT,75879.82,Aggregate,0.00,46048.76,75879.82,121928.58,2016,,Nye County,""
Cory Fowles,SERGEANT,78023.61,Aggregate,0.00,42685.87,78023.61,120709.48,2016,,Nye County,""
Brent Moody,UNDERSHERIFF,91429.74,Aggregate,-263.34,29028.27,91166.40,120194.67,2016,,Nye County,""
Steve Osborne,PRINCIPAL PLANNER,84585.53,Aggregate,-89.96,35430.44,84495.57,119926.01,2016,,Nye County,""
Jennifer Klapper,JUSTICE OF THE PEACE,77243.20,Aggregate,6569.88,36050.48,83813.08,119863.56,2016,,Nye County,""
John Powell,DEPUTY,69623.95,Aggregate,5748.36,44158.09,75372.31,119530.40,2016,,Nye County,""
Joseph Christensen,DISTRICT ROAD SUPERVISOR,86978.85,Aggregate,0.00,32274.10,86978.85,119252.95,2016,,Nye County,""
James Erickson,DEPUTY,63987.02,Aggregate,9479.94,45304.79,73466.96,118771.75,2016,,Nye County,""
Jason Hunt,DEPUTY,73936.45,Aggregate,0.00,43917.81,73936.45,117854.26,2016,,Nye County,""
Deborah Beatty,RECORDER,82854.33,Aggregate,0.00,34546.35,82854.33,117400.68,2016,,Nye County,""
George Wehrly,DEPUTY,74061.86,Aggregate,0.00,43182.07,74061.86,117243.93,2016,,Nye County,""
Wesley Beard,DEPUTY,73341.66,Aggregate,0.00,43768.00,73341.66,117109.66,2016,,Nye County,""
Robert Cathcart,DEPUTY,79940.32,Aggregate,0.00,36900.76,79940.32,116841.08,2016,,Nye County,""
Robin Becht,DEPUTY,72097.09,Aggregate,0.00,44710.78,72097.09,116807.87,2016,,Nye County,""
Thomas Klenczar,SERGEANT,72913.10,Aggregate,0.00,43876.34,72913.10,116789.44,2016,,Nye County,""
Ashley Castillo,SUPERVISING DISPATCHER,80535.54,Aggregate,4660.20,31319.63,85195.74,116515.37,2016,,Nye County,""
Joseph Close,SERGEANT,71221.40,Aggregate,0.00,45149.75,71221.40,116371.15,2016,,Nye County,""
Summer Danneker,DEPUTY,72609.56,Aggregate,0.00,43620.92,72609.56,116230.48,2016,,Nye County,""
Joni Eastley,ASSISTANT COUNTY MANAGER,79730.92,Aggregate,4404.85,32043.90,84135.77,116179.67,2016,,Nye County,""
William Sullivan,JUSTICE OF THE PEACE,98255.56,Aggregate,0.00,17662.31,98255.56,115917.87,2016,,Nye County,""
Michael Harmon,STATION SUPT & EMERG RESPONDER,66532.73,Aggregate,5765.40,42831.14,72298.13,115129.27,2016,,Nye County,""
Jason Heaney,DEPUTY,65508.93,Aggregate,5997.12,43594.61,71506.05,115100.66,2016,,Nye County,""
Logan Gibbs,INVESTIGATOR - SO,73391.10,Aggregate,1189.92,40306.33,74581.02,114887.35,2016,,Nye County,""
Monique Mendoza,DEPUTY,72394.90,Aggregate,0.00,42460.66,72394.90,114855.56,2016,,Nye County,""
Theodore Thompson,EQUIPT MAINTENANCE SUPERVISOR,72477.94,Aggregate,7732.92,34555.78,80210.86,114766.64,2016,,Nye County,""
Jimmy Shaner,ENGINEERING TECH IV,81194.88,Aggregate,0.00,33428.21,81194.88,114623.09,2016,,Nye County,""
Trevor Meade,INVESTIGATOR - SO,69468.21,Aggregate,1189.92,43937.90,70658.13,114596.03,2016,,Nye County,""
Natalie Arms,CHIEF DISPATCHER,80798.44,Aggregate,2350.00,31434.72,83148.44,114583.16,2016,,Nye County,""
Heather Trumble,DEPUTY,66004.13,Aggregate,5818.68,42483.61,71822.81,114306.42,2016,,Nye County,""
Charles Cobb,DEPUTY,65537.55,Aggregate,6352.80,42331.14,71890.35,114221.49,2016,,Nye County,""
Mark Kiburis,SERGEANT,69778.43,Aggregate,0.00,44420.12,69778.43,114198.55,2016,,Nye County,""
Kim Lara,CHIEF DEPUTY TREASURER,80622.16,Aggregate,0.00,32848.71,80622.16,113470.87,2016,,Nye County,""
Frank Raetz,SUPV ROAD MAINTENANCE WORKER,75804.74,Aggregate,5286.96,31553.40,81091.70,112645.10,2016,,Nye County,""
Alexander Cox,INVESTIGATOR - SO,74443.16,Aggregate,0.00,37702.03,74443.16,112145.19,2016,,Nye County,""
William Gray,SERGEANT,70023.42,Aggregate,582.96,41438.56,70606.38,112044.94,2016,,Nye County,""
Marie Becht,CHIEF DEPUTY ASSESSOR,72932.58,Aggregate,5286.96,33709.96,78219.54,111929.50,2016,,Nye County,""
Joseph Marshall,DEPUTY,64695.64,Aggregate,5414.64,41764.94,70110.28,111875.22,2016,,Nye County,""
Alexandra Fernandes,INVESTIGATOR - SO,69319.56,Aggregate,0.00,41977.49,69319.56,111297.05,2016,,Nye County,""
Douglas Baker,DISTRICT ROAD SUPERVISOR,78139.73,Aggregate,0.00,33154.59,78139.73,111294.32,2016,,Nye County,""
Adam Tippetts,INVESTIGATOR - SO,68842.57,Aggregate,0.00,41719.74,68842.57,110562.31,2016,,Nye County,""
Kevin Mcbrayer,DEPUTY,60439.00,Aggregate,6629.28,43373.94,67068.28,110442.22,2016,,Nye County,""
Richard Billman,TREASURER,69345.88,Aggregate,6667.20,34387.76,76013.08,110400.84,2016,,Nye County,""
Gerie Clifford,DIST COURT SPVSR/ADM LEGAL SEC,68597.44,Aggregate,6667.20,34226.06,75264.64,109490.70,2016,,Nye County,""
Gregory Curtin,DEPUTY,67925.48,Aggregate,0.00,41443.93,67925.48,109369.41,2016,,Nye County,""
Sheree Stringer,ASSESSOR,75707.08,Aggregate,306.00,32769.26,76013.08,108782.34,2016,,Nye County,""
Ross Beckman,SYSTEMS ADMINISTRATOR,61719.57,Aggregate,12952.92,32827.60,74672.49,107500.09,2016,,Nye County,""
Jason Blackburn,DEPUTY,58240.07,Aggregate,7683.12,41161.13,65923.19,107084.32,2016,,Nye County,""
Harry Means,DEPUTY,68914.17,Aggregate,0.00,38009.47,68914.17,106923.64,2016,,Nye County,""
Michael Hildebrand,LEAD HEAVY EQUIPMENT MECHANIC,70921.28,Aggregate,5286.96,30606.00,76208.24,106814.24,2016,,Nye County,""
Raymond Huntley,DEPUTY,64460.30,Aggregate,0.00,41993.08,64460.30,106453.38,2016,,Nye County,""
Andrew Raetz,LEAD ROAD MAINTENANCE WORKER,78218.71,Aggregate,0.00,27702.51,78218.71,105921.22,2016,,Nye County,""
Tim Dahl,ENGINEERING TECHNICIAN III,73439.37,Aggregate,0.00,31789.98,73439.37,105229.35,2016,,Nye County,""
Wesley Fancher,INVESTIGATOR - SO,65110.96,Aggregate,658.20,39380.21,65769.16,105149.37,2016,,Nye County,""
Kathleen Ivey,DEPUTY J C ADMINISTRATOR,65215.29,Aggregate,6667.20,32822.74,71882.49,104705.23,2016,,Nye County,""
Ricardo Ramirez,DEPUTY,63373.60,Aggregate,1189.92,39319.55,64563.52,103883.07,2016,,Nye County,""
Gregory Arms,DEPUTY,60690.65,Aggregate,2350.00,39919.24,63040.65,102959.89,2016,,Nye County,""
Crystal Barajas,INVESTIGATOR - DA,61854.55,Aggregate,0.00,40969.70,61854.55,102824.25,2016,,Nye County,""
Robert Perry,INVESTIGATOR - SO,56687.83,Aggregate,5399.04,40659.71,62086.87,102746.58,2016,,Nye County,""
Jeffrey Stark,DEPUTY,58684.51,Aggregate,3505.80,39966.22,62190.31,102156.53,2016,,Nye County,""
Patricia Galvin,DEPUTY J C ADMINISTRATOR,68717.55,Aggregate,1815.84,31173.28,70533.39,101706.67,2016,,Nye County,""
Kent Jasperson,JUSTICE OF THE PEACE,85894.77,Aggregate,0.00,15421.50,85894.77,101316.27,2016,,Nye County,""
Boone Shampang,DEPUTY,60947.60,Aggregate,0.00,40309.24,60947.60,101256.84,2016,,Nye County,""
Patricia Carducci Rios,Not Provided,60019.10,Aggregate,0.00,41109.07,60019.10,101128.17,2016,,Nye County,""
Robert Johnson,CLIENT SUPPORT TECHNICIAN,58153.37,Aggregate,12952.92,29329.24,71106.29,100435.53,2016,,Nye County,""
Russell Cooper,ROAD MAINTENANCE WORKER III,66001.26,Aggregate,6667.20,27449.62,72668.46,100118.08,2016,,Nye County,""
Eric Anderson,DEPUTY,63889.82,Aggregate,0.00,35529.17,63889.82,99418.99,2016,,Nye County,""
Alvin Hill,DEPUTY,63377.44,Aggregate,0.00,35823.65,63377.44,99201.09,2016,,Nye County,""
Mark Murphy,DEPUTY,60371.90,Aggregate,0.00,38245.50,60371.90,98617.40,2016,,Nye County,""
Julianne Dudenski,PROPERTY APPRAISER II,66793.61,Aggregate,1815.96,29908.01,68609.57,98517.58,2016,,Nye County,""
Darrin Tuck,UTILITY SUPERINTENDENT,61514.78,Aggregate,5438.92,30811.22,66953.70,97764.92,2016,,Nye County,""
Jadey Zaragoza,DEPUTY,51500.13,Aggregate,5818.68,40275.27,57318.81,97594.08,2016,,Nye County,""
Callie Stark,ADMINISTRATIVE TECHNICIAN II,59831.42,Aggregate,6112.20,30840.89,65943.62,96784.51,2016,,Nye County,""
Keith Batts,DEPUTY,58802.74,Aggregate,0.00,37976.21,58802.74,96778.95,2016,,Nye County,""
John Tolle Iii,Not Provided,56513.29,Aggregate,2847.00,36620.86,59360.29,95981.15,2016,,Nye County,""
Jose Parra,INVESTIGATOR - SO,58250.07,Aggregate,498.72,37133.19,58748.79,95881.98,2016,,Nye County,""
Savannah Rucker,COMPTROLLER,65960.89,Aggregate,-40.70,29940.21,65920.19,95860.40,2016,,Nye County,""
Don Skalicky,ENGINEERING TECHNICIAN II,58278.31,Aggregate,7378.32,30079.79,65656.63,95736.42,2016,,Nye County,""
Christopher Hopson,DEPUTY,57738.37,Aggregate,0.00,37520.23,57738.37,95258.60,2016,,Nye County,""
Mark Schwinkendorf,MANAGER FACILITY OPERATIONS,59262.81,Aggregate,6436.56,29057.19,65699.37,94756.56,2016,,Nye County,""
Shane Lara,LEAD AUTOMOTIVE MECHANIC,65227.84,Aggregate,0.00,29450.00,65227.84,94677.84,2016,,Nye County,""
Kimberley Hildebrand,PROPERTY APPRAISER II,65122.64,Aggregate,0.00,28910.95,65122.64,94033.59,2016,,Nye County,""
Barbara Tucker,DISPATCHER,57903.11,Aggregate,6667.20,29108.53,64570.31,93678.84,2016,,Nye County,""
Joseph Manas,ROAD MAINTENANCE WORKER III,58824.92,Aggregate,6667.20,27968.01,65492.12,93460.13,2016,,Nye County,""
Dawn Gudmunson,CHIEF DEPUTY RECORDER,62375.60,Aggregate,1189.92,29513.35,63565.52,93078.87,2016,,Nye County,""
Karyn Smith,SENIOR ELIGIBILITY SUPERVISOR,63728.56,Aggregate,658.20,28184.26,64386.76,92571.02,2016,,Nye County,""
Rachel Aldana,CHIEF DEPUTY CLERK,58017.69,Aggregate,5286.96,29167.05,63304.65,92471.70,2016,,Nye County,""
Kevin Jensen,SERGEANT,55554.13,Aggregate,0.00,36884.30,55554.13,92438.43,2016,,Nye County,""
Tammy Carroll,SUPERVISING DISPATCHER,62859.51,Aggregate,1189.92,28349.59,64049.43,92399.02,2016,,Nye County,""
Christopher Fried,HEAVY EQUIPMENT MECHANIC,64144.10,Aggregate,1189.92,26821.70,65334.02,92155.72,2016,,Nye County,""
Kenneth Plewe,GIS ADMINISTRATOR,63489.83,Aggregate,0.00,28579.09,63489.83,92068.92,2016,,Nye County,""
Harley Cook,LEAD AUTOMOTIVE MECHANIC,63245.46,Aggregate,0.00,28758.17,63245.46,92003.63,2016,,Nye County,""
Roann Hamman,DISPATCHER,64749.03,Aggregate,0.00,27167.85,64749.03,91916.88,2016,,Nye County,""
Michael Connelly,DEPUTY,49229.79,Aggregate,5286.96,37387.58,54516.75,91904.33,2016,,Nye County,""
Nicholas Augustine,DEPUTY,54976.85,Aggregate,658.20,35896.39,55635.05,91531.44,2016,,Nye County,""
Leighann Johnson,DISPATCHER,64711.76,Aggregate,658.20,26064.29,65369.96,91434.25,2016,,Nye County,""
Carina Skiles,DEPUTY,48787.96,Aggregate,5286.96,37326.57,54074.92,91401.49,2016,,Nye County,""
Elizabeth Cruz,DISPATCHER,55798.89,Aggregate,7695.48,27872.00,63494.37,91366.37,2016,,Nye County,""
Debora Baca,UIFSA COORDINATOR,62506.06,Aggregate,0.00,28651.98,62506.06,91158.04,2016,,Nye County,""
Brenda Baker,PROPERTY APPRAISER II,62622.24,Aggregate,0.00,28428.01,62622.24,91050.25,2016,,Nye County,""
Betty Gaye Blazek,Not Provided,60781.06,Aggregate,1566.00,28628.71,62347.06,90975.77,2016,,Nye County,""
Christopher Sehnert,DEPUTY,53976.16,Aggregate,0.00,36580.26,53976.16,90556.42,2016,,Nye County,""
Joel Bermudez,ROAD MAINTENANCE WORKER III,62238.48,Aggregate,2776.44,25459.84,65014.92,90474.76,2016,,Nye County,""
Henry Pike,DEPUTY,54103.19,Aggregate,0.00,35933.43,54103.19,90036.62,2016,,Nye County,""
Louise Mulvey,DIST COURT SPVSR/ADM LEGAL SEC,59097.39,Aggregate,2565.84,28336.81,61663.23,90000.04,2016,,Nye County,""
Jon Mccarty,ANIMAL CONTROL SUPERVISOR,61244.56,Aggregate,0.00,28448.67,61244.56,89693.23,2016,,Nye County,""
Alisa Shoults,DEPUTY JUSTICE COURT CLERK III,54676.68,Aggregate,5465.40,29338.89,60142.08,89480.97,2016,,Nye County,""
James Burke,DEPUTY,52986.63,Aggregate,1189.92,35179.09,54176.55,89355.64,2016,,Nye County,""
Nichole Mcpherson,EXECUTIVE LEGAL SECRETARY III,61222.82,Aggregate,0.00,28086.23,61222.82,89309.05,2016,,Nye County,""
Ronald Kipp,EXECUTIVE LEGAL SECRETARY III,58322.03,Aggregate,2466.00,28316.16,60788.03,89104.19,2016,,Nye County,""
Edmundo Veloz,ROAD MAINTENANCE WORKER III,55919.12,Aggregate,5465.40,27420.73,61384.52,88805.25,2016,,Nye County,""
Paul Chaffee,SERGEANT,53562.54,Aggregate,0.00,35193.25,53562.54,88755.79,2016,,Nye County,""
James Brainard,INVESTIGATOR - SO,39597.81,Aggregate,11762.28,36503.80,51360.09,87863.89,2016,,Nye County,""
Richard Rumker,DEPUTY,52438.49,Aggregate,0.00,35364.28,52438.49,87802.77,2016,,Nye County,""
Michele Hand,CLIENT SUPPORT TECHNICIAN,59110.14,Aggregate,1579.75,26483.95,60689.89,87173.84,2016,,Nye County,""
Davy Manhire,SUPV ROAD MAINTENANCE WORKER,51264.12,Aggregate,6667.20,28358.68,57931.32,86290.00,2016,,Nye County,""
Joseph Walker,LEAD B&G MAINTENANCE WORKER,58764.80,Aggregate,0.00,27463.47,58764.80,86228.27,2016,,Nye County,""
Elias Armendariz Iii,Not Provided,51742.01,Aggregate,0.00,34146.45,51742.01,85888.46,2016,,Nye County,""
Andrew Johnson,HEAVY EQUIPMENT MECHANIC,59297.92,Aggregate,0.00,26569.40,59297.92,85867.32,2016,,Nye County,""
Amanda Vanhouten,CODE COMPLIANCE OFFICER,56727.50,Aggregate,2584.20,26492.08,59311.70,85803.78,2016,,Nye County,""
Rena Davis,DEPUTY,50602.53,Aggregate,0.00,34882.17,50602.53,85484.70,2016,,Nye County,""
Daniel Mckillips,DEPUTY,49808.83,Aggregate,1189.92,34257.47,50998.75,85256.22,2016,,Nye County,""
Richard Whitener,ROAD MAINTENANCE WORKER III,58804.63,Aggregate,0.00,26368.65,58804.63,85173.28,2016,,Nye County,""
Sheldon Rippie,LEAD B&G MAINTENANCE WORKER,49219.57,Aggregate,7358.40,28364.85,56577.97,84942.82,2016,,Nye County,""
Joshua Armendariz,DEPUTY,35539.87,Aggregate,12829.68,36509.59,48369.55,84879.14,2016,,Nye County,""
Michael Dorsen,ADMINISTRATIVE TECHNICIAN - SO,57547.45,Aggregate,0.00,27022.79,57547.45,84570.24,2016,,Nye County,""
Jason Yelle,DEPUTY,49905.74,Aggregate,0.00,34481.54,49905.74,84387.28,2016,,Nye County,""
Michael Klein,TRAINING OFFICER,57897.36,Aggregate,0.00,26467.90,57897.36,84365.26,2016,,Nye County,""
Bryan Cooper,DEPUTY,49529.81,Aggregate,0.00,34500.74,49529.81,84030.55,2016,,Nye County,""
Britton Hoffmann,DEPUTY,49025.61,Aggregate,0.00,34967.07,49025.61,83992.68,2016,,Nye County,""
Shawn Locascio,SERGEANT,49009.17,Aggregate,0.00,34859.84,49009.17,83869.01,2016,,Nye County,""
Lexy Bunch,DEPUTY,48874.70,Aggregate,0.00,34961.98,48874.70,83836.68,2016,,Nye County,""
Bryan Amato,ROAD MAINTENANCE WORKER III,56247.08,Aggregate,391.20,26780.30,56638.28,83418.58,2016,,Nye County,""
Scott Mclean,VOLUNTEER-GABBS,58010.91,Aggregate,0.00,24883.48,58010.91,82894.39,2016,,Nye County,""
Dennis Scobee,ROAD MAINTENANCE WORKER III,48617.68,Aggregate,6667.20,27469.94,55284.88,82754.82,2016,,Nye County,""
Levi Gregory,ANIMAL CONTROL OFFICER,56244.36,Aggregate,0.00,26423.08,56244.36,82667.44,2016,,Nye County,""
Vanessa Maxfield,SUPERVISING DA ADMINISTRATOR,55859.92,Aggregate,0.00,26731.75,55859.92,82591.67,2016,,Nye County,""
Celeste Sandoval,ADMINISTRATIVE SECRETARY,56132.61,Aggregate,0.00,26098.07,56132.61,82230.68,2016,,Nye County,""
Melissa Mevis,EXECUTIVE LEGAL SECRETARY II,52206.98,Aggregate,3747.96,25954.59,55954.94,81909.53,2016,,Nye County,""
Jared Lam,LAW CLERK,56298.83,Aggregate,-47.63,25605.14,56251.20,81856.34,2016,,Nye County,""
Craig Haines,ROAD MAINTENANCE WORKER III,55767.43,Aggregate,0.00,25966.39,55767.43,81733.82,2016,,Nye County,""
Taylor Mclauchlin,DEPUTY,47972.09,Aggregate,0.00,33683.20,47972.09,81655.29,2016,,Nye County,""
Jolana Whisenant,DISPATCHER,54619.36,Aggregate,498.72,26030.29,55118.08,81148.37,2016,,Nye County,""
Gerald Smith,BAILIFF,50503.42,Aggregate,0.00,30308.54,50503.42,80811.96,2016,,Nye County,""
Laurel Dimings,DEPUTY JUSTICE COURT CLERK II,46243.81,Aggregate,6667.20,27679.26,52911.01,80590.27,2016,,Nye County,""
James Rook Jr,Not Provided,38851.32,Aggregate,14044.08,27377.38,52895.40,80272.78,2016,,Nye County,""
Tammy Williams,PROPERTY APPRAISER I,54223.80,Aggregate,0.00,26022.86,54223.80,80246.66,2016,,Nye County,""
Gary Saunders,B&G MAINTENANCE WORKER III,54036.36,Aggregate,0.00,25998.15,54036.36,80034.51,2016,,Nye County,""
Qiana Medici,PLANNING TECHNICIAN I,53826.76,Aggregate,0.00,26178.10,53826.76,80004.86,2016,,Nye County,""
Michael Whiteside,ROAD MAINTENANCE WORKER III,53531.05,Aggregate,498.72,25602.61,54029.77,79632.38,2016,,Nye County,""
Sedrick Sweet,DEPUTY,49483.37,Aggregate,0.00,30032.43,49483.37,79515.80,2016,,Nye County,""
Cheryl Dunbar,DEPUTY JUSTICE COURT CLERK II,53342.46,Aggregate,0.00,26091.43,53342.46,79433.89,2016,,Nye County,""
Jason Lamp,ROAD MAINTENANCE WORKER III,45213.67,Aggregate,8666.48,25433.97,53880.15,79314.12,2016,,Nye County,""
Matthew Clayton,TRAINING OFFICER,53393.13,Aggregate,0.00,25557.25,53393.13,78950.38,2016,,Nye County,""
Todd Chambers,ROAD MAINTENANCE WORKER III,52666.29,Aggregate,0.00,25839.17,52666.29,78505.46,2016,,Nye County,""
David Markwell,DISPATCHER,54979.28,Aggregate,0.00,23467.95,54979.28,78447.23,2016,,Nye County,""
Stephanie Rucker,DISPATCHER,53483.70,Aggregate,0.00,24521.48,53483.70,78005.18,2016,,Nye County,""
Jaime Robnett,DEPUTY JUSTICE COURT CLERK II,52152.04,Aggregate,0.00,25822.74,52152.04,77974.78,2016,,Nye County,""
Melinda Hinrichs,SECRETARY II,53755.20,Aggregate,0.00,24163.54,53755.20,77918.74,2016,,Nye County,""
Christina Sandoval,DEPUTY,45808.68,Aggregate,0.00,32015.60,45808.68,77824.28,2016,,Nye County,""
Irene Dunlap,ELIGIBILITY SPECIALIST,52265.21,Aggregate,0.00,25381.99,52265.21,77647.20,2016,,Nye County,""
Cindy Downing,UIFSA CASEWORKER,45739.15,Aggregate,5286.96,26474.86,51026.11,77500.97,2016,,Nye County,""
Susan Ryhal,ANIMAL CONTROL OFFICER,46599.61,Aggregate,5465.40,25404.51,52065.01,77469.52,2016,,Nye County,""
Kimberly Wilson,UIFSA CASEWORKER,50659.91,Aggregate,658.20,25567.79,51318.11,76885.90,2016,,Nye County,""
Josette Dubois,DEPUTY,44607.23,Aggregate,0.00,31986.55,44607.23,76593.78,2016,,Nye County,""
Kristine Kipp,UIFSA CASEWORKER,51183.92,Aggregate,0.00,25257.65,51183.92,76441.57,2016,,Nye County,""
Travis Buffi,DEPUTY,44941.94,Aggregate,0.00,31190.61,44941.94,76132.55,2016,,Nye County,""
George Manley,ROAD MAINTENANCE WORKER III,50761.45,Aggregate,0.00,25362.47,50761.45,76123.92,2016,,Nye County,""
Colt Cady,ROAD MAINTENANCE WORKER III,51307.42,Aggregate,0.00,24759.83,51307.42,76067.25,2016,,Nye County,""
Reyna Martin,TOWN SUPPORT STAFF,50881.47,Aggregate,0.00,25117.94,50881.47,75999.41,2016,,Nye County,""
James Ramos,DEPUTY,46165.88,Aggregate,0.00,29822.79,46165.88,75988.67,2016,,Nye County,""
Toni Ware,PAYROLL SPECIALIST,42868.83,Aggregate,6498.36,26206.27,49367.19,75573.46,2016,,Nye County,""
Kimberly Sherman,DEPUTY JUSTICE COURT CLERK II,50019.42,Aggregate,0.00,24955.40,50019.42,74974.82,2016,,Nye County,""
Christina Landsberry,TRAINING OFFICER,33265.09,Aggregate,15518.76,25862.79,48783.85,74646.64,2016,,Nye County,""
Corrie Ebeling,DEPUTY TREASURER,41331.34,Aggregate,6667.20,26245.08,47998.54,74243.62,2016,,Nye County,""
Grace Dugan,ADMINISTRATIVE TECHNICIAN - SO,43215.48,Aggregate,5465.40,25453.70,48680.88,74134.58,2016,,Nye County,""
Marianne Odman,ACCOUNTS RECEIVABLE CLERK,41245.36,Aggregate,6667.20,26220.08,47912.56,74132.64,2016,,Nye County,""
Susan Jackson,DEPUTY JUSTICE COURT CLERK I,49224.48,Aggregate,0.00,24721.72,49224.48,73946.20,2016,,Nye County,""
Wayne Mcelroy,ROAD MAINTENANCE WORKER III,35103.68,Aggregate,12952.92,25626.90,48056.60,73683.50,2016,,Nye County,""
Cody Mckee,ENGINEERING TECHNICIAN II,44232.13,Aggregate,4628.76,24806.50,48860.89,73667.39,2016,,Nye County,""
Tina Gancarz,ACCOUNTING SECRETARY,48786.11,Aggregate,0.00,24797.44,48786.11,73583.55,2016,,Nye County,""
Melissa Molt,ADMINISTRATIVE ASSISTANT,34687.61,Aggregate,12952.92,25839.43,47640.53,73479.96,2016,,Nye County,""
Gabriel Hernandez,DEPUTY,40904.69,Aggregate,0.00,32462.42,40904.69,73367.11,2016,,Nye County,""
Beau Gott,LEAD ROAD MAINTENANCE WORKER,50407.87,Aggregate,0.00,22851.82,50407.87,73259.69,2016,,Nye County,""
Carrie Radomski,TOWN SUPPORT STAFF,42313.67,Aggregate,5765.40,25017.92,48079.07,73096.99,2016,,Nye County,""
Bruce Jensen,ROAD MAINTENANCE WORKER III,34564.80,Aggregate,12952.92,25546.95,47517.72,73064.67,2016,,Nye County,""
Debra Melott,DEPUTY CLERK,48281.28,Aggregate,0.00,24572.67,48281.28,72853.95,2016,,Nye County,""
Manuela Chase,DEPUTY ASSESSOR,47791.67,Aggregate,498.72,24322.86,48290.39,72613.25,2016,,Nye County,""
Nancy Kearns,DEPUTY J C ADMINISTRATOR,46468.78,Aggregate,957.84,25032.51,47426.62,72459.13,2016,,Nye County,""
Jennie Manzano,TRUANCY OFFICER,47563.64,Aggregate,81.44,24501.11,47645.08,72146.19,2016,,Nye County,""
Lillian Shaw,ADMINISTRATIVE SECRETARY,39910.66,Aggregate,6436.56,25472.95,46347.22,71820.17,2016,,Nye County,""
Adam Gromis,ROAD MAINTENANCE WORKER III,47719.86,Aggregate,0.00,24014.70,47719.86,71734.56,2016,,Nye County,""
Amy Dowers,DEPUTY CLERK,34450.39,Aggregate,12860.64,24261.89,47311.03,71572.92,2016,,Nye County,""
Brian Mulvey,ROAD MAINTENANCE WORKER III,48328.96,Aggregate,0.00,23172.82,48328.96,71501.78,2016,,Nye County,""
Tyler Weldon,LEAD DISPATCHER,52206.51,Aggregate,0.00,19129.69,52206.51,71336.20,2016,,Nye County,""
Brandon Horton,HEAVY EQUIPMENT MECHANIC,40795.06,Aggregate,5818.68,24623.31,46613.74,71237.05,2016,,Nye County,""
Eva Larue,ASSISTANT CURATOR,39012.53,Aggregate,5465.40,26685.75,44477.93,71163.68,2016,,Nye County,""
Vicky Walker,DEPUTY RECORDER,46803.63,Aggregate,0.00,24240.70,46803.63,71044.33,2016,,Nye County,""
Kenneth Pickering,ROAD MAINTENANCE WORKER III,47639.65,Aggregate,0.00,23398.31,47639.65,71037.96,2016,,Nye County,""
Amy Krueger,DETENTION TECHNICIAN,47293.10,Aggregate,498.72,22977.52,47791.82,70769.34,2016,,Nye County,""
Michael Cleveland,DEPUTY,41024.57,Aggregate,3253.66,26339.12,44278.23,70617.35,2016,,Nye County,""
Ricky Dugan,Not Provided,70374.67,Aggregate,0.00,0.00,70374.67,70374.67,2016,,Nye County,""
Kelli Dahl,DEPUTY RECORDER,46238.04,Aggregate,0.00,24088.92,46238.04,70326.96,2016,,Nye County,""
Ryanne Gott,PERSONNEL TECHNICIAN,40511.87,Aggregate,5324.40,24146.93,45836.27,69983.20,2016,,Nye County,""
Danielle Skiles,DEPUTY JUSTICE COURT CLERK II,39776.90,Aggregate,5329.20,24811.76,45106.10,69917.86,2016,,Nye County,""
Gabriela Isaak,SECRETARY I,47307.88,Aggregate,0.00,22415.28,47307.88,69723.16,2016,,Nye County,""
Nicolas Bowen,B&G MAINTENANCE WORKER II,45679.66,Aggregate,0.00,23836.57,45679.66,69516.23,2016,,Nye County,""
Latanga Redmond,BAILIFF,38640.03,Aggregate,0.00,30453.03,38640.03,69093.06,2016,,Nye County,""
Jennifer Perry,DEPUTY TREASURER,45595.07,Aggregate,1026.00,22454.22,46621.07,69075.29,2016,,Nye County,""
Elizabeth Westerlund,DEPUTY CLERK,38935.57,Aggregate,5286.96,24483.67,44222.53,68706.20,2016,,Nye County,""
Carla Begin,EXECUTIVE LEGAL SECRETARY II,37970.82,Aggregate,6735.60,23984.55,44706.42,68690.97,2016,,Nye County,""
Cammy Leier,DEPUTY TREASURER,45573.95,Aggregate,0.00,23101.42,45573.95,68675.37,2016,,Nye County,""
Derek Bayer,PROBATION OFFICER (DAY),42996.97,Aggregate,389.50,25215.24,43386.47,68601.71,2016,,Nye County,""
Ann Malone,JUSTICE COURT DATA ENTRY CLERK,44873.04,Aggregate,0.00,23689.03,44873.04,68562.07,2016,,Nye County,""
Tyler Mulvey,ROAD MAINTENANCE WORKER II,47252.12,Aggregate,0.00,21192.01,47252.12,68444.13,2016,,Nye County,""
Loyce Seastrunk,AUTOMOTIVE MECHANIC,42388.48,Aggregate,2298.72,23464.09,44687.20,68151.29,2016,,Nye County,""
Anita Lockhart,RYAN WHITE SPECIALIST,43587.00,Aggregate,658.20,23496.15,44245.20,67741.35,2016,,Nye County,""
Dal Shemp,ROAD MAINTENANCE WORKER III,45166.39,Aggregate,0.00,22416.45,45166.39,67582.84,2016,,Nye County,""
Deborah Pike,DEPUTY JUSTICE COURT CLERK I,44083.98,Aggregate,0.00,23459.17,44083.98,67543.15,2016,,Nye County,""
Thomas Boni,DEPUTY,35231.68,Aggregate,0.00,31791.60,35231.68,67023.28,2016,,Nye County,""
Dean Fordice,ROAD MAINTENANCE WORKER II,37920.78,Aggregate,5997.12,22375.21,43917.90,66293.11,2016,,Nye County,""
Vanessa Oscarson,BAILIFF,35515.82,Aggregate,0.00,30212.69,35515.82,65728.51,2016,,Nye County,""
Bryan Griffin,ROAD MAINTENANCE WORKER II,44201.38,Aggregate,0.00,21120.55,44201.38,65321.93,2016,,Nye County,""
Roger Anderson,ROAD MAINTENANCE WORKER III,43141.56,Aggregate,0.00,22155.95,43141.56,65297.51,2016,,Nye County,""
Alena Duvall,EXECUTIVE LEGAL SECRETARY II,42284.80,Aggregate,0.00,22931.28,42284.80,65216.08,2016,,Nye County,""
Melissa Powell,DISPATCHER,44761.34,Aggregate,0.00,20183.14,44761.34,64944.48,2016,,Nye County,""
Toni North,DEPUTY JUSTICE COURT CLERK II,39806.97,Aggregate,2224.20,22813.11,42031.17,64844.28,2016,,Nye County,""
Ricardo Lopez,CUSTODIAN/GROUNDSKEEPER-BEATTY,36550.16,Aggregate,5765.40,22411.24,42315.56,64726.80,2016,,Nye County,""
Kelly Hood,EXECUTIVE LEGAL SECRETARY II,44378.87,Aggregate,0.00,20303.29,44378.87,64682.16,2016,,Nye County,""
Tyler Havel,DEPUTY,38107.50,Aggregate,0.00,26315.47,38107.50,64422.97,2016,,Nye County,""
Stephanie Zane,ANIMAL CONTROL OFFICER,43367.15,Aggregate,0.00,21017.73,43367.15,64384.88,2016,,Nye County,""
Connie Foss,DEPUTY JUSTICE COURT CLERK II,42227.15,Aggregate,0.00,21958.71,42227.15,64185.86,2016,,Nye County,""
Andrea Cobb,UIFSA CASEWORKER,40591.54,Aggregate,1065.84,22490.09,41657.38,64147.47,2016,,Nye County,""
Aaron Keller,AUTOMOTIVE MECHANIC,41555.76,Aggregate,0.00,22462.87,41555.76,64018.63,2016,,Nye County,""
Joshua Bissell,DEPUTY,36689.92,Aggregate,684.12,26045.22,37374.04,63419.26,2016,,Nye County,""
Daniel Schinhofen,DETENTION TECHNICIAN,41520.65,Aggregate,0.00,21880.89,41520.65,63401.54,2016,,Nye County,""
Rebecca Weaver,DISPATCHER,38547.81,Aggregate,4066.98,20577.71,42614.79,63192.50,2016,,Nye County,""
Kelly Sidman,DEPUTY CLERK,40582.70,Aggregate,0.00,22315.10,40582.70,62897.80,2016,,Nye County,""
Melissa Godfrey,ADMINISTRATIVE SECRETARY,40049.32,Aggregate,427.50,21599.46,40476.82,62076.28,2016,,Nye County,""
Maria Guerra,ELIGIBILITY WORKER - WIC,39273.89,Aggregate,658.20,22104.25,39932.09,62036.34,2016,,Nye County,""
Elizabeth Enriquez,BUDGET TECHNICIAN,33581.39,Aggregate,5465.40,22978.33,39046.79,62025.12,2016,,Nye County,""
Patricia Coppick,DEPUTY RECORDER,32219.47,Aggregate,6436.56,23269.96,38656.03,61925.99,2016,,Nye County,""
Elona Goldner,HR GENERALIST,41893.60,Aggregate,0.00,19931.44,41893.60,61825.04,2016,,Nye County,""
Joshua Teter,DEPUTY,36330.95,Aggregate,0.00,25293.86,36330.95,61624.81,2016,,Nye County,""
Sarah Westfall,DEPUTY CLERK,38704.37,Aggregate,658.20,21752.54,39362.57,61115.11,2016,,Nye County,""
Kristen Cleveland,DEPUTY,35305.84,Aggregate,0.00,25564.49,35305.84,60870.33,2016,,Nye County,""
Kayla Ball,EXECUTIVE LEGAL SECRETARY II,38862.40,Aggregate,0.00,21929.45,38862.40,60791.85,2016,,Nye County,""
Arlene Neiderman,UIFSA CASEWORKER,38696.80,Aggregate,0.00,21836.12,38696.80,60532.92,2016,,Nye County,""
Richard Scherer,DEPUTY,35907.20,Aggregate,0.00,24381.37,35907.20,60288.57,2016,,Nye County,""
Tanner Davis,DEPUTY CLERK,38359.45,Aggregate,0.00,21456.83,38359.45,59816.28,2016,,Nye County,""
Henry Garcia,FLEET DRIVER,37880.06,Aggregate,0.00,21606.63,37880.06,59486.69,2016,,Nye County,""
Veronica Aguilar,DEPUTY CLERK,30669.23,Aggregate,5937.84,22582.74,36607.07,59189.81,2016,,Nye County,""
Amy Fanning,COMPTROLLER,47623.03,Aggregate,-16.17,11412.96,47606.86,59019.82,2016,,Nye County,""
Paula Lee,ELIGIBILITY WORKER - WIC,32361.57,Aggregate,4767.24,21721.54,37128.81,58850.35,2016,,Nye County,""
Stephanie May,DRUG COURT CASEWORKER,37441.70,Aggregate,0.00,21206.73,37441.70,58648.43,2016,,Nye County,""
Shelley Weldon,OFFICE ASSISTANT,35308.31,Aggregate,1626.64,21536.82,36934.95,58471.77,2016,,Nye County,""
Phyllis Trice,DEPUTY JUSTICE COURT CLERK I,28863.20,Aggregate,6667.20,22520.20,35530.40,58050.60,2016,,Nye County,""
Wesley Taylor,DETENTION TECHNICIAN,37399.24,Aggregate,0.00,20613.58,37399.24,58012.82,2016,,Nye County,""
Jaynee Reeves,ADMINISTRATIVE SECRETARY,37439.56,Aggregate,0.00,20562.51,37439.56,58002.07,2016,,Nye County,""
Krista Inlow,ACCOUNTING SECRETARY,36696.80,Aggregate,0.00,21241.62,36696.80,57938.42,2016,,Nye County,""
Lynnette Atkinson,SECRETARY II,31635.60,Aggregate,4767.24,21507.36,36402.84,57910.20,2016,,Nye County,""
Nancy Cratty,DEPUTY JUSTICE COURT CLERK I,36375.22,Aggregate,0.00,21147.80,36375.22,57523.02,2016,,Nye County,""
Michael Mevis,Not Provided,57052.39,Aggregate,0.00,0.00,57052.39,57052.39,2016,,Nye County,""
Cori Freidhof,DEPUTY TREASURER,29078.34,Aggregate,5998.32,21960.91,35076.66,57037.57,2016,,Nye County,""
Janice Maurizio,SUPERVISING SHERIFF ADMINISTRA,35302.49,Aggregate,498.72,20977.96,35801.21,56779.17,2016,,Nye County,""
Ann Horak,DEPUTY,33293.62,Aggregate,0.00,23326.33,33293.62,56619.95,2016,,Nye County,""
Sarah Willis,DISPATCHER,42227.05,Aggregate,2033.30,12185.56,44260.35,56445.91,2016,,Nye County,""
Danielle Drevdahl,GRANT & CONTRACT MANAGER,37564.25,Aggregate,0.00,18195.59,37564.25,55759.84,2016,,Nye County,""
Michelle Terrell,DEPUTY ASSESSOR,35336.70,Aggregate,0.00,20341.04,35336.70,55677.74,2016,,Nye County,""
Justin Zimmerman,PERSONAL PRTY APPR - COL CLERK,34868.28,Aggregate,0.00,20419.25,34868.28,55287.53,2016,,Nye County,""
Lori Harvey,DEPUTY JUSTICE COURT CLERK II,31946.79,Aggregate,4264.92,18748.54,36211.71,54960.25,2016,,Nye County,""
Johnnie Haulman,DISPATCHER,36585.85,Aggregate,0.00,17765.56,36585.85,54351.41,2016,,Nye County,""
Annmarie Balslew,JUSTICE COURT DATA ENTRY CLERK,33661.00,Aggregate,0.00,20241.60,33661.00,53902.60,2016,,Nye County,""
Irene Sanzare,SECRETARY II,32949.99,Aggregate,0.00,20006.23,32949.99,52956.22,2016,,Nye County,""
Michael Genge,ENGINEERING TECHNICIAN III,40202.39,Aggregate,1475.94,10453.18,41678.33,52131.51,2016,,Nye County,""
Cheryl Beeman,PRINCIPAL PLANNER,35000.51,Aggregate,841.28,15415.71,35841.79,51257.50,2016,,Nye County,""
Patricia Couture,DEPUTY CLERK,31563.59,Aggregate,0.00,19451.81,31563.59,51015.40,2016,,Nye County,""
Lorinda Wichman,COMMISSIONER,23468.75,Aggregate,6667.20,20691.46,30135.95,50827.41,2016,,Nye County,""
Andrew Borasky,COMMISSIONER,31202.73,Aggregate,0.00,19394.04,31202.73,50596.77,2016,,Nye County,""
Krystle Johnson,SECRETARY I,31192.66,Aggregate,0.00,19400.52,31192.66,50593.18,2016,,Nye County,""
Joann Watson,ACCOUNT CLERK I,30334.77,Aggregate,498.72,19034.70,30833.49,49868.19,2016,,Nye County,""
Katlyn Ferrel,DEPUTY,29223.33,Aggregate,0.00,20328.29,29223.33,49551.62,2016,,Nye County,""
Cassandra Potter,CLIENT SUPPORT TECHNICIAN,32928.77,Aggregate,0.00,16197.02,32928.77,49125.79,2016,,Nye County,""
Jolyne Zimmerman,Not Provided,31917.77,Aggregate,0.00,17168.87,31917.77,49086.64,2016,,Nye County,""
Michael Bird,Not Provided,48454.09,Aggregate,404.70,0.00,48858.79,48858.79,2016,,Nye County,""
Marilyn Davis,MUSEUM STAFF,42110.00,Aggregate,0.00,6682.48,42110.00,48792.48,2016,,Nye County,""
Renee Owens,FINANCIAL ASSISTANT II,30045.09,Aggregate,995.60,17358.21,31040.69,48398.90,2016,,Nye County,""
Paula Cooper,Not Provided,44958.35,Aggregate,3388.96,0.00,48347.31,48347.31,2016,,Nye County,""
Dan Schinhofen,COMMISSIONER,27504.61,Aggregate,1564.56,18667.02,29069.17,47736.19,2016,,Nye County,""
Angela Stone,WIC CLERK,25764.64,Aggregate,4004.96,17149.08,29769.60,46918.68,2016,,Nye County,""
Kelly Harris,Not Provided,46718.47,Aggregate,0.00,0.00,46718.47,46718.47,2016,,Nye County,""
Arnold Aldana,B&G MAINTENANCE WORKER II,28072.48,Aggregate,0.00,18313.78,28072.48,46386.26,2016,,Nye County,""
Byron Foster,MAPPING ADMINISTRATOR,34817.58,Aggregate,0.00,10912.46,34817.58,45730.04,2016,,Nye County,""
Douglas Mckillips,DEPUTY,29784.79,Aggregate,0.00,15117.51,29784.79,44902.30,2016,,Nye County,""
Donna Cox,COMMISSIONER,26668.98,Aggregate,0.00,17857.84,26668.98,44526.82,2016,,Nye County,""
Tracy Wright,JUSTICE COURT DATA ENTRY CLERK,23296.28,Aggregate,4066.98,16794.96,27363.26,44158.22,2016,,Nye County,""
Miranda Jewett,DEPUTY RECORDER,28437.60,Aggregate,0.00,15559.61,28437.60,43997.21,2016,,Nye County,""
Laura Bimrose-Kutz,Not Provided,29684.02,Aggregate,0.00,14083.91,29684.02,43767.93,2016,,Nye County,""
Jack Osburn,Not Provided,33222.25,Aggregate,966.49,8200.81,34188.74,42389.55,2016,,Nye County,""
Frank Carbone,Not Provided,24463.62,Aggregate,498.72,17030.94,24962.34,41993.28,2016,,Nye County,""
Thomas O'donnell Iii,Not Provided,41555.24,Aggregate,0.00,0.00,41555.24,41555.24,2016,,Nye County,""
Paul Sans,ROAD MAINTENANCE WORKER III,26612.45,Aggregate,0.00,13334.18,26612.45,39946.63,2016,,Nye County,""
Jonathan Sullivan,DEPUTY,35060.05,Aggregate,3660.32,0.00,38720.37,38720.37,2016,,Nye County,""
James Scott,INVESTIGATOR - SO,26239.12,Aggregate,294.82,11552.07,26533.94,38086.01,2016,,Nye County,""
Richard Deutch,SERGEANT,9031.36,Aggregate,0.00,26291.14,9031.36,35322.50,2016,,Nye County,""
Tracy Calderon,FINANCIAL ASSISTANT II,22663.00,Aggregate,322.44,12201.46,22985.44,35186.90,2016,,Nye County,""
Jose Cintron,DEPUTY,21268.56,Aggregate,0.00,13910.29,21268.56,35178.85,2016,,Nye County,""
Dawn Gudmunson,CHIEF DEPUTY RECORDER,4030.00,Aggregate,0.00,29513.35,4030.00,33543.35,2016,,Nye County,""
Charles Thorn,B&G MAINTENANCE WORKER II,19900.31,Aggregate,704.12,12501.80,20604.43,33106.23,2016,,Nye County,""
Aarin Bermudez,DISPATCHER,22121.89,Aggregate,0.00,10277.51,22121.89,32399.40,2016,,Nye County,""
Joni Eastley,ASSISTANT COUNTY MANAGER,0.00,Aggregate,16.00,32043.90,16.00,32059.90,2016,,Nye County,""
Michelle Donham,ELIGIBILITY WORKER,22711.10,Aggregate,0.00,8650.68,22711.10,31361.78,2016,,Nye County,""
Joseph Maldonado Iii,Not Provided,20956.44,Aggregate,0.00,9723.34,20956.44,30679.78,2016,,Nye County,""
Tara Duncan,DETENTION TECHNICIAN,20073.36,Aggregate,335.76,10101.90,20409.12,30511.02,2016,,Nye County,""
Deborah Orrick,Not Provided,30143.58,Aggregate,0.00,0.00,30143.58,30143.58,2016,,Nye County,""
Elizabeth Pittsley,ADMINISTRATIVE SECRETARY,21427.16,Aggregate,0.00,8629.21,21427.16,30056.37,2016,,Nye County,""
Ashley Molina-Harris,Not Provided,21821.05,Aggregate,0.00,7623.68,21821.05,29444.73,2016,,Nye County,""
James Kent,JUSTICE OF THE PEACE,23388.64,Aggregate,0.00,4890.58,23388.64,28279.22,2016,,Nye County,""
Brianna Dague,DISPATCHER,20832.02,Aggregate,0.00,7174.07,20832.02,28006.09,2016,,Nye County,""
Kirk Malone,DEPUTY,16108.90,Aggregate,0.00,11460.24,16108.90,27569.14,2016,,Nye County,""
Dee Gilpin,DISPATCHER,19034.74,Aggregate,0.00,6980.96,19034.74,26015.70,2016,,Nye County,""
Derek Bayer,PROBATION OFFICER (DAY),780.00,Aggregate,0.00,25215.24,780.00,25995.24,2016,,Nye County,""
Nola Philpot,Not Provided,25196.19,Aggregate,0.00,0.00,25196.19,25196.19,2016,,Nye County,""
Katrina Samuels,DEPUTY DISTRICT ATTORNEY,17262.70,Aggregate,-11.10,5869.80,17251.60,23121.40,2016,,Nye County,""
Elizabeth Lee,PRINCIPAL PLANNER,18157.46,Aggregate,-10.38,3884.45,18147.08,22031.53,2016,,Nye County,""
Sarah Hadland,VOLUNTEER - TECH RESCUE,13354.82,Aggregate,747.84,6199.61,14102.66,20302.27,2016,,Nye County,""
Raelyn Powers,FINANCIAL ASSISTANT III,13764.25,Aggregate,0.00,5996.29,13764.25,19760.54,2016,,Nye County,""
Mary Zlotek,GRANT & CONTRACT MANAGER,12956.33,Aggregate,938.97,5609.48,13895.30,19504.78,2016,,Nye County,""
Colton Williams,DEPUTY,10650.90,Aggregate,0.00,6692.87,10650.90,17343.77,2016,,Nye County,""
James Jeffrey,ROAD MAINTENANCE WORKER III,11318.70,Aggregate,0.00,5959.76,11318.70,17278.46,2016,,Nye County,""
Joshua Spradlin,DEPUTY,10590.66,Aggregate,0.00,6684.94,10590.66,17275.60,2016,,Nye County,""
Michelle Thorn,JUSTICE COURT ASSISTANT,9468.06,Aggregate,1414.50,6030.73,10882.56,16913.29,2016,,Nye County,""
Chad Whelan,DEPUTY,9577.48,Aggregate,0.00,5286.71,9577.48,14864.19,2016,,Nye County,""
James Basinger,GROUNDSKEEPER,13140.40,Aggregate,0.00,1586.12,13140.40,14726.52,2016,,Nye County,""
Michael Kortman,DEPUTY,9079.90,Aggregate,0.00,5618.76,9079.90,14698.66,2016,,Nye County,""
Tammy Mcgill,EVIDENCE & PROPTY TECH - PT,12835.64,Aggregate,0.00,1549.95,12835.64,14385.59,2016,,Nye County,""
Flordeluna Lupac,CUSTODIAN ~ P/T,12306.18,Aggregate,0.00,1485.82,12306.18,13792.00,2016,,Nye County,""
Susan Dague,SECRETARY I,9717.25,Aggregate,0.00,4046.14,9717.25,13763.39,2016,,Nye County,""
Branda Fanning,SECRETARY I,8841.22,Aggregate,0.00,4665.47,8841.22,13506.69,2016,,Nye County,""
James Miller,KENNEL ASSISTANT - PT,11411.40,Aggregate,0.00,1377.28,11411.40,12788.68,2016,,Nye County,""
Gregory Gruis,CEMENT WORKER,11347.56,Aggregate,0.00,1375.68,11347.56,12723.24,2016,,Nye County,""
Franchesca Beatty,SECRETARY I,8047.77,Aggregate,497.68,3749.58,8545.45,12295.03,2016,,Nye County,""
Michelle Milian,DETENTION TECHNICIAN,8750.12,Aggregate,0.00,3423.87,8750.12,12173.99,2016,,Nye County,""
Erica Fowles,DETENTION TECHNICIAN,7724.12,Aggregate,474.50,3452.28,8198.62,11650.90,2016,,Nye County,""
Amanda Deitrich,OFFICE ASSISTANT - PT,9883.44,Aggregate,0.00,1189.28,9883.44,11072.72,2016,,Nye County,""
Danielle Burnam,DEPUTY,6960.64,Aggregate,0.00,3302.38,6960.64,10263.02,2016,,Nye County,""
Aaron Williamson,DEPUTY,6786.09,Aggregate,0.00,3365.81,6786.09,10151.90,2016,,Nye County,""
Scott Gill,FOOD PANTRY CLERK,8576.50,Aggregate,0.00,1066.49,8576.50,9642.99,2016,,Nye County,""
Daniel Hatfield,VOLUNTEER EMT,8610.00,Aggregate,0.00,782.70,8610.00,9392.70,2016,,Nye County,""
Ty Smith,ROAD MAINTENANCE WORKER III,6727.05,Aggregate,0.00,2251.37,6727.05,8978.42,2016,,Nye County,""
Holly Isenhour,DEPUTY JUSTICE COURT CLERK II,6516.73,Aggregate,0.00,2042.29,6516.73,8559.02,2016,,Nye County,""
Jamele Taylor,BAILIFF,5662.80,Aggregate,0.00,2436.50,5662.80,8099.30,2016,,Nye County,""
Linda Reed,MONITOR ~ JUVENILE PROBATION,6708.00,Aggregate,0.00,807.70,6708.00,7515.70,2016,,Nye County,""
Charles Botos,VOLUNTEER EMT,6580.00,Aggregate,0.00,595.97,6580.00,7175.97,2016,,Nye County,""
Arlene Melton,SECRETARY I,6352.50,Aggregate,0.00,776.51,6352.50,7129.01,2016,,Nye County,""
Allison Henderson,VOL AMBULANCE COOR - BEATTY,6264.00,Aggregate,0.00,567.48,6264.00,6831.48,2016,,Nye County,""
Rhea Antuna-Garner,Not Provided,4138.32,Aggregate,0.00,2047.40,4138.32,6185.72,2016,,Nye County,""
Fernando Colon,MUSEUM STAFF,5058.00,Aggregate,0.00,882.23,5058.00,5940.23,2016,,Nye County,""
Chad Barrett,DEPUTY,3728.96,Aggregate,0.00,1794.79,3728.96,5523.75,2016,,Nye County,""
Mark Henderson,VOL AMB ASST COOR - BEATTY,5000.00,Aggregate,0.00,453.63,5000.00,5453.63,2016,,Nye County,""
James Smith,KENNEL ASSISTANT - PT,4788.00,Aggregate,0.00,571.67,4788.00,5359.67,2016,,Nye County,""
Eugenie Walker,ACCOUNT CLERK I - PT,4675.44,Aggregate,0.00,571.52,4675.44,5246.96,2016,,Nye County,""
Robert Hogan,ROAD MAINTENANCE WORKER III,3439.26,Aggregate,0.00,1155.20,3439.26,4594.46,2016,,Nye County,""
Phillip Nicholson,LABOROR,4080.00,Aggregate,0.00,498.74,4080.00,4578.74,2016,,Nye County,""
George Reed,TRANSPORT DRIVER - JUVENILE PR,3864.00,Aggregate,0.00,465.65,3864.00,4329.65,2016,,Nye County,""
Christopher Penney,DEPUTY,2947.64,Aggregate,0.00,1314.51,2947.64,4262.15,2016,,Nye County,""
Melody Rivera,VOLUNTEER EMT,3620.00,Aggregate,0.00,327.74,3620.00,3947.74,2016,,Nye County,""
Jessica Musselman,VOLUNTEER EMT,3420.00,Aggregate,0.00,308.92,3420.00,3728.92,2016,,Nye County,""
Jonathan Harmon,VOLUNTEER EMT,2985.00,Aggregate,0.00,269.96,2985.00,3254.96,2016,,Nye County,""
Wanya Banks,DEPUTY,2171.06,Aggregate,0.00,833.47,2171.06,3004.53,2016,,Nye County,""
Patrick Mooney,LABOROR,2640.00,Aggregate,0.00,322.71,2640.00,2962.71,2016,,Nye County,""
Richard Pruett,VOLUNTEER EMT,2570.00,Aggregate,0.00,232.39,2570.00,2802.39,2016,,Nye County,""
Christopher Foster,VOL AMB ASST COOR - SV,2165.00,Aggregate,0.00,196.52,2165.00,2361.52,2016,,Nye County,""
Richard Musselman,VOL AMBULANCE COOR - SV,2130.00,Aggregate,0.00,192.98,2130.00,2322.98,2016,,Nye County,""
Kristina Rook,VOL AMBULANCE COOR - AMARGOSA,2080.00,Aggregate,0.00,188.08,2080.00,2268.08,2016,,Nye County,""
Maria Cline,OFFICE ASSISTANT - PT,1955.70,Aggregate,0.00,239.06,1955.70,2194.76,2016,,Nye County,""
Arnold Gorrell,MUSEUM STAFF,1800.00,Aggregate,0.00,306.60,1800.00,2106.60,2016,,Nye County,""
Danny Bias,DISPATCHER,1490.40,Aggregate,0.00,507.09,1490.40,1997.49,2016,,Nye County,""
Ronaldo Lloyd,VOLUNTEER EMT,1855.00,Aggregate,0.00,141.91,1855.00,1996.91,2016,,Nye County,""
Michael Wehmeyer,VOLUNTEER EMT,1810.00,Aggregate,0.00,163.65,1810.00,1973.65,2016,,Nye County,""
Roxanne Abbasi,VOLUNTEER EMT,1620.00,Aggregate,0.00,146.61,1620.00,1766.61,2016,,Nye County,""
Joseph Hunt,MAINTENANCE,1500.00,Aggregate,0.00,179.10,1500.00,1679.10,2016,,Nye County,""
Crystal Mills,VOL AMB ASST COOR - AMARGOSA,1515.00,Aggregate,0.00,137.09,1515.00,1652.09,2016,,Nye County,""
Dennis Crooks,ELECTION WORKER,0.00,Aggregate,1320.00,58.50,1320.00,1378.50,2016,,Nye County,""
Dolores Perez,VOL AMBULANCE CLERK - AMARGOSA,1170.00,Aggregate,0.00,105.80,1170.00,1275.80,2016,,Nye County,""
Patrica Loetterle,ELECTION WORKER,0.00,Aggregate,1135.00,50.34,1135.00,1185.34,2016,,Nye County,""
Travis Berg,ROAD MAINTENANCE WORKER III,828.63,Aggregate,0.00,281.94,828.63,1110.57,2016,,Nye County,""
Ashley Sutherland,VOLUNTEER EMT,850.00,Aggregate,0.00,77.34,850.00,927.34,2016,,Nye County,""
Michelle Hubred,VOL AMBULANCE CLERK - SV,770.00,Aggregate,0.00,69.73,770.00,839.73,2016,,Nye County,""
John Burton,VOLUNTEER EMT,704.00,Aggregate,0.00,63.67,704.00,767.67,2016,,Nye County,""
Jenifer Yeager,VOL AMB ASST COOR - TONOPAH,675.00,Aggregate,0.00,61.08,675.00,736.08,2016,,Nye County,""
Sheila Stevenson,VOLUNTEER EMT,670.00,Aggregate,0.00,60.64,670.00,730.64,2016,,Nye County,""
Mackenzie Musselman,VOLUNTEER EMT,620.00,Aggregate,0.00,47.45,620.00,667.45,2016,,Nye County,""
Rosalie Westerlund,ELECTION WORKER,0.00,Aggregate,600.00,26.77,600.00,626.77,2016,,Nye County,""
Kenneth Mossey,VOLUNTEER EMT,550.00,Aggregate,0.00,49.60,550.00,599.60,2016,,Nye County,""
Lee Foglesong,ELECTION WORKER,0.00,Aggregate,570.00,25.45,570.00,595.45,2016,,Nye County,""
Timothy Gamble,VOLUNTEER EMT,540.00,Aggregate,0.00,49.16,540.00,589.16,2016,,Nye County,""
Teah Court,VOLUNTEER EMT,520.00,Aggregate,0.00,47.21,520.00,567.21,2016,,Nye County,""
Herman Rotter,VOLUNTEER EMT,520.00,Aggregate,0.00,47.03,520.00,567.03,2016,,Nye County,""
Pamela Petersen,MONITOR ~ JUVENILE PROBATION,500.00,Aggregate,0.00,60.50,500.00,560.50,2016,,Nye County,""
Joanna Rawlins,ELECTION WORKER,0.00,Aggregate,520.00,23.16,520.00,543.16,2016,,Nye County,""
John Whitney,ELECTION WORKER,0.00,Aggregate,505.00,22.48,505.00,527.48,2016,,Nye County,""
Patricia Whitney,ELECTION WORKER,0.00,Aggregate,440.00,19.50,440.00,459.50,2016,,Nye County,""
Patricia Crooks,ELECTION WORKER,0.00,Aggregate,440.00,19.50,440.00,459.50,2016,,Nye County,""
John Loetterle,ELECTION WORKER,0.00,Aggregate,440.00,19.50,440.00,459.50,2016,,Nye County,""
Dale Patrick,ELECTION WORKER,0.00,Aggregate,415.00,18.43,415.00,433.43,2016,,Nye County,""
Stephanie Farmer,ELECTION WORKER,0.00,Aggregate,415.00,18.36,415.00,433.36,2016,,Nye County,""
Joy Millard,VOLUNTEER EMT,390.00,Aggregate,0.00,35.23,390.00,425.23,2016,,Nye County,""
Kaysen Davis,VOLUNTEER EMT,380.00,Aggregate,0.00,34.53,380.00,414.53,2016,,Nye County,""
Jacquie Hinton,ELECTION WORKER,0.00,Aggregate,390.00,17.29,390.00,407.29,2016,,Nye County,""
George Kosbab,ELECTION WORKER,0.00,Aggregate,390.00,17.29,390.00,407.29,2016,,Nye County,""
Sandra Jones,ELECTION WORKER,0.00,Aggregate,390.00,17.29,390.00,407.29,2016,,Nye County,""
Toni Otellio,ELECTION WORKER,0.00,Aggregate,390.00,17.29,390.00,407.29,2016,,Nye County,""
Karen Patella,ELECTION WORKER,0.00,Aggregate,390.00,17.29,390.00,407.29,2016,,Nye County,""
Carin Foulks,ELECTION WORKER,0.00,Aggregate,390.00,17.29,390.00,407.29,2016,,Nye County,""
Pamela Raneri,ELECTION WORKER,0.00,Aggregate,390.00,17.29,390.00,407.29,2016,,Nye County,""
Philip Raneri,ELECTION WORKER,0.00,Aggregate,390.00,17.29,390.00,407.29,2016,,Nye County,""
Sandra Deeter,ELECTION WORKER,0.00,Aggregate,390.00,17.29,390.00,407.29,2016,,Nye County,""
Doris Shaffer,ELECTION WORKER,0.00,Aggregate,390.00,17.29,390.00,407.29,2016,,Nye County,""
Marilyn Short,ELECTION WORKER,0.00,Aggregate,390.00,17.29,390.00,407.29,2016,,Nye County,""
Frances Carder,ELECTION WORKER,0.00,Aggregate,390.00,17.29,390.00,407.29,2016,,Nye County,""
Ruth Uncapher,ELECTION WORKER,0.00,Aggregate,390.00,17.29,390.00,407.29,2016,,Nye County,""
Robert Alvis,ELECTION WORKER,0.00,Aggregate,390.00,17.29,390.00,407.29,2016,,Nye County,""
Phyllis Alvis,ELECTION WORKER,0.00,Aggregate,390.00,17.29,390.00,407.29,2016,,Nye County,""
Darrick Brown,VOLUNTEER EMT,370.00,Aggregate,0.00,33.48,370.00,403.48,2016,,Nye County,""
Stephen Smith,ELECTION WORKER,0.00,Aggregate,375.00,16.53,375.00,391.53,2016,,Nye County,""
Geraldine Shook,ELECTION WORKER,0.00,Aggregate,365.00,16.21,365.00,381.21,2016,,Nye County,""
Noel Furman,ELECTION WORKER,0.00,Aggregate,365.00,16.15,365.00,381.15,2016,,Nye County,""
Frederick Slaughter,ELECTION WORKER,0.00,Aggregate,365.00,16.15,365.00,381.15,2016,,Nye County,""
Carol Slaughter,ELECTION WORKER,0.00,Aggregate,365.00,16.15,365.00,381.15,2016,,Nye County,""
Madeleine Miller,ELECTION WORKER,0.00,Aggregate,365.00,16.15,365.00,381.15,2016,,Nye County,""
James Dorn Jr,Not Provided,340.00,Aggregate,0.00,30.66,340.00,370.66,2016,,Nye County,""
Nancy Stufflebeam,ELECTION WORKER,0.00,Aggregate,340.00,15.07,340.00,355.07,2016,,Nye County,""
Carrie Marich,ELECTION WORKER,0.00,Aggregate,335.00,14.81,335.00,349.81,2016,,Nye County,""
Arlen Hirsch,ELECTION WORKER,0.00,Aggregate,335.00,14.81,335.00,349.81,2016,,Nye County,""
Georgia Smith,ELECTION WORKER,0.00,Aggregate,325.00,14.50,325.00,339.50,2016,,Nye County,""
Thomas Nott,ELECTION WORKER,0.00,Aggregate,325.00,14.32,325.00,339.32,2016,,Nye County,""
Michele Rook,ELECTION WORKER,0.00,Aggregate,310.00,13.74,310.00,323.74,2016,,Nye County,""
Starr Seely,ELECTION WORKER,0.00,Aggregate,310.00,13.74,310.00,323.74,2016,,Nye County,""
Jason Puckett,VOLUNTEER EMT,280.00,Aggregate,0.00,25.25,280.00,305.25,2016,,Nye County,""
Julia Vaden,ELECTION WORKER,0.00,Aggregate,285.00,12.49,285.00,297.49,2016,,Nye County,""
Leslie Dorn,VOLUNTEER EMT,250.03,Aggregate,0.00,22.57,250.03,272.60,2016,,Nye County,""
Cynthia Wyrick,ELECTION WORKER,0.00,Aggregate,260.00,11.89,260.00,271.89,2016,,Nye County,""
Jordahnah Grover,ELECTION WORKER,0.00,Aggregate,260.00,11.89,260.00,271.89,2016,,Nye County,""
Wendy Caskey,ELECTION WORKER,0.00,Aggregate,260.00,11.53,260.00,271.53,2016,,Nye County,""
Roberta Carver,ELECTION WORKER,0.00,Aggregate,260.00,11.53,260.00,271.53,2016,,Nye County,""
Judith Yates,ELECTION WORKER,0.00,Aggregate,260.00,11.53,260.00,271.53,2016,,Nye County,""
Edna Bonner,ELECTION WORKER,0.00,Aggregate,260.00,11.53,260.00,271.53,2016,,Nye County,""
Kayla Musselman,ELECTION WORKER,0.00,Aggregate,260.00,11.53,260.00,271.53,2016,,Nye County,""
Richard Gardner,ELECTION WORKER,0.00,Aggregate,260.00,11.53,260.00,271.53,2016,,Nye County,""
Linda Bray,ELECTION WORKER,0.00,Aggregate,260.00,11.53,260.00,271.53,2016,,Nye County,""
Rachelle Smiley-Saltzman,Not Provided,240.00,Aggregate,0.00,28.66,240.00,268.66,2016,,Nye County,""
Vernon Gilliland,ELECTION WORKER,0.00,Aggregate,235.00,10.45,235.00,245.45,2016,,Nye County,""
Johanna Hirsch,ELECTION WORKER,0.00,Aggregate,235.00,10.38,235.00,245.38,2016,,Nye County,""
Francisco Ramirez,VOLUNTEER EMT,210.00,Aggregate,0.00,19.04,210.00,229.04,2016,,Nye County,""
Judy Harris,ELECTION WORKER,0.00,Aggregate,210.00,9.30,210.00,219.30,2016,,Nye County,""
Corin Gonzalez,ELECTION WORKER,0.00,Aggregate,210.00,9.30,210.00,219.30,2016,,Nye County,""
Charlotte Sorensen,ELECTION WORKER,0.00,Aggregate,210.00,9.30,210.00,219.30,2016,,Nye County,""
Tina Harmon,VOLUNTEER EMT,190.00,Aggregate,0.00,17.26,190.00,207.26,2016,,Nye County,""
Donald Rust,ELECTION WORKER,0.00,Aggregate,195.00,8.92,195.00,203.92,2016,,Nye County,""
Frances Rust,ELECTION WORKER,0.00,Aggregate,195.00,8.92,195.00,203.92,2016,,Nye County,""
Barbara Peel,ELECTION WORKER,0.00,Aggregate,195.00,8.92,195.00,203.92,2016,,Nye County,""
Paula Rooks,ELECTION WORKER,0.00,Aggregate,195.00,8.37,195.00,203.37,2016,,Nye County,""
Charles Mueller,ELECTION WORKER,0.00,Aggregate,195.00,8.37,195.00,203.37,2016,,Nye County,""
Nichole Cooley,VOLUNTEER EMT,180.00,Aggregate,0.00,16.25,180.00,196.25,2016,,Nye County,""
Alice Eychaner,ELECTION WORKER,0.00,Aggregate,170.00,7.29,170.00,177.29,2016,,Nye County,""
Kaline Willis,VOLUNTEER EMT,150.00,Aggregate,0.00,11.48,150.00,161.48,2016,,Nye County,""
Lisa Schwarz,VOLUNTEER EMT,140.00,Aggregate,0.00,12.67,140.00,152.67,2016,,Nye County,""
Leona Horsch,VOLUNTEER EMT,130.00,Aggregate,0.00,11.79,130.00,141.79,2016,,Nye County,""
William Marker,ELECTION WORKER,0.00,Aggregate,130.00,5.95,130.00,135.95,2016,,Nye County,""
Carol Johnson,ELECTION WORKER,0.00,Aggregate,130.00,5.95,130.00,135.95,2016,,Nye County,""
Phyllis Sorhouet,ELECTION WORKER,0.00,Aggregate,130.00,5.95,130.00,135.95,2016,,Nye County,""
Shari Fritz,ELECTION WORKER,0.00,Aggregate,130.00,5.58,130.00,135.58,2016,,Nye County,""
Patricia Pritchard,Not Provided,0.00,Aggregate,130.00,5.58,130.00,135.58,2016,,Nye County,""
Katherine Swann,VOLUNTEER EMT,0.00,Aggregate,130.00,5.58,130.00,135.58,2016,,Nye County,""
Margaret Carver,ELECTION WORKER,0.00,Aggregate,130.00,5.58,130.00,135.58,2016,,Nye County,""
Anena Kipp,Not Provided,0.00,Aggregate,126.00,5.41,126.00,131.41,2016,,Nye County,""
Khristine Campos,ELECTION WORKER,0.00,Aggregate,126.00,5.41,126.00,131.41,2016,,Nye County,""
Terence Yeager,VOLUNTEER EMT,120.00,Aggregate,0.00,10.92,120.00,130.92,2016,,Nye County,""
Jacob Stritenberger,VOLUNTEER EMT,110.00,Aggregate,0.00,10.02,110.00,120.02,2016,,Nye County,""
Alex Mills,VOLUNTEER EMT,110.00,Aggregate,0.00,9.92,110.00,119.92,2016,,Nye County,""
Kacey Dowers,Not Provided,0.00,Aggregate,112.00,4.80,112.00,116.80,2016,,Nye County,""
Donald Foulks,ELECTION WORKER,0.00,Aggregate,105.00,4.80,105.00,109.80,2016,,Nye County,""
Susan Wharff,ELECTION WORKER,0.00,Aggregate,105.00,4.50,105.00,109.50,2016,,Nye County,""
Terry Elthorp,Not Provided,84.50,Aggregate,0.00,10.10,84.50,94.60,2016,,Nye County,""
William Armitage,ELECTION WORKER,0.00,Aggregate,90.00,3.86,90.00,93.86,2016,,Nye County,""
Gerald Yeager,VOLUNTEER EMT,80.00,Aggregate,0.00,7.28,80.00,87.28,2016,,Nye County,""
Jody Millard,VOLUNTEER EMT,80.00,Aggregate,0.00,7.28,80.00,87.28,2016,,Nye County,""
Saia Anderson,VOLUNTEER EMT,80.00,Aggregate,0.00,6.12,80.00,86.12,2016,,Nye County,""
Jennifer Lamar,ELECTION WORKER,0.00,Aggregate,73.75,3.16,73.75,76.91,2016,,Nye County,""
Sharon Otellio,Not Provided,0.00,Aggregate,65.00,2.79,65.00,67.79,2016,,Nye County,""
Kelly Carroll,VOLUNTEER EMT,60.00,Aggregate,0.00,4.59,60.00,64.59,2016,,Nye County,""
James Mckinnon,VOLUNTEER EMT,40.00,Aggregate,0.00,3.64,40.00,43.64,2016,,Nye County,""
Juan Femat,VOLUNTEER EMT,40.00,Aggregate,0.00,3.60,40.00,43.60,2016,,Nye County,""
Crystal Howell,VOLUNTEER EMT,30.00,Aggregate,0.00,2.74,30.00,32.74,2016,,Nye County,""
Ray Dummar,VOLUNTEER EMT,30.00,Aggregate,0.00,2.74,30.00,32.74,2016,,Nye County,""
Richard Browning,VOLUNTEER EMT,30.00,Aggregate,0.00,2.71,30.00,32.71,2016,,Nye County,""
Donna Defelicis,ELECTION WORKER,0.00,Aggregate,25.00,1.14,25.00,26.14,2016,,Nye County,""
Linda Barrager,ELECTION WORKER,0.00,Aggregate,25.00,1.14,25.00,26.14,2016,,Nye County,""
Kenneth Osborne,ELECTION WORKER,0.00,Aggregate,25.00,1.07,25.00,26.07,2016,,Nye County,""
Dianne Toomey,ELECTION WORKER,0.00,Aggregate,25.00,1.07,25.00,26.07,2016,,Nye County,""
Barbara Roberts,ELECTION WORKER,0.00,Aggregate,16.00,0.73,16.00,16.73,2016,,Nye County,""
