Employee Name,Job Title,Base Pay,Overtime Pay,Other Pay,Benefits,Total Pay,Total Pay & Benefits,Year,Notes,Agency,Status
Gary D Hames,Fire Chief,Aggregate,Aggregate,Aggregate,74459.61,163306.08,237765.69,2016,,Storey County,""
Darrell Dean Haymore,Community Development Director,Aggregate,Aggregate,Aggregate,55857.13,158472.17,214329.30,2016,,Storey County,""
Michael E Nevin,Public Works Director,Aggregate,Aggregate,Aggregate,42904.87,151042.16,193947.03,2016,,Storey County,""
Patrick A Whitten,County Manager,Aggregate,Aggregate,Aggregate,49931.42,142123.02,192054.44,2016,,Storey County,""
Ronald J Adkins,Battalion Chief,Aggregate,Aggregate,Aggregate,65094.90,106566.78,171661.68,2016,,Storey County,""
Kenneth Robert Quirk,Sergeant,Aggregate,Aggregate,Aggregate,44560.79,118514.74,163075.53,2016,,Storey County,""
Anne Langer,District Attorney,Aggregate,Aggregate,Aggregate,41789.44,113900.18,155689.62,2016,,Storey County,""
Robert Dufresne,Battalion Chief,Aggregate,Aggregate,Aggregate,57858.02,97395.85,155253.87,2016,,Storey County,""
Frederick Klingler,Fire Marshall,Aggregate,Aggregate,Aggregate,59946.58,94483.41,154429.99,2016,,Storey County,""
Gerald Antinoro,Sheriff,Aggregate,Aggregate,Aggregate,55033.82,98086.26,153120.08,2016,,Storey County,""
Hugh Gallagher Iii,Comptroller,Aggregate,Aggregate,Aggregate,40935.75,111570.40,152506.15,2016,,Storey County,""
Shane Dixon,Captain/ EMT,Aggregate,Aggregate,Aggregate,59489.77,92666.54,152156.31,2016,,Storey County,""
Roy F Thomsen,Captain/ EMT,Aggregate,Aggregate,Aggregate,54113.04,95876.46,149989.50,2016,,Storey County,""
Kevin Matt Smith,Firefighter / EMT,Aggregate,Aggregate,Aggregate,58312.59,91001.12,149313.71,2016,,Storey County,""
Anthony J Francone,Corporal,Aggregate,Aggregate,Aggregate,52295.55,96773.18,149068.73,2016,,Storey County,""
Tony Dosen,Sergeant,Aggregate,Aggregate,Aggregate,54126.66,93811.55,147938.21,2016,,Storey County,""
Victor Yohey,Captain / EMT,Aggregate,Aggregate,Aggregate,54212.52,93546.79,147759.31,2016,,Storey County,""
Bryce Montoya,Firefighter / Paramedic,Aggregate,Aggregate,Aggregate,51472.55,94715.30,146187.85,2016,,Storey County,""
Jeff Nevin,Battalion Chief,Aggregate,Aggregate,Aggregate,44013.37,102089.19,146102.56,2016,,Storey County,""
James A Deane,IT Director,Aggregate,Aggregate,Aggregate,49058.56,95965.24,145023.80,2016,,Storey County,""
David Curtis,Captain / EMT,Aggregate,Aggregate,Aggregate,53803.40,90846.77,144650.17,2016,,Storey County,""
Michael Streeter,Captain / EMT,Aggregate,Aggregate,Aggregate,53433.10,89100.84,142533.94,2016,,Storey County,""
Alan Gary Jr Arroyo,Captain / Paramedic,Aggregate,Aggregate,Aggregate,46712.03,94959.65,141671.68,2016,,Storey County,""
Deny Dotson,Tourism Director,Aggregate,Aggregate,Aggregate,48149.29,92735.71,140885.00,2016,,Storey County,""
Jeffrey Bowers,Sergeant,Aggregate,Aggregate,Aggregate,46807.14,93478.68,140285.82,2016,,Storey County,""
Eric Kern,Sergeant,Aggregate,Aggregate,Aggregate,57774.36,81886.28,139660.64,2016,,Storey County,""
Melanie A Keener,Director of Security / Bailiff,Aggregate,Aggregate,Aggregate,54602.09,82958.92,137561.01,2016,,Storey County,""
Nicholas Revelle,Firefighter / EMT,Aggregate,Aggregate,Aggregate,48110.52,87770.06,135880.58,2016,,Storey County,""
Keith Loomis,Deputy District Attorney,Aggregate,Aggregate,Aggregate,37918.48,97782.08,135700.56,2016,,Storey County,""
Daniel D Gaunt,Deputy,Aggregate,Aggregate,Aggregate,51618.98,83846.81,135465.79,2016,,Storey County,""
John Michael Mendoza,Deputy,Aggregate,Aggregate,Aggregate,57769.31,76907.38,134676.69,2016,,Storey County,""
Frank Valdez,Corporal,Aggregate,Aggregate,Aggregate,52711.54,80798.89,133510.43,2016,,Storey County,""
Austin T Osborne,Administrative Officer / Planning Director,Aggregate,Aggregate,Aggregate,36468.71,96253.76,132722.47,2016,,Storey County,""
Lance R Andres,Deputy,Aggregate,Aggregate,Aggregate,45216.01,86783.81,131999.82,2016,,Storey County,""
Jason R Speltz,Firefighter / EMT,Aggregate,Aggregate,Aggregate,45104.68,86893.83,131998.51,2016,,Storey County,""
Joseph Welch,Deputy,Aggregate,Aggregate,Aggregate,52870.68,78014.63,130885.31,2016,,Storey County,""
Jessica Fain,Management Analyst III,Aggregate,Aggregate,Aggregate,45587.94,84237.76,129825.70,2016,,Storey County,""
Dennis Morin,Firefighter / EMT,Aggregate,Aggregate,Aggregate,47597.50,82074.19,129671.69,2016,,Storey County,""
Benjamin Brown,Firefighter / Paramedic,Aggregate,Aggregate,Aggregate,45963.98,77629.01,123592.99,2016,,Storey County,""
Joe P Gibbons,Road Maintenance Foreman,Aggregate,Aggregate,Aggregate,41458.87,80292.63,121751.50,2016,,Storey County,""
Peter M Fitch,Firefighter / Paramedic,Aggregate,Aggregate,Aggregate,52389.94,68101.71,120491.65,2016,,Storey County,""
Derek Giurlani,Firefighter / Paramedic,Aggregate,Aggregate,Aggregate,39706.81,80658.67,120365.48,2016,,Storey County,""
Justin Grimm,Firefighter / Paramedic,Aggregate,Aggregate,Aggregate,48178.08,71900.02,120078.10,2016,,Storey County,""
John P Dufresne,Treatment Plant Operator II,Aggregate,Aggregate,Aggregate,37580.84,80456.95,118037.79,2016,,Storey County,""
David Ballard,Communication Director,Aggregate,Aggregate,Aggregate,38012.83,79933.44,117946.27,2016,,Storey County,""
Stanley Glowniak,Deputy,Aggregate,Aggregate,Aggregate,45639.70,72198.90,117838.60,2016,,Storey County,""
Ryan P Brandon,Firefighter / Paramedic,Aggregate,Aggregate,Aggregate,43485.29,74246.87,117732.16,2016,,Storey County,""
Bret Sanchez,Firefighter / Paramedic,Aggregate,Aggregate,Aggregate,39423.25,77811.11,117234.36,2016,,Storey County,""
Jennifer M Chapman,Recorder,Aggregate,Aggregate,Aggregate,44803.46,72206.73,117010.19,2016,,Storey County,""
Christopher Tillisch,Firefighter / Paramedic,Aggregate,Aggregate,Aggregate,39395.66,76554.15,115949.81,2016,,Storey County,""
Jennifer M Mccain,Management Analyst I,Aggregate,Aggregate,Aggregate,41996.71,73410.03,115406.74,2016,,Storey County,""
Christopher Hood,Senior Building Inspector I,Aggregate,Aggregate,Aggregate,26152.03,87493.01,113645.04,2016,,Storey County,""
Paul D. Keckley,Firefighter / Paramedic,Aggregate,Aggregate,Aggregate,37241.14,74552.69,111793.83,2016,,Storey County,""
Dillon Lowe,Firefighter / Paramedic,Aggregate,Aggregate,Aggregate,37045.57,73762.52,110808.09,2016,,Storey County,""
Eileen Herrington,Justice of the Peace,Aggregate,Aggregate,Aggregate,43051.76,66254.39,109306.15,2016,,Storey County,""
Patrick Coyle,Firefighter / Paramedic,Aggregate,Aggregate,Aggregate,30026.92,79012.69,109039.61,2016,,Storey County,""
Janet K Arnold,Administrative Specialist / Office Manager,Aggregate,Aggregate,Aggregate,34593.17,74430.98,109024.15,2016,,Storey County,""
Vanessa A Stephens,Clerk / Treasurer,Aggregate,Aggregate,Aggregate,31205.15,76855.10,108060.25,2016,,Storey County,""
Jana Vanette Seddon,Assessor,Aggregate,Aggregate,Aggregate,35718.12,72206.73,107924.85,2016,,Storey County,""
Stacey M Bucchianeri,Administrative Specialist / Office Manager,Aggregate,Aggregate,Aggregate,38865.22,68868.08,107733.30,2016,,Storey County,""
Rachel M Ferris,Communications Specialist Senior,Aggregate,Aggregate,Aggregate,32528.35,73988.22,106516.57,2016,,Storey County,""
Matthew Dixon,Firefighter / Paramedic,Aggregate,Aggregate,Aggregate,30689.45,73902.73,104592.18,2016,,Storey County,""
Alicia Russell,Senior Administrative Specialist,Aggregate,Aggregate,Aggregate,34571.42,68335.16,102906.58,2016,,Storey County,""
Phillip Glenn,Firefighter / Paramedic,Aggregate,Aggregate,Aggregate,36965.35,65094.11,102059.46,2016,,Storey County,""
Rebecca Parsons,Communications Specialist II,Aggregate,Aggregate,Aggregate,31235.68,70116.76,101352.44,2016,,Storey County,""
Timothy Shropshire,Network Administrator,Aggregate,Aggregate,Aggregate,34897.97,65180.00,100077.97,2016,,Storey County,""
Zakary Harjes,Firefighter / EMT,Aggregate,Aggregate,Aggregate,34490.13,65273.14,99763.27,2016,,Storey County,""
Jerry Mccullough,Firefighter / Paramedic,Aggregate,Aggregate,Aggregate,36722.66,61784.04,98506.70,2016,,Storey County,""
Jason Wierzbicki,Facilities Maintenance Coordinator,Aggregate,Aggregate,Aggregate,32961.19,63428.72,96389.91,2016,,Storey County,""
Cherie Nevin,Community Relations Director,Aggregate,Aggregate,Aggregate,28387.97,67262.88,95650.85,2016,,Storey County,""
Trent Skretta,Automotive/Equipment Specialist,Aggregate,Aggregate,Aggregate,32727.97,61966.68,94694.65,2016,,Storey County,""
Scott Rudnick,Firefighter / EMT,Aggregate,Aggregate,Aggregate,34905.02,58774.17,93679.19,2016,,Storey County,""
Douglas Young,Communications Specialist II,Aggregate,Aggregate,Aggregate,37544.62,55837.24,93381.86,2016,,Storey County,""
Wendy Bacus,Administrative Assistant III,Aggregate,Aggregate,Aggregate,31699.20,60896.09,92595.29,2016,,Storey County,""
Larry W Evans,Maintenance Worker II,Aggregate,Aggregate,Aggregate,29094.82,63477.48,92572.30,2016,,Storey County,""
Debra Burns,Administrative Specialist / Office Manager,Aggregate,Aggregate,Aggregate,37549.78,54976.48,92526.26,2016,,Storey County,""
Brandon Azevedo,Deputy,Aggregate,Aggregate,Aggregate,35577.63,56697.35,92274.98,2016,,Storey County,""
Jason Vanhavel,Planner II,Aggregate,Aggregate,Aggregate,27507.33,64662.30,92169.63,2016,,Storey County,""
Doreayne Nevin,Administrative Assistant III,Aggregate,Aggregate,Aggregate,36473.65,55545.59,92019.24,2016,,Storey County,""
Blake Hiller,Treatment Plant Operator I,Aggregate,Aggregate,Aggregate,32044.61,58970.48,91015.09,2016,,Storey County,""
Mitchell Hammond,Deputy,Aggregate,Aggregate,Aggregate,27151.71,62984.39,90136.10,2016,,Storey County,""
Tobi L Whitten,Administrative Analyst I,Aggregate,Aggregate,Aggregate,26743.67,63311.20,90054.87,2016,,Storey County,""
David Duke,Deputy,Aggregate,Aggregate,Aggregate,37895.66,52005.48,89901.14,2016,,Storey County,""
Michael Simons,Corrections Officer,Aggregate,Aggregate,Aggregate,36495.36,52351.04,88846.40,2016,,Storey County,""
Harry Schroeder,Deputy,Aggregate,Aggregate,Aggregate,27575.03,60850.90,88425.93,2016,,Storey County,""
Rayerik Sesma,Firefighter / Paramedic,Aggregate,Aggregate,Aggregate,29767.99,58092.31,87860.30,2016,,Storey County,""
Danielle J Meares,Communications Specialist II,Aggregate,Aggregate,Aggregate,29408.67,57724.32,87132.99,2016,,Storey County,""
Susan Breylinger,Administrative Assistant III,Aggregate,Aggregate,Aggregate,25678.40,58050.56,83728.96,2016,,Storey County,""
Jessica L Stephens,Administrative Assistant II,Aggregate,Aggregate,Aggregate,20433.74,59450.61,79884.35,2016,,Storey County,""
Corliss Wood,Administrative Assistant II,Aggregate,Aggregate,Aggregate,32293.97,47425.75,79719.72,2016,,Storey County,""
Tamara Migan,Administrative Assistant II,Aggregate,Aggregate,Aggregate,30103.17,48312.18,78415.35,2016,,Storey County,""
Larry Logan,Network Support Technician,Aggregate,Aggregate,Aggregate,23990.43,52251.76,76242.19,2016,,Storey County,""
Samantha Loper,Administrative Assistant II,Aggregate,Aggregate,Aggregate,34107.73,42105.20,76212.93,2016,,Storey County,""
Alexander Uschyk,Firefighter / EMT,Aggregate,Aggregate,Aggregate,26643.00,49460.36,76103.36,2016,,Storey County,""
Daniel St.Clair,Firefighter / Paramedic,Aggregate,Aggregate,Aggregate,28492.37,47568.74,76061.11,2016,,Storey County,""
Brooke Jewkes,Deputy,Aggregate,Aggregate,Aggregate,25350.07,49641.91,74991.98,2016,,Storey County,""
Myles Foutz,Deputy,Aggregate,Aggregate,Aggregate,24987.82,48455.48,73443.30,2016,,Storey County,""
Irving Powers,Maintenance Worker II,Aggregate,Aggregate,Aggregate,22863.74,49623.88,72487.62,2016,,Storey County,""
Chris Barton,Firefighter / EMT,Aggregate,Aggregate,Aggregate,24849.97,45126.05,69976.02,2016,,Storey County,""
Patricia Blakely,Administrative Assistant,Aggregate,Aggregate,Aggregate,21529.61,47399.50,68929.11,2016,,Storey County,""
Marney R H Martinez,Administrative Assistant II,Aggregate,Aggregate,Aggregate,22183.59,46108.16,68291.75,2016,,Storey County,""
Melissa Field,Administrative Assistant III,Aggregate,Aggregate,Aggregate,15563.88,51089.28,66653.16,2016,,Storey County,""
Katie Demuth,Tourism Marketing Manager,Aggregate,Aggregate,Aggregate,21373.97,45004.29,66378.26,2016,,Storey County,""
Nick Lazzarino,Corrections Officer,Aggregate,Aggregate,Aggregate,13746.79,51516.83,65263.62,2016,,Storey County,""
Jeff Holman,Lead Senior Facilities-Custodial Maintenance Worker,Aggregate,Aggregate,Aggregate,20944.69,43483.40,64428.09,2016,,Storey County,""
Brett M. Carter,Deputy,Aggregate,Aggregate,Aggregate,19064.71,45086.98,64151.69,2016,,Storey County,""
Sarah Dillon,Administrative Assistant I,Aggregate,Aggregate,Aggregate,20904.20,41336.42,62240.62,2016,,Storey County,""
Brandy Gavenda,Administrative Assistant I,Aggregate,Aggregate,Aggregate,19962.93,40139.84,60102.77,2016,,Storey County,""
Greg J Hess,Government Affairs Director,Aggregate,Aggregate,Aggregate,31320.50,27400.10,58720.60,2016,,Storey County,""
Shaye Segale,Communications Specialist I,Aggregate,Aggregate,Aggregate,14286.40,43156.39,57442.79,2016,,Storey County,""
Jennifer Burns,Administrative Assistant I,Aggregate,Aggregate,Aggregate,13218.58,39706.88,52925.46,2016,,Storey County,""
Marshall Mcbride,County Commissioner,Aggregate,Aggregate,Aggregate,23803.70,28601.91,52405.61,2016,,Storey County,""
Vernon White,Corrections Officer,Aggregate,Aggregate,Aggregate,14605.88,34830.15,49436.03,2016,,Storey County,""
Cole Green,Nine Month Seasonal Firefighter,Aggregate,Aggregate,Aggregate,15826.44,33569.82,49396.26,2016,,Storey County,""
Henry  Joe Parle,Automotive/Equipment Technician II,Aggregate,Aggregate,Aggregate,18042.43,30028.31,48070.74,2016,,Storey County,""
Dante Licata,Nine Month Seasonal Firefighter,Aggregate,Aggregate,Aggregate,16130.08,30836.10,46966.18,2016,,Storey County,""
Michele Stoveken,Communications Specialist I,Aggregate,Aggregate,Aggregate,12463.19,33954.51,46417.70,2016,,Storey County,""
Lance Gilman,County Commissioner,Aggregate,Aggregate,Aggregate,16723.51,28601.91,45325.42,2016,,Storey County,""
Jack Mcguffey,County Commissioner,Aggregate,Aggregate,Aggregate,16288.19,28601.91,44890.10,2016,,Storey County,""
Daniel J Caravallo,Visitor Liason,Aggregate,Aggregate,Aggregate,12097.65,26870.25,38967.90,2016,,Storey County,""
Lyndi Pieretti-Renaud,Administrative Assistant II Part-Time,Aggregate,Aggregate,Aggregate,10785.77,26427.36,37213.13,2016,,Storey County,""
Anthony Lepore,Corrections Officer,Aggregate,Aggregate,Aggregate,10299.69,26245.22,36544.91,2016,,Storey County,""
Joseph Curtis,Emergency Management Director,Aggregate,Aggregate,Aggregate,13563.16,21678.02,35241.18,2016,,Storey County,""
David Ranson,Corrections Officer,Aggregate,Aggregate,Aggregate,9810.76,23914.36,33725.12,2016,,Storey County,""
Pete Renaud,Building Inspector Trainee,Aggregate,Aggregate,Aggregate,9740.93,21906.96,31647.89,2016,,Storey County,""
Tracy Curtis,Building Inspector-Plans Examiner I,Aggregate,Aggregate,Aggregate,7655.45,23846.12,31501.57,2016,,Storey County,""
Alexander Wright,Deputy,Aggregate,Aggregate,Aggregate,11373.35,18420.09,29793.44,2016,,Storey County,""
Dee Gregory,Communications Specialist I,Aggregate,Aggregate,Aggregate,5871.94,22449.49,28321.43,2016,,Storey County,""
Renee Deitrick,Deputy,Aggregate,Aggregate,Aggregate,10103.87,17305.38,27409.25,2016,,Storey County,""
Lynette. Y Bedford,Administrative Assistant I Part-Time,Aggregate,Aggregate,Aggregate,5041.54,20928.30,25969.84,2016,,Storey County,""
Scott Calvert,Firefighter / Paramedic,Aggregate,Aggregate,Aggregate,9283.98,16124.72,25408.70,2016,,Storey County,""
Nathan White,Automotive/Equipment Technician I,Aggregate,Aggregate,Aggregate,7529.91,17067.36,24597.27,2016,,Storey County,""
Roberta Martinoni,Administrative Assistant II,Aggregate,Aggregate,Aggregate,2499.25,21360.46,23859.71,2016,,Storey County,""
Dawn M Pohlman,Administrative Assistant III Part-Time,Aggregate,Aggregate,Aggregate,2494.98,21291.36,23786.34,2016,,Storey County,""
Iris Farris,Visitor Liason Part-Time,Aggregate,Aggregate,Aggregate,2486.68,21192.54,23679.22,2016,,Storey County,""
Marylynne Bacus,Administrative Clerk Part-Time,Aggregate,Aggregate,Aggregate,2402.29,20510.70,22912.99,2016,,Storey County,""
David E Cole,Seasonal Road Worker,Aggregate,Aggregate,Aggregate,2367.33,20118.00,22485.33,2016,,Storey County,""
Casey Lewis,Firefighter / Paramedic,Aggregate,Aggregate,Aggregate,8088.28,13675.58,21763.86,2016,,Storey County,""
George S Fate,Automotive/Equipment Tech I Part-Time,Aggregate,Aggregate,Aggregate,2274.67,19418.90,21693.57,2016,,Storey County,""
Jennifer Schober,Communications Specialist I,Aggregate,Aggregate,Aggregate,5846.97,15103.28,20950.25,2016,,Storey County,""
Thomas Ames,Firefighter / Paramedic,Aggregate,Aggregate,Aggregate,8386.44,11838.64,20225.08,2016,,Storey County,""
Denali Fickus,Communications Specialist I,Aggregate,Aggregate,Aggregate,4599.76,15195.34,19795.10,2016,,Storey County,""
Peter Larsen,Firefighter / Paramedic,Aggregate,Aggregate,Aggregate,7566.24,12113.95,19680.19,2016,,Storey County,""
Larry Echevarria,Seasonal Park Manager,Aggregate,Aggregate,Aggregate,2048.74,17423.25,19471.99,2016,,Storey County,""
Kristine Wilkison,Administrative Assistant I Part-Time,Aggregate,Aggregate,Aggregate,1826.45,15610.65,17437.10,2016,,Storey County,""
Donald Snyder,Lead Seasonal Firefighter,Aggregate,Aggregate,Aggregate,3311.62,13869.83,17181.45,2016,,Storey County,""
James Simons,Corrections Officer,Aggregate,Aggregate,Aggregate,4445.22,11712.51,16157.73,2016,,Storey County,""
Zachary Thomsen,Six Month Seasonal Firefighter,Aggregate,Aggregate,Aggregate,3053.98,12910.97,15964.95,2016,,Storey County,""
Beau Retzer,Six Month Seasonal Firefighter,Aggregate,Aggregate,Aggregate,3030.66,12825.10,15855.76,2016,,Storey County,""
Whitney Brunson,Tourism Assistant,Aggregate,Aggregate,Aggregate,4538.19,10126.83,14665.02,2016,,Storey County,""
Lucy Pitto,Communications Specialist I Part-Time,Aggregate,Aggregate,Aggregate,1447.11,12428.05,13875.16,2016,,Storey County,""
Windy Horachek,Administrative Assistant I Part-Time,Aggregate,Aggregate,Aggregate,1450.45,12405.77,13856.22,2016,,Storey County,""
Brecken Hicks,Six Month Seasonal Firefighter,Aggregate,Aggregate,Aggregate,2623.46,10994.13,13617.59,2016,,Storey County,""
Alicia A Kittrell,Lunch Program Assistant Part-Time,Aggregate,Aggregate,Aggregate,1220.46,10422.00,11642.46,2016,,Storey County,""
Rich Harvey,Lead Intermittant Wildland Firefighter,Aggregate,Aggregate,Aggregate,2203.56,9334.52,11538.08,2016,,Storey County,""
Jacob Nelson,Seasonal Road Worker,Aggregate,Aggregate,Aggregate,1159.03,9850.75,11009.78,2016,,Storey County,""
Taylor Parsons,Communications Specialist I Part-Time,Aggregate,Aggregate,Aggregate,1126.37,9656.12,10782.49,2016,,Storey County,""
Savannah Gray,Corrections Officer,Aggregate,Aggregate,Aggregate,3005.62,7419.18,10424.80,2016,,Storey County,""
Daniel Tai Burns,Communication Specialist Trainee,Aggregate,Aggregate,Aggregate,2424.35,7732.68,10157.03,2016,,Storey County,""
Martha Obrien,Lunch Program Assistant Part-Time,Aggregate,Aggregate,Aggregate,1027.44,8775.00,9802.44,2016,,Storey County,""
William S Avansino,Seasonal Road Worker,Aggregate,Aggregate,Aggregate,916.31,7830.00,8746.31,2016,,Storey County,""
Anthony Ortiz,Building Inspector I,Aggregate,Aggregate,Aggregate,2092.94,6268.34,8361.28,2016,,Storey County,""
Brittani Mcnutt,Administrative Assistant I Part-Time,Aggregate,Aggregate,Aggregate,849.23,7174.86,8024.09,2016,,Storey County,""
Kacey Cram,Seasonal Road Worker,Aggregate,Aggregate,Aggregate,832.62,7085.75,7918.37,2016,,Storey County,""
Roberta Haymore,Administrative Assistant I  Part-Time,Aggregate,Aggregate,Aggregate,733.77,6276.75,7010.52,2016,,Storey County,""
Michael Escobosa,Six Month Seasonal Firefighter,Aggregate,Aggregate,Aggregate,1279.04,5528.92,6807.96,2016,,Storey County,""
Kristen Chandler,Six Month Seasonal Firefighter,Aggregate,Aggregate,Aggregate,1479.50,4348.94,5828.44,2016,,Storey County,""
Hugh Fonzo,Seasonal Lifegaurd / Pool Supervisor,Aggregate,Aggregate,Aggregate,591.46,5040.00,5631.46,2016,,Storey County,""
Samantha Cassinelli,Seasonal Lifegaurd,Aggregate,Aggregate,Aggregate,537.99,4590.63,5128.62,2016,,Storey County,""
Kathy Canfield,Planner II,Aggregate,Aggregate,Aggregate,1153.10,3427.20,4580.30,2016,,Storey County,""
Rhea Brunson,Tourism Assistant Part-time,Aggregate,Aggregate,Aggregate,409.87,3459.87,3869.74,2016,,Storey County,""
John Miller,Seasonal Park Maintenance Worker,Aggregate,Aggregate,Aggregate,367.70,3120.00,3487.70,2016,,Storey County,""
Tabitha Hobson-Hagen,Seasonal Lifegaurd,Aggregate,Aggregate,Aggregate,255.55,2178.00,2433.55,2016,,Storey County,""
Ireland Franklin,Seasonal Lifeguard,Aggregate,Aggregate,Aggregate,253.63,2158.75,2412.38,2016,,Storey County,""
Rylan Mcdougal,Firefighter / Paramedic,Aggregate,Aggregate,Aggregate,1220.11,1035.42,2255.53,2016,,Storey County,""
Colt Hess,Seasonal Lifeguard,Aggregate,Aggregate,Aggregate,221.86,1894.75,2116.61,2016,,Storey County,""
Darby Beckwith,Seasonal Lifeguard,Aggregate,Aggregate,Aggregate,210.44,1790.25,2000.69,2016,,Storey County,""
Mary Kelly,Tourism Assistant Part-time,Aggregate,Aggregate,Aggregate,155.99,1342.13,1498.12,2016,,Storey County,""
Jacque Stone,Communications Specialist Trainee,Aggregate,Aggregate,Aggregate,224.27,854.04,1078.31,2016,,Storey County,""
Pamela J Smith,Planning Commissioner,Aggregate,Aggregate,Aggregate,93.50,943.10,1036.60,2016,,Storey County,""
John Herrington,Planning Commissioner,Aggregate,Aggregate,Aggregate,93.50,901.32,994.82,2016,,Storey County,""
Kris Thompson,Planning Commissioner,Aggregate,Aggregate,Aggregate,102.77,880.00,982.77,2016,,Storey County,""
Virgil Bucchianeri,Planning Commissioner,Aggregate,Aggregate,Aggregate,102.77,880.00,982.77,2016,,Storey County,""
Clint Hess,Tourism Assistant Part-time,Aggregate,Aggregate,Aggregate,102.49,871.51,974.00,2016,,Storey County,""
Jim Hindle,Planning Commissioner,Aggregate,Aggregate,Aggregate,84.03,795.60,879.63,2016,,Storey County,""
Lawrence M Prater,Planning Commissioner,Aggregate,Aggregate,Aggregate,84.03,720.00,804.03,2016,,Storey County,""
Ron Engelbrecht,Planning Commissioner,Aggregate,Aggregate,Aggregate,55.82,512.40,568.22,2016,,Storey County,""
Laura Kekule,Planning Commissioner,Aggregate,Aggregate,Aggregate,18.94,178.36,197.30,2016,,Storey County,""
