Employee Name,Job Title,Base Pay,Overtime Pay,Other Pay,Benefits,Total Pay,Total Pay & Benefits,Year,Notes,Agency,Status
John G Watson,RES PROF ATMOS SCI,287418.74,0.00,13063.56,50084.08,300482.30,350566.38,2016,,Desert Research Institute,""
Judith C Chow,RES PROF ATMOS SCI,274427.35,0.00,12469.08,48200.33,286896.43,335096.76,2016,,Desert Research Institute,""
Stephen G Wells,"PRESIDENT, DRI",169371.41,0.00,73653.64,30172.69,243025.05,273197.74,2016,,Desert Research Institute,""
Kelly T Redmond,RES PROF CLIMAT,218414.74,0.00,20933.64,32848.59,239348.38,272196.97,2016,,Desert Research Institute,""
Alan W Gertler,VP RESEARCH AND CSO,229485.96,0.00,0.00,41683.82,229485.96,271169.78,2016,,Desert Research Institute,""
Ellen Oppenheim,SR VPFA AND COO,209342.87,0.00,0.00,58616.05,209342.87,267958.92,2016,,Desert Research Institute,""
James M Thomas,EXEC DIR OF DHS,216079.52,0.00,0.00,39739.89,216079.52,255819.41,2016,,Desert Research Institute,""
Joseph R Mcconnell,RES PROF HYDRO,215018.05,0.00,0.00,39585.98,215018.05,254604.03,2016,,Desert Research Institute,""
Colleen M Beck,RES PROF ARCH,192910.30,0.00,3678.60,36380.35,196588.90,232969.25,2016,,Desert Research Institute,""
W Braimah Apambire,SR DIR CIWAS SR ASST TO PRES,191876.91,0.00,0.00,36230.51,191876.91,228107.42,2016,,Desert Research Institute,""
Beverly A Ramsey,EXEC DIR OF DEES,198591.25,0.00,0.00,28795.73,198591.25,227386.98,2016,,Desert Research Institute,""
Marc L Pitchford,EXEC DIR OF DAS,191724.50,0.00,3656.00,27800.05,195380.50,223180.55,2016,,Desert Research Institute,""
David E Rhode,RES PROF ARCH,179087.06,0.00,8359.92,34375.98,187446.98,221822.96,2016,,Desert Research Institute,""
Hans Moosmuller,SR DIR WFSC RES PROF PHYSICS,178700.65,0.00,7636.01,34319.95,186336.66,220656.61,2016,,Desert Research Institute,""
Gayle L Dana,ASSOC RES PROF BIO,178196.89,0.00,7678.33,34246.91,185875.22,220122.13,2016,,Desert Research Institute,""
David L Decker,RES PROF DIR NESEP,179789.25,0.00,0.00,34477.80,179789.25,214267.05,2016,,Desert Research Institute,""
Joseph J Grzymski,SR DIR AIC ASSOC RES PROF,178579.43,0.00,0.00,34302.38,178579.43,212881.81,2016,,Desert Research Institute,""
Brian T Speicher,BUSINESS DEV LEAD,178222.94,0.00,0.00,34250.69,178222.94,212473.63,2016,,Desert Research Institute,""
Timothy J Brown,RES PROF CLIMAT DIR WRCC,174628.59,0.00,3292.40,33729.51,177920.99,211650.50,2016,,Desert Research Institute,""
Gregory M Pohll,RES PROF HYDROGEOL,171178.96,0.00,7197.64,33229.31,178376.60,211605.91,2016,,Desert Research Institute,""
Steve A Mizell,ASSOC RES PROF HYDRO,173573.80,0.00,0.00,33576.56,173573.80,207150.36,2016,,Desert Research Institute,""
Ming Liu,ASSOC RES SCIENT COMP SYS TECH,171416.69,0.00,696.64,33263.78,172113.33,205377.11,2016,,Desert Research Institute,""
William J Metcalf,ASSOC RES SCIENT DATA MOD LEAD,171416.69,0.00,625.79,33263.78,172042.48,205306.26,2016,,Desert Research Institute,""
Christian H Fritsen,RES PROF BIO VPAFA,164726.88,0.00,6408.00,32293.76,171134.88,203428.64,2016,,Desert Research Institute,""
Kumud Acharya,CTO WATERSTART RES PROF ENVIR,166567.06,0.00,3152.75,32560.58,169719.81,202280.39,2016,,Desert Research Institute,""
Charles E Russell,RESEARCH SCIENTIST HYDROGEOL,168011.02,0.00,0.00,32769.96,168011.02,200780.98,2016,,Desert Research Institute,""
Peter D Ross,ASST VP CAMP PLAN AND PHYS PL,154815.61,0.00,3232.71,30856.62,158048.32,188904.94,2016,,Desert Research Institute,""
Jenny C Frayer,DIR SPON PROJECTS & COMPLIANCE,157174.27,0.00,0.00,31198.63,157174.27,188372.90,2016,,Desert Research Institute,""
John A Gillies,RES PROF GEOG,155289.14,0.00,0.00,30925.29,155289.14,186214.43,2016,,Desert Research Institute,""
Julianne J Miller,RES SCIENT HYDRO,154792.09,0.00,0.00,30853.21,154792.09,185645.30,2016,,Desert Research Institute,""
Timothy B Minor,RES SCIENT GIS DEP DIR,153711.71,0.00,0.00,30696.56,153711.71,184408.27,2016,,Desert Research Institute,""
Karl F Pohlmann,RESEARCH SCIENTIST HYDROGEOL,153005.74,0.00,0.00,30594.19,153005.74,183599.93,2016,,Desert Research Institute,""
Vicken R Etyemezian,RES PROF ATMOS SCI DEP DIR,148511.21,0.00,0.00,29942.49,148511.21,178453.70,2016,,Desert Research Institute,""
Christopher G Ipsen,ASST VP IT AND CIO,132675.01,0.00,0.00,45557.40,132675.01,178232.41,2016,,Desert Research Institute,""
Rina A Schumer,RES PROF HYDRO/AVPR AO,142966.43,0.00,0.00,29138.49,142966.43,172104.92,2016,,Desert Research Institute,""
Eric V Mcdonald,RES PROF GEOMORPH,140030.58,0.00,2873.47,28712.79,142904.05,171616.84,2016,,Desert Research Institute,""
Jeannette B Chapman,RESEARCH SCIENTIST HYDROGEOL,141596.74,0.00,0.00,28939.89,141596.74,170536.63,2016,,Desert Research Institute,""
Lynn F Fenstermaker,ASSOC RES PROF BIO DEP DIR,135960.41,0.00,0.00,28122.62,135960.41,164083.03,2016,,Desert Research Institute,""
Morien W Roberts,ASSOC RES SCIENT COMP ENG,134933.30,0.00,0.00,27973.69,134933.30,162906.99,2016,,Desert Research Institute,""
Carrico Karen L Stewart-Carrico,ESST VP CONTROLLER,120601.54,0.00,0.00,42176.77,120601.54,162778.31,2016,,Desert Research Institute,""
Bradley F Lyles,ASSOC RES SCIENT HYDROGEOL,134372.30,0.00,0.00,27892.34,134372.30,162264.64,2016,,Desert Research Institute,""
Kenneth C Mcgwire,ASSOC RES PROF GEOG,133648.70,0.00,0.00,27787.42,133648.70,161436.12,2016,,Desert Research Institute,""
Justin L Huntington,ASSOC RES PROF HYDRO,134729.46,0.00,5186.50,19535.77,139915.96,159451.73,2016,,Desert Research Institute,""
Raymond P Keegan,ASSOC RES SCIENT PHYSICS,130000.08,0.00,0.00,27258.37,130000.08,157258.45,2016,,Desert Research Institute,""
Gregory D Mccurdy,ASSOC RES SCIENT CLIMAT,126829.71,0.00,3346.42,26798.67,130176.13,156974.80,2016,,Desert Research Institute,""
Markus Berli,SR DIR CTREC ASSOC RES PROF EN,125455.16,0.00,0.00,26599.36,125455.16,152054.52,2016,,Desert Research Institute,""
Mary E Cablk,ASSOC RES PROF BIO,124004.84,0.00,0.00,26389.06,124004.84,150393.90,2016,,Desert Research Institute,""
William A Dippel,DIRECTOR IT INFRASTRUCTURE OPS,108051.87,0.00,3288.46,38662.85,111340.33,150003.18,2016,,Desert Research Institute,""
Mark L Bowers,DIR OF HUMAN RESOURCES,122210.00,0.00,0.00,26128.81,122210.00,148338.81,2016,,Desert Research Institute,""
Nathan S Allen,BUSINESS DEV LEAD,122210.00,0.00,0.00,26128.81,122210.00,148338.81,2016,,Desert Research Institute,""
Lycia M Ronchetti,BUSINESS MGR,120171.61,0.00,0.00,25833.27,120171.61,146004.88,2016,,Desert Research Institute,""
Susan C Edwards,ASSOC RES SCIENT ARCH,115305.29,0.00,5203.20,25127.59,120508.49,145636.08,2016,,Desert Research Institute,""
Scott A Campbell,ASST RES SCIENT ENVIR SCI,119679.85,0.00,0.00,25761.94,119679.85,145441.79,2016,,Desert Research Institute,""
Xiaoliang Wang,RES PROF ATMOS SCI,117739.56,0.00,2087.60,25480.60,119827.16,145307.76,2016,,Desert Research Institute,""
Paul S Neeley,DIRECTOR COMP SYSTEMS ADMIN,106595.67,0.00,0.00,38255.17,106595.67,144850.84,2016,,Desert Research Institute,""
Robert B Gagosian,"PRESIDENT, DRI",114583.35,0.00,13633.35,16614.59,128216.70,144831.29,2016,,Desert Research Institute,""
Steven D Kohl,ASSOC RES SCIENT CHEM,108306.95,0.00,12304.80,24112.87,120611.75,144724.62,2016,,Desert Research Institute,""
Andrei Y Khlystov,ASSOC RES PROF ATMOS CHEM,126381.81,0.00,0.00,18325.36,126381.81,144707.17,2016,,Desert Research Institute,""
Sarah Xiao Bousman,DIR PLANNING BUDGET ANALYSIS,105414.72,0.00,0.00,37924.51,105414.72,143339.23,2016,,Desert Research Institute,""
Charles E Whitaker,HOURLY PROFESSIONAL,74368.42,0.00,44326.69,23220.45,118695.11,141915.56,2016,,Desert Research Institute,""
S Kent Hoekman,AFFILIATE RES PROF,71052.15,0.00,44465.46,24343.26,115517.61,139860.87,2016,,Desert Research Institute,""
Eric M Wilcox,ASSOC RES PROF CLIMAT,114696.69,0.00,0.00,25039.38,114696.69,139736.07,2016,,Desert Research Institute,""
Kenneth D Adams,RES PROF GEOL,114653.65,0.00,0.00,25033.14,114653.65,139686.79,2016,,Desert Research Institute,""
Rosemary W Carroll,ASSOC RES PROF HYDRO,113083.99,0.00,0.00,24805.54,113083.99,137889.53,2016,,Desert Research Institute,""
Dana L Trimble,ASSOC RES SCIENT ATMOS SCI,111139.70,0.00,2008.15,24523.62,113147.85,137671.47,2016,,Desert Research Institute,""
Daniel Obrist,RES PROF ATMOS BIOGEOSCI,112574.66,0.00,0.00,24731.69,112574.66,137306.35,2016,,Desert Research Institute,""
Richard B Susfalk,ASSOC RES SCIENT HYDRO,112314.51,0.00,0.00,24693.93,112314.51,137008.44,2016,,Desert Research Institute,""
Rishi Parashar,ASSOC RES PROF HYDRO,106512.00,0.00,11522.32,15444.24,118034.32,133478.56,2016,,Desert Research Institute,""
Douglas H Lowenthal,RES PROF ATMOS SCI,108992.89,0.00,0.00,24212.33,108992.89,133205.22,2016,,Desert Research Institute,""
Richard J Tropp,ASSOC RES PROF PHYSICS,104930.95,0.00,0.00,27427.07,104930.95,132358.02,2016,,Desert Research Institute,""
Lynn H Karr,ASST RES SCIENT ENVIR SCI,106622.70,0.00,0.00,23868.65,106622.70,130491.35,2016,,Desert Research Institute,""
Adam C Watts,ASSOC RES PROF FIRE ECOLOGY,100780.86,0.00,6673.25,23021.58,107454.11,130475.69,2016,,Desert Research Institute,""
Craig A Shadel,ASST RES SCIENT GEOCHEM,106353.50,0.00,0.00,23829.62,106353.50,130183.12,2016,,Desert Research Institute,""
Tamara U Wall,ASSOC RES PROF ATMOS SCI,101373.11,0.00,4615.90,23107.46,105989.01,129096.47,2016,,Desert Research Institute,""
Ronald L Hershey,ASSOC RES SCIENT HYDROGEOL,104417.85,0.00,0.00,23548.95,104417.85,127966.80,2016,,Desert Research Institute,""
Roger L Kreidberg,SCIENCE SUPPORT EDITOR,98911.93,0.00,1886.16,26336.19,100798.09,127134.28,2016,,Desert Research Institute,""
Donald W Sada,RES PROF ECOL,103440.45,0.00,0.00,23046.88,103440.45,126487.33,2016,,Desert Research Institute,""
Amy M Russell,BUSINESS MGR,92073.17,0.00,0.00,34188.80,92073.17,126261.97,2016,,Desert Research Institute,""
Clay A Cooper,ASSOC RES PROF HYDRO,102703.40,0.00,0.00,23300.35,102703.40,126003.75,2016,,Desert Research Institute,""
Zebert Amanda K Keen Zebert,ASST RES PROF GEOMORPH,99271.16,0.00,3927.84,22802.68,103199.00,126001.68,2016,,Desert Research Institute,""
Domagoj Podnar,ASST RES SCIENT COMP SCI,101965.09,0.00,5720.25,18281.19,107685.34,125966.53,2016,,Desert Research Institute,""
Cynthia J Littlefield,HR PAYROLL BENEFITS MANAGER,100432.04,0.00,1953.45,22971.01,102385.49,125356.50,2016,,Desert Research Institute,""
David B Simeral,ASSOC RES SCIENT CLIMAT,98183.99,0.00,3793.25,22645.04,101977.24,124622.28,2016,,Desert Research Institute,""
Kendrick C Taylor,AFFILIATE RES PROF,90377.73,0.00,0.00,34104.04,90377.73,124481.77,2016,,Desert Research Institute,""
Alison E Murray,RES PROF BIO,100933.43,0.00,0.00,23043.71,100933.43,123977.14,2016,,Desert Research Institute,""
Jerry L Derby,IT MANAGER SNSC,100236.64,0.00,0.00,22942.67,100236.64,123179.31,2016,,Desert Research Institute,""
George Nikolich,ASSOC RES SCIENT ATMOS SCI,97201.44,0.00,3138.93,22502.56,100340.37,122842.93,2016,,Desert Research Institute,""
Brandon L Peterson,INFORMATION SECURITY OFFICER,96339.73,0.00,1961.25,22377.62,98300.98,120678.60,2016,,Desert Research Institute,""
Duane P Moser,ASSOC RES PROF MICROBIO,97920.92,0.00,0.00,22606.89,97920.92,120527.81,2016,,Desert Research Institute,""
John A Arnone,RES PROF BIO,97068.26,0.00,0.00,22483.26,97068.26,119551.52,2016,,Desert Research Institute,""
John M Healey,ASST RES SCIENT GEOL,95925.34,0.00,0.00,22317.53,95925.34,118242.87,2016,,Desert Research Institute,""
Steven N Bacon,ASSOC RES SCIENT GEOMORPH,91890.64,0.00,4440.55,21732.50,96331.19,118063.69,2016,,Desert Research Institute,""
Iris N Stewart,SR EXEC ASST PRES,95731.19,0.00,0.00,22289.38,95731.19,118020.57,2016,,Desert Research Institute,""
Li Chen,ASSOC RES PROF ENVIR SCI,94612.95,0.00,0.00,22127.24,94612.95,116740.19,2016,,Desert Research Institute,""
David S Mcgraw,ASST RES SCIENT HYDRO,92466.71,0.00,0.00,21816.03,92466.71,114282.74,2016,,Desert Research Institute,""
Casey A Schmidt,ASST RES PROF BIOGEOCHEM,92308.10,0.00,0.00,21793.03,92308.10,114101.13,2016,,Desert Research Institute,""
Francis Mcdonough,ASSOC RES SCIENT ATMOS SCI,92148.90,0.00,0.00,21769.95,92148.90,113918.85,2016,,Desert Research Institute,""
Eric Thornton,MGR APPLICATION DEV,87759.02,0.00,3715.09,21133.42,91474.11,112607.53,2016,,Desert Research Institute,""
Kyle A Ruf,FACILITIES MGR,90765.39,0.00,0.00,21569.32,90765.39,112334.71,2016,,Desert Research Institute,""
Stephan P Ross,APPLICATIONS SYST ANALYST,87844.56,0.00,2680.16,21145.82,90524.72,111670.54,2016,,Desert Research Institute,""
Yvonne A Rumbaugh,BUSINESS MGR,80396.90,0.00,0.00,30919.51,80396.90,111316.41,2016,,Desert Research Institute,""
John F Mejia,ASST RES PROF CLIMAT,87849.51,0.00,0.00,21146.54,87849.51,108996.05,2016,,Desert Research Institute,""
Seshadri Rajagopal,ASST RES PROF HYDROMETEOR,87807.31,0.00,0.00,21140.42,87807.31,108947.73,2016,,Desert Research Institute,""
Gonzalez Erick R Bandala Gonzalez,ASST RES PROF ENVIR SCI,86950.09,0.00,1012.31,20314.39,87962.40,108276.79,2016,,Desert Research Institute,""
Kimothy L Smith,HOURLY RES PROF,74235.03,0.00,18187.92,15676.19,92422.95,108099.14,2016,,Desert Research Institute,""
Matthew Sgambati,HPC VIS SYSTEMS ANALYST,83144.99,0.00,4461.82,20464.38,87606.81,108071.19,2016,,Desert Research Institute,""
David E Campbell,ASSOC RES SCIENT ATMOS SCI,86544.42,0.00,0.00,20957.30,86544.42,107501.72,2016,,Desert Research Institute,""
Anna Gannet Hallar,LETTER OF APPT RESEARCH,74805.54,0.00,15658.01,16458.16,90463.55,106921.71,2016,,Desert Research Institute,""
Petra Bartella,BUSINESS MGR,75007.98,0.00,2083.50,29410.62,77091.48,106502.10,2016,,Desert Research Institute,""
Alan C Heyvaert,ASSOC RES PROF BIOCHE DIR CWES,85138.77,0.00,0.00,20753.48,85138.77,105892.25,2016,,Desert Research Institute,""
Mark C Green,RES PROF ATMOS SCI,75615.30,0.00,0.00,29906.82,75615.30,105522.12,2016,,Desert Research Institute,""
Craig M Smith,ASST RES PROF ATMOS SCI,84502.82,0.00,0.00,20661.27,84502.82,105164.09,2016,,Desert Research Institute,""
Montemayor Barbara Holz-Montemayor,ASST RES SCIENT ARCH,84215.76,0.00,0.00,20619.63,84215.76,104835.39,2016,,Desert Research Institute,""
Hauss J Reinbold,ASST RES SCIENT COMP SCI,83698.40,0.00,0.00,20544.63,83698.40,104243.03,2016,,Desert Research Institute,""
Jeremy L Buchmann,HOURLY PROFESSIONAL,83677.19,0.00,0.00,20541.55,83677.19,104218.74,2016,,Desert Research Institute,""
Britta Daudert,ASST RES SCIENT CLIMAT,83542.99,0.00,0.00,20522.09,83542.99,104065.08,2016,,Desert Research Institute,""
William T Hartwell,ASSOC RES SCIENT ARCH,83495.40,0.00,0.00,20515.19,83495.40,104010.59,2016,,Desert Research Institute,""
Rajat Mehrotra,POSTDOC FELLOW CYBER PHYS SYS,87892.24,0.00,0.00,13857.68,87892.24,101749.92,2016,,Desert Research Institute,""
Chul Chung,ASSOC RES PROF CLIMAT,81498.36,0.00,0.00,20225.62,81498.36,101723.98,2016,,Desert Research Institute,""
Maureen L King,ASSOC RES SCIENT ARCH,81098.59,0.00,0.00,20167.66,81098.59,101266.25,2016,,Desert Research Institute,""
Susan O Desilva,PROJECT ADMINISTRATOR,80186.46,0.00,0.00,20035.42,80186.46,100221.88,2016,,Desert Research Institute,""
Jeffrey R Wedding,ASST RES SCIENT ARCH,80072.06,0.00,0.00,20018.81,80072.06,100090.87,2016,,Desert Research Institute,""
Elizabeth P Mulroy,LETTER OF APPT BUS FINANCIAL,100000.08,0.00,0.00,0.00,100000.08,100000.08,2016,,Desert Research Institute,""
Rae A Yuhas,FACILITY SECURITY OFFICER,79625.63,0.00,0.00,19954.08,79625.63,99579.71,2016,,Desert Research Institute,""
Charles G Morton,ASST RES SCIENT GIS,78730.99,0.00,0.00,19824.35,78730.99,98555.34,2016,,Desert Research Institute,""
Paul D Pate,FACILITIES MGR,81599.64,0.00,4699.15,11831.95,86298.79,98130.74,2016,,Desert Research Institute,""
John R Olson,AFFILIATE ASST RES PROF,76903.75,0.00,0.00,19559.40,76903.75,96463.15,2016,,Desert Research Institute,""
Amber L Broch,ASSOC RES SCIENT ATMOS SCI,59158.77,0.00,18800.00,16986.38,77958.77,94945.15,2016,,Desert Research Institute,""
Thomas F Bullard,ASSOC RES PROF GEOL,75372.23,0.00,0.00,19337.33,75372.23,94709.56,2016,,Desert Research Institute,""
Vera Samburova,ASST RES PROF CHEM,74752.44,0.00,0.00,19247.46,74752.44,93999.90,2016,,Desert Research Institute,""
Karl K Schoen,BLDG TECH SR ELECTRICIAN,68918.56,3619.60,2135.04,18561.95,74673.20,93235.15,2016,,Desert Research Institute,""
Jennifer L Baro,WEB DESIGNER AND DEVELOPER,72556.09,0.00,1383.55,18928.95,73939.64,92868.59,2016,,Desert Research Institute,""
Shawn R Maccabe,ASST RES SCIENT COMP SCI,71610.24,0.00,1499.70,18791.84,73109.94,91901.78,2016,,Desert Research Institute,""
Glen G Wilson,COMPUTER SERVICE SPEC III,71703.42,0.00,1388.40,18802.85,73091.82,91894.67,2016,,Desert Research Institute,""
Jeffrey Dean,PRINCIPAL RES TECH,71566.58,0.00,1444.40,18782.99,73010.98,91793.97,2016,,Desert Research Institute,""
Henry Sun,ASSOC RES PROF MICROBIO,72299.45,0.00,0.00,18891.78,72299.45,91191.23,2016,,Desert Research Institute,""
John W Ford,RESEARCH LIBRARIAN,66550.00,0.00,6427.98,18058.11,72977.98,91036.09,2016,,Desert Research Institute,""
Anna E Cunningham,LAB COORD II,71703.42,0.00,0.00,18802.85,71703.42,90506.27,2016,,Desert Research Institute,""
Amelia J Gulling,ASST RES SCIENT ENVIR SCI,71558.06,0.00,0.00,18784.28,71558.06,90342.34,2016,,Desert Research Institute,""
Kenneth J Adams,DEVELOPMENT ADMINISTRATOR,71327.53,0.00,0.00,18750.85,71327.53,90078.38,2016,,Desert Research Institute,""
Cynthia M Gabrielli,EXEC ASST SR VPFA,71289.24,0.00,0.00,18745.30,71289.24,90034.54,2016,,Desert Research Institute,""
Mark B Hausner,ASST RES PROF HYDRO,69452.07,0.00,4921.05,15620.41,74373.12,89993.53,2016,,Desert Research Institute,""
Lindsay S Sessions,ASSISTANT CONTROLLER,64492.26,0.00,0.00,24361.00,64492.26,88853.26,2016,,Desert Research Institute,""
John P Goetz,ASST RES SCIENT COMP SCI,63289.29,0.00,0.00,25427.67,63289.29,88716.96,2016,,Desert Research Institute,""
Mark R Mcdaniel,ASST RES SCIENT ENVIR CHEM,69989.10,0.00,0.00,18556.81,69989.10,88545.91,2016,,Desert Research Institute,""
Sophie E Baker,ASST RES SCIENT GEOMORPH,69352.16,0.00,0.00,18464.42,69352.16,87816.58,2016,,Desert Research Institute,""
Nina S Oakley,ASST RES SCIENT CLIMAT,68085.24,0.00,300.00,18280.72,68385.24,86665.96,2016,,Desert Research Institute,""
Mitchell D Goldfin,BUILDING TECH/SENIOR CARPENTER,58158.88,2185.81,1282.80,24948.05,61627.49,86575.54,2016,,Desert Research Institute,""
Michael J Clifford,ASST RES PROF ECOL,68151.19,0.00,0.00,18290.28,68151.19,86441.47,2016,,Desert Research Institute,""
Michael L Kaplan,RES PROF ATMOS SCI,67620.72,0.00,0.00,18213.36,67620.72,85834.08,2016,,Desert Research Institute,""
Gayle C Valdes,FACILITIES ADMINISTRATION MGR,65742.90,0.00,1255.09,17941.07,66997.99,84939.06,2016,,Desert Research Institute,""
Charlene D Martin,FINANCIAL ACCT SPECIALIST,59533.22,0.00,0.00,25075.16,59533.22,84608.38,2016,,Desert Research Institute,""
Michelle A Breckner,ASST RES SCIENT ATMOS SCI,64910.30,0.00,1530.84,17820.34,66441.14,84261.48,2016,,Desert Research Institute,""
Alexandra D Lutz,ASSOC RES PROF HYDROGEOL,65459.87,0.00,0.00,17900.04,65459.87,83359.91,2016,,Desert Research Institute,""
Andrew N Joros,STAFF RES SCIENT SOFT DEV PROG,65112.52,0.00,0.00,17849.68,65112.52,82962.20,2016,,Desert Research Institute,""
Maria A Garretson,PROG SPEC IV,58060.02,0.00,0.00,24662.66,58060.02,82722.68,2016,,Desert Research Institute,""
Justin R Broglio,COMMUNICATION OFFICER,62355.01,0.00,2449.85,17449.84,64804.86,82254.70,2016,,Desert Research Institute,""
Keith M Szelagowski,STAFF RES SCIENT APPLIC DEV,63009.59,0.00,1192.10,17544.75,64201.69,81746.44,2016,,Desert Research Institute,""
Dana H Sharitz,BLDG TECH SR HVAC SPEC,61811.67,1346.03,0.00,18502.70,63157.70,81660.40,2016,,Desert Research Institute,""
Steven R Sweet,STAFF RES SCIENT ANALYST/PROG,64277.31,0.00,0.00,17026.84,64277.31,81304.15,2016,,Desert Research Institute,""
Jackson B Crews,ASST RES PROF HYDRO,65945.45,0.00,0.00,15300.47,65945.45,81245.92,2016,,Desert Research Institute,""
John A Karlas,COMPUTER SERVICE SPEC II,63570.73,0.00,0.00,17623.73,63570.73,81194.46,2016,,Desert Research Institute,""
Brian M Fair,ENVIRON HEALTH SAFETY OFFICER,63141.88,0.00,0.00,17563.93,63141.88,80705.81,2016,,Desert Research Institute,""
Denise K Hammond,EXEC ASST VPR,62840.39,0.00,0.00,17520.22,62840.39,80360.61,2016,,Desert Research Institute,""
Kelsey S Carter,EMPLOYMENT ADMIN DIV OFFICER,63291.41,0.00,0.00,16883.91,63291.41,80175.32,2016,,Desert Research Institute,""
Thomas M Giuliano,COMPUTER SERVICE SPEC II,62621.16,0.00,0.00,17485.99,62621.16,80107.15,2016,,Desert Research Institute,""
Sandra J Mccue,HOURLY TECHNICAL,61201.41,0.00,1393.92,17280.15,62595.33,79875.48,2016,,Desert Research Institute,""
Kenda L Walters,PURCH ACCTS PAY SPECIALIST,55805.34,0.00,0.00,24031.30,55805.34,79836.64,2016,,Desert Research Institute,""
Adrienne E Breland,STAFF RES SCIENT ANALYST/PROG,58586.13,0.00,5031.49,16204.10,63617.62,79821.72,2016,,Desert Research Institute,""
Marks Vicki L Hansen-Marks,GRANTS CONTRACTS LEAD ACCOUNT,58960.78,0.00,1538.10,19315.93,60498.88,79814.81,2016,,Desert Research Institute,""
Dawn E Coots,PROJECT COORD II,66242.36,3914.28,0.00,9605.26,70156.64,79761.90,2016,,Desert Research Institute,""
Sherril L Schmidt,ACCOUNTING SPECIALIST,61201.41,0.00,1184.80,17280.15,62386.21,79666.36,2016,,Desert Research Institute,""
David L Mitchell,ASSOC RES PROF PHYSICS,61742.66,0.00,0.00,17361.05,61742.66,79103.71,2016,,Desert Research Institute,""
Monica M Arienzo,ASST RES PROF HYDRO,59518.94,0.00,6000.00,13374.66,65518.94,78893.60,2016,,Desert Research Institute,""
William M Walters,BLDG TECH CUSTODIAL SUPVR,50533.72,2211.56,11217.24,14416.25,63962.52,78378.77,2016,,Desert Research Institute,""
Rebecca D Shanahan,PROJECT ADMINISTRATOR,60670.00,0.00,0.00,17205.51,60670.00,77875.51,2016,,Desert Research Institute,""
Michelle D Lopez,PROG SPEC III,53638.48,0.00,0.00,23424.62,53638.48,77063.10,2016,,Desert Research Institute,""
Barbara J Jackson,PROG SPEC III,53638.48,0.00,0.00,23424.62,53638.48,77063.10,2016,,Desert Research Institute,""
Harold D Drollinger,ASSOC RES SCIENT ARCH,59858.58,0.00,0.00,17087.85,59858.58,76946.43,2016,,Desert Research Institute,""
Craig S Rosen,GREENPOWER EDUC ADMINISTRATOR,58341.95,0.00,1633.87,16867.94,59975.82,76843.76,2016,,Desert Research Institute,""
Richard L Jasoni,ASSOC RES SCIENT BIO,59436.86,0.00,0.00,17026.70,59436.86,76463.56,2016,,Desert Research Institute,""
Cheryl M Collins,STAFF RES SCIENT GIS,52821.93,0.00,0.00,23198.51,52821.93,76020.44,2016,,Desert Research Institute,""
Iva Neveux,STAFF RES SCIENT MOLEC BIO,58005.29,0.00,0.00,16819.11,58005.29,74824.40,2016,,Desert Research Institute,""
Jason P Rada,BLDG TECH PLUMBER,55538.83,730.99,1094.80,16526.81,57364.62,73891.43,2016,,Desert Research Institute,""
Meghan J Collins,ASST RES SCIENT ENVIR SCI,55766.67,0.00,1390.00,16494.53,57156.67,73651.20,2016,,Desert Research Institute,""
Karen J Gray,HOURLY PROFESSIONAL,40358.13,0.00,21129.51,11300.25,61487.64,72787.89,2016,,Desert Research Institute,""
David J Page,ASST RES SCIENT ARCH,53247.89,0.00,3366.72,16129.31,56614.61,72743.92,2016,,Desert Research Institute,""
Ryan K Mcmonigle,BLDG TECH HVAC,55171.93,947.09,0.00,16586.33,56119.02,72705.35,2016,,Desert Research Institute,""
Teresa A Wriston,POSTDOC FELLOW ANTHROPOLOGY,59706.80,0.00,0.00,12110.18,59706.80,71816.98,2016,,Desert Research Institute,""
Harlan L Schmidt,BLDG GRNDS MOTOR POOL ATTEND,52231.31,3413.54,0.00,16096.68,55644.85,71741.53,2016,,Desert Research Institute,""
Christopher Pearson,ASST RES SCIENT HYDRO,54729.40,0.00,0.00,16344.12,54729.40,71073.52,2016,,Desert Research Institute,""
Margie Stuart,PROG SPEC III,48059.23,0.00,0.00,21862.43,48059.23,69921.66,2016,,Desert Research Institute,""
Peng Jiang,POSTDOC FELLOW HYDROGEOL,57329.30,0.00,0.00,11962.78,57329.30,69292.08,2016,,Desert Research Institute,""
Vicki V Hall,ELECTRONIC PUBLISHING TECH II,52231.31,0.00,1011.20,15979.41,53242.51,69221.92,2016,,Desert Research Institute,""
Xuelian Bai,POSTDOC FELLOW ENVIR SCI,57051.20,0.00,0.00,11945.53,57051.20,68996.73,2016,,Desert Research Institute,""
Jesse W Juchtzer,FIELD TECH II,51870.88,0.00,0.00,15927.08,51870.88,67797.96,2016,,Desert Research Institute,""
Janis R Klimowicz,HOURLY ASST RES SCIENT,46050.89,0.00,0.00,21501.29,46050.89,67552.18,2016,,Desert Research Institute,""
Ryan C Coots,NETWORK ADMINISTRATOR,51933.97,0.00,0.00,15237.02,51933.97,67170.99,2016,,Desert Research Institute,""
Brittany R Kruger,STAFF RES SCIENT GEOBIO,50561.65,0.00,0.00,15739.80,50561.65,66301.45,2016,,Desert Research Institute,""
Joanne K Huston,HR GENERALIST,45109.52,0.00,0.00,21039.03,45109.52,66148.55,2016,,Desert Research Institute,""
Matthew Bromley,ASST RES SCIENT ENVIR SCI,50416.74,0.00,0.00,15017.05,50416.74,65433.79,2016,,Desert Research Institute,""
Daniel J Mcevoy,POSTDOC FELLOW APPLIED CLIM,53615.99,0.00,0.00,11732.55,53615.99,65348.54,2016,,Desert Research Institute,""
James G Hudson,RES PROF PHYSICS,49716.00,0.00,0.00,15617.18,49716.00,65333.18,2016,,Desert Research Institute,""
David C Vuono,POSTDOC FELLOW MOLEC BIO,52514.01,0.00,0.00,11664.23,52514.01,64178.24,2016,,Desert Research Institute,""
Jessica D Larsen,STAFF RES SCIENT ECOL,48415.16,0.00,0.00,15428.56,48415.16,63843.72,2016,,Desert Research Institute,""
Suzanne E Hudson,PROG SPEC II,47221.59,0.00,0.00,15253.05,47221.59,62474.64,2016,,Desert Research Institute,""
Tatianna M Menocal,ASST RES SCIENT ARCH,47666.74,0.00,0.00,14618.31,47666.74,62285.05,2016,,Desert Research Institute,""
Martha A Mcrae,HOURLY PROFESSIONAL,19550.64,0.00,36579.00,5884.98,56129.64,62014.62,2016,,Desert Research Institute,""
Maria C Vasquez,PROG SPEC II,46294.35,0.00,0.00,15118.53,46294.35,61412.88,2016,,Desert Research Institute,""
Nicole E Damon,EDITING PUBLISHING SPECIALIST,45842.35,0.00,0.00,15052.98,45842.35,60895.33,2016,,Desert Research Institute,""
Rojas Jose Luis Antinao Rojas,ASST RES PROF GEOL,44315.19,0.00,2615.77,12037.06,46930.96,58968.02,2016,,Desert Research Institute,""
Grant N Bowler,AV TECH FRONT DESK SUPPORT,43669.82,248.88,0.00,14738.04,43918.70,58656.74,2016,,Desert Research Institute,""
Rudy J Duran,LEAD CUSTODIAN BLDG MAINT III,43065.53,186.66,0.00,14716.65,43252.19,57968.84,2016,,Desert Research Institute,""
Leigha Fishell,ACCOUNTING ASST II,43005.32,0.00,0.00,14641.62,43005.32,57646.94,2016,,Desert Research Institute,""
Enrique T Barragan,CUSTODIAL BLDG MAINTAINER III,36650.41,234.56,1251.20,19175.13,38136.17,57311.30,2016,,Desert Research Institute,""
Nicholas Lancaster,AFFILIATE RES PROF,38559.13,0.00,7820.68,10503.18,46379.81,56882.99,2016,,Desert Research Institute,""
Robert W Read,STAFF RES SCIENT MOLEC BIO,42254.41,0.00,0.00,14535.25,42254.41,56789.66,2016,,Desert Research Institute,""
Brenda G Cristani,LAB COORD DATA ANALYST,31300.50,0.00,16635.44,8047.25,47935.94,55983.19,2016,,Desert Research Institute,""
Elaine L Spangler,RECORDS MANAGEMENT SPECIALIST,40924.56,0.00,0.00,14339.88,40924.56,55264.44,2016,,Desert Research Institute,""
Donald E Sabol,ASST RES PROF GEOL,48153.47,0.00,0.00,6982.25,48153.47,55135.72,2016,,Desert Research Institute,""
Mackenzie L Peterson,GREENBOX ADMINISTRATOR,40082.26,0.00,0.00,14220.29,40082.26,54302.55,2016,,Desert Research Institute,""
Albert J Wolff,FIELD ASST,39775.71,0.00,0.00,14173.32,39775.71,53949.03,2016,,Desert Research Institute,""
Mishima J Jones,CUSTODIAL BLDG MAINTAINER III,34536.44,58.64,0.00,18238.65,34595.08,52833.73,2016,,Desert Research Institute,""
Susan E Towne,FINANCIAL ASST III,39994.12,0.00,0.00,12801.66,39994.12,52795.78,2016,,Desert Research Institute,""
Brian C Fitzgerald,STAFF RES SCIENT ENVIR SCI,37944.41,0.00,0.00,13910.34,37944.41,51854.75,2016,,Desert Research Institute,""
Jacob D Hahn,CUSTODIAL BLDG MAINTAINER III,35453.45,2082.69,654.00,13604.24,38190.14,51794.38,2016,,Desert Research Institute,""
Delbert B Booth,BLDG GRNDS ATTEND,44225.84,925.01,0.00,6539.09,45150.85,51689.94,2016,,Desert Research Institute,""
Gustavo M Riggio,LAB TECH I,36882.75,0.00,1031.52,13753.86,37914.27,51668.13,2016,,Desert Research Institute,""
Bruce G Lipp,ASST RES SCIENT SOFT DEV PROG,41695.10,0.00,0.00,9542.04,41695.10,51237.14,2016,,Desert Research Institute,""
Patrick R Hurbain,LAB TECH I,37131.63,0.00,0.00,13789.94,37131.63,50921.57,2016,,Desert Research Institute,""
Charles W Dolbeare,CUSTODIAL BLDG MAINTAINER III,39584.15,3395.35,1684.76,5956.24,44664.26,50620.50,2016,,Desert Research Institute,""
Linda M Wimberly,HOURLY ASST RES SCIENT,22251.11,0.00,16575.50,11142.39,38826.61,49969.00,2016,,Desert Research Institute,""
Cody A Cotton,LAB ASST,35478.95,433.93,0.00,13550.33,35912.88,49463.21,2016,,Desert Research Institute,""
Brenda L Moore,CUSTODIAL BLDG MAINTAINER III,34408.02,1467.63,0.00,13451.04,35875.65,49326.69,2016,,Desert Research Institute,""
Monique D Edwards,ADMIN ASST II,35634.79,0.00,0.00,13572.97,35634.79,49207.76,2016,,Desert Research Institute,""
Paul M Cropper,POSTDOC FELLOW CHEM,39433.41,0.00,803.28,8748.04,40236.69,48984.73,2016,,Desert Research Institute,""
Zachary R Walker,BUILDING TECH APPRENTICE,39216.53,1863.34,736.80,5780.50,41816.67,47597.17,2016,,Desert Research Institute,""
James L Martin,ADMIN AIDE,33742.02,0.00,0.00,13298.50,33742.02,47040.52,2016,,Desert Research Institute,""
Shamae L Walker,ADMIN ASST I,32560.42,290.61,0.00,13127.17,32851.03,45978.20,2016,,Desert Research Institute,""
Russ C Bergin,FINANCIAL ASST III,32793.17,0.00,0.00,13160.93,32793.17,45954.10,2016,,Desert Research Institute,""
Patrick M Melarkey,LAB TECH I,33483.58,138.51,0.00,12259.19,33622.09,45881.28,2016,,Desert Research Institute,""
Yannick Agnan,POSTDOC FELLOW BIOGEOCHEM,36280.68,0.00,53.73,8560.01,36334.41,44894.42,2016,,Desert Research Institute,""
Debra A Coleman,PROG SPEC III,33636.85,0.00,0.00,11178.04,33636.85,44814.89,2016,,Desert Research Institute,""
Harry W Reed,ASST RES SCIENT SOFT DEV PROG,35833.35,0.00,0.00,8692.09,35833.35,44525.44,2016,,Desert Research Institute,""
Vinay R Amin,LAB TECH I,30859.45,819.26,0.00,11128.12,31678.71,42806.83,2016,,Desert Research Institute,""
Travis E Mccord,COMPUTER SYS PROG II,23204.17,0.00,11240.86,8274.18,34445.03,42719.21,2016,,Desert Research Institute,""
Kevin M Heintz,STAFF RES SCIENT HYDROGEOL,31383.40,0.00,622.83,10152.03,32006.23,42158.26,2016,,Desert Research Institute,""
Kathleen A Langford,LAB TECH I,30565.07,0.00,0.00,11342.79,30565.07,41907.86,2016,,Desert Research Institute,""
Xiaowei Liu,POSTDOC FELLOW RENEW ENERGY,31249.19,0.00,3450.67,6849.56,34699.86,41549.42,2016,,Desert Research Institute,""
Donna Schlemmer,ADMIN ASST III,26937.24,0.00,0.00,12311.87,26937.24,39249.11,2016,,Desert Research Institute,""
James C Kei,HOURLY CLERICAL,38285.00,0.00,0.00,0.00,38285.00,38285.00,2016,,Desert Research Institute,""
Paul Buck,ASSOC RES PROF ARCH,33256.64,0.00,0.00,4822.21,33256.64,38078.85,2016,,Desert Research Institute,""
Guenter Engling,ASST RES PROF ATMOS SCI,29298.03,0.00,62.73,7756.86,29360.76,37117.62,2016,,Desert Research Institute,""
Karen J Stewart,ASST RES LIBRARIAN,23587.50,0.00,0.00,11126.82,23587.50,34714.32,2016,,Desert Research Institute,""
David K Huber,BLDG TECH SR PLUMBER,22764.00,883.08,4759.63,6163.12,28406.71,34569.83,2016,,Desert Research Institute,""
Edwin S Bernal,CUSTODIAL BLDG MAINTAINER III,24591.46,1003.88,0.00,8677.49,25595.34,34272.83,2016,,Desert Research Institute,""
Sandra Rayne,POSTDOCTORAL FELLOW ATMOS SCI,22866.70,0.00,5925.00,4839.59,28791.70,33631.29,2016,,Desert Research Institute,""
Frances B Brown,PROG SPEC II,28225.06,0.00,1397.39,3213.48,29622.45,32835.93,2016,,Desert Research Institute,""
Hai V Pham,POSTDOCTORAL FELLOW,26433.39,0.00,104.78,5836.85,26538.17,32375.02,2016,,Desert Research Institute,""
Tasha M Pascal,LAB TECH II,20276.88,0.00,3872.07,7849.78,24148.95,31998.73,2016,,Desert Research Institute,""
Johann P Engelbrecht,AFFILIATE RES PROF,5836.99,0.00,22895.45,2249.82,28732.44,30982.26,2016,,Desert Research Institute,""
Adam Z Csank,HOURLY POSTDOCTORAL FELLOW,11197.16,0.00,15331.76,4202.87,26528.92,30731.79,2016,,Desert Research Institute,""
Nicole L Sund,POSTDOCTORAL FELLOW,24857.63,0.00,0.00,5037.42,24857.63,29895.05,2016,,Desert Research Institute,""
Christopher W Moore,ASST RES PROF ATMOS BIOGEOSCI,14107.93,0.00,10093.43,4150.84,24201.36,28352.20,2016,,Desert Research Institute,""
Grant M Kelly,HOURLY ASST RES SCIENT,11741.68,0.00,11540.55,4509.46,23282.23,27791.69,2016,,Desert Research Institute,""
Hampden D Kuhns,RES PROF ENERGY,19737.86,0.00,0.00,6370.64,19737.86,26108.50,2016,,Desert Research Institute,""
Andrew Vitale,STAFF RES SCIENT DATA ANAL/VIS,17506.68,0.00,2928.57,5345.39,20435.25,25780.64,2016,,Desert Research Institute,""
Richard L Nance,BLDG TECH SR PLUMBER,18622.10,0.00,497.80,5499.67,19119.90,24619.57,2016,,Desert Research Institute,""
Bridget Walden,HR GENERALIST,19067.16,0.00,74.10,5338.78,19141.26,24480.04,2016,,Desert Research Institute,""
Matthew G Fearon,HOURLY ASST RES SCIENT,16643.00,0.00,944.20,5921.89,17587.20,23509.09,2016,,Desert Research Institute,""
Amber L Dancy,PROG SPEC III,19619.82,0.00,0.00,2844.92,19619.82,22464.74,2016,,Desert Research Institute,""
Benjamin J Hatchett,POSTDOC FELLOW METEOROLOGY,17666.68,0.00,0.00,3892.33,17666.68,21559.01,2016,,Desert Research Institute,""
Umakanta Jena,AFFILIATE ASST RES PROF,10208.09,0.00,8450.83,2883.63,18658.92,21542.55,2016,,Desert Research Institute,""
Iris E Saltus,ADMIN ASST III,13960.00,0.00,1459.79,4831.11,15419.79,20250.90,2016,,Desert Research Institute,""
Ramesh Dhungel,POSTDOC FELLOW HYDRO,16934.78,0.00,0.00,3147.71,16934.78,20082.49,2016,,Desert Research Institute,""
Ruiz Dolores Alvarez Ruiz,LETTER OF APPT RESEARCH,20000.04,0.00,0.00,0.00,20000.04,20000.04,2016,,Desert Research Institute,""
Katherine A Greenblatt,ADMIN ASST III,14588.74,0.00,0.00,5034.69,14588.74,19623.43,2016,,Desert Research Institute,""
Cynthia L O'kelly,FINANCIAL ASST III,10365.00,0.00,5380.81,2906.41,15745.81,18652.22,2016,,Desert Research Institute,""
Audrey M Yau,POSTDOC FELLOW CRYO CLIM SCI,14374.40,0.00,242.44,3698.13,14616.84,18314.97,2016,,Desert Research Institute,""
Kristin A Vandermolen,POSTDOC FELLOW ANTHROPOLOGY,13000.02,0.00,901.52,2903.75,13901.54,16805.29,2016,,Desert Research Institute,""
Susan C Rybarski,STAFF RES SCIENT HYDROGEOL,9166.68,0.00,0.00,7632.34,9166.68,16799.02,2016,,Desert Research Institute,""
Jeremy E Koonce,HOURLY POSTDOCTORAL FELLOW,9971.72,0.00,480.70,3323.59,10452.42,13776.01,2016,,Desert Research Institute,""
Erik Cadaret,STAFF RES SCIENT HYDROGEOL,8312.50,0.00,767.17,4012.23,9079.67,13091.90,2016,,Desert Research Institute,""
Christopher B Garner,ASST RES SCIENT HYDRO,6833.34,0.00,13341.38,-8186.10,20174.72,11988.62,2016,,Desert Research Institute,""
Cecilia L Sample,PROG SPEC I,4903.26,0.00,0.00,2109.47,4903.26,7012.73,2016,,Desert Research Institute,""
Guoping Tang,ASST RES PROF GEOG,1682.08,0.00,369.16,243.90,2051.24,2295.14,2016,,Desert Research Institute,""
