Employee Name,Job Title,Base Pay,Overtime Pay,Other Pay,Benefits,Total Pay,Total Pay & Benefits,Year,Notes,Agency,Status
Bart J Patterson,"PRESIDENT, NSC",265690.24,0.00,23000.00,46833.36,288690.24,335523.60,2016,,Nevada State College,""
Kevin S Butler,VP OF FINANCE & BUSINESS OPS,185351.81,0.00,135.96,35284.37,185487.77,220772.14,2016,,Nevada State College,""
Erika D Beck,PROVOST & EXEC VICE PRESIDENT,129906.99,0.00,30497.20,24447.87,160404.19,184852.06,2016,,Nevada State College,""
Andrew Kuniyuki,DEAN OF LIBERAL ARTS & SCIENCE,148678.75,0.00,700.00,29966.78,149378.75,179345.53,2016,,Nevada State College,""
Neal S Rosenburg,DEAN OF NURSING,140158.38,0.00,4204.49,28731.33,144362.87,173094.20,2016,,Nevada State College,""
Robin A Cresiski,INTERIM PROVOST,141885.48,0.00,0.00,28981.75,141885.48,170867.23,2016,,Nevada State College,""
Sherrilyn D Coffman,PROFESSOR OF NURSING,135168.38,0.00,4740.91,28007.78,139909.29,167917.07,2016,,Nevada State College,""
Dennis E Potthoff,DEAN OF EDUCATION,136125.00,0.00,0.00,28146.49,136125.00,164271.49,2016,,Nevada State College,""
Anthony Scinta,INTERIM PROVOST,127302.13,0.00,0.00,26867.17,127302.13,154169.30,2016,,Nevada State College,""
Ludy Llasus,"ASSOCIATE DEAN, NURSING",118136.38,0.00,4650.00,25538.14,122786.38,148324.52,2016,,Nevada State College,""
Susan K Growe,ASST PROF OF NURSING,78418.13,0.00,50042.52,19778.99,128460.65,148239.64,2016,,Nevada State College,""
Raul Tapia,ASST PROF OF BUSINESS,121000.00,0.00,0.00,25953.36,121000.00,146953.36,2016,,Nevada State College,""
Jenifer D Sharp,"ASSOCIATE DEAN, LIBERAL ARTS",118136.38,0.00,0.00,25538.14,118136.38,143674.52,2016,,Nevada State College,""
Edith Fernandez,ASSOCIATE VICE PRESIDENT,115271.27,0.00,1200.00,25122.69,116471.27,141593.96,2016,,Nevada State College,""
Lori Navarrete,ASSOC PROF OF SPECIAL EDU,103518.98,0.00,14201.92,23418.61,117720.90,141139.51,2016,,Nevada State College,""
Brian Chongtai,DIR OF INFO & TECH SERVICES,114520.93,0.00,835.97,25013.89,115356.90,140370.79,2016,,Nevada State College,""
Cheri L Canfield,DIR OF HUMAN RESOURCES,113479.29,0.00,971.92,24862.86,114451.21,139314.07,2016,,Nevada State College,""
J Russell Raker,ASSOC VP FOR DEVELOPMENT,108410.48,0.00,4320.00,24127.88,112730.48,136858.36,2016,,Nevada State College,""
Pamela R Levins,DIR OF BUDGETS & SPON PROJECTS,110916.69,0.00,835.96,24491.28,111752.65,136243.93,2016,,Nevada State College,""
Kebret Kebede,ASSOC PROF OF BIOLOGY,89298.84,0.00,19440.00,21356.69,108738.84,130095.53,2016,,Nevada State College,""
Richard D Yao,DEAN OF STUDENTS,89784.82,0.00,5000.00,33422.13,94784.82,128206.95,2016,,Nevada State College,""
Elizabeth A Meyerowitz,ASST PROF OF SPEECH PATHOLOGY,78983.99,0.00,27360.00,19861.04,106343.99,126205.03,2016,,Nevada State College,""
Ruby Wertz,CLINICAL PARTNERSHIP DIRECTOR,95791.69,0.00,6747.92,22298.16,102539.61,124837.77,2016,,Nevada State College,""
Kevin Graziano,PROFESSOR OF TESL,86243.59,0.00,17280.00,20913.68,103523.59,124437.27,2016,,Nevada State College,""
Roxann Green,LECTURER OF NURSING,86651.15,0.00,15636.36,20972.76,102287.51,123260.27,2016,,Nevada State College,""
Richard Hendrickson,CONTROLLER,97563.26,0.00,835.96,22555.03,98399.22,120954.25,2016,,Nevada State College,""
Sandip Thanki,DIR OF INSTITUTIONAL RESEARCH,96800.00,0.00,700.00,22444.36,97500.00,119944.36,2016,,Nevada State College,""
Chapelle Peter La Chapelle,PROFESSOR OF HISTORY,81925.50,0.00,17460.00,20287.56,99385.50,119673.06,2016,,Nevada State College,""
Paul Buck,ASSOC PROF OF ANTHROPOLOGY,68306.83,0.00,32069.11,18312.85,100375.94,118688.79,2016,,Nevada State College,""
Christopher Harris,ASSOC PROF OF COMM/CHAIR,76202.96,0.00,22593.44,19457.79,98796.40,118254.19,2016,,Nevada State College,""
Gregory S Robinson,ASSOC PROF OF ENGLISH/CHAIR,90014.30,0.00,6002.40,21460.42,96016.70,117477.12,2016,,Nevada State College,""
Dawn Z Koonkongsatian,LECTURER OF NURSING,77917.28,0.00,19652.17,19706.37,97569.45,117275.82,2016,,Nevada State College,""
Stephanie L Durfor,ASST PROF OF NURSING,78145.88,0.00,17380.47,19739.51,95526.35,115265.86,2016,,Nevada State College,""
Jonathan P Dunning,ASST PROF OF PSYCHOLOGY,86050.55,0.00,7170.00,20885.69,93220.55,114106.24,2016,,Nevada State College,""
Mickey D Haney,DATA WAREHOUSE ARCHITECT,91657.50,0.00,700.00,21698.70,92357.50,114056.20,2016,,Nevada State College,""
Samantha N Oliphant,ASST PROF OF BIOLOGY,73104.19,0.00,21419.00,19008.47,94523.19,113531.66,2016,,Nevada State College,""
Zachary R Woydziak,ASST PROF OF CHEMISTRY,73900.39,0.00,19112.37,19123.92,93012.76,112136.68,2016,,Nevada State College,""
Adelfa T Sullivan,REGISTRAR,90078.93,0.00,0.00,21469.80,90078.93,111548.73,2016,,Nevada State College,""
Garrett B Hess,LECTURER OF NURSING,82543.58,0.00,7913.30,20804.28,90456.88,111261.16,2016,,Nevada State College,""
James E Campos,SENIOR ADV TO THE PRESIDENT,88655.98,0.00,1200.00,21263.48,89855.98,111119.46,2016,,Nevada State College,""
Katherine K Spence,LECTURER OF NURSING,80666.69,0.00,9987.90,20105.03,90654.59,110759.62,2016,,Nevada State College,""
Bryan J Sigel,ASST PROF OF BIOLOGY,75066.48,0.00,16017.25,19293.00,91083.73,110376.73,2016,,Nevada State College,""
Laura P Naumann,ASST PROF OF PSYCHOLOGY,77756.16,0.00,12628.76,19683.00,90384.92,110067.92,2016,,Nevada State College,""
Abby N Peters,ASST PROF OF BUSINESS,88602.25,0.00,0.00,21255.69,88602.25,109857.94,2016,,Nevada State College,""
John C Laurie,ASST PROF OF BUSINESS,88093.09,0.00,0.00,21181.86,88093.09,109274.95,2016,,Nevada State College,""
Jana L Nerz,LECTURER OF NURSING,70583.38,0.00,19975.02,18642.95,90558.40,109201.35,2016,,Nevada State College,""
Kayla L Bieser,ASST PROF OF BIOLOGY,73104.19,0.00,17079.00,19008.47,90183.19,109191.66,2016,,Nevada State College,""
Shantal R Marshall,ASST PROF OF PSYCHOLOGY,79436.50,0.00,9301.28,19926.65,88737.78,108664.43,2016,,Nevada State College,""
Latricia Perry,BSN DIRECTOR,78696.33,0.00,9983.36,19819.31,88679.69,108499.00,2016,,Nevada State College,""
Imad A Mehanna,MANAGER OF FACILITIES OPER,86216.25,0.00,700.00,20909.70,86916.25,107825.95,2016,,Nevada State College,""
Mitzy D Flores,LECTURER OF NURSING,76315.50,0.00,20814.61,10585.01,97130.11,107715.12,2016,,Nevada State College,""
Jennifer W Edmonds,ASST PROF OF BIOLOGY,76381.25,0.00,10719.40,19483.64,87100.65,106584.29,2016,,Nevada State College,""
Aaron Wong,ASSOC PROF OF MATH/CHAIR,85370.35,0.00,350.00,20787.06,85720.35,106507.41,2016,,Nevada State College,""
Amber J Howerton,ASST PROF OF CHEMISTRY,71289.19,0.00,15796.08,18745.29,87085.27,105830.56,2016,,Nevada State College,""
Wendi L Benson,ASST PROF OF PSYCHOLOGY,79436.50,0.00,5859.80,19926.65,85296.30,105222.95,2016,,Nevada State College,""
Robert R Reynoso,LECTURER OF NURSING,80666.69,0.00,2925.00,20105.03,83591.69,103696.72,2016,,Nevada State College,""
Anthony M Morrone,DIRECTOR OF FINANCIAL AID,82491.75,0.00,700.00,20369.66,83191.75,103561.41,2016,,Nevada State College,""
Chad L Cross,ASSOC PROF OF MATHEMATICS,68062.50,0.00,16660.48,18277.42,84722.98,103000.40,2016,,Nevada State College,""
June A Eastridge,LECTURER OF NURSING,73326.00,0.00,9993.75,19040.63,83319.75,102360.38,2016,,Nevada State College,""
Shirli B Brautbar,ASSOC PROF OF HISTORY,69256.39,0.00,14252.80,18450.54,83509.19,101959.73,2016,,Nevada State College,""
Kathryn N Mulvey,SENIOR SYSTEMS ANALYST,79853.68,0.00,1335.97,19987.12,81189.65,101176.77,2016,,Nevada State College,""
Amanda R Vandehei,ASST PROF OF LITERACY/READING,49133.97,0.00,29857.16,22165.82,78991.13,101156.95,2016,,Nevada State College,""
Adeste S Sipin,DIR OF STU ACAD SUPPORT SVCS,76470.92,0.00,4904.49,19496.64,81375.41,100872.05,2016,,Nevada State College,""
Samuel Mccool,MANAGER OF INSTRUCTIONAL TECH,78842.76,0.00,2025.00,19840.56,80867.76,100708.32,2016,,Nevada State College,""
Pamela J Call,LECTURER OF NURSING,74485.51,0.00,6618.75,19060.86,81104.26,100165.12,2016,,Nevada State College,""
Kimberly L Williams,DIRECTOR OF ACADEMIC PROGRAM,78224.58,0.00,700.00,19750.92,78924.58,98675.50,2016,,Nevada State College,""
Roberta C Kaufman,ASST PROF OF SPECIAL EDUCATION,59189.36,0.00,21322.91,16990.82,80512.27,97503.09,2016,,Nevada State College,""
Andra S Scano,LECTURER OF NURSING,70583.38,0.00,7593.75,18642.95,78177.13,96820.08,2016,,Nevada State College,""
Andrea W Martin,DIR OF ADMISSIONS & RECRUITING,76521.54,0.00,0.00,19503.98,76521.54,96025.52,2016,,Nevada State College,""
Linda Jacobson,LECTURER OF NURSING,75560.42,0.00,9043.77,10956.26,84604.19,95560.45,2016,,Nevada State College,""
Leila Pazargadi,ASST PROF OF ENGLISH,60660.95,0.00,17403.84,17204.20,78064.79,95268.99,2016,,Nevada State College,""
Lawrence P Rudd,ASSOC PROF OF SCIENCE EDU,69060.87,0.00,6364.80,18422.19,75425.67,93847.86,2016,,Nevada State College,""
Kathryn M Tucker,ASST PROF OF ENGLISH,66197.18,0.00,8923.36,18006.95,75120.54,93127.49,2016,,Nevada State College,""
Nathaniel B King,DIRECTOR OF LIBRARY SERVICES,73275.56,0.00,700.00,19033.32,73975.56,93008.88,2016,,Nevada State College,""
Alvin Hardimon,BUDGETS AND GRANTS ANALYST,73692.22,0.00,135.96,19093.74,73828.18,92921.92,2016,,Nevada State College,""
Cathy L Adams,LECTURER OF NURSING,70583.38,0.00,3100.02,18642.95,73683.40,92326.35,2016,,Nevada State College,""
Betty Kim,HUMAN RESOURCES MANAGER,72724.75,0.00,271.92,18953.44,72996.67,91950.11,2016,,Nevada State College,""
Hon Vu Duong,LECTURER OF BIOLOGY,59655.19,0.00,23149.87,8650.00,82805.06,91455.06,2016,,Nevada State College,""
Angela Brommel,DIR OF ART&CULTURE INITIATIVES,65178.69,0.00,7454.80,17859.27,72633.49,90492.76,2016,,Nevada State College,""
Ellen J Guerra,DIR OF MARKET & COMMUNICATIONS,77209.54,0.00,0.00,11897.11,77209.54,89106.65,2016,,Nevada State College,""
Lance R Hignite,ASST PROF OF LAW ENFORCEMENT,65174.61,0.00,6000.00,17858.68,71174.61,89033.29,2016,,Nevada State College,""
Serge C Ballif,ASST PROF OF MATHEMATICS,57536.46,0.00,14624.60,16751.15,72161.06,88912.21,2016,,Nevada State College,""
Jennifer L Haft,DIR OF PRESIDENTIAL OPERATIONS,60139.67,0.00,12966.37,14331.61,73106.04,87437.65,2016,,Nevada State College,""
Bongey Sarah E Bryans Bongey,ASST PROF OF EDUCATIONAL TECH,61904.56,0.00,7945.08,17384.52,69849.64,87234.16,2016,,Nevada State College,""
Adam M Davis,ASST PROF OF VISUAL/DIG MEDIA,58624.14,0.00,11319.80,16908.86,69943.94,86852.80,2016,,Nevada State College,""
George K Markarian,SYSTEMS ANALYST,68288.62,0.00,0.00,18310.21,68288.62,86598.83,2016,,Nevada State College,""
Joanna M Meuris,ASST PROF OF VISUAL/DIG MEDIA,64160.30,0.00,4588.80,17711.60,68749.10,86460.70,2016,,Nevada State College,""
Brian W Gleason,ASST PROF OF MATHEMATICS,56013.06,0.00,12656.07,16530.25,68669.13,85199.38,2016,,Nevada State College,""
Terra J Barnes,SYSTEMS ANALYST,66197.06,0.00,700.00,18006.93,66897.06,84903.99,2016,,Nevada State College,""
Stephen J Rubio,SYSTEMS/NETWORK ADMINISTRATOR,66197.06,0.00,700.00,18006.93,66897.06,84903.99,2016,,Nevada State College,""
Nathan K Silva,ADJUNCT FACULTY COORDINATOR,63651.09,0.00,3000.00,17637.77,66651.09,84288.86,2016,,Nevada State College,""
Elaina C Bhattacharyya,EVENTS MANAGER,66197.06,0.00,0.00,18006.93,66197.06,84203.99,2016,,Nevada State College,""
Kimberly A Smith,DIRECTOR OF ACADEMIC PROGRAM,56341.58,0.00,11150.00,16577.89,67491.58,84069.47,2016,,Nevada State College,""
Zarah G Borines,LECTURER OF NURSING,29166.70,0.00,45359.61,7737.82,74526.31,82264.13,2016,,Nevada State College,""
Richard D Smith,PLANNING AND PROPERTY ADVISOR,68743.15,0.00,0.00,13464.01,68743.15,82207.16,2016,,Nevada State College,""
Jasmine R Phillips,ASST PROF OF COMMUNICATIONS,60500.00,0.00,4320.00,17180.86,64820.00,82000.86,2016,,Nevada State College,""
Brian Martinelli,LECTURER OF PHYSICAL SCIENCES,45319.59,0.00,20982.00,14979.70,66301.59,81281.29,2016,,Nevada State College,""
Nicholas R Egan,LABORATORY COORDINATOR,63600.12,0.00,0.00,17630.38,63600.12,81230.50,2016,,Nevada State College,""
Ted R Mitchell,"ASST PROF OF EDUCATION, GEN",56012.94,0.00,8640.00,16530.24,64652.94,81183.18,2016,,Nevada State College,""
Fredersita C Sales,EXECUTIVE ASST TO THE PROVOST,61858.06,0.00,700.00,17377.77,62558.06,79935.83,2016,,Nevada State College,""
Janielle Losaw,DIRECTOR OF ACADEMIC PROGRAM,58763.31,0.00,3825.00,16929.04,62588.31,79517.35,2016,,Nevada State College,""
Taggart H Archibald,ASSOC DIR OF RECRUITING,61105.00,0.00,300.00,17268.61,61405.00,78673.61,2016,,Nevada State College,""
Qingmin Shi,QUANTITATIVE ANALYST,61105.00,0.00,0.00,17268.59,61105.00,78373.59,2016,,Nevada State College,""
Alexander G Mcdonald,BURSAR,60398.23,0.00,700.00,17166.12,61098.23,78264.35,2016,,Nevada State College,""
Sandra H Patton,DIR OF DISABILITY RES CENTER,60500.00,0.00,0.00,17180.86,60500.00,77680.86,2016,,Nevada State College,""
Joanna R Abbott,ASSOC PROF OF ENGLISH,66336.57,0.00,0.00,9618.80,66336.57,75955.37,2016,,Nevada State College,""
Robin R Smith,DIRECTOR OF ACADEMIC PROGRAM,53833.33,0.00,6525.00,14810.73,60358.33,75169.06,2016,,Nevada State College,""
Christopher E Nickerson,GRAPHIC AND WEB DESIGNER,57297.94,0.00,636.36,16716.56,57934.30,74650.86,2016,,Nevada State College,""
Patricia R Olds,BUDGET TECHNICIAN,50634.00,0.00,136.07,22583.35,50770.07,73353.42,2016,,Nevada State College,""
Tiffany M Lemaistre,LIBRARIAN,56012.94,0.00,0.00,16530.24,56012.94,72543.18,2016,,Nevada State College,""
Laura E Decker,LECTURER OF ENGLISH,39829.19,0.00,17640.00,14183.59,57469.19,71652.78,2016,,Nevada State College,""
Ian N Probasco,VIDEOGRAPHER,55198.28,0.00,0.00,16412.11,55198.28,71610.39,2016,,Nevada State College,""
Jaime D Castle,ADMINISTRATIVE ASSISTANT IV,52866.42,0.00,0.00,16071.53,52866.42,68937.95,2016,,Nevada State College,""
Cynthia L Rispante,SENIOR ACCOUNTANT,52639.66,0.00,0.00,16041.11,52639.66,68680.77,2016,,Nevada State College,""
Regina M Willard,PART TIME INSTRUCTOR,50125.00,0.00,4650.00,13578.74,54775.00,68353.74,2016,,Nevada State College,""
Penelope M Morris,PROGRAM MANAGER,51905.30,0.00,135.96,15232.90,52041.26,67274.16,2016,,Nevada State College,""
Danielle R Welch,ALUMNI REL & DEV OPER MGR,50246.69,0.00,700.00,15694.13,50946.69,66640.82,2016,,Nevada State College,""
Francesca A Marineo,LIBRARIAN,50416.69,0.00,0.00,15718.78,50416.69,66135.47,2016,,Nevada State College,""
Matthew L Andenoro,CLASSROOM TECH COORDINATOR,44667.27,0.00,0.00,20915.20,44667.27,65582.47,2016,,Nevada State College,""
Amey N Evaluna,SENIOR STUDENT PROGRAM COORD,44397.95,0.00,0.00,20839.79,44397.95,65237.74,2016,,Nevada State College,""
Mayra L Moore,SENIOR FINANCIAL AID COUNSELOR,49323.55,0.00,0.00,15560.27,49323.55,64883.82,2016,,Nevada State College,""
Lakiasha L Hollingsworth,ADVISOR/COUNSELOR,42773.50,0.00,6975.00,14610.52,49748.50,64359.02,2016,,Nevada State College,""
Aster Sigel,LABORATORY COORDINATOR,47853.34,0.00,0.00,15347.09,47853.34,63200.43,2016,,Nevada State College,""
Rodney A Dizon,IT TECHNICIAN 5,47407.17,0.00,0.00,15279.90,47407.17,62687.07,2016,,Nevada State College,""
Evan Sudberg,IT TECHNICIAN 5,47407.17,0.00,0.00,15279.90,47407.17,62687.07,2016,,Nevada State College,""
Vikash Patel,PART TIME INSTRUCTOR,54329.26,0.00,0.00,7706.63,54329.26,62035.89,2016,,Nevada State College,""
Susan K Tomasevich,PROGRAM OFFICER I,46278.78,253.32,0.00,15116.30,46532.10,61648.40,2016,,Nevada State College,""
Phillip L Lamotte,STUDENT ACTIVITIES MANAGER,44156.18,0.00,2700.00,14109.28,46856.18,60965.46,2016,,Nevada State College,""
Frances D Wilson,VETERANS AFFAIRS/SCHOLAR SPEC,45828.75,0.00,0.00,15053.53,45828.75,60882.28,2016,,Nevada State College,""
Mirtha Martin,ADMISSIONS & RECORDS ASST III,43202.95,0.00,2170.55,14985.02,45373.50,60358.52,2016,,Nevada State College,""
Edwin H Price,ASSOC PROF OF ENVIRONMNTL SCI,45300.43,0.00,3483.84,11480.67,48784.27,60264.94,2016,,Nevada State College,""
Gina L Eastman,ASST DIR OF FINANCIAL AID,52417.49,0.00,0.00,7600.54,52417.49,60018.03,2016,,Nevada State College,""
Nguyen Janice H Le-Nguyen,INSTITUTIONAL RESEARCH ANALYST,44810.38,0.00,0.00,14905.87,44810.38,59716.25,2016,,Nevada State College,""
Leonor Pena,ADMINISTRATIVE ASSISTANT IV,42564.75,0.00,2128.21,14886.33,44692.96,59579.29,2016,,Nevada State College,""
Tina Jara,FINANCIAL AID COUNSELOR,44683.02,0.00,0.00,14887.43,44683.02,59570.45,2016,,Nevada State College,""
Cheyenne M Rogers,ADVISOR/COUNSELOR,42773.50,0.00,1800.00,14610.52,44573.50,59184.02,2016,,Nevada State College,""
Leilani Carreno,DIRECTOR OF ACADEMIC PROGRAM,46083.52,0.00,306.75,12283.55,46390.27,58673.82,2016,,Nevada State College,""
Yvonne C Morris,STUDENT PROGRAM COORDINATOR,42991.29,0.00,0.00,14642.10,42991.29,57633.39,2016,,Nevada State College,""
Anam Qadir,ADVISOR/COUNSELOR,39443.55,0.00,3600.00,14127.67,43043.55,57171.22,2016,,Nevada State College,""
Joshua M Schulze,ASST PROF OF ELEM LIT/LANG ACQ,33914.79,0.00,12960.00,9829.75,46874.79,56704.54,2016,,Nevada State College,""
Jacqueline G Semana,ASSISTANT REGISTRAR,42071.62,0.00,0.00,14508.74,42071.62,56580.36,2016,,Nevada State College,""
Evette M Wilson,PART TIME INSTRUCTOR,44916.69,0.00,0.00,11425.03,44916.69,56341.72,2016,,Nevada State College,""
William A Miller,IT TECHNICIAN 4,41828.49,0.00,0.00,14471.02,41828.49,56299.51,2016,,Nevada State College,""
Erin L Matthews,RECRUITER,37812.50,0.00,4575.00,13891.17,42387.50,56278.67,2016,,Nevada State College,""
Yanne H Givens,MARKETING & COMM SPECIALIST,41755.06,0.00,0.00,14462.84,41755.06,56217.90,2016,,Nevada State College,""
Joseph G Lopez,STUDENT PROGRAM COORDINATOR,41744.88,0.00,0.00,14461.37,41744.88,56206.25,2016,,Nevada State College,""
Sally J Starkweather,ADMINISTRATIVE ASSISTANT III,40585.67,0.00,0.00,14290.80,40585.67,54876.47,2016,,Nevada State College,""
Jianing Liu,LECTURER OF ENGLISH,39829.19,0.00,0.00,14183.59,39829.19,54012.78,2016,,Nevada State College,""
Doris B Jordan,ADMINISTRATIVE ASSISTANT IV,39722.15,0.00,0.00,14165.64,39722.15,53887.79,2016,,Nevada State College,""
Elizabeth Brandise,ADVISOR/COUNSELOR,37831.77,0.00,1800.00,13893.97,39631.77,53525.74,2016,,Nevada State College,""
Lori M Filippo,TRANSFER RECRUITER,32876.65,0.00,7907.52,11776.97,40784.17,52561.14,2016,,Nevada State College,""
Nicholas D Mathews,GEAR UP AMBASSADOR,37308.31,0.00,0.00,13818.06,37308.31,51126.37,2016,,Nevada State College,""
Paige D Ribera,COORD FOR DEGREE AUDIT/TRANSF,36896.69,0.00,0.00,13758.38,36896.69,50655.07,2016,,Nevada State College,""
Mario C Martinez,MAINTENANCE REPAIR WORKER II,36836.11,0.00,0.00,13747.12,36836.11,50583.23,2016,,Nevada State College,""
Justina R Benner,COORD FOR GRADUATION/STU SVCS,36644.56,0.00,0.00,13721.82,36644.56,50366.38,2016,,Nevada State College,""
Erin K Hall,TRANSFER COORDINATOR,32517.79,0.00,0.00,17513.37,32517.79,50031.16,2016,,Nevada State College,""
Tracy Matthews,OPERATIONS SPECIALIST,35328.75,0.00,0.00,13531.05,35328.75,48859.80,2016,,Nevada State College,""
Krystal Lynn K Martinez,ADMISSIONS & RECORDS ASST III,34932.16,0.00,0.00,13471.03,34932.16,48403.19,2016,,Nevada State College,""
Amber R Moore,ADMISSIONS & RECORDS ASST III,33962.77,0.00,0.00,13330.45,33962.77,47293.22,2016,,Nevada State College,""
Clark V Pearson,PART TIME INSTRUCTOR,41632.52,0.00,736.12,4904.67,42368.64,47273.31,2016,,Nevada State College,""
Camatchy Radjassegarane,PART TIME INSTRUCTOR,46335.47,0.00,0.00,699.25,46335.47,47034.72,2016,,Nevada State College,""
Jose A Loera,FINANCIAL AID COUNSELOR,37732.36,0.00,0.00,8967.44,37732.36,46699.80,2016,,Nevada State College,""
Mellynn L Corzine,ADMINISTRATIVE ASSISTANT III,33102.87,0.00,228.28,13238.86,33331.15,46570.01,2016,,Nevada State College,""
Tricia A Ramos,ADMINISTRATIVE ASSISTANT II,32939.94,0.00,0.00,13182.14,32939.94,46122.08,2016,,Nevada State College,""
Karla M Mitchell,ADMINISTRATIVE ASSISTANT II,32516.07,0.00,0.00,13120.69,32516.07,45636.76,2016,,Nevada State College,""
Kristina M Dearing,ADMINISTRATIVE ASSISTANT IV,33654.37,0.00,0.00,11882.38,33654.37,45536.75,2016,,Nevada State College,""
Erika Q Webber,1000 HOUR APPOINTMENT,32254.67,0.00,0.00,13085.29,32254.67,45339.96,2016,,Nevada State College,""
Alyssa M Clark,ADMISSIONS & RECORDS ASST II,31961.04,0.00,0.00,13040.25,31961.04,45001.29,2016,,Nevada State College,""
Lashawnda R Gray,ADMISSIONS & RECORDS ASST II,30650.57,0.00,2452.45,11449.76,33103.02,44552.78,2016,,Nevada State College,""
Johnny G Dinh,LIBRARY TECHNICIAN 1,31817.01,0.00,0.00,12317.58,31817.01,44134.59,2016,,Nevada State College,""
Daniela Mihal,ADMINISTRATIVE ASSISTANT II,31132.08,0.00,0.00,12920.08,31132.08,44052.16,2016,,Nevada State College,""
Alicia S Wellborn,ADMINISTRATIVE ASSISTANT I,30612.84,0.00,0.00,12844.79,30612.84,43457.63,2016,,Nevada State College,""
Sheila H Orr,ADMINISTRATIVE ASSISTANT I,30042.84,0.00,0.00,12762.16,30042.84,42805.00,2016,,Nevada State College,""
Susan M Bonnell,ASSOC PROF OF NURSING,34583.35,0.00,0.00,7811.59,34583.35,42394.94,2016,,Nevada State College,""
Nicholas Lisa M Lindquist-Nicholas,"LOA OTHER ED, TRAINING & LIBR",41850.62,0.00,0.00,0.00,41850.62,41850.62,2016,,Nevada State College,""
Cecelia E Fernan,ASST PROF OF NURSING,32916.70,0.00,0.00,7569.92,32916.70,40486.62,2016,,Nevada State College,""
Darlene R Haff,LECTURER OF SOCIOLOGY,16666.70,0.00,19800.00,3115.92,36466.70,39582.62,2016,,Nevada State College,""
Elia M Curls,ADMINISTRATIVE ASSISTANT II,32464.44,0.00,0.00,4707.33,32464.44,37171.77,2016,,Nevada State College,""
Laura B Biren,EVENTS COORDINATOR,26866.65,0.00,784.50,9502.06,27651.15,37153.21,2016,,Nevada State College,""
Johnny M Dominguez,ADVISOR/COUNSELOR,23181.36,0.00,4751.43,8967.69,27932.79,36900.48,2016,,Nevada State College,""
Damon S Ford,MAINTENANCE REPAIR WORKER II,25681.53,0.00,0.00,10726.28,25681.53,36407.81,2016,,Nevada State College,""
Heather G Christensen,INSTRUCTIONAL DESIGNER,27323.86,0.00,741.35,8172.34,28065.21,36237.55,2016,,Nevada State College,""
Lagarde Laura Rosales Lagarde,ASST PROF OF ENVIRONMENTAL SCI,29166.70,0.00,0.00,7026.17,29166.70,36192.87,2016,,Nevada State College,""
Angelo M Larocco,LECTURER OF NURSING,29166.70,0.00,0.00,7026.17,29166.70,36192.87,2016,,Nevada State College,""
Donna A Enrico,LECTURER OF NURSING,29166.70,0.00,0.00,7026.17,29166.70,36192.87,2016,,Nevada State College,""
Seth Landa Churchman,PART TIME INSTRUCTOR,30931.80,0.00,0.00,4904.67,30931.80,35836.47,2016,,Nevada State College,""
Nataliya A Svelmoe,LECTURER OF NURSING,25584.70,0.00,0.00,9960.71,25584.70,35545.41,2016,,Nevada State College,""
Marie T Lacamera,PERSONNEL TECHNICIAN I,27662.34,0.00,136.07,7745.43,27798.41,35543.84,2016,,Nevada State College,""
Jill Vuong,PART TIME INSTRUCTOR,27000.00,0.00,0.00,8408.36,27000.00,35408.36,2016,,Nevada State College,""
Jessica Ruby Ortega,RECRUITER,23473.48,0.00,2801.84,9015.01,26275.32,35290.33,2016,,Nevada State College,""
Jill S Mcleod,ADMINISTRATIVE ASSISTANT II,27288.34,0.00,0.00,7640.69,27288.34,34929.03,2016,,Nevada State College,""
Scott Sofferman,PART TIME INSTRUCTOR,29957.50,0.00,0.00,4907.15,29957.50,34864.65,2016,,Nevada State College,""
Jessica V Camacho,ADMINISTRATIVE ASSISTANT I,29656.16,0.00,0.00,4300.19,29656.16,33956.35,2016,,Nevada State College,""
Mercedes G Ocan,PART TIME INSTRUCTOR,31064.62,0.00,0.00,2801.96,31064.62,33866.58,2016,,Nevada State College,""
Bammeke Jenkins,ASST DIR OF TRIO UPWARD BOUND,25250.04,0.00,225.00,7871.64,25475.04,33346.68,2016,,Nevada State College,""
Daniel A Berarducci,LECTURER OF SOCIOLOGY,23333.38,0.00,1440.00,8295.45,24773.38,33068.83,2016,,Nevada State College,""
Valerie L Bugni,DIR OF PARTNERSHIPS/FIELD EXP,25159.41,0.00,0.00,7044.65,25159.41,32204.06,2016,,Nevada State College,""
Oscar A Giurcovich,"LIBRARIAN, REFERENCE",22727.29,0.00,1249.82,7505.84,23977.11,31482.95,2016,,Nevada State College,""
Tina M Barone,PERSONNEL TECHNICIAN II,19587.47,0.00,2949.53,8448.75,22537.00,30985.75,2016,,Nevada State College,""
Angela D Poole,BUDGET ANALYST,24553.55,0.00,0.00,6357.27,24553.55,30910.82,2016,,Nevada State College,""
David B Kelsey,PART TIME INSTRUCTOR,29813.40,0.00,0.00,699.25,29813.40,30512.65,2016,,Nevada State College,""
Elizabeth Verano,PART TIME INSTRUCTOR,29261.21,0.00,0.00,701.73,29261.21,29962.94,2016,,Nevada State College,""
Elizabeth Delatorre,ADMINISTRATIVE ASSISTANT II,19546.37,0.00,2234.48,7884.60,21780.85,29665.45,2016,,Nevada State College,""
Elenis E Wong,ADVISOR/COUNSELOR,21182.51,0.00,0.00,7971.17,21182.51,29153.68,2016,,Nevada State College,""
Munyiga Lumumba,ASST DIR OF TRIO UPWARD BOUND,9848.50,0.00,14583.38,4229.99,24431.88,28661.87,2016,,Nevada State College,""
Andreana M Franco,ADVISOR/COUNSELOR,21043.94,0.00,0.00,7249.35,21043.94,28293.29,2016,,Nevada State College,""
J Angel Alvarez,MAINTENANCE REPAIR WORKER II,19651.44,0.00,0.00,8448.44,19651.44,28099.88,2016,,Nevada State College,""
Petrica Calin,PART TIME INSTRUCTOR,23850.00,0.00,0.00,4205.42,23850.00,28055.42,2016,,Nevada State College,""
Roberta A Miranda,LECTURER OF COUNSELING,16666.70,0.00,5760.00,5213.67,22426.70,27640.37,2016,,Nevada State College,""
Miao Sun,PART TIME INSTRUCTOR,27556.80,0.00,0.00,0.00,27556.80,27556.80,2016,,Nevada State College,""
Rachel A Miller,LECTURER OF PSYCHOLOGY,16666.70,0.00,7425.00,3115.92,24091.70,27207.62,2016,,Nevada State College,""
Maya R Hobscheid,LIBRARIAN,17539.67,0.00,3000.00,5340.25,20539.67,25879.92,2016,,Nevada State College,""
Danette D Barber,STUDENT SUCCESS COORDINATOR,17874.51,0.00,1827.00,6088.05,19701.51,25789.56,2016,,Nevada State College,""
Darlene R Conwell,STUDENT PROGRAM COORDINATOR,18664.77,0.00,746.59,6202.65,19411.36,25614.01,2016,,Nevada State College,""
Marcos A Uribe,IT TECHNICIAN 4,18183.00,0.00,0.00,6832.09,18183.00,25015.09,2016,,Nevada State College,""
Hoffman Estrella P Evangelista-Hoffman,PART TIME INSTRUCTOR,24886.35,0.00,0.00,0.00,24886.35,24886.35,2016,,Nevada State College,""
Nicole A Wesley,DIRECTOR OF CAREER SERVICES,18384.07,0.00,467.55,4763.44,18851.62,23615.06,2016,,Nevada State College,""
Camille C Cruz,ACCOUNTING ASSISTANT I,16407.43,0.00,913.50,6071.69,17320.93,23392.62,2016,,Nevada State College,""
Chapelle N Belcher,ADMINISTRATIVE AID,15747.41,0.00,0.00,7193.04,15747.41,22940.45,2016,,Nevada State College,""
Joy L Gombeda,PART TIME INSTRUCTOR,22542.34,0.00,0.00,0.00,22542.34,22542.34,2016,,Nevada State College,""
Sierra L Lomprey,STUDENT PROGRAM COORDINATOR,18853.66,0.00,171.28,3435.51,19024.94,22460.45,2016,,Nevada State College,""
Anthony D Anderson,PART TIME INSTRUCTOR,22121.66,0.00,0.00,0.00,22121.66,22121.66,2016,,Nevada State College,""
Semmalar Rajamani,PART TIME INSTRUCTOR,21821.58,0.00,0.00,0.00,21821.58,21821.58,2016,,Nevada State College,""
Rachel L Briggs,PART TIME INSTRUCTOR,21533.24,0.00,0.00,0.00,21533.24,21533.24,2016,,Nevada State College,""
Corine S Watson,PART TIME INSTRUCTOR,21511.35,0.00,0.00,0.00,21511.35,21511.35,2016,,Nevada State College,""
Linda E Schulz,ADMINISTRATIVE ASSISTANT IV,12966.48,0.00,3413.76,4687.08,16380.24,21067.32,2016,,Nevada State College,""
Diana M Marmino,CAREER SERVICES SPECIALIST,14434.78,0.00,4170.38,2093.04,18605.16,20698.20,2016,,Nevada State College,""
Emerson B Gayban,1000 HOUR APPOINTMENT,20000.00,0.00,0.00,0.00,20000.00,20000.00,2016,,Nevada State College,""
Jenny T Ballif,"LOA LIFE, PHYSICAL & SOC SCI",8000.00,0.00,8000.00,3966.92,16000.00,19966.92,2016,,Nevada State College,""
Renee I Clebanoff,ADMINISTRATIVE ASSISTANT III,13820.44,0.00,0.00,5500.25,13820.44,19320.69,2016,,Nevada State College,""
Briana A Pitkin,RECRUITER,14174.62,0.00,525.00,2754.57,14699.62,17454.19,2016,,Nevada State College,""
Brandon T Durham,ADMISSIONS & RECORDS ASST II,12513.87,0.00,0.00,2920.14,12513.87,15434.01,2016,,Nevada State College,""
Vincent G Nava,RECRUITER,11978.27,0.00,525.00,1736.85,12503.27,14240.12,2016,,Nevada State College,""
Paige L Hall,STUDENT SUCCESS COORDINATOR,10628.86,0.00,0.00,3554.05,10628.86,14182.91,2016,,Nevada State College,""
Alysse D Chavez,ACAD ADV & RETENTION SPEC,10100.01,0.00,0.00,3569.69,10100.01,13669.70,2016,,Nevada State College,""
Alicia A Kallam,ACCOUNTING ASSISTANT I,8189.83,0.00,0.00,3984.52,8189.83,12174.35,2016,,Nevada State College,""
Cristina B Caputo,DIR OF ACADEMIC SUCCESS CENTER,9666.66,0.00,0.00,2100.92,9666.66,11767.58,2016,,Nevada State College,""
Christopher E Garrett,DIRECTOR OF CTLE,9523.81,0.00,0.00,2080.20,9523.81,11604.01,2016,,Nevada State College,""
Jill A Weigel,DIR OF ACADEMIC SUCCESS CENTER,4783.87,0.00,4746.34,1395.39,9530.21,10925.60,2016,,Nevada State College,""
Michael S Carpenter,PERSONNEL TECHNICIAN I,7301.51,0.00,0.00,3156.48,7301.51,10457.99,2016,,Nevada State College,""
Richard Moore,PROFESSOR OF BUSINESS,8419.47,0.00,0.00,701.73,8419.47,9121.20,2016,,Nevada State College,""
Danelle N Sundell,ADMINISTRATIVE ASSISTANT II,5699.89,0.00,0.00,2224.99,5699.89,7924.88,2016,,Nevada State College,""
Kristina B Collins,STUDENT CASE MANAGER,5873.01,0.00,0.00,1550.84,5873.01,7423.85,2016,,Nevada State College,""
Kelly G Lutz,LIBRARY TECHNICIAN 2,4876.40,0.00,0.00,1406.79,4876.40,6283.19,2016,,Nevada State College,""
Debra Ann L Valdez,ADMINISTRATIVE ASSISTANT III,4209.93,0.00,0.00,2008.94,4209.93,6218.87,2016,,Nevada State College,""
Angela C Freeman,ADVISOR/COUNSELOR,3579.37,0.00,0.00,1218.26,3579.37,4797.63,2016,,Nevada State College,""
Riann S Wilson,ACCOUNTING ASSISTANT I,2493.96,0.00,228.39,1063.36,2722.35,3785.71,2016,,Nevada State College,""
Salvador Valdez,ADVISOR/COUNSELOR,1500.02,0.00,138.90,919.23,1638.92,2558.15,2016,,Nevada State College,""
Justin A Stephens,ACCOUNTING ASSISTANT I,1655.51,0.00,0.00,240.05,1655.51,1895.56,2016,,Nevada State College,""
Tara J Donohue,ADMINISTRATIVE ASSISTANT II,1136.22,0.00,0.00,318.14,1136.22,1454.36,2016,,Nevada State College,""
Tori R Ronzheimer,ADMISSIONS & RECORDS ASST III,271.44,0.00,171.60,39.36,443.04,482.40,2016,,Nevada State College,""
