Employee Name,Job Title,Base Pay,Overtime Pay,Other Pay,Benefits,Total Pay,Total Pay & Benefits,Year,Notes,Agency,Status
Charles H Odgers,City Attorney,107624.92,0.00,0.00,18284.16,107624.92,125909.08,2016,,Ely,""
Bradley Christiansen,Building Inspector,83639.81,0.00,701.05,34931.05,84340.86,119271.91,2016,,Ely,""
Patrick Stork,Fire Fighter,56531.58,13006.45,6342.84,42765.56,75880.87,118646.43,2016,,Ely,""
Ross Rivera,Fire Chief,70371.55,0.00,1780.40,46297.57,72151.95,118449.52,2016,,Ely,""
David Steiner,Fire Fighter,58468.30,17235.29,3929.76,36157.93,79633.35,115791.28,2016,,Ely,""
Robert Switzer,City Administrator,83557.71,0.00,1640.79,28281.57,85198.50,113480.07,2016,,Ely,""
William Thomas Botelho,Fire Fighter,51120.49,14631.58,2869.80,33042.29,68621.87,101664.16,2016,,Ely,""
Michael Peterson,FireFighter,54532.03,11805.26,4249.29,23391.81,70586.58,93978.39,2016,,Ely,""
Michael D Cracraft,Cemetary/Parks Lead,52097.34,4996.23,3597.86,25354.41,60691.43,86045.84,2016,,Ely,""
Thomas Lawrence,Landfill Lead,48722.72,2660.52,6348.48,25740.11,57731.72,83471.83,2016,,Ely,""
Carl A Siemer,Water/Sewer Lead,52354.32,9795.31,1133.52,20180.43,63283.15,83463.58,2016,,Ely,""
David E Berky,Road Dept Lead Man,49506.27,3012.44,5630.93,20419.27,58149.64,78568.91,2016,,Ely,""
Brian W Balch,Equipment Operator 3,41618.78,1194.48,530.88,30530.19,43344.14,73874.33,2016,,Ely,""
William R Marsh Jr,Equipment Operator 3,47466.72,890.25,5250.08,19503.26,53607.05,73110.31,2016,,Ely,""
Jennifer L Lee,Admin Assistant 1,37738.42,2859.35,2521.16,29165.49,43118.93,72284.42,2016,,Ely,""
Edward J Bell,Equipment Operator 3,44554.44,6252.79,2853.28,18579.49,53660.51,72240.00,2016,,Ely,""
Michael Sturgeon,Equipment Operator 3,42614.25,829.50,3539.36,24658.69,46983.11,71641.80,2016,,Ely,""
Glenn Jackson,Equipment Operator 1,43226.24,1677.12,6580.64,19211.45,51484.00,70695.45,2016,,Ely,""
Kelton T Pay,Service Worker,34186.58,2757.39,3659.82,28497.82,40603.79,69101.61,2016,,Ely,""
Dale Chilson,Service Worker,34865.08,2544.14,2575.88,28422.40,39985.10,68407.50,2016,,Ely,""
Allen Merritt,Equipment Operator 1,36705.53,972.81,4871.03,23347.60,42549.37,65896.97,2016,,Ely,""
Robert Martinez,Equipment Operator 3,44007.44,1393.56,2254.16,18224.77,47655.16,65879.93,2016,,Ely,""
Bruce Ashby,Assistant Waste Water Treatment Plant Operator,41608.55,2132.82,5273.28,13164.88,49014.65,62179.53,2016,,Ely,""
Kenneth Holthus,Equipment Operator 3,36391.05,0.00,3992.15,20968.20,40383.20,61351.40,2016,,Ely,""
Shona Moseley,Utility Clerk,32821.96,760.96,4123.69,20515.05,37706.61,58221.66,2016,,Ely,""
Russell W Giles,Service Worker 2,36396.76,732.97,3633.57,16535.70,40763.30,57299.00,2016,,Ely,""
Robert Armijo,Animal Control Officer,31228.76,1260.30,3798.44,20317.24,36287.50,56604.74,2016,,Ely,""
M Linda Bachmeier,Landfill Gate Clerk,35040.00,159.69,4354.00,16408.64,39553.69,55962.33,2016,,Ely,""
Joseph Noyes,Assistant Waste Water Treatment Plant Operator,32006.41,650.19,2539.68,18217.65,35196.28,53413.93,2016,,Ely,""
Julie Spear,Utility Clerk,35849.48,0.00,1257.72,15777.62,37107.20,52884.82,2016,,Ely,""
Launa Laity,Utility Clerk,35662.44,0.00,4018.17,10588.00,39680.61,50268.61,2016,,Ely,""
Amy Ulibarri,Account Manager,23615.34,0.00,1316.93,17660.20,24932.27,42592.47,2016,,Ely,""
Linnea Prengel,Court Clerk,23270.74,0.00,1208.62,6535.71,24479.36,31015.07,2016,,Ely,""
Michael Kalleres,Municipal Judge,25625.07,0.00,0.00,80.63,25625.07,25705.70,2016,,Ely,""
Susan Dawn Wholey,Legal Secretary,14134.71,0.00,922.96,3769.20,15057.67,18826.87,2016,,Ely,""
Misty Mangum- Mcardle,Fire Volunteer,14160.00,0.00,0.00,0.00,14160.00,14160.00,2016,,Ely,""
Teresa Perez,Fire Volunteer,12380.00,0.00,0.00,0.00,12380.00,12380.00,2016,,Ely,""
Melody Van Camp,Mayor,7200.00,0.00,0.00,1848.00,7200.00,9048.00,2016,,Ely,""
Mason Broughton,temp service worker,8628.00,0.00,0.00,0.00,8628.00,8628.00,2016,,Ely,""
Lloyd E Phillips Jr,Code Compliance Officer,7890.00,0.00,0.00,0.00,7890.00,7890.00,2016,,Ely,""
Jolene Gardner,Council Member,6000.00,0.00,0.00,1540.00,6000.00,7540.00,2016,,Ely,""
Kurt Carson,Council Member,6000.00,0.00,0.00,1540.00,6000.00,7540.00,2016,,Ely,""
Bruce Setterstrom,Council Member,6000.00,0.00,0.00,1540.00,6000.00,7540.00,2016,,Ely,""
Patricia Robison,Council Member,6000.00,0.00,0.00,1540.00,6000.00,7540.00,2016,,Ely,""
Ryan Benson,Summer Hire,7440.00,0.00,0.00,0.00,7440.00,7440.00,2016,,Ely,""
Marian O'donnell,Fire Volunteer,6590.00,0.00,0.00,0.00,6590.00,6590.00,2016,,Ely,""
Craig Mcnight,Fire Volunteer,6540.00,0.00,0.00,0.00,6540.00,6540.00,2016,,Ely,""
Marion Hanson,Council Member,6000.00,0.00,0.00,0.00,6000.00,6000.00,2016,,Ely,""
Dale Heckethorn,Part time janitor,3344.87,0.00,1727.35,0.00,5072.22,5072.22,2016,,Ely,""
April Bath,Fire Volunteer,4800.00,0.00,0.00,0.00,4800.00,4800.00,2016,,Ely,""
Donna M Hansen,Fire Volunteer,4400.00,0.00,0.00,0.00,4400.00,4400.00,2016,,Ely,""
Judi Bourbeau,Utility Clerk,4356.00,0.00,0.00,0.00,4356.00,4356.00,2016,,Ely,""
Burton Hilton,Fire Volunteer,4005.00,0.00,0.00,0.00,4005.00,4005.00,2016,,Ely,""
Nathan Williams,Summer Hire,2960.00,285.00,0.00,0.00,3245.00,3245.00,2016,,Ely,""
John O'flaherty,utility Board Member,2000.00,0.00,0.00,511.33,2000.00,2511.33,2016,,Ely,""
Casey Gledhill,Summer Hire,1730.00,0.00,0.00,0.00,1730.00,1730.00,2016,,Ely,""
Christopher Mcconaha,Service Worker,684.40,0.00,980.75,0.00,1665.15,1665.15,2016,,Ely,""
Andrew Hayes,Summer Hire,1272.00,0.00,0.00,0.00,1272.00,1272.00,2016,,Ely,""
Rory Mangum,Fire Volunteer,1000.00,0.00,0.00,0.00,1000.00,1000.00,2016,,Ely,""
Tristen Egbert,Summer Hire,792.00,27.00,0.00,0.00,819.00,819.00,2016,,Ely,""
Jim Alworth,Fire Volunteer,360.00,0.00,0.00,0.00,360.00,360.00,2016,,Ely,""
Joy Asher,Fire Volunteer,330.00,0.00,0.00,0.00,330.00,330.00,2016,,Ely,""
