Employee Name,Job Title,Base Pay,Overtime Pay,Other Pay,Benefits,Total Pay,Total Pay & Benefits,Year,Notes,Agency,Status
Daniel J Klaich,CHANCELLOR,157018.52,0.00,58231.51,27679.80,215250.03,242929.83,2016,,NSHE Administration,""
Victor E Redding,VICE CHANCELLOR FOR FINANCE,167136.44,0.00,900.00,55206.56,168036.44,223243.00,2016,,NSHE Administration,""
Brooke A Nielsen,"VICE CHANCELLOR, LEGAL AFFAIRS",172126.43,0.00,13691.12,31968.19,185817.55,217785.74,2016,,NSHE Administration,""
Crystal M Abba,"VC, ACADEMIC & STUDENT AFFAIRS",159271.82,0.00,900.00,53004.47,160171.82,213176.29,2016,,NSHE Administration,""
Frank R Woodbeck,INTERIM VICE CHANCELLOR,173716.42,0.00,900.00,33597.25,174616.42,208213.67,2016,,NSHE Administration,""
James D Mckinney,"SENIOR DIRECTOR,SCS",171386.32,0.00,900.00,33259.38,172286.32,205545.70,2016,,NSHE Administration,""
Steven D Zink,"VC, INFORMATION TECHNOLOGY",136855.74,0.00,43831.08,24756.19,180686.82,205443.01,2016,,NSHE Administration,""
Renee L Yackira,SPECIAL ADVISOR TO CHANCELLOR,162946.69,0.00,0.00,32035.63,162946.69,194982.32,2016,,NSHE Administration,""
John V White,CHANCELLOR,151729.52,0.00,15757.59,25497.03,167487.11,192984.14,2016,,NSHE Administration,""
Dean J Gould,CHF OF STF & SPEC COUN TO BOR,160416.65,0.00,0.00,31668.77,160416.65,192085.42,2016,,NSHE Administration,""
Constance J Brooks,"VC, GOVERNMENT & COM AFFAIRS",156110.07,0.00,900.00,31044.34,157010.07,188054.41,2016,,NSHE Administration,""
Nicholas C Vaskov,INTERIM VICE CHANCELLOR,135017.43,0.00,225.00,46213.21,135242.43,181455.64,2016,,NSHE Administration,""
Peter Zipkin,DIRECTOR,140880.48,0.00,0.00,28836.03,140880.48,169716.51,2016,,NSHE Administration,""
James J Martines,SYSTEM COUNSEL,125068.29,0.00,225.00,43427.49,125293.29,168720.78,2016,,NSHE Administration,""
Edward G Anderson,"DIR, NETWORK SVC/NEVADANET",116736.54,0.00,22040.75,23936.66,138777.29,162713.95,2016,,NSHE Administration,""
Christopher R Gaub,SCS BUDGET & CONTRACT DIRECTOR,133175.17,0.00,900.00,27718.76,134075.17,161793.93,2016,,NSHE Administration,""
John T Tully,"DIRECTOR, INFO & APP SVCS",116789.32,0.00,900.00,41109.33,117689.32,158798.65,2016,,NSHE Administration,""
Roberta M Roth,COMMUNICATIONS OFFICER,128689.19,0.00,900.00,27068.29,129589.19,156657.48,2016,,NSHE Administration,""
Michael D Bakker,INTEGRATE2 TECHNICAL LEAD,127373.41,0.00,900.00,26877.50,128273.41,155150.91,2016,,NSHE Administration,""
Lori M Brazfield,"DIRECTOR, NV EPSCOR/SYSTEM SPO",125557.57,0.00,900.00,26614.21,126457.57,153071.78,2016,,NSHE Administration,""
Jane A Combs,ASSISTANT VICE CHANCELLOR,110137.80,0.00,0.00,39246.94,110137.80,149384.74,2016,,NSHE Administration,""
Richard J Ayala,DIR DATA CTR & FACILITY PLAN,122334.24,0.00,225.00,26146.82,122559.24,148706.06,2016,,NSHE Administration,""
Deidre Michele Meador,BUSINESS PROCESS & POLICY LEAD,122210.00,0.00,0.00,26128.81,122210.00,148338.81,2016,,NSHE Administration,""
Christine E Casey,SR DIRECTOR HUMAN RESOURCES,120501.38,0.00,900.00,25881.06,121401.38,147282.44,2016,,NSHE Administration,""
Joseph R Sunbury,CHIEF INTERNAL AUDITOR,121000.00,0.00,0.00,25953.36,121000.00,146953.36,2016,,NSHE Administration,""
Pamela A Burns,"DIR, SYSTEM SUPPORT SERVICES",118279.30,0.00,900.00,25558.86,119179.30,144738.16,2016,,NSHE Administration,""
Thomas J Nieva,"DIR, NETWORK SVC/NEVADANET",105151.54,0.00,900.00,37850.81,106051.54,143902.35,2016,,NSHE Administration,""
Kirk E Fitzgerald,NETWORK ENGINEER,117068.34,0.00,900.00,25383.27,117968.34,143351.61,2016,,NSHE Administration,""
Jerome M Gomolka,"DIRECTOR, INFO & APP SVCS",115708.10,0.00,900.00,25186.03,116608.10,141794.13,2016,,NSHE Administration,""
Robert B Cowan,"OPERATIONS MANAGER, SSS",113635.47,0.00,900.00,24885.50,114535.47,139420.97,2016,,NSHE Administration,""
Scott M Anderson,INTERNAL AUDIT MANAGER,110718.12,0.00,0.00,24462.49,110718.12,135180.61,2016,,NSHE Administration,""
Marcia L Turner,"VC, HEALTH SCIENCES (HHS)",101204.67,0.00,525.00,33249.44,101729.67,134979.11,2016,,NSHE Administration,""
Paul R Mudgett,CHIEF INFO. SECURITY OFFICER,107167.34,0.00,900.00,23947.62,108067.34,132014.96,2016,,NSHE Administration,""
Gregory P Ebner,NETWORK ENGINEER,94727.18,0.00,900.00,34931.97,95627.18,130559.15,2016,,NSHE Administration,""
Michael S Smith,SYSTEMS ANALYST SR,100774.37,0.00,900.00,23020.64,101674.37,124695.01,2016,,NSHE Administration,""
Jamie E Hullman,INTERIM SR DIRECTOR OF FINANCE,101500.02,0.00,0.00,23125.86,101500.02,124625.88,2016,,NSHE Administration,""
Michelle T Kelley,RPA EXECUTIVE OFFICER,89036.15,0.00,900.00,33338.48,89936.15,123274.63,2016,,NSHE Administration,""
Thomas N Fishel,SR NETWORK ANALYST,99390.48,0.00,900.00,22819.94,100290.48,123110.42,2016,,NSHE Administration,""
Michael L Johnson,LEAD ANALYST,99765.10,0.00,300.00,22874.30,100065.10,122939.40,2016,,NSHE Administration,""
Karen White,"LEAD,DATABASE ADMINISTRATOR",98980.93,0.00,900.00,22760.59,99880.93,122641.52,2016,,NSHE Administration,""
Chris Moleta,"LEAD,DATABASE ADMINISTRATOR",98904.20,0.00,900.00,22749.47,99804.20,122553.67,2016,,NSHE Administration,""
Jana L Dunn,"SECURITY ANALYST, SR",98879.11,0.00,300.00,22745.83,99179.11,121924.94,2016,,NSHE Administration,""
Robert B Moulton,"VC, INFORMATION TECHNOLOGY",104250.00,0.00,1599.35,15116.25,105849.35,120965.60,2016,,NSHE Administration,""
Grant E Dintiman,AUDITOR - INFORMATION TECH,87540.33,0.00,0.00,32919.67,87540.33,120460.00,2016,,NSHE Administration,""
Taryn E Doetch,SR. BUSINESS ANALYST-FINANCIAL,67000.87,0.00,24849.00,27168.57,91849.87,119018.44,2016,,NSHE Administration,""
Charles P Stout,SR NETWORK ANALYST,84863.35,0.00,900.00,32170.12,85763.35,117933.47,2016,,NSHE Administration,""
Larry J Eardley,ASSOCIATE VICE CHANCELLOR,98067.20,0.00,0.00,19833.58,98067.20,117900.78,2016,,NSHE Administration,""
Heidi K Haartz,ASSISTANT BUDGET DIRECTOR,84867.79,0.00,0.00,32171.32,84867.79,117039.11,2016,,NSHE Administration,""
Scott D Jung,SR NETWORK ANALYST,94221.75,0.00,900.00,21773.26,95121.75,116895.01,2016,,NSHE Administration,""
Ronald L Rinden,SENIOR AIX ADMINISTRATOR,92968.19,0.00,900.00,21888.75,93868.19,115756.94,2016,,NSHE Administration,""
Renee A Davis,DIRECTOR OF STUDENT AFFAIRS,83337.43,0.00,0.00,31742.85,83337.43,115080.28,2016,,NSHE Administration,""
Linda P Heiss,"SENIOR DIRECTOR,INST. RESEARCH",100097.13,0.00,0.00,14514.08,100097.13,114611.21,2016,,NSHE Administration,""
Ian M Veach,SYSTEMS ANALYST SR,91771.61,0.00,900.00,21715.24,92671.61,114386.85,2016,,NSHE Administration,""
Annelle J Oehlerking,ANALYST PROG SR,91560.70,0.00,300.00,21684.66,91860.70,113545.36,2016,,NSHE Administration,""
Robert G Prior,IT LOGISTICS ANALYST,90868.24,0.00,900.00,21584.25,91768.24,113352.49,2016,,NSHE Administration,""
Brian A Anzalone,TECHNICAL SERVICES MANAGER,90058.86,0.00,900.00,21466.89,90958.86,112425.75,2016,,NSHE Administration,""
Frederick B Egenberger,NSHE BUDGET DIRECTOR,91990.23,0.00,0.00,20343.49,91990.23,112333.72,2016,,NSHE Administration,""
Cheri J Harwell,SR BUSINESS ANALYST,90354.95,0.00,300.00,21509.83,90654.95,112164.78,2016,,NSHE Administration,""
Vince Mancino,SR. PS DEVELOPER,89815.18,0.00,0.00,21431.56,89815.18,111246.74,2016,,NSHE Administration,""
Eric Kepschull,NETWORK ENGINEER,88796.81,0.00,900.00,21283.90,89696.81,110980.71,2016,,NSHE Administration,""
John A Kuhlman,MANAGER OF PUBLIC INFORMATION,89291.47,0.00,0.00,21355.62,89291.47,110647.09,2016,,NSHE Administration,""
Daniel A Casale,SYSTEMS ANALYST SR,88321.19,0.00,900.00,21214.93,89221.19,110436.12,2016,,NSHE Administration,""
Daly P Costanza,SR. BUSINESS ANALYST-FINANCIAL,78501.32,0.00,0.00,30388.73,78501.32,108890.05,2016,,NSHE Administration,""
Rick M Romero,SR NETWORK ANALYST,85300.51,0.00,900.00,20776.93,86200.51,106977.44,2016,,NSHE Administration,""
Lisa M Schaller,DIR OF INSURANCE & LOSS MGMT,76533.75,0.00,0.00,29837.82,76533.75,106371.57,2016,,NSHE Administration,""
John L Griffith,SR NETWORK ANALYST,85475.72,0.00,0.00,20802.36,85475.72,106278.08,2016,,NSHE Administration,""
Michael B Mangoba,WORKDAY INTEGRATION DEVELOPER,88485.14,0.00,0.00,17730.08,88485.14,106215.22,2016,,NSHE Administration,""
Joseph J Thomas,SYSTEMS ANALYST SR,84421.58,0.00,900.00,20649.49,85321.58,105971.07,2016,,NSHE Administration,""
Derek A Eiler,SR. WIN-ACTIVE DIRECTORY ADMIN,84019.40,0.00,900.00,20591.17,84919.40,105510.57,2016,,NSHE Administration,""
Edwin P Lenon,IT PROFESSIONAL IV,74319.27,1068.95,900.00,29215.21,76288.22,105503.43,2016,,NSHE Administration,""
Christopher R Piekarz,SR PS SECURITY ANALYST,83704.68,0.00,900.00,20545.54,84604.68,105150.22,2016,,NSHE Administration,""
Abdul Raheem Syed,SR. PS ADMINISTRATOR,83704.68,0.00,900.00,20545.54,84604.68,105150.22,2016,,NSHE Administration,""
Farhan Ahmed Quadri Syed,SR. PS ADMINISTRATOR,83704.68,0.00,900.00,20545.54,84604.68,105150.22,2016,,NSHE Administration,""
John Brandvold,WORKDAY SECURITY ANALYST,84177.25,0.00,0.00,20614.06,84177.25,104791.31,2016,,NSHE Administration,""
Dani J Chandler,"MANAGER, AV OPERATIONS",74212.40,0.00,900.00,29187.81,75112.40,104300.21,2016,,NSHE Administration,""
Keri D Nikolajewski,"MANAGER, BOARD OPERATIONS",83040.61,0.00,0.00,20449.24,83040.61,103489.85,2016,,NSHE Administration,""
Danny E Wilkins,IT PROFESSIONAL III,82710.03,0.00,0.00,20398.80,82710.03,103108.83,2016,,NSHE Administration,""
Eric V March,SR PS SECURITY ANALYST,73233.69,0.00,900.00,28913.78,74133.69,103047.47,2016,,NSHE Administration,""
Rita S Singleton,PROJECT MANAGER,81941.80,0.00,300.00,20289.92,82241.80,102531.72,2016,,NSHE Administration,""
Kevin B Widener,IT PROFESSIONAL III,72550.17,0.00,0.00,28719.83,72550.17,101270.00,2016,,NSHE Administration,""
Alice C Ward,RESEARCH ADMINISTRATOR,80627.39,0.00,0.00,20099.33,80627.39,100726.72,2016,,NSHE Administration,""
Jose R Martinez,RESEARCH PROGRAMMER ANALYST,71644.46,0.00,0.00,28468.84,71644.46,100113.30,2016,,NSHE Administration,""
Mary S Stoltz,INTEGRATE 2 AUDIT TESTING LEAD,80041.31,0.00,0.00,20014.35,80041.31,100055.66,2016,,NSHE Administration,""
Sherry M Olson,SR HR ANALYST,70578.02,0.00,600.00,28170.23,71178.02,99348.25,2016,,NSHE Administration,""
James R Lowe,ANALYST PROG SR,78612.62,0.00,900.00,19807.19,79512.62,99319.81,2016,,NSHE Administration,""
Michael J Mitchell,IT PROFESSIONAL II,75502.08,0.00,3775.07,19901.11,79277.15,99178.26,2016,,NSHE Administration,""
Anthony E Pittman,IT PROFESSIONAL II,66228.75,1378.26,3311.42,27877.17,70918.43,98795.60,2016,,NSHE Administration,""
Steven D Fry,SR NETWORK ANALYST,73491.03,0.00,900.00,24073.74,74391.03,98464.77,2016,,NSHE Administration,""
Hari Kishore Nune,WORKDAY INTELLIGENCE DEVELOPER,78650.00,0.00,0.00,19812.61,78650.00,98462.61,2016,,NSHE Administration,""
Audra L Kanae,I2 PAYROLL/TIME TRKNG CO-LEAD,69260.19,0.00,900.00,27801.18,70160.19,97961.37,2016,,NSHE Administration,""
Nancy L Kelly,SR. BUSINESS ANALYST-HR,68548.78,0.00,900.00,27602.01,69448.78,97050.79,2016,,NSHE Administration,""
Patricia A Balderston,SR BUSINESS ANALYST,68958.14,0.00,300.00,27716.67,69258.14,96974.81,2016,,NSHE Administration,""
Lauren N Tripp,INTERNAL AUDIT MANAGER,76976.32,0.00,0.00,19569.93,76976.32,96546.25,2016,,NSHE Administration,""
Edmund Boog,NETWORK ANALYST II,74289.39,0.00,900.00,19180.29,75189.39,94369.68,2016,,NSHE Administration,""
Debbie L L Ottaviano,SR INTERNAL AUDITOR,74138.14,0.00,0.00,19158.39,74138.14,93296.53,2016,,NSHE Administration,""
Ashleigh Brooke Marsh,POST AWARD MANAGER,80751.38,0.00,0.00,11708.95,80751.38,92460.33,2016,,NSHE Administration,""
James R Unfried,SR APPLICATION ADMINISTRATOR,72570.35,0.00,900.00,18931.06,73470.35,92401.41,2016,,NSHE Administration,""
James Hayes,NETWORK ANALYST II,71129.01,0.00,0.00,18722.05,71129.01,89851.06,2016,,NSHE Administration,""
Angela R Palmer,SPEC ASSISTANT & COORDINATOR,70717.11,0.00,0.00,18662.38,70717.11,89379.49,2016,,NSHE Administration,""
Marcie Jackson,RESEARCH ADMINISTRATOR,69544.63,0.00,0.00,18492.33,69544.63,88036.96,2016,,NSHE Administration,""
Michele D Casella,RESEARCH ADMINISTRATOR,69015.04,0.00,0.00,18415.54,69015.04,87430.58,2016,,NSHE Administration,""
Eric E Wilber,SR INTERNAL AUDITOR,67020.94,0.00,0.00,18126.40,67020.94,85147.34,2016,,NSHE Administration,""
Linda L Pierson,"TEMPORARY, CLERICAL",54471.18,0.00,8596.92,21567.38,63068.10,84635.48,2016,,NSHE Administration,""
Scott D Baker,SR NETWORK ANALYST,58235.20,0.00,900.00,24714.22,59135.20,83849.42,2016,,NSHE Administration,""
Kimberly C Fairchild,ASSISTANT TO VICE CHANCELLOR,65141.70,0.00,150.00,17853.91,65291.70,83145.61,2016,,NSHE Administration,""
Althea Sheets,COMMUNICATION SPECIALIST,64679.66,0.00,0.00,17786.91,64679.66,82466.57,2016,,NSHE Administration,""
Celia A Perialas,IT TECHNICIAN V,63151.56,713.97,900.00,17562.83,64765.53,82328.36,2016,,NSHE Administration,""
Cynthia D Hunt,ASSISTANT TO VICE CHANCELLOR,64452.57,0.00,0.00,17754.00,64452.57,82206.57,2016,,NSHE Administration,""
Daniette E Williams,LEGAL AFFAIRS COORDINATOR,56537.13,0.00,0.00,24238.76,56537.13,80775.89,2016,,NSHE Administration,""
Mcneil Toni M Odom-Mcneil,ASSISTANT TO THE CHANCELLOR,56537.13,0.00,0.00,24238.76,56537.13,80775.89,2016,,NSHE Administration,""
Janet I Stake,ACAD. & STUD. AFFAIRS OFFICER,62205.14,0.00,0.00,17428.07,62205.14,79633.21,2016,,NSHE Administration,""
Brenda A Kolling,BUSINESS MANAGER,61383.24,0.00,2185.75,15910.43,63568.99,79479.42,2016,,NSHE Administration,""
Todd A Borman,APPLICATION ADMINISTRATOR I,55415.96,0.00,0.00,23924.81,55415.96,79340.77,2016,,NSHE Administration,""
Eileen M Biosi,ASSISTANT TO VICE CHANCELLOR,53600.72,0.00,600.00,23416.56,54200.72,77617.28,2016,,NSHE Administration,""
Min Sun Park,RESEARCH ADMINISTRATOR,59360.44,0.00,0.00,17015.59,59360.44,76376.03,2016,,NSHE Administration,""
Alexander C Minor,IT TECHNICIAN IV,57716.67,1554.01,0.00,16774.70,59270.68,76045.38,2016,,NSHE Administration,""
Lori A Mandracchio,EXECUTIVE ASSISTANT,57716.67,0.00,0.00,16774.70,57716.67,74491.37,2016,,NSHE Administration,""
Timothy S Shupp,SR APPLICATION ADMINISTRATOR,50554.31,0.00,900.00,22563.58,51454.31,74017.89,2016,,NSHE Administration,""
Christine M Haynes,EXECUTIVE COORDINATOR,50563.33,0.00,0.00,22566.08,50563.33,73129.41,2016,,NSHE Administration,""
Diolinda Dickson,SENIOR BUDGET ANALYST,57659.09,0.00,0.00,15370.43,57659.09,73029.52,2016,,NSHE Administration,""
Koorush Sadri,IT TECHNICIAN III,46377.96,1817.92,2318.88,22041.02,50514.76,72555.78,2016,,NSHE Administration,""
Craig A Holmes,IT TECHNICIAN IV,50479.14,1704.15,2523.89,16091.39,54707.18,70798.57,2016,,NSHE Administration,""
Dermot Thomas,NETWORK ANALYST I,54170.72,0.00,0.00,16263.11,54170.72,70433.83,2016,,NSHE Administration,""
Robert J Smiley,NETWORK ANALYST II,52508.91,0.00,900.00,14702.46,53408.91,68111.37,2016,,NSHE Administration,""
Zihong Pacheco,INTERNAL AUDITOR II,51425.00,0.00,0.00,15864.99,51425.00,67289.99,2016,,NSHE Administration,""
Sally Jackson,"TEMPORARY, CLERICAL",36300.63,0.00,16284.99,10837.60,52585.62,63423.22,2016,,NSHE Administration,""
Christina R Richardson,ADMINISTRATIVE ASSISTANT III,42569.97,0.00,0.00,20325.45,42569.97,62895.42,2016,,NSHE Administration,""
Steven M Christensen,ADMINISTRATIVE ASSISTANT IV,40762.42,0.00,0.00,19819.38,40762.42,60581.80,2016,,NSHE Administration,""
Le'johnnita Quick,"MANAGER, HEALTH SCIENCES (HSS)",42378.49,0.00,525.00,16778.09,42903.49,59681.58,2016,,NSHE Administration,""
Marianne N Stone,SPEC ASSISTANT & COORDINATOR,46349.76,0.00,0.00,13031.35,46349.76,59381.11,2016,,NSHE Administration,""
Keli M Bucci,ASSISTANT TO VICE CHANCELLOR,45200.38,0.00,0.00,12857.23,45200.38,58057.61,2016,,NSHE Administration,""
Joseph V Domingo,IT TECHNICIAN III,39203.29,0.00,1960.16,14374.61,41163.45,55538.06,2016,,NSHE Administration,""
Blair Horsey,INSTITUTIONAL RESEARCH ANALYST,34875.64,0.00,5864.08,14674.84,40739.72,55414.56,2016,,NSHE Administration,""
Michael Alldredge,IT TECHNICIAN III,39659.66,1278.26,0.00,14156.58,40937.92,55094.50,2016,,NSHE Administration,""
Brenda J Ford,FINANCE AND TREASURY ANALYST,44393.18,0.00,0.00,10634.98,44393.18,55028.16,2016,,NSHE Administration,""
Dennis R Thieme,ADMINISTRATIVE ASSISTANT II,35818.78,0.00,0.00,18435.18,35818.78,54253.96,2016,,NSHE Administration,""
Jun Ryan Tanaka,SR BUSINESS ANALYST,42532.56,0.00,525.00,11079.32,43057.56,54136.88,2016,,NSHE Administration,""
Winter Lipson,SPEC ASSISTANT & COORDINATOR,38614.25,0.00,0.00,13305.66,38614.25,51919.91,2016,,NSHE Administration,""
Betty Johnson,ADMINISTRATIVE AID,37636.20,0.00,0.00,13863.13,37636.20,51499.33,2016,,NSHE Administration,""
Gudino Gibran Chavez-Gudino,RESEARCH ADMINISTRATOR,39091.63,0.00,0.00,11269.73,39091.63,50361.36,2016,,NSHE Administration,""
Toni D Woods,ADMINISTRATIVE ASSISTANT III,31426.77,0.00,0.00,17205.42,31426.77,48632.19,2016,,NSHE Administration,""
Angela D Poole,GRANTS AND PRJ'S ANALYST I,34997.01,0.00,188.31,9984.19,35185.32,45169.51,2016,,NSHE Administration,""
Rebecca A Theim,"DIR, INTEGRATE2 COMMUNICATIONS",33838.80,0.00,0.00,9117.01,33838.80,42955.81,2016,,NSHE Administration,""
Valerie A Pedroza,BUSINESS MANAGER,30688.05,0.00,0.00,11929.55,30688.05,42617.60,2016,,NSHE Administration,""
Patricia T Rogers,SPEC ASSISTANT & COORDINATOR,29011.89,0.00,0.00,13035.45,29011.89,42047.34,2016,,NSHE Administration,""
Robin Emir V Gonzales,PROGRAM COORDINATOR,28498.68,0.00,2344.82,9743.67,30843.50,40587.17,2016,,NSHE Administration,""
Jeffrey R Bennett,ASSISTANT BUDGET DIRECTOR,26768.63,0.00,6899.96,6688.37,33668.59,40356.96,2016,,NSHE Administration,""
Linda R Moore,INTEGRATE 2 TRAINING COORD.,26289.31,0.00,3026.20,6608.95,29315.51,35924.46,2016,,NSHE Administration,""
Stanton B Gurr,NETWORK ENGINEER,15549.08,0.00,13647.00,5757.20,29196.08,34953.28,2016,,NSHE Administration,""
Richard S Young,ACTING CHIEF OF STAFF,13395.33,0.00,12207.62,5154.16,25602.95,30757.11,2016,,NSHE Administration,""
Jo Ann Porter,INTEGRATE 2 TRAINING COORD.,21666.68,0.00,2499.60,5948.59,24166.28,30114.87,2016,,NSHE Administration,""
Jessica H Corey,ACCOUNTING ASSISTANT III,22479.93,17.62,0.00,7455.13,22497.55,29952.68,2016,,NSHE Administration,""
Craig C Scott,BUDGET DESIGNEE FOR INTEGRATE2,23750.01,0.00,0.00,5548.95,23750.01,29298.96,2016,,NSHE Administration,""
Erik L Feagans,INTEGRATE 2 TRAINING SPCLST,20000.00,0.00,300.00,5697.00,20300.00,25997.00,2016,,NSHE Administration,""
Emily E Kidd,INTERIM SR. INVESTMENT ACCT.,16930.91,0.00,0.00,7547.59,16930.91,24478.50,2016,,NSHE Administration,""
Kenneth L Ronnow,NETWORK ANALYST II,10420.98,0.00,10270.15,3616.23,20691.13,24307.36,2016,,NSHE Administration,""
Michael B Sady,LETTER OF APPOINTMENT,22000.00,0.00,0.00,0.00,22000.00,22000.00,2016,,NSHE Administration,""
Gordon J Hella,SENIOR BUDGET ANALYST,6008.73,0.00,12122.04,3085.90,18130.77,21216.67,2016,,NSHE Administration,""
Terry H Teruya,LETTER OF APPOINTMENT,20990.48,0.00,0.00,0.00,20990.48,20990.48,2016,,NSHE Administration,""
Juarez Jane Belez-Juarez,ADMINISTRATIVE ASSISTANT IV,14725.17,0.00,0.00,5631.38,14725.17,20356.55,2016,,NSHE Administration,""
Edwin Marin,NETWORK ANALYST II,13130.00,0.00,1590.49,4009.04,14720.49,18729.53,2016,,NSHE Administration,""
Tom Davis,INTEGRATE 2 TRAINING SPCLST,15643.93,0.00,134.09,2268.36,15778.02,18046.38,2016,,NSHE Administration,""
Mallory A Levins,PROGRAM COORDINATOR,12957.00,0.00,0.00,3976.52,12957.00,16933.52,2016,,NSHE Administration,""
Lindsay S Sessions,ACCOUNTING MANAGER,12924.70,0.00,0.00,3277.54,12924.70,16202.24,2016,,NSHE Administration,""
Gina Olivarez,ADMINISTRATIVE ASSISTANT III,9882.72,0.00,0.00,4239.89,9882.72,14122.61,2016,,NSHE Administration,""
Diane E Morgan,ADMINISTRATIVE ASSISTANT IV,7659.48,0.00,0.00,3548.10,7659.48,11207.58,2016,,NSHE Administration,""
An'drea H Kelley,INTERNAL AUDITOR II,7868.82,0.00,0.00,2544.44,7868.82,10413.26,2016,,NSHE Administration,""
Melissa Sarah Stahlke,SR. BUSINESS ANALYST-FINANCIAL,7276.19,0.00,1339.26,1754.30,8615.45,10369.75,2016,,NSHE Administration,""
Evelyn C Johnson,PROGRAM COORDINATOR,7530.52,0.00,0.00,2490.42,7530.52,10020.94,2016,,NSHE Administration,""
Donna B Cruzado,SR. BUSINESS ANALYST-FINANCIAL,5482.44,0.00,0.00,2234.33,5482.44,7716.77,2016,,NSHE Administration,""
Charles E Williams,FINANCIAL AID AUDIT SPECIALIST,4916.67,0.00,0.00,1412.17,4916.67,6328.84,2016,,NSHE Administration,""
Stephanie Lynn Borene,PROGRAM COORDINATOR,3831.94,0.00,530.50,1257.36,4362.44,5619.80,2016,,NSHE Administration,""
Marinn E Clampit,ADMINISTRATIVE ASSISTANT IV,3030.33,0.00,375.00,1141.14,3405.33,4546.47,2016,,NSHE Administration,""
Jennifer L Polek,SPEC ASSISTANT & COORDINATOR,2560.60,0.00,0.00,371.29,2560.60,2931.89,2016,,NSHE Administration,""
Stephanie I Lescana,STUDENT WORKER 11,772.56,0.00,229.39,227.13,1001.95,1229.08,2016,,NSHE Administration,""
