Employee Name,Job Title,Base Pay,Overtime Pay,Other Pay,Benefits,Total Pay,Total Pay & Benefits,Year,Notes,Agency,Status
Barbara L Buchanan,VICE PRESIDENT,171843.60,0.00,0.00,33325.68,171843.60,205169.28,2016,,Truckee Meadows Community College,""
John P Albrecht,GENERAL COUNSEL,127794.65,0.00,900.00,44190.82,128694.65,172885.47,2016,,Truckee Meadows Community College,""
Estella Levario Gutierrez,VICE PRESIDENT,141784.80,0.00,0.00,28967.16,141784.80,170751.96,2016,,Truckee Meadows Community College,""
John K Dalpe,INTERIM DEAN,132808.83,0.00,8303.03,27665.64,141111.86,168777.50,2016,,Truckee Meadows Community College,""
Randy Flocchini,COMM COLLEGE PROFESSOR,97935.22,0.00,22433.28,44144.65,120368.50,164513.15,2016,,Truckee Meadows Community College,""
Paul B Davis,COMM COLLEGE PROFESSOR,118597.31,0.00,11026.60,25604.97,129623.91,155228.88,2016,,Truckee Meadows Community College,""
Jim P. New,INTERIM VICE PRESIDENT,126173.27,0.00,900.00,26703.48,127073.27,153776.75,2016,,Truckee Meadows Community College,""
Rachel M Solemsaas,VICE PRESIDENT,101160.08,0.00,32575.72,19580.32,133735.80,153316.12,2016,,Truckee Meadows Community College,""
Ted G Plaggemeyer,COMM COLL INSTRUCTOR,100119.65,0.00,30133.64,22925.71,130253.29,153179.00,2016,,Truckee Meadows Community College,""
Armida Fruzzetti,COMM COLLEGE PROFESSOR,116148.99,0.00,10099.98,25249.96,126248.97,151498.93,2016,,Truckee Meadows Community College,""
Gretchen Alt Sawyer,EXECUTIVE DIRECTOR,120246.56,0.00,900.00,25844.11,121146.56,146990.67,2016,,Truckee Meadows Community College,""
David W Roberts,EXECUTIVE DIRECTOR,119660.31,0.00,900.00,25759.10,120560.31,146319.41,2016,,Truckee Meadows Community College,""
Marie E Murgolo-Poore,DEAN,120377.09,0.00,0.00,25863.04,120377.09,146240.13,2016,,Truckee Meadows Community College,""
Elena V Bubnova,EXECUTIVE DIRECTOR,118505.87,0.00,900.00,25591.71,119405.87,144997.58,2016,,Truckee Meadows Community College,""
Thomas J. Cardoza,COMM COLLEGE PROFESSOR,97510.95,0.00,24664.62,22547.45,122175.57,144723.02,2016,,Truckee Meadows Community College,""
Julie A. Ellsworth,COMM COLLEGE PROFESSOR,97240.62,0.00,23182.78,22508.25,120423.40,142931.65,2016,,Truckee Meadows Community College,""
Kevin J Dugan,COMM COLLEGE PROFESSOR,94370.78,0.00,22880.97,22092.12,117251.75,139343.87,2016,,Truckee Meadows Community College,""
Sharon Wurm,DIRECTOR,98000.11,0.00,3600.00,35848.40,101600.11,137448.51,2016,,Truckee Meadows Community College,""
John B Reid,COMM COLLEGE PROFESSOR,97918.75,0.00,16794.09,22606.58,114712.84,137319.42,2016,,Truckee Meadows Community College,""
James A Collier,COMM COLLEGE PROFESSOR,96686.61,0.00,17498.98,22427.92,114185.59,136613.51,2016,,Truckee Meadows Community College,""
Phyllis L Henderson,COMM COLLEGE PROFESSOR,111850.12,0.00,0.00,24626.63,111850.12,136476.75,2016,,Truckee Meadows Community College,""
Fred B Lokken,COMM COLLEGE PROFESSOR,99590.95,0.00,10676.86,24252.51,110267.81,134520.32,2016,,Truckee Meadows Community College,""
Daniel L Bouweraerts,COMM COLLEGE PROFESSOR,104669.30,0.00,5462.07,23585.41,110131.37,133716.78,2016,,Truckee Meadows Community College,""
Bridgett A Blaque,COMM COLLEGE PROFESSOR,99556.52,0.00,11107.56,22844.06,110664.08,133508.14,2016,,Truckee Meadows Community College,""
Lance D Bowen,DEAN,108854.65,0.00,0.00,24192.28,108854.65,133046.93,2016,,Truckee Meadows Community College,""
Darryl D Cleveland,DIRECTOR,94583.06,0.00,2700.00,34891.61,97283.06,132174.67,2016,,Truckee Meadows Community College,""
Julie Muhle,COMM COLLEGE PROFESSOR,94260.66,0.00,14062.50,22076.16,108323.16,130399.32,2016,,Truckee Meadows Community College,""
Steven C Bale,COMM COLLEGE PROFESSOR,79235.05,0.00,30577.93,19897.44,109812.98,129710.42,2016,,Truckee Meadows Community College,""
Heather D Graham Williams,COMM COLLEGE PROFESSOR,91926.03,0.00,15838.12,21737.63,107764.15,129501.78,2016,,Truckee Meadows Community College,""
Jody Covert,DIRECTOR,100788.80,0.00,4742.18,23022.74,105530.98,128553.72,2016,,Truckee Meadows Community College,""
Patricia Durham-Taylor,COMM COLLEGE PROFESSOR,102421.42,0.00,1325.25,24626.63,103746.67,128373.30,2016,,Truckee Meadows Community College,""
John M Coles,COMM COLLEGE PROFESSOR,97562.51,0.00,5943.57,23857.22,103506.08,127363.30,2016,,Truckee Meadows Community College,""
Arnold Brock,COMM COLLEGE PROFESSOR,89907.01,0.00,15821.38,21444.88,105728.39,127173.27,2016,,Truckee Meadows Community College,""
Richard E Olson,ASSISTANT DIRECTOR,102352.77,0.00,900.00,23249.51,103252.77,126502.28,2016,,Truckee Meadows Community College,""
Thomas Dobbert,DIRECTOR,102555.59,0.00,0.00,23278.92,102555.59,125834.51,2016,,Truckee Meadows Community College,""
Amy R Williams,DIRECTOR,101274.12,0.00,1275.00,23093.15,102549.12,125642.27,2016,,Truckee Meadows Community College,""
Daniel J Loranz,COMM COLLEGE PROFESSOR,96166.53,0.00,6807.50,22352.51,102974.03,125326.54,2016,,Truckee Meadows Community College,""
Richard C Williams,DIRECTOR,101154.68,0.00,0.00,23075.79,101154.68,124230.47,2016,,Truckee Meadows Community College,""
Warren L Hejny,COMM COLLEGE PROFESSOR,85005.20,0.00,18441.66,20734.11,103446.86,124180.97,2016,,Truckee Meadows Community College,""
Joan Marie Steinman,DIRECTOR,100744.60,0.00,0.00,23016.33,100744.60,123760.93,2016,,Truckee Meadows Community College,""
Lars G Jensen,COMM COLLEGE PROFESSOR,83611.24,0.00,19486.20,20531.99,103097.44,123629.43,2016,,Truckee Meadows Community College,""
Susan C Turbow,COMM COLLEGE PROFESSOR,89074.99,0.00,12263.10,21324.23,101338.09,122662.32,2016,,Truckee Meadows Community College,""
Melissa A Deadmond,ASSOCIATE DEAN,99727.96,0.00,0.00,22868.91,99727.96,122596.87,2016,,Truckee Meadows Community College,""
Gail S Ferrell,COMM COLLEGE PROFESSOR,92075.07,0.00,8323.70,21759.25,100398.77,122158.02,2016,,Truckee Meadows Community College,""
G Phillip Smilanick,COMM COLLEGE PROFESSOR,86085.93,0.00,14028.28,20890.82,100114.21,121005.03,2016,,Truckee Meadows Community College,""
William S Garand,PROGRAM DIRECTOR,97410.69,0.00,1000.00,22532.91,98410.69,120943.60,2016,,Truckee Meadows Community College,""
Patti A Sanford,COMM COLLEGE PROFESSOR,78152.46,0.00,22661.20,19740.47,100813.66,120554.13,2016,,Truckee Meadows Community College,""
Karin M. Hilgersom,"PRESIDENT, TMCC",94090.90,0.00,9242.44,17139.43,103333.34,120472.77,2016,,Truckee Meadows Community College,""
Patricia A Porter,PROGRAM DIRECTOR,86459.71,0.00,12444.21,20945.02,98903.92,119848.94,2016,,Truckee Meadows Community College,""
Robert H Fletcher,COMM COLLEGE PROFESSOR,96783.75,0.00,0.00,22442.00,96783.75,119225.75,2016,,Truckee Meadows Community College,""
Deborah R O'Gorman,DIRECTOR,86544.05,0.00,0.00,32640.70,86544.05,119184.75,2016,,Truckee Meadows Community College,""
Damien C. Ennis,COMM COLLEGE PROFESSOR,93059.95,0.00,4182.87,21902.05,97242.82,119144.87,2016,,Truckee Meadows Community College,""
Andrew E Hughes,DIRECTOR,94920.30,0.00,0.00,22171.80,94920.30,117092.10,2016,,Truckee Meadows Community College,""
Robert Hernandez,DIRECTOR,94220.42,0.00,500.00,22070.32,94720.42,116790.74,2016,,Truckee Meadows Community College,""
Gregory J Ellis,COMM COLLEGE PROFESSOR,81644.13,0.00,14684.87,20246.76,96329.00,116575.76,2016,,Truckee Meadows Community College,""
Diane M Nicolet,DIRECTOR,94220.54,0.00,0.00,22070.34,94220.54,116290.88,2016,,Truckee Meadows Community College,""
James P Cotter,COMM COLLEGE PROFESSOR,79351.20,0.00,16871.99,19914.28,96223.19,116137.47,2016,,Truckee Meadows Community College,""
Rosemary Rinaldi,COMM COLLEGE PROFESSOR,88195.10,0.00,6393.75,21196.65,94588.85,115785.50,2016,,Truckee Meadows Community College,""
James P Winston,COMM COLLEGE PROFESSOR,92572.25,0.00,0.00,21831.34,92572.25,114403.59,2016,,Truckee Meadows Community College,""
Ana M. Douglass,COMM COLLEGE PROFESSOR,78965.20,0.00,15485.16,19858.31,94450.36,114308.67,2016,,Truckee Meadows Community College,""
Laura A Briggs,COMM COLL INSTRUCTOR,71327.94,0.00,24104.64,18750.91,95432.58,114183.49,2016,,Truckee Meadows Community College,""
Hugh D Fraser,COMM COLLEGE PROFESSOR,76919.17,0.00,16254.81,20027.89,93173.98,113201.87,2016,,Truckee Meadows Community College,""
Anthony J Futia,PROGRAM DIRECTOR,91316.66,0.00,0.00,21649.28,91316.66,112965.94,2016,,Truckee Meadows Community College,""
Rebecca F Porter,COMM COLLEGE PROFESSOR,91258.44,0.00,0.00,21640.83,91258.44,112899.27,2016,,Truckee Meadows Community College,""
Brandy R Scarnati,PROGRAM DIRECTOR,66527.60,0.00,19247.50,27036.07,85775.10,112811.17,2016,,Truckee Meadows Community College,""
Kurt M Ehlers,COMM COLLEGE PROFESSOR,77969.16,0.00,14934.04,19713.89,92903.20,112617.09,2016,,Truckee Meadows Community College,""
Michele H Noreen,COMM COLLEGE PROFESSOR,88503.49,0.00,2731.25,21241.37,91234.74,112476.11,2016,,Truckee Meadows Community College,""
Lee J Raubolt,ASSISTANT DIRECTOR,84661.78,0.00,7031.25,20684.32,91693.03,112377.35,2016,,Truckee Meadows Community College,""
Randall C Miller,PROGRAM DIRECTOR,81042.39,0.00,0.00,31100.23,81042.39,112142.62,2016,,Truckee Meadows Community College,""
Theodore T Owens,COMM COLLEGE PROFESSOR,73419.92,0.00,19574.32,19054.25,92994.24,112048.49,2016,,Truckee Meadows Community College,""
Cheryl A. Cardoza,COMM COLLEGE PROFESSOR,81187.69,0.00,10531.22,20180.58,91718.91,111899.49,2016,,Truckee Meadows Community College,""
Melanie L. Purdy,COUNSELOR,77250.17,0.00,14896.91,19609.63,92147.08,111756.71,2016,,Truckee Meadows Community College,""
Consolacion H. Croysdill,COMM COLLEGE PROFESSOR,74139.94,0.00,17834.78,19158.65,91974.72,111133.37,2016,,Truckee Meadows Community College,""
Kathleen A Kolbet,COMM COLLEGE PROFESSOR,77250.17,0.00,13983.82,19609.63,91233.99,110843.62,2016,,Truckee Meadows Community College,""
Natalie J. Brown,PROGRAM DIRECTOR,84952.09,0.00,5000.00,20726.41,89952.09,110678.50,2016,,Truckee Meadows Community College,""
Wes R Evans,COMM COLLEGE PROFESSOR,74347.37,0.00,16424.68,19188.73,90772.05,109960.78,2016,,Truckee Meadows Community College,""
William S Newhall,COMM COLLEGE PROFESSOR,87429.32,0.00,1375.00,21085.61,88804.32,109889.93,2016,,Truckee Meadows Community College,""
Scott B Holcomb,COMM COLL INSTRUCTOR,72084.07,0.00,18224.80,18860.55,90308.87,109169.42,2016,,Truckee Meadows Community College,""
Henry Sotelo,COMM COLL INSTRUCTOR,67747.01,0.00,12976.18,27377.51,80723.19,108100.70,2016,,Truckee Meadows Community College,""
Teresa Y Golden,MANAGER,86210.58,0.00,900.00,20908.89,87110.58,108019.47,2016,,Truckee Meadows Community College,""
Patricia Cullinan,COMM COLLEGE PROFESSOR,73815.09,0.00,14753.31,19111.55,88568.40,107679.95,2016,,Truckee Meadows Community College,""
Carlo Ferguson-Mcintyre,COMM COLLEGE PROFESSOR,65324.25,0.00,15494.97,26699.19,80819.22,107518.41,2016,,Truckee Meadows Community College,""
Brian R Fletcher,COMM COLLEGE PROFESSOR,78771.72,0.00,8788.56,19830.26,87560.28,107390.54,2016,,Truckee Meadows Community College,""
Ellen S. House,COMM COLLEGE PROFESSOR,83611.24,0.00,2400.00,20531.99,86011.24,106543.23,2016,,Truckee Meadows Community College,""
Kathleen S. Kirkpatrick,DIRECTOR,84874.85,0.00,900.00,20715.21,85774.85,106490.06,2016,,Truckee Meadows Community College,""
Peter T Miller,PROGRAM DIRECTOR,84629.01,0.00,900.00,20679.57,85529.01,106208.58,2016,,Truckee Meadows Community College,""
Jill N Atkinson,DIRECTOR,75557.61,0.00,925.00,29564.49,76482.61,106047.10,2016,,Truckee Meadows Community College,""
Lori L Mcdonald,DIRECTOR,89789.18,0.00,3100.00,13019.43,92889.18,105908.61,2016,,Truckee Meadows Community College,""
Cheryl Ann Woehr,COUNSELOR,80860.46,0.00,4666.65,20133.13,85527.11,105660.24,2016,,Truckee Meadows Community College,""
Blisin S Hestiyas,COMM COLLEGE PROFESSOR,71453.62,0.00,14864.37,18769.13,86317.99,105087.12,2016,,Truckee Meadows Community College,""
Meeghan E Gray,COMM COLL INSTRUCTOR,68474.31,0.00,17781.09,18337.13,86255.40,104592.53,2016,,Truckee Meadows Community College,""
Cheryl L. Scott,ASSISTANT DIRECTOR,83888.82,0.00,0.00,20572.24,83888.82,104461.06,2016,,Truckee Meadows Community College,""
Cindy D. Stone,COMM COLL INSTRUCTOR,68787.66,0.00,7337.25,27668.92,76124.91,103793.83,2016,,Truckee Meadows Community College,""
Theodore J Lambert,COMM COLLEGE PROFESSOR,76388.62,0.00,7873.67,19484.71,84262.29,103747.00,2016,,Truckee Meadows Community College,""
Sharon Y Lowe,COMM COLLEGE PROFESSOR,79312.45,0.00,4424.46,19908.67,83736.91,103645.58,2016,,Truckee Meadows Community College,""
Linda A Mcgillicuddy,COMM COLLEGE PROFESSOR,66091.40,0.00,19211.70,17991.61,85303.10,103294.71,2016,,Truckee Meadows Community College,""
Steven M Streeper,COMM COLLEGE PROFESSOR,70556.13,0.00,11045.76,21196.62,81601.89,102798.51,2016,,Truckee Meadows Community College,""
Cathy Clayton Brewster,MANAGER,82018.29,0.00,0.00,20301.01,82018.29,102319.30,2016,,Truckee Meadows Community College,""
Jeremy A Deadmond,PROGRAM DIRECTOR,79974.33,0.00,900.00,21408.10,80874.33,102282.43,2016,,Truckee Meadows Community College,""
Scott Huber,COMM COLLEGE PROFESSOR,68300.30,0.00,15326.33,18311.90,83626.63,101938.53,2016,,Truckee Meadows Community College,""
Edmund P Burke,COMM COLLEGE PROFESSOR,78965.20,0.00,2906.25,19858.31,81871.45,101729.76,2016,,Truckee Meadows Community College,""
William A Doherty,COMM COLLEGE PROFESSOR,74792.87,0.00,4660.03,22137.11,79452.90,101590.01,2016,,Truckee Meadows Community College,""
Bo J Murdock,IT PROFESSIONAL III,72550.17,0.00,0.00,28719.83,72550.17,101270.00,2016,,Truckee Meadows Community College,""
Cal F Anderson,WEBMASTER,80295.24,0.00,900.00,20051.17,81195.24,101246.41,2016,,Truckee Meadows Community College,""
Neil L Siegel,LIBRARIAN,79579.73,0.00,1596.69,19947.42,81176.42,101123.84,2016,,Truckee Meadows Community College,""
Steven M. Malaglowicz,IT PROFESSIONAL III,71679.59,0.00,900.00,28476.12,72579.59,101055.71,2016,,Truckee Meadows Community College,""
Crystal E. Swank,COMM COLLEGE PROFESSOR,73634.79,0.00,7374.29,19085.40,81009.08,100094.48,2016,,Truckee Meadows Community College,""
Daniel J. Williams,COMM COLLEGE PROFESSOR,67427.54,0.00,13147.19,19085.41,80574.73,99660.14,2016,,Truckee Meadows Community College,""
Ben Scheible,COMM COLLEGE PROFESSOR,79351.20,0.00,190.00,19914.28,79541.20,99455.48,2016,,Truckee Meadows Community College,""
Eric G Bullis,COMM COLL INSTRUCTOR,74335.85,0.00,5906.25,19187.06,80242.10,99429.16,2016,,Truckee Meadows Community College,""
Barbara A Painter,EXECUTIVE ASSISTANT,78086.75,0.00,1600.00,19730.94,79686.75,99417.69,2016,,Truckee Meadows Community College,""
John J. Fitzsimmons,LIBRARIAN,79463.63,0.00,0.00,19930.59,79463.63,99394.22,2016,,Truckee Meadows Community College,""
Julia Hammett,COMM COLLEGE PROFESSOR,79312.45,0.00,0.00,19908.67,79312.45,99221.12,2016,,Truckee Meadows Community College,""
Erin J Frock,COUNSELOR,69967.48,0.00,10649.50,18553.64,80616.98,99170.62,2016,,Truckee Meadows Community College,""
Precious D Hall,COMM COLLEGE PROFESSOR,68062.91,0.00,12757.29,18277.48,80820.20,99097.68,2016,,Truckee Meadows Community College,""
Maianh Crowe Mcmurray,COMM COLLEGE PROFESSOR,73170.38,0.00,6326.31,19018.07,79496.69,98514.76,2016,,Truckee Meadows Community College,""
Julie Ann Stage-Rosenberg,COMM COLLEGE PROFESSOR,74139.94,0.00,4682.04,19158.65,78821.98,97980.63,2016,,Truckee Meadows Community College,""
Nancy D Faires,COMM COLLEGE PROFESSOR,76836.68,0.00,452.20,19549.68,77288.88,96838.56,2016,,Truckee Meadows Community College,""
Elizabeth A. Baines,COMM COLLEGE PROFESSOR,73419.92,0.00,4095.75,19054.25,77515.67,96569.92,2016,,Truckee Meadows Community College,""
Candace Marie Garlock,COMM COLL INSTRUCTOR,51622.97,0.00,22018.81,22862.77,73641.78,96504.55,2016,,Truckee Meadows Community College,""
Clifford J. Bartl,COMM COLLEGE PROFESSOR,67276.60,0.00,1375.00,27245.78,68651.60,95897.38,2016,,Truckee Meadows Community College,""
William A. Gallegos,COMM COLLEGE PROFESSOR,66316.45,0.00,11415.39,18024.25,77731.84,95756.09,2016,,Truckee Meadows Community College,""
Paula L Farrenkopf,COMM COLLEGE PROFESSOR,72566.46,0.00,4187.50,18930.50,76753.96,95684.46,2016,,Truckee Meadows Community College,""
William S Alquist,PROGRAM MANAGER,75980.39,0.00,0.00,19425.52,75980.39,95405.91,2016,,Truckee Meadows Community College,""
Gary Skibinski,MANAGER,67172.91,0.00,900.00,27216.79,68072.91,95289.70,2016,,Truckee Meadows Community College,""
Edward J Corbett,COMM COLL INSTRUCTOR,66406.33,0.00,10782.93,18037.28,77189.26,95226.54,2016,,Truckee Meadows Community College,""
Cheryl J Olson,PROGRAM DIRECTOR,75544.72,0.00,0.00,19362.34,75544.72,94907.06,2016,,Truckee Meadows Community College,""
Sameer Bhattarai,COMM COLL INSTRUCTOR,65621.71,0.00,11322.91,17923.51,76944.62,94868.13,2016,,Truckee Meadows Community College,""
Olga A Katkova,COMM COLLEGE PROFESSOR,67273.37,0.00,9410.30,18163.00,76683.67,94846.67,2016,,Truckee Meadows Community College,""
Karen A Cannan,COMM COLLEGE PROFESSOR,69079.84,0.00,6496.39,18424.94,75576.23,94001.17,2016,,Truckee Meadows Community College,""
Lindsay C Wilson,COMM COLLEGE PROFESSOR,68602.80,0.00,6575.00,18355.77,75177.80,93533.57,2016,,Truckee Meadows Community College,""
Julie C Armbrecht,COMM COLLEGE PROFESSOR,70523.53,0.00,12357.50,10225.91,82881.03,93106.94,2016,,Truckee Meadows Community College,""
Tommie L. Guy,PROGRAM MANAGER,73114.25,0.00,900.00,19009.93,74014.25,93024.18,2016,,Truckee Meadows Community College,""
Robert D Kirchman,COMM COLLEGE PROFESSOR,69737.58,0.00,4750.00,18520.31,74487.58,93007.89,2016,,Truckee Meadows Community College,""
Kyle B Simmons,COMM COLL INSTRUCTOR,65618.66,0.00,9276.88,17923.07,74895.54,92818.61,2016,,Truckee Meadows Community College,""
Brian D Wells,COMM COLLEGE PROFESSOR,72566.46,0.00,1049.45,18930.50,73615.91,92546.41,2016,,Truckee Meadows Community College,""
Michael R Schulz,COMM COLL INSTRUCTOR,54921.18,0.00,21177.57,16371.93,76098.75,92470.68,2016,,Truckee Meadows Community College,""
Molly B Maynard,COMM COLLEGE PROFESSOR,64551.46,0.00,10080.35,17768.32,74631.81,92400.13,2016,,Truckee Meadows Community College,""
Bradley P Summerhill,COMM COLLEGE PROFESSOR,72566.46,0.00,0.00,18930.50,72566.46,91496.96,2016,,Truckee Meadows Community College,""
Ronald Marston,COMM COLLEGE PROFESSOR,66414.21,0.00,6606.08,18038.42,73020.29,91058.71,2016,,Truckee Meadows Community College,""
Micaela Rubalcava,COMM COLLEGE PROFESSOR,79118.97,0.00,75.00,11472.25,79193.97,90666.22,2016,,Truckee Meadows Community College,""
William W Hampton,COMM COLLEGE PROFESSOR,71829.13,0.00,0.00,18823.58,71829.13,90652.71,2016,,Truckee Meadows Community College,""
James H Phillips,COMM COLL INSTRUCTOR,59001.33,0.00,14216.61,16963.55,73217.94,90181.49,2016,,Truckee Meadows Community College,""
Brian J Addington,COMM COLL INSTRUCTOR,69376.11,0.00,2334.29,18467.90,71710.40,90178.30,2016,,Truckee Meadows Community College,""
Michael H Holmes,COMM COLLEGE PROFESSOR,69434.20,0.00,2252.71,18476.32,71686.91,90163.23,2016,,Truckee Meadows Community College,""
Matthew L Leathen,COMM COLL INSTRUCTOR,67047.59,0.00,4706.25,18130.26,71753.84,89884.10,2016,,Truckee Meadows Community College,""
Wilma R Calhoun,COMM COLL INSTRUCTOR,74853.65,0.00,4100.28,10853.78,78953.93,89807.71,2016,,Truckee Meadows Community College,""
Angela T Adlish,COMM COLLEGE PROFESSOR,64977.24,0.00,6983.09,17830.06,71960.33,89790.39,2016,,Truckee Meadows Community College,""
David E. Jones,HVACR SPECIALIST III,65999.39,2839.16,2542.47,18344.46,71381.02,89725.48,2016,,Truckee Meadows Community College,""
Jeffrey S. Olsen,COMM COLLEGE PROFESSOR,70960.45,0.00,0.00,18697.63,70960.45,89658.08,2016,,Truckee Meadows Community College,""
Deborah L Bader,COMM COLLEGE PROFESSOR,68300.30,0.00,2906.25,18311.90,71206.55,89518.45,2016,,Truckee Meadows Community College,""
David R. Boden,COMM COLLEGE PROFESSOR,55912.71,0.00,9500.00,24063.94,65412.71,89476.65,2016,,Truckee Meadows Community College,""
Shannon E Mccool,COMM COLLEGE PROFESSOR,67281.21,0.00,3753.30,18164.14,71034.51,89198.65,2016,,Truckee Meadows Community College,""
Patricia A Jarvis,INSTRUCTIONAL DESIGNER,54496.40,0.00,18126.51,16253.79,72622.91,88876.70,2016,,Truckee Meadows Community College,""
David Scott Misner,IT TECHNICIAN VI,68983.17,392.88,0.00,18408.45,69376.05,87784.50,2016,,Truckee Meadows Community College,""
Lisa Thornton Buehler,COMM COLLEGE PROFESSOR,71518.12,0.00,5218.83,10370.13,76736.95,87107.08,2016,,Truckee Meadows Community College,""
Anne M. Witzleben,COMM COLLEGE PROFESSOR,65515.93,0.00,3654.81,17908.17,69170.74,87078.91,2016,,Truckee Meadows Community College,""
Jinger A Doe,COMM COLL INSTRUCTOR,59001.33,0.00,11110.09,16963.55,70111.42,87074.97,2016,,Truckee Meadows Community College,""
Shelley M Walker,SENIOR ACCOUNTANT,61417.17,0.00,0.00,25605.18,61417.17,87022.35,2016,,Truckee Meadows Community College,""
Kristen N Demay,COUNSELOR,68602.80,0.00,0.00,18355.77,68602.80,86958.57,2016,,Truckee Meadows Community College,""
Michael P. Lockrem,FACILITY SUPVR III,61169.19,8154.91,229.04,17308.66,69553.14,86861.80,2016,,Truckee Meadows Community College,""
Anne K Flesher,COMM COLLEGE PROFESSOR,61480.34,0.00,7828.13,17323.01,69308.47,86631.48,2016,,Truckee Meadows Community College,""
Maria C Sheehan,"PRESIDENT, TMCC",53080.59,0.00,28033.32,4686.14,81113.91,85800.05,2016,,Truckee Meadows Community College,""
Marynia Ludwika Giren-Navarro,COMM COLL INSTRUCTOR,51598.73,0.00,18097.89,15890.18,69696.62,85586.80,2016,,Truckee Meadows Community College,""
Nicole Scollard,ANALYST,59217.40,0.00,600.00,24989.25,59817.40,84806.65,2016,,Truckee Meadows Community College,""
Crista L Jorgensen,BUDGET ANALYST,66423.72,0.00,0.00,18039.80,66423.72,84463.52,2016,,Truckee Meadows Community College,""
Tina M Slowan-Pomeroy,COORDINATOR,56565.94,0.00,11175.00,16610.43,67740.94,84351.37,2016,,Truckee Meadows Community College,""
Tara D Hawkins,MANAGER,66061.03,0.00,0.00,17987.21,66061.03,84048.24,2016,,Truckee Meadows Community College,""
Tamera L. Freeman,MANAGER,58666.13,0.00,0.00,24834.83,58666.13,83500.96,2016,,Truckee Meadows Community College,""
Lisa D. Farmer,EXECUTIVE ASSISTANT,57624.33,0.00,1275.00,24543.23,58899.33,83442.56,2016,,Truckee Meadows Community College,""
John D Adlish,COMM COLLEGE PROFESSOR,67153.31,0.00,1550.00,14649.34,68703.31,83352.65,2016,,Truckee Meadows Community College,""
Kimberly M Noel,SPECIALIST,64873.43,0.00,0.00,17815.01,64873.43,82688.44,2016,,Truckee Meadows Community College,""
Mark E Sharp,COMM COLL INSTRUCTOR,60000.00,0.00,5550.00,17108.36,65550.00,82658.36,2016,,Truckee Meadows Community College,""
Laure'L A Santos,COMM COLL INSTRUCTOR,60454.92,0.00,4288.34,17174.32,64743.26,81917.58,2016,,Truckee Meadows Community College,""
Cathy Sue House,COMM COLLEGE PROFESSOR,53320.73,0.00,3630.00,24712.58,56950.73,81663.31,2016,,Truckee Meadows Community College,""
Henry Sosnowski,COMM COLLEGE PROFESSOR,63944.54,0.00,0.00,17680.32,63944.54,81624.86,2016,,Truckee Meadows Community College,""
Robin L. Griffin,COMM COLLEGE PROFESSOR,59839.26,0.00,4175.00,17085.05,64014.26,81099.31,2016,,Truckee Meadows Community College,""
Willie Jones,CUSTODIAL SUPERVISOR IV,58932.30,3934.10,1119.12,16982.81,63985.52,80968.33,2016,,Truckee Meadows Community College,""
Victoria K Davis,PROGRAM OFFICER III,56669.11,0.00,0.00,24273.15,56669.11,80942.26,2016,,Truckee Meadows Community College,""
Kelly V Oswald,COMM COLLEGE PROFESSOR,58566.28,0.00,5390.60,16900.47,63956.88,80857.35,2016,,Truckee Meadows Community College,""
Victor R Sanchez,LEAD SERVER ADMIN SPECIALIST,62139.31,0.00,900.00,17418.56,63039.31,80457.87,2016,,Truckee Meadows Community College,""
Brian N Ruf,COMM COLLEGE PROFESSOR,58623.30,0.00,4897.98,16908.74,63521.28,80430.02,2016,,Truckee Meadows Community College,""
Craig E Rodrigue,COMM COLL INSTRUCTOR,56390.80,0.00,7310.92,16585.03,63701.72,80286.75,2016,,Truckee Meadows Community College,""
Judith R Fredrickson,COMM COLLEGE PROFESSOR,55552.93,0.00,561.12,23963.17,56114.05,80077.22,2016,,Truckee Meadows Community College,""
Jay L Jorgenson,SPECIALIST,62486.13,0.00,0.00,17468.85,62486.13,79954.98,2016,,Truckee Meadows Community College,""
Patrick F Guiberson,COMM COLL INSTRUCTOR,56030.04,0.00,7276.68,16532.72,63306.72,79839.44,2016,,Truckee Meadows Community College,""
Cynthia F Pierrott,PROGRAM MANAGER,62330.99,0.00,0.00,17446.35,62330.99,79777.34,2016,,Truckee Meadows Community College,""
Jonathan S Bailey,COMM COLL INSTRUCTOR,61980.93,0.00,250.00,17395.59,62230.93,79626.52,2016,,Truckee Meadows Community College,""
Susan M Bluhm,COMM COLLEGE PROFESSOR,61776.31,0.00,0.00,17365.92,61776.31,79142.23,2016,,Truckee Meadows Community College,""
Nancy L O'Neal,COMM COLL INSTRUCTOR,61616.44,0.00,0.00,17342.74,61616.44,78959.18,2016,,Truckee Meadows Community College,""
Donna R Clifford,ADMINISTRATIVE ASSISTANT III,42569.97,1347.46,14643.75,20325.45,58561.18,78886.63,2016,,Truckee Meadows Community College,""
Francisco I Villacorta,MAINT REPAIR SPECIALIST I,55245.00,4679.81,2136.81,16726.32,62061.62,78787.94,2016,,Truckee Meadows Community College,""
Staci A Miller,ACADEMIC ADVISOR,61371.32,0.00,0.00,17307.20,61371.32,78678.52,2016,,Truckee Meadows Community College,""
Sidney C Sullivan,MANAGER,61371.08,0.00,0.00,17307.17,61371.08,78678.25,2016,,Truckee Meadows Community College,""
John S. Kemp,COMM COLLEGE PROFESSOR,45570.42,0.00,20455.86,12219.07,66026.28,78245.35,2016,,Truckee Meadows Community College,""
Raymond Scow,COMM COLL INSTRUCTOR,52803.08,0.00,9321.85,16064.81,62124.93,78189.74,2016,,Truckee Meadows Community College,""
Amber L Burroughs,MANAGER,60822.16,0.00,0.00,17227.57,60822.16,78049.73,2016,,Truckee Meadows Community College,""
Dean A. Burton,COMM COLLEGE PROFESSOR,54244.02,0.00,0.00,23596.67,54244.02,77840.69,2016,,Truckee Meadows Community College,""
Erika M. Bein,COMM COLLEGE PROFESSOR,60597.14,0.00,0.00,17194.95,60597.14,77792.09,2016,,Truckee Meadows Community College,""
Kaylene J Brady,COORDINATOR,60531.14,0.00,0.00,17185.38,60531.14,77716.52,2016,,Truckee Meadows Community College,""
Thomas P. Alexander,NETWORK SUPPORT SPECIALIST,60044.45,0.00,0.00,17114.81,60044.45,77159.26,2016,,Truckee Meadows Community College,""
Julia R. Bledsoe,PROGRAM OFFICER I,50634.00,0.00,3934.50,22583.35,54568.50,77151.85,2016,,Truckee Meadows Community College,""
Corina A Weidinger,COMM COLL INSTRUCTOR,59915.55,0.00,117.23,17096.11,60032.78,77128.89,2016,,Truckee Meadows Community College,""
Kreg L Mebust,COMM COLL INSTRUCTOR,59438.92,0.00,0.00,17027.00,59438.92,76465.92,2016,,Truckee Meadows Community College,""
Paul E Seybold,COMM COLL INSTRUCTOR,50603.74,0.00,10109.18,15745.90,60712.92,76458.82,2016,,Truckee Meadows Community College,""
John W Creelman,COMM COLL INSTRUCTOR,48051.98,0.00,6525.00,21862.91,54576.98,76439.89,2016,,Truckee Meadows Community College,""
Dolores M Wonder,COMM COLLEGE PROFESSOR,58623.30,0.00,826.72,16908.74,59450.02,76358.76,2016,,Truckee Meadows Community College,""
Kenneth M. Deboy,SPECIALIST,59014.75,0.00,0.00,16965.50,59014.75,75980.25,2016,,Truckee Meadows Community College,""
Jeannette N Smith,COORDINATOR,51065.13,0.00,9037.50,15812.80,60102.63,75915.43,2016,,Truckee Meadows Community College,""
Sam F Byington,COMM COLL INSTRUCTOR,50107.18,0.00,10076.95,15673.93,60184.13,75858.06,2016,,Truckee Meadows Community College,""
Steven E. Aten,MAINT REPAIR SPECIALIST II,50634.00,1125.04,1062.89,22880.96,52821.93,75702.89,2016,,Truckee Meadows Community College,""
Craig C Scott,DIRECTOR,61289.35,0.00,550.00,13786.68,61839.35,75626.03,2016,,Truckee Meadows Community College,""
Jesse T. Smith,CUSTODIAL SUPERVISOR II,50654.88,6049.21,2734.59,16147.44,59438.68,75586.12,2016,,Truckee Meadows Community College,""
Gabriela A Brochu,COMM COLL INSTRUCTOR,54683.91,0.00,4308.90,16337.53,58992.81,75330.34,2016,,Truckee Meadows Community College,""
Thomas A Kearns,ASSISTIVE TECHNICIAN,58350.93,0.00,0.00,16869.24,58350.93,75220.17,2016,,Truckee Meadows Community College,""
Tammy J Johnson,INFO TECH/AV OPERATIONS TECH,51715.88,0.00,0.00,22888.82,51715.88,74604.70,2016,,Truckee Meadows Community College,""
Haley E Orthel-Clark,COMM COLL INSTRUCTOR,51711.63,0.00,6756.49,15906.55,58468.12,74374.67,2016,,Truckee Meadows Community College,""
Stephanie L Walden,RESEARCH ANALYST,57487.63,0.00,0.00,16744.06,57487.63,74231.69,2016,,Truckee Meadows Community College,""
Olga L Mesina,SPECIALIST,54608.19,0.00,2796.25,16326.56,57404.44,73731.00,2016,,Truckee Meadows Community College,""
Susan Kaye Lundahl,COMPUTER SUPPORT SPECIALIST,56134.23,0.00,900.00,16547.82,57034.23,73582.05,2016,,Truckee Meadows Community College,""
Nancy E Roe,JOB PLACEMENT SPECIALIST,56102.70,0.00,900.00,16543.25,57002.70,73545.95,2016,,Truckee Meadows Community College,""
Eric C. Lopez,ELECTRICIAN I,49037.23,1329.01,900.00,22136.30,51266.24,73402.54,2016,,Truckee Meadows Community College,""
Laura L Vargas,SPECIALIST,50729.61,0.00,0.00,22612.68,50729.61,73342.29,2016,,Truckee Meadows Community College,""
Shari Mathiesen,NSHE SPECIALIST II,50667.80,0.00,0.00,22592.90,50667.80,73260.70,2016,,Truckee Meadows Community College,""
Donna M. Ballard,PROGRAM OFFICER I,50634.00,0.00,0.00,22583.35,50634.00,73217.35,2016,,Truckee Meadows Community College,""
John M Johnson,PROGRAM OFFICER I,50634.00,0.00,0.00,22583.35,50634.00,73217.35,2016,,Truckee Meadows Community College,""
Dawn Renee Ingraham,EXECUTIVE ASSISTANT,50634.00,0.00,0.00,22583.35,50634.00,73217.35,2016,,Truckee Meadows Community College,""
Megan T Van,EXECUTIVE ASSISTANT,50634.00,0.00,0.00,22583.35,50634.00,73217.35,2016,,Truckee Meadows Community College,""
Debra K Buringrud,STUDENT LOAN COORDINATOR,50621.31,0.00,0.00,22582.31,50621.31,73203.62,2016,,Truckee Meadows Community College,""
Howard Dening Craig,ADMINISTRATIVE ASSISTANT IV,50174.64,0.00,0.00,22454.76,50174.64,72629.40,2016,,Truckee Meadows Community College,""
Michael Dale Scheller-Barkman,EQUIPMENT MECHANIC II,50140.00,0.00,0.00,22445.03,50140.00,72585.03,2016,,Truckee Meadows Community College,""
Karen K Adams,GRANTS AND PRJ'S ANALYST I,46067.37,0.00,6585.39,19906.22,52652.76,72558.98,2016,,Truckee Meadows Community College,""
Trenton L Schoppe,COMM COLL INSTRUCTOR,53638.58,0.00,2700.00,16185.95,56338.58,72524.53,2016,,Truckee Meadows Community College,""
Susan C Elbe,COORDINATOR,49620.13,0.00,0.00,22302.04,49620.13,71922.17,2016,,Truckee Meadows Community College,""
Bernard L Hamm,BUSINESS PROCESS ASSOCIATE,42128.72,0.00,9412.50,20204.41,51541.22,71745.63,2016,,Truckee Meadows Community College,""
Carolyn R Wray,COMM COLLEGE PROFESSOR,43685.67,0.00,10767.12,17144.12,54452.79,71596.91,2016,,Truckee Meadows Community College,""
Nicholas B. Boschert,COORDINATOR,55018.94,0.00,0.00,16386.11,55018.94,71405.05,2016,,Truckee Meadows Community College,""
Maria A. Hernandez,COORDINATOR,44825.29,0.00,5496.00,20959.42,50321.29,71280.71,2016,,Truckee Meadows Community College,""
Vicki L. Camilo,PROGRAM OFFICER I,52044.27,2959.84,0.00,15952.28,55004.11,70956.39,2016,,Truckee Meadows Community College,""
Teresa C. Brooks,PROGRAM OFFICER I,46729.44,2472.63,0.00,21490.08,49202.07,70692.15,2016,,Truckee Meadows Community College,""
Daniel P Johnston,UNIV POLICE LIEUTENANT,50985.48,3381.00,1068.75,15011.67,55435.23,70446.90,2016,,Truckee Meadows Community College,""
Alexander C. Mathiesen,MAINT REPAIR SPECIALIST I,47680.44,0.00,900.00,21756.42,48580.44,70336.86,2016,,Truckee Meadows Community College,""
Nicole L Mcdowell,PROGRAM MANAGER,61371.08,0.00,0.00,8898.81,61371.08,70269.89,2016,,Truckee Meadows Community College,""
Leslieanne G R Jia,COORDINATOR,53993.37,0.00,0.00,16237.40,53993.37,70230.77,2016,,Truckee Meadows Community College,""
Nicole M Shimabuku,COORDINATOR,48262.05,0.00,0.00,21921.73,48262.05,70183.78,2016,,Truckee Meadows Community College,""
Engrid Noel Barnett,PTI SALARIED FOR CREDIT,35655.48,0.00,23835.36,10082.15,59490.84,69572.99,2016,,Truckee Meadows Community College,""
Joshua A Reynolds,UNIV POLICE SERGEANT,38476.62,8387.15,1955.16,20585.24,48818.93,69404.17,2016,,Truckee Meadows Community College,""
Tamara L Anderson,WEB COLLEGE SUPPORT SPECIALIST,45304.32,0.00,2906.25,21093.53,48210.57,69304.10,2016,,Truckee Meadows Community College,""
Scott K Weissman,ASSISTIVE TECHNICIAN,53183.87,0.00,0.00,16120.02,53183.87,69303.89,2016,,Truckee Meadows Community College,""
Randal W Walden,DIRECTOR,52728.23,0.00,3965.30,12557.70,56693.53,69251.23,2016,,Truckee Meadows Community College,""
Keri O Meranda,MASTER TEACHER,51917.02,0.00,1354.50,15936.33,53271.52,69207.85,2016,,Truckee Meadows Community College,""
William P Proebstel,SPECIALIST,52876.28,0.00,0.00,16075.42,52876.28,68951.70,2016,,Truckee Meadows Community College,""
Jeanne A. Anderson,ADMINISTRATIVE ASSISTANT IV,52866.42,0.00,0.00,16071.53,52866.42,68937.95,2016,,Truckee Meadows Community College,""
Elizabeth I Ortiz,SPECIALIST,52262.23,0.00,0.00,15986.37,52262.23,68248.60,2016,,Truckee Meadows Community College,""
Kelley Wong,SPECIALIST,52148.45,0.00,0.00,15969.89,52148.45,68118.34,2016,,Truckee Meadows Community College,""
Eriko Sakamura,COORDINATOR,50733.18,0.00,1309.28,15764.67,52042.46,67807.13,2016,,Truckee Meadows Community College,""
Camille S Vega,COORDINATOR,46382.54,0.00,0.00,21395.50,46382.54,67778.04,2016,,Truckee Meadows Community College,""
Travis J Sharpe,COORDINATOR,46382.54,0.00,0.00,21395.50,46382.54,67778.04,2016,,Truckee Meadows Community College,""
Izumi Shibasaki,LIBRARY TECHNICIAN II,46377.96,0.00,0.00,21391.64,46377.96,67769.60,2016,,Truckee Meadows Community College,""
Saloma L Helget-Wellard,ADMINISTRATIVE ASSISTANT IV,46377.96,0.00,0.00,21391.64,46377.96,67769.60,2016,,Truckee Meadows Community College,""
Jacqueline L. Mahannah,ADMINISTRATIVE ASSISTANT IV,46377.96,0.00,0.00,21391.64,46377.96,67769.60,2016,,Truckee Meadows Community College,""
Tamera E. Mooney,ADMINISTRATIVE ASSISTANT IV,46377.96,0.00,0.00,21391.64,46377.96,67769.60,2016,,Truckee Meadows Community College,""
Denise A. Pickering,PERSONNEL TECHNICIAN III,46377.96,0.00,0.00,21391.64,46377.96,67769.60,2016,,Truckee Meadows Community College,""
Michael L. Kelley,EQUIPMENT MECHANIC I,46377.96,0.00,0.00,21391.64,46377.96,67769.60,2016,,Truckee Meadows Community College,""
Ty A Hagar,THEATER TECHNICIAN II,51619.63,0.00,0.00,15890.69,51619.63,67510.32,2016,,Truckee Meadows Community College,""
Richard T Sorensen,SPECIALIST,50919.13,0.00,761.10,15791.63,51680.23,67471.86,2016,,Truckee Meadows Community College,""
Amy S Blomquist,ACADEMIC ADVISOR,51466.51,0.00,0.00,15871.00,51466.51,67337.51,2016,,Truckee Meadows Community College,""
Tara D Connolly,ACADEMIC ADVISOR,51466.51,0.00,0.00,15871.00,51466.51,67337.51,2016,,Truckee Meadows Community College,""
Michael S Dalton,ASSOCIATE,45638.66,0.00,500.00,21187.20,46138.66,67325.86,2016,,Truckee Meadows Community College,""
Jeanine Silver,ADMINISTRATIVE ASSISTANT IV,44711.40,0.00,1578.30,20925.03,46289.70,67214.73,2016,,Truckee Meadows Community College,""
Charlotte M. Lee,ADMINISTRATIVE ASSISTANT IV,45737.64,0.00,0.00,21212.36,45737.64,66950.00,2016,,Truckee Meadows Community College,""
Perla E. Petry,ACADEMIC ADVISOR,51031.91,0.00,0.00,15807.99,51031.91,66839.90,2016,,Truckee Meadows Community College,""
Michelle M. Turner,PROGRAM OFFICER II,45609.58,0.00,0.00,21176.51,45609.58,66786.09,2016,,Truckee Meadows Community College,""
Michelle D Montoya,COORDINATOR,57682.26,0.00,677.91,8363.93,58360.17,66724.10,2016,,Truckee Meadows Community College,""
Rain J Donohue,COORDINATOR,50919.13,0.00,0.00,15791.64,50919.13,66710.77,2016,,Truckee Meadows Community College,""
William Walbridge,NETWORK SUPPORT SPECIALIST,50919.13,0.00,0.00,15791.63,50919.13,66710.76,2016,,Truckee Meadows Community College,""
Kenneth Mela,SPECIALIST,45132.55,0.00,430.05,21045.49,45562.60,66608.09,2016,,Truckee Meadows Community College,""
Timothy C Ill,VIDEOGRAPHER,57800.98,0.00,300.00,8381.14,58100.98,66482.12,2016,,Truckee Meadows Community College,""
Yevonne F Allen,SPECIALIST,50713.21,0.00,0.00,15761.77,50713.21,66474.98,2016,,Truckee Meadows Community College,""
Jennifer A Zarco,COORDINATOR,45155.28,0.00,0.00,21051.84,45155.28,66207.12,2016,,Truckee Meadows Community College,""
Arian N Katsimbras,COMM COLL INSTRUCTOR,47540.00,0.00,4741.53,13903.16,52281.53,66184.69,2016,,Truckee Meadows Community College,""
Adine I Stormoen,PTI SALARIED FOR CREDIT,37415.09,0.00,23291.18,5425.19,60706.27,66131.46,2016,,Truckee Meadows Community College,""
Jeffrey Joseph Metcalf,PROGRAM OFFICER I,45092.10,0.00,0.00,21031.61,45092.10,66123.71,2016,,Truckee Meadows Community College,""
Raquel L. Depuy Grafton,COORDINATOR,48298.08,0.00,2325.00,15411.58,50623.08,66034.66,2016,,Truckee Meadows Community College,""
Kenneth A Breitag,BUDGET ANALYST,52100.94,0.00,0.00,13857.81,52100.94,65958.75,2016,,Truckee Meadows Community College,""
Kenneth L White,SPECIALIST,57888.49,0.00,825.00,7164.24,58713.49,65877.73,2016,,Truckee Meadows Community College,""
Stewart A Sumpton,COMM COLL INSTRUCTOR,47936.24,0.00,3716.53,13955.65,51652.77,65608.42,2016,,Truckee Meadows Community College,""
Dora L. Martin,ADMINISTRATIVE ASSISTANT IV,49942.79,0.00,0.00,15647.58,49942.79,65590.37,2016,,Truckee Meadows Community College,""
Donna Maxfield,ADMINISTRATIVE ASSISTANT IV,49881.32,0.00,0.00,15638.61,49881.32,65519.93,2016,,Truckee Meadows Community College,""
Carol A. Gribbin,ADMINISTRATIVE ASSISTANT III,49868.46,0.00,0.00,15442.27,49868.46,65310.73,2016,,Truckee Meadows Community College,""
Brandie L. Davis,GRAPHIC DESIGNER II,49154.13,0.00,600.00,15533.20,49754.13,65287.33,2016,,Truckee Meadows Community College,""
Maria D. Jimenez-Ortiz,GEAR UP AMBASSADOR COORDINATOR,44225.14,0.00,0.00,20791.39,44225.14,65016.53,2016,,Truckee Meadows Community College,""
Patricia A Aragona,SPECIALIST,49187.63,0.00,0.00,15540.59,49187.63,64728.22,2016,,Truckee Meadows Community College,""
Zachary R Totans,COORDINATOR,49187.63,0.00,0.00,15540.57,49187.63,64728.20,2016,,Truckee Meadows Community College,""
Grecia Anaya-Arevalo,ACADEMIC ADVISOR,49187.63,0.00,0.00,15540.57,49187.63,64728.20,2016,,Truckee Meadows Community College,""
Kurt A Hall,COUNSELOR,43640.33,0.00,0.00,21064.07,43640.33,64704.40,2016,,Truckee Meadows Community College,""
Alyssa A Mort,COMPUTER TECHNICIAN,48298.08,0.00,900.00,15411.58,49198.08,64609.66,2016,,Truckee Meadows Community College,""
Barbara R. Evans,EXECUTIVE ASSISTANT,43887.15,0.00,0.00,20694.23,43887.15,64581.38,2016,,Truckee Meadows Community College,""
Quest M Vankirk,INFO TECH/USER SUPPORT,48700.53,0.00,0.00,15469.94,48700.53,64170.47,2016,,Truckee Meadows Community College,""
Kathleen Berry,MARKETING MANAGER,48319.50,0.00,351.00,15414.74,48670.50,64085.24,2016,,Truckee Meadows Community College,""
Sione Tasini Lavaka,ACADEMIC ADVISOR,48600.08,0.00,0.00,15455.37,48600.08,64055.45,2016,,Truckee Meadows Community College,""
Terri E Hull,ADMINISTRATIVE ASSISTANT III,48526.86,0.00,0.00,15442.27,48526.86,63969.13,2016,,Truckee Meadows Community College,""
Ellie L. Wilkins,ADMINISTRATIVE ASSISTANT III,48526.86,0.00,0.00,15442.27,48526.86,63969.13,2016,,Truckee Meadows Community College,""
Sandra K Martinez,COMM COLL INSTRUCTOR,47573.63,0.00,9412.50,6898.18,56986.13,63884.31,2016,,Truckee Meadows Community College,""
Felicia Nichols,CONSTRUCTION PROJECT COOR I,48345.99,0.00,0.00,15416.05,48345.99,63762.04,2016,,Truckee Meadows Community College,""
Baldo R Bobadilla,COORDINATOR,48298.08,0.00,0.00,15411.58,48298.08,63709.66,2016,,Truckee Meadows Community College,""
Jill K Barrett,STUDENT,48298.08,0.00,0.00,15411.58,48298.08,63709.66,2016,,Truckee Meadows Community College,""
Jeanette A Durbin,SPECIALIST,48892.61,0.00,0.00,14796.06,48892.61,63688.67,2016,,Truckee Meadows Community College,""
Nayesdi Badillo Delgado,COORDINATOR,42719.65,0.00,0.00,20369.81,42719.65,63089.46,2016,,Truckee Meadows Community College,""
Janet A Bicker,ADMINISTRATIVE ASSISTANT III,42569.97,0.00,0.00,20325.45,42569.97,62895.42,2016,,Truckee Meadows Community College,""
Michael A. Novosel,ACCOUNTING ASSISTANT III,42569.97,0.00,0.00,20325.45,42569.97,62895.42,2016,,Truckee Meadows Community College,""
Feliciano G. Rios,CUSTODIAL WORKER II,35863.14,6006.46,1793.24,18949.74,43662.84,62612.58,2016,,Truckee Meadows Community College,""
Kellie L Carter,COMM COLL INSTRUCTOR,52876.10,0.00,1896.88,7667.03,54772.98,62440.01,2016,,Truckee Meadows Community College,""
Rebecca E Josten,EXECUTIVE ASSISTANT,47172.68,0.00,0.00,15245.92,47172.68,62418.60,2016,,Truckee Meadows Community College,""
Toni R Hippert,ADMINISTRATIVE ASSISTANT IV,41578.96,0.00,0.00,20048.01,41578.96,61626.97,2016,,Truckee Meadows Community College,""
Natalie A Russell,COMM COLLEGE PROFESSOR,49526.47,0.00,0.00,12093.45,49526.47,61619.92,2016,,Truckee Meadows Community College,""
Ana Lidia Ferreira,LIBRARY TECHNICIAN I,41477.60,0.00,0.00,20019.63,41477.60,61497.23,2016,,Truckee Meadows Community College,""
Arkaitz Aldecoaotalora,PROGRAM OFFICER I,44006.41,0.00,2200.41,15105.83,46206.82,61312.65,2016,,Truckee Meadows Community College,""
Jennifer L O'Bryan-Taft,SPECIALIST,46626.66,0.00,0.00,14469.98,46626.66,61096.64,2016,,Truckee Meadows Community College,""
Beverly Bavaro,WEB SUPPORT ASSISTANT,45980.86,0.00,0.00,15075.58,45980.86,61056.44,2016,,Truckee Meadows Community College,""
William B Berry,UNIV POLICE OFFICER II,42435.12,3320.52,1110.44,13246.09,46866.08,60112.17,2016,,Truckee Meadows Community College,""
Valerie L. Lambert,PROGRAM OFFICER I,44968.00,0.00,0.00,14926.22,44968.00,59894.22,2016,,Truckee Meadows Community College,""
Robert J Toombs,HVACR SPECIALIST I,42249.37,872.59,1948.34,14783.76,45070.30,59854.06,2016,,Truckee Meadows Community College,""
Jeremy S Schachter,ASSOCIATE,40333.38,0.00,5000.00,14256.70,45333.38,59590.08,2016,,Truckee Meadows Community College,""
Ruth H Fiorini,ADMINISTRATIVE ASSISTANT II,44479.62,0.00,0.00,14855.38,44479.62,59335.00,2016,,Truckee Meadows Community College,""
Bradley A Thompson,COMM COLL INSTRUCTOR,42800.12,0.00,9145.26,6907.75,51945.38,58853.13,2016,,Truckee Meadows Community College,""
Nancy Quintero-Orozco,ADMINISTRATIVE ASSISTANT IV,44019.52,0.00,0.00,14788.64,44019.52,58808.16,2016,,Truckee Meadows Community College,""
David A. Murray,GROUNDS SUPERVISOR II,41302.77,2102.21,900.00,14394.77,44304.98,58699.75,2016,,Truckee Meadows Community College,""
James E Nichols,PROGRAM DIRECTOR,43917.60,0.00,0.00,14776.41,43917.60,58694.01,2016,,Truckee Meadows Community College,""
Queency A Fernandez,ADMINISTRATIVE ASSISTANT IV,37102.42,0.00,0.00,21391.77,37102.42,58494.19,2016,,Truckee Meadows Community College,""
Marcella L Iannacchione,COORDINATOR,51031.87,0.00,0.00,7399.62,51031.87,58431.49,2016,,Truckee Meadows Community College,""
Mary E. Henry,ACCOUNTING ASSISTANT III,43615.94,83.63,0.00,14730.22,43699.57,58429.79,2016,,Truckee Meadows Community College,""
Shaun R Guardanapo,UNIV POLICE OFFICER II,32394.45,5311.10,2403.28,18303.47,40108.83,58412.30,2016,,Truckee Meadows Community College,""
Katharine B. Dwyer,SPECIAL PROJECTS - HOURLY,40059.91,0.00,15684.00,2527.92,55743.91,58271.83,2016,,Truckee Meadows Community College,""
Michelle C Garlock,COORDINATOR,50438.36,0.00,0.00,7313.56,50438.36,57751.92,2016,,Truckee Meadows Community College,""
Maria T Wehr,PTI SALARIED FOR CREDIT,36247.40,0.00,11301.52,10167.98,47548.92,57716.90,2016,,Truckee Meadows Community College,""
Erin L Sullivan,ADMINISTRATIVE ASSISTANT II,38449.65,0.00,0.00,19171.81,38449.65,57621.46,2016,,Truckee Meadows Community College,""
Carole A Chouinard,PROGRAM OFFICER I,42884.20,0.00,0.00,14624.15,42884.20,57508.35,2016,,Truckee Meadows Community College,""
Richard R. Gruber,UNIV POLICE OFFICER II,33889.40,4224.74,980.18,18332.55,39094.32,57426.87,2016,,Truckee Meadows Community College,""
Jill A Channing,DEAN,46607.50,0.00,0.00,10254.34,46607.50,56861.84,2016,,Truckee Meadows Community College,""
Lisa Ann Lockrem,ADMINISTRATIVE ASSISTANT II,42034.92,0.00,0.00,14500.97,42034.92,56535.89,2016,,Truckee Meadows Community College,""
Donald Fontana,MAINT REPAIR SPECIALIST I,41112.72,408.58,538.38,14445.27,42059.68,56504.95,2016,,Truckee Meadows Community College,""
Jennifer Huntley-Smith,COMM COLL INSTRUCTOR,43165.62,0.00,0.00,13268.89,43165.62,56434.51,2016,,Truckee Meadows Community College,""
Hallie E. Madole,ADMINISTRATIVE ASSISTANT III,35131.70,0.00,2906.25,18242.73,38037.95,56280.68,2016,,Truckee Meadows Community College,""
Linda Schoen,ADMINISTRATIVE ASSISTANT III,41794.09,0.00,0.00,14466.03,41794.09,56260.12,2016,,Truckee Meadows Community College,""
Patricia W. Hensley,ADMINISTRATIVE ASSISTANT III,37172.72,0.00,0.00,18814.27,37172.72,55986.99,2016,,Truckee Meadows Community College,""
Jennifer L Kersten,SPECIALIST,41317.49,0.00,0.00,14399.40,41317.49,55716.89,2016,,Truckee Meadows Community College,""
Janice Louise Kuper,COMM COLLEGE PROFESSOR,38402.56,0.00,6810.33,10480.48,45212.89,55693.37,2016,,Truckee Meadows Community College,""
Roxanne L. Sharp-Strauser,ADMINISTRATIVE ASSISTANT III,36940.20,0.00,0.00,18749.15,36940.20,55689.35,2016,,Truckee Meadows Community College,""
Graciela De La Torre,ADMINISTRATIVE ASSISTANT II,41244.35,0.00,0.00,14386.30,41244.35,55630.65,2016,,Truckee Meadows Community College,""
Joy F Alverson,PTI HOURLY FOR CREDIT,42285.71,0.00,2666.00,10641.40,44951.71,55593.11,2016,,Truckee Meadows Community College,""
Nevin E Nyswonger,COMM COLL INSTRUCTOR,40520.27,0.00,775.00,14283.80,41295.27,55579.07,2016,,Truckee Meadows Community College,""
John L Frederick,PROGRAM OFFICER I,41190.15,0.00,0.00,14378.44,41190.15,55568.59,2016,,Truckee Meadows Community College,""
Mitra K Zahedni,TECHNICAL ASSISTANT,40436.16,0.00,681.30,14271.60,41117.46,55389.06,2016,,Truckee Meadows Community College,""
Toni P. Stricklan,CHILD CARE WORKER II,40880.43,0.00,0.00,14333.52,40880.43,55213.95,2016,,Truckee Meadows Community College,""
Renee J. Caudill,CHILD CARE WORKER II,40880.43,0.00,0.00,14333.52,40880.43,55213.95,2016,,Truckee Meadows Community College,""
Jane J. Zhang,LIBRARY TECHNICIAN I,36507.81,0.00,0.00,18628.10,36507.81,55135.91,2016,,Truckee Meadows Community College,""
Randall C Bowling,PROGRAM DIRECTOR,43718.40,0.00,0.00,11251.28,43718.40,54969.68,2016,,Truckee Meadows Community College,""
Wyatt J Ziebell,EQUIPMENT MECHANIC I,33764.41,0.00,7900.00,13301.66,41664.41,54966.07,2016,,Truckee Meadows Community College,""
Andrew G Daniels,COMM COLL INSTRUCTOR,38440.28,0.00,4456.25,11877.01,42896.53,54773.54,2016,,Truckee Meadows Community College,""
Oscar Garcia Restrepo,CUSTODIAL WORKER II,36062.69,2834.24,1803.23,13896.45,40700.16,54596.61,2016,,Truckee Meadows Community College,""
Patricia Ann Freeman,EXECUTIVE ASSISTANT,36803.32,0.00,1834.77,15916.30,38638.09,54554.39,2016,,Truckee Meadows Community College,""
Debra L. Anderson,ADMINISTRATIVE ASSISTANT III,36017.09,0.00,0.00,18490.65,36017.09,54507.74,2016,,Truckee Meadows Community College,""
Amber J Ka'Ai'Ai,ADMINISTRATIVE ASSISTANT III,39322.26,0.00,475.00,14107.69,39797.26,53904.95,2016,,Truckee Meadows Community College,""
Ygnacio Vazquez-Guzman,SUPPORT ASSISTANT,38870.29,0.00,900.00,14044.55,39770.29,53814.84,2016,,Truckee Meadows Community College,""
Clinton C Bennett,COMM COLL INSTRUCTOR,29712.48,0.00,14795.59,9220.42,44508.07,53728.49,2016,,Truckee Meadows Community College,""
James Roderick,PTI SALARIED FOR CREDIT,30893.80,0.00,10836.54,11311.51,41730.34,53041.85,2016,,Truckee Meadows Community College,""
Ramon C. Ochoa,CUSTODIAL WORKER I,33015.63,215.25,1650.69,18112.55,34881.57,52994.12,2016,,Truckee Meadows Community College,""
Lael R Eckman,ASSOCIATE,38870.29,0.00,0.00,14044.55,38870.29,52914.84,2016,,Truckee Meadows Community College,""
Natalie E Fisher,ASSOCIATE,38870.29,0.00,0.00,14044.55,38870.29,52914.84,2016,,Truckee Meadows Community College,""
Jose A Torres-Jasso,ADMISSIONS & RECORDS ASST III,36728.55,129.15,1902.55,14007.40,38760.25,52767.65,2016,,Truckee Meadows Community College,""
Jaime Muhle,ACCOUNTING ASSISTANT II,38723.70,0.00,0.00,14020.86,38723.70,52744.56,2016,,Truckee Meadows Community College,""
Christene B. Steffens,ADMINISTRATIVE ASSISTANT III,34591.99,0.00,32.68,18100.75,34624.67,52725.42,2016,,Truckee Meadows Community College,""
Valerie R Kelley,ADMINISTRATIVE ASSISTANT IV,38102.52,0.00,512.50,13930.78,38615.02,52545.80,2016,,Truckee Meadows Community College,""
Melody S Pike,CUSTODIAL SUPERVISOR II,32047.12,761.22,4176.25,15281.28,36984.59,52265.87,2016,,Truckee Meadows Community College,""
Cynthia M Jakus,PTI SALARIED FOR CREDIT,35480.97,0.00,6021.45,10756.10,41502.42,52258.52,2016,,Truckee Meadows Community College,""
Rhonda A. Knagenhelm,CUSTODIAL WORKER I,33015.63,433.24,562.40,17807.74,34011.27,51819.01,2016,,Truckee Meadows Community College,""
Christine E Boston,COMM COLL INSTRUCTOR,32684.19,0.00,9257.98,9651.32,41942.17,51593.49,2016,,Truckee Meadows Community College,""
Dante Vargas,CUSTODIAL WORKER I,37636.20,0.00,0.00,13863.13,37636.20,51499.33,2016,,Truckee Meadows Community College,""
Araceli Cuevas,ADMINISTRATIVE ASSISTANT II,31698.45,108.12,1584.93,17725.21,33391.50,51116.71,2016,,Truckee Meadows Community College,""
Humberto Hernandez,SPECIALIST,32935.35,0.00,8250.56,9687.72,41185.91,50873.63,2016,,Truckee Meadows Community College,""
Joel T Fredrickson,COMM COLL INSTRUCTOR,39655.63,0.00,387.50,10662.18,40043.13,50705.31,2016,,Truckee Meadows Community College,""
Norberto G. Padilla,CUSTODIAL WORKER I,33015.63,0.00,0.00,17650.21,33015.63,50665.84,2016,,Truckee Meadows Community College,""
Jennifer A. Kaufman,SPECIALIST,32905.71,0.00,0.00,17621.98,32905.71,50527.69,2016,,Truckee Meadows Community College,""
Amanda Mae S Sabiniano,ADMINISTRATIVE ASSISTANT III,36582.55,0.00,0.00,13710.32,36582.55,50292.87,2016,,Truckee Meadows Community College,""
Joachim Baumgartner,"GROUNDS MAINT WORKER V, GRNDS",36247.49,363.94,0.00,13661.73,36611.43,50273.16,2016,,Truckee Meadows Community College,""
John R. Farnham,GROUNDS MAINTENANCE WORKER III,36555.29,0.00,0.00,13706.38,36555.29,50261.67,2016,,Truckee Meadows Community College,""
Cynthia Olivo,NSHE SPECIALIST II,43791.37,0.00,0.00,6349.73,43791.37,50141.10,2016,,Truckee Meadows Community College,""
Helen S Scott,ADMINISTRATIVE ASSISTANT IV,35534.93,0.00,835.44,13679.56,36370.37,50049.93,2016,,Truckee Meadows Community College,""
Racheal J. Rotter,ADMINISTRATIVE ASSISTANT III,29744.12,2723.04,9000.00,8328.27,41467.16,49795.43,2016,,Truckee Meadows Community College,""
Jean M Lampson,ADMINISTRATIVE ASSISTANT III,36017.39,0.00,0.00,13628.34,36017.39,49645.73,2016,,Truckee Meadows Community College,""
Dolores A Segal,ACCOUNTING ASSISTANT III,31930.74,0.00,0.00,17346.53,31930.74,49277.27,2016,,Truckee Meadows Community College,""
Tara L Lewis,ADMINISTRATIVE ASSISTANT III,30698.56,1556.75,0.00,17001.49,32255.31,49256.80,2016,,Truckee Meadows Community College,""
Michael C Carr,LIBRARY TECHNICIAN I,31455.73,0.00,0.00,17213.54,31455.73,48669.27,2016,,Truckee Meadows Community College,""
Courtney A Pentecost,ASSOCIATE,40813.30,0.00,1875.00,5917.93,42688.30,48606.23,2016,,Truckee Meadows Community College,""
Karen A Ozbek,COMM COLL INSTRUCTOR,34982.23,0.00,0.00,13480.78,34982.23,48463.01,2016,,Truckee Meadows Community College,""
Chamaea C. Edwards,ADMINISTRATIVE ASSISTANT III,34960.95,0.00,0.00,13475.21,34960.95,48436.16,2016,,Truckee Meadows Community College,""
Absalon H. Ogaldez,CUSTODIAL WORKER I,29634.88,0.00,1481.69,17118.58,31116.57,48235.15,2016,,Truckee Meadows Community College,""
Christine B Emmons,LAB TECHNICIAN II,34637.31,0.00,0.00,13428.28,34637.31,48065.59,2016,,Truckee Meadows Community College,""
Jose Luis Chavez,CUSTODIAL WORKER I,29084.97,139.70,1454.27,16956.91,30678.94,47635.85,2016,,Truckee Meadows Community College,""
David E Simon,MAINT REPAIR SPECIALIST I,33616.05,735.22,1117.70,11931.90,35468.97,47400.87,2016,,Truckee Meadows Community College,""
Gina M True,ADMINISTRATIVE ASSISTANT II,33365.21,191.20,0.00,13243.80,33556.41,46800.21,2016,,Truckee Meadows Community College,""
Linda E Walker,CUSTODIAL WORKER II,31901.16,1623.82,0.00,13031.57,33524.98,46556.55,2016,,Truckee Meadows Community College,""
Inna O. Makovskaya,CUSTODIAL WORKER I,28216.71,170.80,1410.83,16701.65,29798.34,46499.99,2016,,Truckee Meadows Community College,""
Deborah L Skeans,COMM COLL INSTRUCTOR,30531.13,0.00,6357.59,9339.12,36888.72,46227.84,2016,,Truckee Meadows Community College,""
Jacqueline K Draper,ADMINISTRATIVE ASSISTANT II,32989.37,0.00,0.00,13189.31,32989.37,46178.68,2016,,Truckee Meadows Community College,""
Heather N Combs-Salley,ADMINISTRATIVE ASSISTANT II,32935.04,0.00,0.00,13181.43,32935.04,46116.47,2016,,Truckee Meadows Community College,""
Marcia P Hoch,SPECIALIST,32749.37,0.00,0.00,13157.02,32749.37,45906.39,2016,,Truckee Meadows Community College,""
Saray R Wagner,ACCOUNTING ASSISTANT III,31531.49,0.00,1817.32,12539.72,33348.81,45888.53,2016,,Truckee Meadows Community College,""
Miguel A Martinez,COORDINATOR,31290.54,0.00,0.00,14362.79,31290.54,45653.33,2016,,Truckee Meadows Community College,""
Grace E Tout,ADMINISTRATIVE ASSISTANT III,28723.05,0.00,279.48,16526.65,29002.53,45529.18,2016,,Truckee Meadows Community College,""
Jimmy L. Fortner,CUSTODIAL WORKER I,30852.43,0.00,1542.61,13103.21,32395.04,45498.25,2016,,Truckee Meadows Community College,""
Margaret G Ulleseit,ADMINISTRATIVE ASSISTANT II,28868.17,0.00,0.00,16489.01,28868.17,45357.18,2016,,Truckee Meadows Community College,""
Bela Fishlin,CUSTODIAL WORKER I,30711.08,0.00,1535.54,13081.68,32246.62,45328.30,2016,,Truckee Meadows Community College,""
Lauren Degraffenreid,PTI SALARIED FOR CREDIT,29712.48,0.00,6226.38,9220.42,35938.86,45159.28,2016,,Truckee Meadows Community College,""
Manuela Dobbert,ADMINISTRATIVE ASSISTANT II,31788.69,0.00,0.00,13015.26,31788.69,44803.95,2016,,Truckee Meadows Community College,""
Eric M Neuenfeldt,COMM COLL INSTRUCTOR,34122.27,0.00,775.00,9859.84,34897.27,44757.11,2016,,Truckee Meadows Community College,""
Cassandra C Hawthorne,ADMINISTRATIVE ASSISTANT II,31644.51,0.00,0.00,12994.37,31644.51,44638.88,2016,,Truckee Meadows Community College,""
Donna L Saunders,ADMINISTRATIVE ASSISTANT III,35182.21,0.00,0.00,9296.91,35182.21,44479.12,2016,,Truckee Meadows Community College,""
Gabriela Renteria,PERSONNEL TECHNICIAN I,26808.39,0.00,1340.42,16287.55,28148.81,44436.36,2016,,Truckee Meadows Community College,""
Carolina Marti Martinez,ADMINISTRATIVE ASSISTANT II,31023.33,0.00,0.00,12904.31,31023.33,43927.64,2016,,Truckee Meadows Community College,""
Erin L Coleman,ACCOUNTING ASSISTANT II,30968.52,0.00,0.00,12896.37,30968.52,43864.89,2016,,Truckee Meadows Community College,""
Maureen P Leshendok,LIBRARIAN,37174.90,0.00,736.25,5390.36,37911.15,43301.51,2016,,Truckee Meadows Community College,""
Loretta C Strang,CHILD CARE WORKER II,30134.19,0.00,0.00,12775.40,30134.19,42909.59,2016,,Truckee Meadows Community College,""
Duane L Hawthorne,RETAIL STOREKEEPER I,30116.79,0.00,0.00,12772.88,30116.79,42889.67,2016,,Truckee Meadows Community College,""
Kyle H Sadanaga,PTI SALARIED FOR CREDIT,42696.58,0.00,0.00,0.00,42696.58,42696.58,2016,,Truckee Meadows Community College,""
Jeffrey J Erickson,CUSTODIAL WORKER I,28090.72,130.02,1404.55,12682.65,29625.29,42307.94,2016,,Truckee Meadows Community College,""
Ruben N Perez,FOOD SERVICE WORKER II,29571.14,0.00,0.00,12693.74,29571.14,42264.88,2016,,Truckee Meadows Community College,""
Lisette Rodriguez,CUSTODIAL WORKER I,27944.83,243.79,1397.25,12660.45,29585.87,42246.32,2016,,Truckee Meadows Community College,""
Laura G Meacham,ADMINISTRATIVE ASSISTANT II,30134.33,0.00,0.00,12076.16,30134.33,42210.49,2016,,Truckee Meadows Community College,""
Edgardo D. Basoalto,CUSTODIAL WORKER I,28852.12,0.00,0.00,12589.49,28852.12,41441.61,2016,,Truckee Meadows Community College,""
Sofia Gonzalez Carretero,CUSTODIAL WORKER I,28208.09,331.20,0.00,12496.05,28539.29,41035.34,2016,,Truckee Meadows Community College,""
Clare E Steppat,ADMINISTRATIVE ASSISTANT III,21705.77,0.00,12365.49,6655.95,34071.26,40727.21,2016,,Truckee Meadows Community College,""
Barbara L Aten,MAIL SERVICE TECHNICIAN,28531.69,0.00,0.00,11841.20,28531.69,40372.89,2016,,Truckee Meadows Community College,""
Turguy Dogan,SPECIALIST,30462.88,0.00,0.00,9329.23,30462.88,39792.11,2016,,Truckee Meadows Community College,""
Sydnee Lee Franzwa,LAB TECHNICIAN II,18429.70,0.00,18177.50,2672.29,36607.20,39279.49,2016,,Truckee Meadows Community College,""
Lee C Good,MAINTENANCE REPAIR WORKER IV,30159.65,602.19,2604.24,4415.91,33366.08,37781.99,2016,,Truckee Meadows Community College,""
Shirley S Litton,ACCOUNTING ASSISTANT II,23733.38,0.00,0.00,13625.58,23733.38,37358.96,2016,,Truckee Meadows Community College,""
Yolanda Rangel,SPECIALIST,28173.88,0.00,0.00,8997.32,28173.88,37171.20,2016,,Truckee Meadows Community College,""
Jennifer D Link,ASSOCIATE,28130.99,0.00,0.00,8978.72,28130.99,37109.71,2016,,Truckee Meadows Community College,""
Jeff A Harootunian,PTI SALARIED FOR CREDIT,32642.83,0.00,0.00,4207.90,32642.83,36850.73,2016,,Truckee Meadows Community College,""
Kelly E Ogilvie,SPECIALIST,26710.30,0.00,477.27,8785.10,27187.57,35972.67,2016,,Truckee Meadows Community College,""
Jody K Klann,PTI SALARIED FOR CREDIT,33783.75,0.00,0.00,2102.71,33783.75,35886.46,2016,,Truckee Meadows Community College,""
Barbara A Walden,DIRECTOR,29400.34,0.00,0.00,6360.80,29400.34,35761.14,2016,,Truckee Meadows Community College,""
Denise T Bentley,EXECUTIVE ASSISTANT,19917.83,0.00,4562.08,11181.61,24479.91,35661.52,2016,,Truckee Meadows Community College,""
Tedianne Taylor,ADMINISTRATIVE ASSISTANT III,26852.81,0.00,0.00,8790.86,26852.81,35643.67,2016,,Truckee Meadows Community College,""
William J Martinez,GROUNDS MAINTENANCE WORKER III,31099.26,0.00,0.00,4509.44,31099.26,35608.70,2016,,Truckee Meadows Community College,""
Brenda R Arellano,ADMINISTRATIVE AID,22070.79,0.00,2016.90,10367.66,24087.69,34455.35,2016,,Truckee Meadows Community College,""
Peter J Murphy,PTI SALARIED FOR CREDIT,27274.81,0.00,0.00,7004.90,27274.81,34279.71,2016,,Truckee Meadows Community College,""
Amanda L. Godin,ADMINISTRATIVE ASSISTANT IV,25034.21,0.00,0.00,9091.90,25034.21,34126.11,2016,,Truckee Meadows Community College,""
Terrence B Mendez,COMM COLL INSTRUCTOR,25223.64,0.00,3000.00,5755.18,28223.64,33978.82,2016,,Truckee Meadows Community College,""
Linda A Schneider-Erger,SPECIALIST,18974.24,0.00,9649.25,4849.01,28623.49,33472.50,2016,,Truckee Meadows Community College,""
Virginia E Irintcheva,COMM COLL INSTRUCTOR,25468.40,0.00,1800.00,5790.67,27268.40,33059.07,2016,,Truckee Meadows Community College,""
Rocio Chavez,ACCOUNTING ASSISTANT III,20604.21,0.00,1367.51,10967.30,21971.72,32939.02,2016,,Truckee Meadows Community College,""
Carlos Gonzalez,WELDER II,22925.37,0.00,2137.47,7534.61,25062.84,32597.45,2016,,Truckee Meadows Community College,""
Terri-Ann Parsons,ADMINISTRATIVE ASSISTANT II,20877.90,0.00,2703.39,8636.15,23581.29,32217.44,2016,,Truckee Meadows Community College,""
Nicole J Grose,PTI SALARIED FOR CREDIT,20478.48,0.00,2325.00,9242.61,22803.48,32046.09,2016,,Truckee Meadows Community College,""
Jane A Haggerty,PTI SALARIED FOR CREDIT,26437.50,0.00,0.00,5606.40,26437.50,32043.90,2016,,Truckee Meadows Community College,""
Kristie L Watson,"TEMPORARY, INTERPRETER",32028.00,0.00,0.00,0.00,32028.00,32028.00,2016,,Truckee Meadows Community College,""
Jason E Reynolds,ADMINISTRATIVE ASSISTANT III,24042.45,253.37,0.00,7696.50,24295.82,31992.32,2016,,Truckee Meadows Community College,""
Karen J Wikander,COMM COLL INSTRUCTOR,25468.40,0.00,0.00,6489.91,25468.40,31958.31,2016,,Truckee Meadows Community College,""
Joylin Namie,COMM COLL INSTRUCTOR,25468.40,0.00,0.00,5790.67,25468.40,31259.07,2016,,Truckee Meadows Community College,""
Leslie Anne Combs,ADMINISTRATIVE ASSISTANT III,22313.76,0.00,0.00,8834.44,22313.76,31148.20,2016,,Truckee Meadows Community College,""
Darren F Mckay,SPECIALIST,23417.25,0.00,0.00,7605.88,23417.25,31023.13,2016,,Truckee Meadows Community College,""
Larissa Jeanne Faulkner,Not Provided,24949.11,0.00,0.00,5606.40,24949.11,30555.51,2016,,Truckee Meadows Community College,""
Aaron M Gomez,PTI SALARIED FOR CREDIT,17509.14,0.00,8347.50,4636.58,25856.64,30493.22,2016,,Truckee Meadows Community College,""
Virginia B Castleman,PTI SALARIED FOR CREDIT,6912.22,0.00,17646.28,5909.42,24558.50,30467.92,2016,,Truckee Meadows Community College,""
Amy M Cavanaugh,COMM COLL INSTRUCTOR,23940.00,0.00,600.00,5569.05,24540.00,30109.05,2016,,Truckee Meadows Community College,""
Elmer A Sanchez Manzanares,CUSTODIAL WORKER I,19531.27,163.52,1766.69,8582.46,21461.48,30043.94,2016,,Truckee Meadows Community College,""
Sherry A Mcgee,SPECIAL PROJECTS - HOURLY,29967.00,0.00,0.00,0.00,29967.00,29967.00,2016,,Truckee Meadows Community College,""
Robert L Lively,COMM COLL INSTRUCTOR,23770.20,0.00,0.00,5544.43,23770.20,29314.63,2016,,Truckee Meadows Community College,""
Ann'Et F. Macdonald,ADMINISTRATIVE ASSISTANT III,19137.23,0.00,605.47,9566.12,19742.70,29308.82,2016,,Truckee Meadows Community College,""
Benjamin M Davis,MANAGER,22750.51,0.00,400.00,6095.82,23150.51,29246.33,2016,,Truckee Meadows Community College,""
Pamela M Elges,PTI SALARIED FOR CREDIT,27054.67,0.00,0.00,2105.19,27054.67,29159.86,2016,,Truckee Meadows Community College,""
Jennifer C Kurowski,PTI SALARIED FOR CREDIT,29084.12,0.00,0.00,0.00,29084.12,29084.12,2016,,Truckee Meadows Community College,""
Joshua J Howard,CUSTODIAL WORKER I,18286.73,223.91,1452.21,8264.74,19962.85,28227.59,2016,,Truckee Meadows Community College,""
Daniel J Adams,COMM COLLEGE PROFESSOR,20237.63,0.00,0.00,7846.57,20237.63,28084.20,2016,,Truckee Meadows Community College,""
Barbara L Alberti,ADMINISTRATIVE ASSISTANT III,1935.88,0.00,25577.88,492.07,27513.76,28005.83,2016,,Truckee Meadows Community College,""
Tanya E Farnung-Morrison,COMM COLL INSTRUCTOR,21900.00,0.00,600.00,5273.25,22500.00,27773.25,2016,,Truckee Meadows Community College,""
Cynthia L Porter,PTI SALARIED FOR CREDIT,26995.00,0.00,0.00,701.73,26995.00,27696.73,2016,,Truckee Meadows Community College,""
Kim Patricia Bouweraerts,MARKETING SPECIALIST,21468.14,0.00,200.00,5909.90,21668.14,27578.04,2016,,Truckee Meadows Community College,""
Donna K Clifton,ADMINISTRATIVE AID,24038.33,0.00,0.00,3485.60,24038.33,27523.93,2016,,Truckee Meadows Community College,""
Toni W Richard,PTI SALARIED FOR CREDIT,24675.00,0.00,0.00,2799.48,24675.00,27474.48,2016,,Truckee Meadows Community College,""
Nathan G Miller,PTI SALARIED FOR CREDIT,26537.50,0.00,0.00,701.73,26537.50,27239.23,2016,,Truckee Meadows Community College,""
Luis Deleon,PTI SALARIED FOR CREDIT,27184.07,0.00,0.00,0.00,27184.07,27184.07,2016,,Truckee Meadows Community College,""
Mark W Maynard,COMM COLL INSTRUCTOR,19100.76,0.00,2325.00,4867.36,21425.76,26293.12,2016,,Truckee Meadows Community College,""
Wing C Lam,COMM COLL INSTRUCTOR,20884.00,0.00,0.00,5125.93,20884.00,26009.93,2016,,Truckee Meadows Community College,""
Casey J. Machen,COMM COLL INSTRUCTOR,20884.00,0.00,0.00,5125.93,20884.00,26009.93,2016,,Truckee Meadows Community College,""
Andrea L Simone-Call,PTI SALARIED FOR CREDIT,25667.20,0.00,0.00,0.00,25667.20,25667.20,2016,,Truckee Meadows Community College,""
Hieu T Do,COMM COLL INSTRUCTOR,20374.56,0.00,0.00,5052.06,20374.56,25426.62,2016,,Truckee Meadows Community College,""
Merlita Mateo,PTI SALARIED FOR CREDIT,25309.00,0.00,0.00,0.00,25309.00,25309.00,2016,,Truckee Meadows Community College,""
Sharif M. Rumjahn,PTI SALARIED FOR CREDIT,25275.00,0.00,0.00,0.00,25275.00,25275.00,2016,,Truckee Meadows Community College,""
Victoria M. Martinez,MASTER TEACHER,19448.41,0.00,0.00,5617.02,19448.41,25065.43,2016,,Truckee Meadows Community College,""
Keith Daniel Hooper,COMM COLL INSTRUCTOR,19966.92,0.00,0.00,4992.95,19966.92,24959.87,2016,,Truckee Meadows Community College,""
Joshua D Shinn,COMM COLL INSTRUCTOR,19949.84,0.00,0.00,4990.48,19949.84,24940.32,2016,,Truckee Meadows Community College,""
Tanja Hayes,COMM COLL INSTRUCTOR,19737.48,0.00,0.00,4959.68,19737.48,24697.16,2016,,Truckee Meadows Community College,""
Jennifer A Pierce,ACADEMIC ADVISOR,18381.18,0.00,0.00,5462.27,18381.18,23843.45,2016,,Truckee Meadows Community College,""
Daniel J Sorensen,PTI SALARIED FOR CREDIT,23418.75,0.00,0.00,0.00,23418.75,23418.75,2016,,Truckee Meadows Community College,""
Paula Jo Kizis,"TEMPORARY, CLERICAL",23275.00,0.00,0.00,0.00,23275.00,23275.00,2016,,Truckee Meadows Community College,""
Miguel A Diaz-Bonilla,ASSISTANT,16583.50,0.00,0.00,6602.59,16583.50,23186.09,2016,,Truckee Meadows Community College,""
Weston S Lee,PTI SALARIED FOR CREDIT,23150.88,0.00,0.00,0.00,23150.88,23150.88,2016,,Truckee Meadows Community College,""
Richard A Catlin,PTI SALARIED FOR CREDIT,22837.50,0.00,0.00,0.00,22837.50,22837.50,2016,,Truckee Meadows Community College,""
Connie L Mitchell,PTI SALARIED FOR CREDIT,20256.25,0.00,0.00,2105.19,20256.25,22361.44,2016,,Truckee Meadows Community College,""
Victoria A Kolar,PTI SALARIED FOR CREDIT,22345.00,0.00,0.00,0.00,22345.00,22345.00,2016,,Truckee Meadows Community College,""
Tawni J Grubaugh,PTI SALARIED FOR CREDIT,22069.00,0.00,0.00,0.00,22069.00,22069.00,2016,,Truckee Meadows Community College,""
Karen M Magstadt,MANAGER,5604.68,0.00,14152.80,2271.04,19757.48,22028.52,2016,,Truckee Meadows Community College,""
John Hadder,PTI SALARIED FOR CREDIT,21925.00,0.00,0.00,0.00,21925.00,21925.00,2016,,Truckee Meadows Community College,""
Sharon R Hansen,PTI SALARIED FOR CREDIT,21921.00,0.00,0.00,0.00,21921.00,21921.00,2016,,Truckee Meadows Community College,""
Gay S Lutz,PTI HOURLY FOR CREDIT,21903.36,0.00,0.00,0.00,21903.36,21903.36,2016,,Truckee Meadows Community College,""
Jeannine V Lamar,PTI SALARIED FOR CREDIT,21811.25,0.00,0.00,0.00,21811.25,21811.25,2016,,Truckee Meadows Community College,""
Frank J Testa,SPECIAL PROJECTS - HOURLY,21796.92,0.00,0.00,0.00,21796.92,21796.92,2016,,Truckee Meadows Community College,""
David A Fontes,CUSTODIAL WORKER II,11432.67,907.65,2445.35,6709.79,14785.67,21495.46,2016,,Truckee Meadows Community College,""
Maria Annie Shaner S Bongalon,PTI SALARIED FOR CREDIT,21351.25,0.00,0.00,0.00,21351.25,21351.25,2016,,Truckee Meadows Community College,""
Diego L Gonzalez,FACILITY ATTENDANT,16557.20,0.00,0.00,4782.40,16557.20,21339.60,2016,,Truckee Meadows Community College,""
Catherine B French,SPECIALIST,16099.36,0.00,0.00,5131.41,16099.36,21230.77,2016,,Truckee Meadows Community College,""
Brandon S Schultz,PTI SALARIED FOR CREDIT,21206.25,0.00,0.00,0.00,21206.25,21206.25,2016,,Truckee Meadows Community College,""
Joseph F Domitrovich,PTI SALARIED FOR CREDIT,21093.75,0.00,0.00,0.00,21093.75,21093.75,2016,,Truckee Meadows Community College,""
Mona Concha Buckheart,DIRECTOR,6708.10,0.00,12537.18,1674.40,19245.28,20919.68,2016,,Truckee Meadows Community College,""
Donna J Kamen,PTI SALARIED FOR CREDIT,20657.13,0.00,0.00,0.00,20657.13,20657.13,2016,,Truckee Meadows Community College,""
Richard I Wegner,GROUNDS MAINTENANCE WORKER III,13016.62,141.68,842.45,6097.83,14000.75,20098.58,2016,,Truckee Meadows Community College,""
Frederick B Egenberger,DIRECTOR,16068.72,0.00,0.00,3733.42,16068.72,19802.14,2016,,Truckee Meadows Community College,""
Linney S Wade,COMM COLL INSTRUCTOR,14877.28,0.00,581.25,4262.40,15458.53,19720.93,2016,,Truckee Meadows Community College,""
Andrew D Morrell,HVACR SPECIALIST I,13773.84,207.83,651.96,4830.74,14633.63,19464.37,2016,,Truckee Meadows Community College,""
Lenaya R Andersen,COMM COLL INSTRUCTOR,16978.56,0.00,0.00,2461.89,16978.56,19440.45,2016,,Truckee Meadows Community College,""
Timothy A. Christensen,GROUNDS MAINTENANCE WORKER III,11497.49,0.00,879.96,6727.93,12377.45,19105.38,2016,,Truckee Meadows Community College,""
John L Doiron,COMM COLL INSTRUCTOR,14596.57,0.00,0.00,4221.69,14596.57,18818.26,2016,,Truckee Meadows Community College,""
Debra L Pezzuto,COORDINATOR,7091.38,0.00,8817.00,1727.50,15908.38,17635.88,2016,,Truckee Meadows Community College,""
Hannah R Thomas,ADMINISTRATIVE ASSISTANT I,6231.18,0.00,8288.00,2980.50,14519.18,17499.68,2016,,Truckee Meadows Community College,""
Kyle C Labee,GROUNDS MAINTENANCE WORKER III,11851.49,0.00,0.00,5214.69,11851.49,17066.18,2016,,Truckee Meadows Community College,""
Brianna J. Soloski,COORDINATOR,10760.94,0.00,769.87,5110.81,11530.81,16641.62,2016,,Truckee Meadows Community College,""
Kathleen M Koehler,COORDINATOR,11978.78,0.00,59.52,3842.11,12038.30,15880.41,2016,,Truckee Meadows Community College,""
Johanna P. Bell,SPECIALIST,12599.50,0.00,0.00,3225.43,12599.50,15824.93,2016,,Truckee Meadows Community College,""
Kaytlyn G Burton,TECHNICAL ASSISTANT,10737.60,0.00,0.00,4353.95,10737.60,15091.55,2016,,Truckee Meadows Community College,""
Stephen D Huffaker,UNIV POLICE OFFICER II,8911.17,107.50,751.10,5316.67,9769.77,15086.44,2016,,Truckee Meadows Community College,""
Alexander Majewski,COMM COLL INSTRUCTOR,11915.49,0.00,0.00,3126.25,11915.49,15041.74,2016,,Truckee Meadows Community College,""
Mark P Weaver,GROUNDS MAINTENANCE WORKER III,10114.85,193.59,0.00,4241.21,10308.44,14549.65,2016,,Truckee Meadows Community College,""
Ilene E Braxton,ADMINISTRATIVE AID,8436.95,0.00,595.18,5433.74,9032.13,14465.87,2016,,Truckee Meadows Community College,""
Romelia C. Torres,LIBRARY ASSISTANT II,14317.72,0.00,0.00,0.00,14317.72,14317.72,2016,,Truckee Meadows Community College,""
Tashayla Onley Parada,ADMINISTRATIVE AID,13208.24,0.00,0.00,860.47,13208.24,14068.71,2016,,Truckee Meadows Community College,""
Jorge L Rubio,SPECIALIST,10373.09,0.00,500.00,2902.60,10873.09,13775.69,2016,,Truckee Meadows Community College,""
Kenneth R Genz,SUPPORT ASSISTANT,9649.20,0.00,0.00,2732.38,9649.20,12381.58,2016,,Truckee Meadows Community College,""
Kelsie T Harder,COMM COLLEGE PROFESSOR,7804.02,0.00,0.00,1833.31,7804.02,9637.33,2016,,Truckee Meadows Community College,""
Tomikka Larkin Wright,ADMINISTRATIVE ASSISTANT III,5893.93,0.00,0.00,3651.63,5893.93,9545.56,2016,,Truckee Meadows Community College,""
Stacey L Haltom,ADMINISTRATIVE ASSISTANT I,9097.88,0.00,0.00,0.00,9097.88,9097.88,2016,,Truckee Meadows Community College,""
Kathy P Kindall,ADMINISTRATIVE AID,8764.89,0.00,0.00,0.00,8764.89,8764.89,2016,,Truckee Meadows Community College,""
Lindsey M Hyatt,ADMINISTRATIVE ASSISTANT II,5207.82,0.00,952.07,2158.60,6159.89,8318.49,2016,,Truckee Meadows Community College,""
William T. Gifford,COMM COLLEGE PROFESSOR,6538.76,0.00,0.00,1649.85,6538.76,8188.61,2016,,Truckee Meadows Community College,""
Dennis A Sanada,ADMINISTRATIVE AID,7242.55,0.00,708.91,0.00,7951.46,7951.46,2016,,Truckee Meadows Community College,""
George R Benda,CUSTODIAL WORKER I,5387.04,0.00,269.37,2218.67,5656.41,7875.08,2016,,Truckee Meadows Community College,""
Daysi Gonzalez,ADMINISTRATIVE AID,7848.36,0.00,0.00,0.00,7848.36,7848.36,2016,,Truckee Meadows Community College,""
Laura A Barth,ADMINISTRATIVE AID,7670.81,0.00,0.00,0.00,7670.81,7670.81,2016,,Truckee Meadows Community College,""
Zachery B Gregovich,UNIV POLICE OFFICER II,3775.80,786.60,0.00,2230.93,4562.40,6793.33,2016,,Truckee Meadows Community College,""
Sarah R Gill,ADMINISTRATIVE ASSISTANT I,4353.16,0.00,0.00,2029.70,4353.16,6382.86,2016,,Truckee Meadows Community College,""
Ryan G Chaump,ADMINISTRATIVE AID,6232.49,0.00,0.00,0.00,6232.49,6232.49,2016,,Truckee Meadows Community College,""
Bertha G Vazquez,CHILD CARE WORKER II,2446.44,0.00,1479.67,1056.47,3926.11,4982.58,2016,,Truckee Meadows Community College,""
Bailey N Basinger,CUSTODIAL WORKER II,3341.19,0.00,0.00,1634.80,3341.19,4975.99,2016,,Truckee Meadows Community College,""
Cheryl A. Crawford,ADMINISTRATIVE ASSISTANT II,4526.73,0.00,0.00,0.00,4526.73,4526.73,2016,,Truckee Meadows Community College,""
Valerie J Llanos,EXECUTIVE ASSISTANT,3722.14,0.00,0.00,539.71,3722.14,4261.85,2016,,Truckee Meadows Community College,""
Bernice E Schmidt,INSTRUCTIONAL ASSISTANT,2880.00,0.00,0.00,0.00,2880.00,2880.00,2016,,Truckee Meadows Community College,""
Morayma K Rubio,ADMINISTRATIVE ASSISTANT II,1648.73,0.00,0.00,938.32,1648.73,2587.05,2016,,Truckee Meadows Community College,""
Cody J Radford,CUSTODIAL WORKER I,1701.59,0.00,85.60,259.14,1787.19,2046.33,2016,,Truckee Meadows Community College,""
James R Cooney,INSTRUCTIONAL ASSISTANT,1608.00,0.00,0.00,0.00,1608.00,1608.00,2016,,Truckee Meadows Community College,""
Lisa F Petty,INSTRUCTIONAL ASSISTANT,1575.00,0.00,0.00,0.00,1575.00,1575.00,2016,,Truckee Meadows Community College,""
Mary Bennett,SPECIAL PROJECTS - HOURLY,375.00,0.00,1125.00,0.00,1500.00,1500.00,2016,,Truckee Meadows Community College,""
Martin A Hernandez,CLERICAL TRAINEE,1170.89,0.00,0.00,0.00,1170.89,1170.89,2016,,Truckee Meadows Community College,""
Greg F Sample,SPECIAL PROJECTS - HOURLY,720.00,0.00,0.00,0.00,720.00,720.00,2016,,Truckee Meadows Community College,""
Kyle D. Kindall,CLERICAL TRAINEE,650.16,0.00,0.00,0.00,650.16,650.16,2016,,Truckee Meadows Community College,""
Scarlet R Kako,PTI SALARIED FOR CREDIT,228.36,0.00,0.00,0.00,228.36,228.36,2016,,Truckee Meadows Community College,""
Cassandra L Smith,INSTRUCTIONAL ASSISTANT,180.00,0.00,0.00,0.00,180.00,180.00,2016,,Truckee Meadows Community College,""
