Employee Name,Job Title,Base Pay,Overtime Pay,Other Pay,Benefits,Total Pay,Total Pay & Benefits,Year,Notes,Agency,Status
Ryan A Swirczek,Deputy PW Director,92825.16,0.00,35954.12,39565.07,128779.28,168344.35,2016,,Fallon,""
Kevin J Gulley,Journey Lineman,86123.84,13397.31,17028.00,39958.84,116549.15,156507.99,2016,,Fallon,""
Ronald D Wenger,Captain,90028.98,0.00,8423.21,57234.92,98452.19,155687.11,2016,,Fallon,""
Kevin L. Gehman,Chief of Police,101129.92,0.00,1169.04,50918.61,102298.96,153217.57,2016,,Fallon,""
Michael F Mackedon,City Attorney,104475.70,0.00,0.00,47104.87,104475.70,151580.57,2016,,Fallon,""
Kristopher R Alexander,Captain,71383.88,20931.33,18250.95,40814.99,110566.16,151381.15,2016,,Fallon,""
Charles E Gomes,Industrial Elec/Cont,78928.80,18246.35,15792.00,37616.78,112967.15,150583.93,2016,,Fallon,""
Scott J. Baker,Journey Lineman,78928.84,8422.75,15498.00,36964.65,102849.59,139814.24,2016,,Fallon,""
Gary Cordes,City Clerk/Treasurer,90395.96,0.00,1044.96,47878.43,91440.92,139319.35,2016,,Fallon,""
Michael R. Lister,Judge,90395.96,0.00,1044.96,47878.38,91440.92,139319.30,2016,,Fallon,""
Vernon Ulrich,Captain,56467.78,0.00,53404.25,29390.55,109872.03,139262.58,2016,,Fallon,""
Leonard E. Mackedon,Deputy City Attorney,98839.10,0.00,0.00,36856.79,98839.10,135695.89,2016,,Fallon,""
Robert M. Erquiaga,Deputy City Attorney,98839.10,0.00,0.00,36856.79,98839.10,135695.89,2016,,Fallon,""
John K Shaw,Plant Operator 2,74349.12,13327.40,10832.00,35044.25,98508.52,133552.77,2016,,Fallon,""
Michael E. Miller,Asst. City Engineer,86203.33,0.00,906.48,41883.96,87109.81,128993.77,2016,,Fallon,""
Adrian Noriega,Plant Operator 2,74566.32,5571.45,10826.16,33919.52,90963.93,124883.45,2016,,Fallon,""
John Frandsen,Sergeant,64550.82,14589.89,7099.20,38351.75,86239.91,124591.66,2016,,Fallon,""
Jose Luis Perez,Sergeant,65941.92,15315.63,4165.08,37852.92,85422.63,123275.55,2016,,Fallon,""
Pat E Heath,Maint. Wkr. 2 -Water,57489.60,25328.28,8397.95,30186.46,91215.83,121402.29,2016,,Fallon,""
John C. Riley,Sergeant,62205.91,14191.34,5194.10,37236.85,81591.35,118828.20,2016,,Fallon,""
Daniel T. Babiarz,Police Officer,57758.42,15075.32,7334.35,36087.84,80168.09,116255.93,2016,,Fallon,""
Elsie M Lee,Deputy City Clerk,71502.90,0.00,826.56,42527.18,72329.46,114856.64,2016,,Fallon,""
Richard O Gray,Director Con. Center,31856.88,0.00,68264.47,13752.23,100121.35,113873.58,2016,,Fallon,""
Jerry D. Edwards,Police Officer,56737.60,5556.01,11948.72,36959.61,74242.33,111201.94,2016,,Fallon,""
Jared Dooley,Plant Oper 1+ Safe,61565.60,8486.61,9361.68,30153.59,79413.89,109567.48,2016,,Fallon,""
Duane E. Jardine,Police Officer,58099.84,6550.15,4875.86,35073.63,69525.85,104599.48,2016,,Fallon,""
Mark Harris,Supr.Paid Personnel,71241.63,0.00,2856.48,29929.37,74098.11,104027.48,2016,,Fallon,""
Dennis Southfield,Plant Operator 1,57875.04,6600.53,9778.40,29084.07,74253.97,103338.04,2016,,Fallon,""
Eric S. Clowser,Police Officer,51773.92,11373.54,4812.19,32841.29,67959.65,100800.94,2016,,Fallon,""
Daniel M. Shyne,Police Officer,51176.04,5049.09,10124.74,34041.92,66349.87,100391.79,2016,,Fallon,""
Kathleen Schwarz,Dispatcher,58176.56,8518.73,4110.41,27270.57,70805.70,98076.27,2016,,Fallon,""
Joshua Atchison,Police Officer,51232.48,10411.16,3574.29,32018.24,65217.93,97236.17,2016,,Fallon,""
Brandonn S. Sheldon,Police Officer,52674.40,6888.57,3342.47,32281.71,62905.44,95187.15,2016,,Fallon,""
Christopher Decker,Police Officer,50066.89,10109.29,3190.49,31539.92,63366.67,94906.59,2016,,Fallon,""
Christopher Bloomfield,Police Officer,49343.76,11326.05,2868.53,31134.81,63538.34,94673.15,2016,,Fallon,""
Tanner W. Humphrey,Maint. Wkr. 2 -Water,45212.00,17749.27,6292.82,25006.15,69254.09,94260.24,2016,,Fallon,""
DeAl L. Dankers,Maint. Wkr. 2 -Water,41696.80,21592.55,7608.95,23205.86,70898.30,94104.16,2016,,Fallon,""
Beverly Ann Swirczek,Executive Secretary,27754.80,57.78,52116.91,13371.59,79929.49,93301.08,2016,,Fallon,""
Jessica Zamora,Police Officer,49295.37,8578.17,3500.46,31548.25,61374.00,92922.25,2016,,Fallon,""
Danelle D. Tupin,Maint Wrk2 Landscape,51759.20,13582.59,2075.36,25474.11,67417.15,92891.26,2016,,Fallon,""
Richard R. Beeghly,Maint. Wkr. 2 -Water,45212.00,14184.46,7098.86,23852.90,66495.32,90348.22,2016,,Fallon,""
Anthony R Burgess,C.S.O. 2,56279.04,3356.34,3761.16,26289.53,63396.54,89686.07,2016,,Fallon,""
John Hamilton,Police Officer,49140.43,6955.44,2860.35,30667.94,58956.22,89624.16,2016,,Fallon,""
Valerie H. Swirczek,Executive Secretary,48682.51,13882.38,3234.61,23718.64,65799.50,89518.14,2016,,Fallon,""
Angela E. Calkins,Dispatcher,52683.60,7361.63,3705.76,25615.33,63750.99,89366.32,2016,,Fallon,""
Daniel Groom,Police Officer,48383.12,6405.81,2938.86,30745.68,57727.79,88473.47,2016,,Fallon,""
David A Vest,Fire Apparatus Tech.,58412.48,0.00,2334.56,26191.08,60747.04,86938.12,2016,,Fallon,""
Chandra Watkins,Dispatcher,53098.57,3478.77,4476.25,25711.88,61053.59,86765.47,2016,,Fallon,""
Mitchell  A. Young,Fire Marshal,57975.22,0.00,2328.96,26067.09,60304.18,86371.27,2016,,Fallon,""
Melissa Brannum,Dispatcher,52889.05,3150.72,4545.28,25757.73,60585.05,86342.78,2016,,Fallon,""
James R. Souba,City Engineer,64400.70,0.00,1348.80,18409.86,65749.50,84159.36,2016,,Fallon,""
Cheryl J. Martin,Court Clerk II,53469.60,844.54,2145.76,24754.18,56459.90,81214.08,2016,,Fallon,""
Corey J. Cluckey,Police Officer,43348.75,3183.82,6429.03,28053.20,52961.60,81014.80,2016,,Fallon,""
Austin Wood,Police Officer,43779.60,6893.68,2506.93,26916.25,53180.21,80096.46,2016,,Fallon,""
Emily A. Rasmussen,Dispatcher,47775.52,4785.76,2734.59,24017.33,55295.87,79313.20,2016,,Fallon,""
Reynold Dee Allsop,Maint. Wkr. 2 -Water,39095.72,17374.80,1558.64,20763.08,58029.16,78792.24,2016,,Fallon,""
Zachary Jacobs,Police Officer,43779.61,5962.68,2202.98,26824.86,51945.27,78770.13,2016,,Fallon,""
David E Munoz,Building Inspector,51849.60,0.00,2078.88,24281.85,53928.48,78210.33,2016,,Fallon,""
Joseph Shyne,Police Officer,43588.81,4684.78,2295.94,26564.05,50569.53,77133.58,2016,,Fallon,""
Debra Agard,C.S.O. 1,47058.72,1387.58,2359.21,23045.10,50805.51,73850.61,2016,,Fallon,""
Gary E. Johnson,Engineering Tech.,47051.22,775.25,1886.56,22884.37,49713.03,72597.40,2016,,Fallon,""
Kurtis Itskin,C.S.O. 1,42324.81,2554.72,2843.66,23749.79,47723.19,71472.98,2016,,Fallon,""
Nathan L. Rogne,Heavy Equipment Oper,43294.08,3905.90,1701.76,22067.45,48901.74,70969.19,2016,,Fallon,""
Candice Dolan,Admin Coord Conv,40183.05,4394.16,1606.40,20882.92,46183.61,67066.53,2016,,Fallon,""
Susan M Gatz,Account Clerk,42243.20,1616.52,1693.76,21484.16,45553.48,67037.64,2016,,Fallon,""
Victoriana Reynolds,Court Clerk,42920.97,0.00,1717.28,21680.57,44638.25,66318.82,2016,,Fallon,""
Elizabeth M. Kelley,Account Clerk,42243.20,630.65,1693.76,21484.16,44567.61,66051.77,2016,,Fallon,""
Jenna M. Tanberg,Account Clerk,42243.20,352.11,1693.76,21484.25,44289.07,65773.32,2016,,Fallon,""
Alex R. Haffner,Fire Apparatus Tech.,42488.97,0.00,1707.68,21556.91,44196.65,65753.56,2016,,Fallon,""
Lyle Allen Pinner,Heavy Equipment Oper,36105.60,8209.89,1447.68,19696.81,45763.17,65459.98,2016,,Fallon,""
Kaylee A. Hammond,C.S.O. 1,41494.69,0.42,2118.09,21388.57,43613.20,65001.77,2016,,Fallon,""
Austin M. Boehm,Heavy Equipment Oper,36248.64,7005.60,1447.68,19736.85,44701.92,64438.77,2016,,Fallon,""
Lindsey Hildebrand,Executive Secretary,38554.41,0.00,2658.27,20721.37,41212.68,61934.05,2016,,Fallon,""
Beau Drake,Maint. Worker-combo,36832.32,1527.75,1447.68,20021.69,39807.75,59829.44,2016,,Fallon,""
Cody Bryant,Maint. Worker-combo,35444.25,3715.42,1415.20,19162.10,40574.87,59736.97,2016,,Fallon,""
Diana  J. McFadden,Maint. & Setup Coord,33617.36,4706.46,1206.96,18932.64,39530.78,58463.42,2016,,Fallon,""
Scott A. Thompson,Maint. Wkr.1-Parks,32587.20,3811.02,1306.56,18792.38,37704.78,56497.16,2016,,Fallon,""
George W. Ward,Transfer Gate Attend,33278.96,2824.66,1297.68,19029.24,37401.30,56430.54,2016,,Fallon,""
Wade E. Cross,Maint. Wkr.2 -Sanit.,32797.84,2668.72,1297.68,19218.29,36764.24,55982.53,2016,,Fallon,""
James I. Robinson,Maint. Wkr.2 -Sanit.,29808.00,5747.02,1195.20,18121.14,36750.22,54871.36,2016,,Fallon,""
Joseph M. VanCuren,Maint. Wkr.1-Parks,32587.20,1812.92,1306.56,18692.80,35706.68,54399.48,2016,,Fallon,""
Don Hawkins,Maint. Wkr.2 -Sanit.,28192.64,7273.38,1121.44,17644.62,36587.46,54232.08,2016,,Fallon,""
Dondaline  M. Kowalski,Police Support Asst.,28756.32,219.66,8539.90,15533.25,37515.88,53049.13,2016,,Fallon,""
Carmen I. Johnson,Account Clerk,31825.28,1147.85,1342.24,18468.76,34315.37,52784.13,2016,,Fallon,""
Kenneth Tedford Jr,Mayor,33938.00,0.00,0.00,18684.49,33938.00,52622.49,2016,,Fallon,""
Todd Myers,Maint. Wkr.2 -Sanit.,28018.21,5375.87,1108.96,17631.82,34503.04,52134.86,2016,,Fallon,""
Denise Kaster,Maint. Wkr.2 -Sanit.,28025.85,4700.14,1114.00,17376.65,33839.99,51216.64,2016,,Fallon,""
Allen K Dodson,Maint. Wkr. 2 -Water,30982.72,0.00,5021.85,14251.47,36004.57,50256.04,2016,,Fallon,""
Christy L. Dock,Maint. Wkr.2 -Sanit.,29142.20,755.16,1162.16,17667.12,31059.52,48726.64,2016,,Fallon,""
Dustin Galdarisi,Fire Apparatus Mech,31961.21,0.00,1107.92,15416.26,33069.13,48485.39,2016,,Fallon,""
Robert H. Erickson,Councilman,21800.58,0.00,0.00,23955.78,21800.58,45756.36,2016,,Fallon,""
JuanaJane Moon,Director of Tourism,35260.64,0.00,0.00,9872.96,35260.64,45133.60,2016,,Fallon,""
Matthew Charley,Maint. Wkr. 1 Con. C,24150.24,1432.38,961.92,16213.25,26544.54,42757.79,2016,,Fallon,""
Steven M Endacott,Emergency Management,41433.45,0.00,0.00,0.00,41433.45,41433.45,2016,,Fallon,""
Kelly L Frost,Councilwoman,17460.09,0.00,0.00,22274.94,17460.09,39735.03,2016,,Fallon,""
Sergio Arias,Maint. Wkr.2 -Sanit.,19650.64,2700.53,771.20,11442.65,23122.37,34565.02,2016,,Fallon,""
Kelly Jonte,Maint. Wkr.2 -Sanit.,14332.16,5129.04,662.88,8208.14,20124.08,28332.22,2016,,Fallon,""
Mark Czichotzki,Maint. Wkr. 2 -Water,15202.56,1040.04,2546.17,7874.87,18788.77,26663.64,2016,,Fallon,""
Heidi Sweeney,Police Support Asst.,15547.76,13.37,713.20,7649.33,16274.33,23923.66,2016,,Fallon,""
Kyndal Czichotzki,Meter Reader,12623.84,357.12,738.44,8953.28,13719.40,22672.68,2016,,Fallon,""
Estela Gallegos,Dispatcher,14915.80,481.50,289.33,6544.17,15686.63,22230.80,2016,,Fallon,""
James D. Richardson,Councilman,21223.36,0.00,0.00,121.56,21223.36,21344.92,2016,,Fallon,""
Kyle O'Connor,Maint. Wkr.1-Parks,11048.00,2848.36,552.40,6344.36,14448.76,20793.12,2016,,Fallon,""
Charles P Gomes,Maint. Wkr.1-Parks,10985.70,2164.73,552.40,5272.56,13702.83,18975.39,2016,,Fallon,""
Jesus Lopez-Rivas,Maint. Wkr.1-Parks,9861.22,373.96,332.40,6681.93,10567.58,17249.51,2016,,Fallon,""
Jensen R. McDonald,Pool/Park/Gym Coord,12212.31,415.39,142.64,2528.74,12770.34,15299.08,2016,,Fallon,""
Kacey Steele,Meter,8770.44,381.20,472.80,4950.03,9624.44,14574.47,2016,,Fallon,""
Blair Lysne,Dispatcher,10303.77,327.45,501.86,3098.19,11133.08,14231.27,2016,,Fallon,""
Evan Bitter,Intern,10054.80,1251.72,0.00,0.00,11306.52,11306.52,2016,,Fallon,""
Jeannie Gandolfo,Account Clerk,7274.64,40.12,570.56,2970.72,7885.32,10856.04,2016,,Fallon,""
Viviane Ugalde,Intern,10100.40,0.00,0.00,0.00,10100.40,10100.40,2016,,Fallon,""
Alexander Vest,Gym,8103.12,164.16,0.00,0.00,8267.28,8267.28,2016,,Fallon,""
Britney Wallace,Asst. Pool Manager,7657.38,325.17,0.00,0.00,7982.55,7982.55,2016,,Fallon,""
Julianne R. Hale,Head-Lifeguard,5926.82,1785.39,0.00,0.00,7712.21,7712.21,2016,,Fallon,""
Josey K. Moore,Head-Lifeguard,4094.00,2803.13,0.00,0.00,6897.13,6897.13,2016,,Fallon,""
Ryan Bitter,Lifeguard,4988.64,1867.32,0.00,0.00,6855.96,6855.96,2016,,Fallon,""
Adrian Chambers,Lifeguard,6591.48,116.28,0.00,0.00,6707.76,6707.76,2016,,Fallon,""
Miranda Ford,Head-Lifeguard,5538.37,922.88,0.00,0.00,6461.25,6461.25,2016,,Fallon,""
Nancy A Moran,Intern,5923.44,0.00,0.00,0.00,5923.44,5923.44,2016,,Fallon,""
Jacob Harris,Lifeguard,4473.36,1354.32,0.00,0.00,5827.68,5827.68,2016,,Fallon,""
Refugio Alanis-Sanchez,Maint. Wkr.2 -Sanit.,2789.24,375.74,216.64,2445.11,3381.62,5826.73,2016,,Fallon,""
Michael Richards II,Gym,5750.16,0.00,0.00,0.00,5750.16,5750.16,2016,,Fallon,""
Isaac Kelsey,Lifeguard,3857.76,1361.16,0.00,0.00,5218.92,5218.92,2016,,Fallon,""
Lewis Mellott,Meter Reader,5162.42,0.00,0.00,0.00,5162.42,5162.42,2016,,Fallon,""
Dalton Kaady,Gym,4792.56,34.20,0.00,0.00,4826.76,4826.76,2016,,Fallon,""
Sierra Bivens,Lifeguard,3529.44,1217.52,0.00,0.00,4746.96,4746.96,2016,,Fallon,""
Haley Lindsay,Gym,4500.72,164.16,0.00,0.00,4664.88,4664.88,2016,,Fallon,""
Jacob Borges,Lifeguard,3470.16,964.44,0.00,0.00,4434.60,4434.60,2016,,Fallon,""
Zachary E. Keener,Head-Lifeguard,3605.25,629.63,0.00,0.00,4234.88,4234.88,2016,,Fallon,""
Misaki Clare,Lifeguard,3762.00,444.60,0.00,0.00,4206.60,4206.60,2016,,Fallon,""
Jeffrey T. Evett,Gym,4145.04,0.00,0.00,0.00,4145.04,4145.04,2016,,Fallon,""
Gracie Lawson,Intern,3898.80,0.00,0.00,0.00,3898.80,3898.80,2016,,Fallon,""
Cade Vercellotti,Lifeguard,3748.32,116.28,0.00,0.00,3864.60,3864.60,2016,,Fallon,""
Stacy Kalt,Gym/Snack Shack,3830.40,0.00,0.00,0.00,3830.40,3830.40,2016,,Fallon,""
Jack Swisher,Gym,3625.20,177.84,0.00,0.00,3803.04,3803.04,2016,,Fallon,""
Tristen Thomson,Gym,3748.32,0.00,0.00,0.00,3748.32,3748.32,2016,,Fallon,""
Hunter Woller,Gym/Snack Shack,3748.32,0.00,0.00,0.00,3748.32,3748.32,2016,,Fallon,""
Gabrielle N. Sharpe,Summer Help -Parks,3684.48,0.00,0.00,0.00,3684.48,3684.48,2016,,Fallon,""
Delaney Young,Gym/Snack Shack,3675.36,0.00,0.00,0.00,3675.36,3675.36,2016,,Fallon,""
Zoey Swisher,Summer Help,3488.40,0.00,0.00,0.00,3488.40,3488.40,2016,,Fallon,""
Mary C. Scholz,Head-Lifeguard,2300.00,1155.75,0.00,0.00,3455.75,3455.75,2016,,Fallon,""
Brock Uptain,Lifeguard,3082.56,348.84,0.00,0.00,3431.40,3431.40,2016,,Fallon,""
Davis Koenig,Intern,3347.04,0.00,0.00,0.00,3347.04,3347.04,2016,,Fallon,""
Aaron Bitter,Intern,3296.88,0.00,0.00,0.00,3296.88,3296.88,2016,,Fallon,""
Megan McCormick,Lifeguard,2722.32,513.00,0.00,0.00,3235.32,3235.32,2016,,Fallon,""
Lance Turnham,Lifeguard,2909.28,129.96,0.00,0.00,3039.24,3039.24,2016,,Fallon,""
Derek Horton,Lifeguard,2316.48,458.28,0.00,0.00,2774.76,2774.76,2016,,Fallon,""
Robert Cord Hendrix,Intern,2261.76,0.00,0.00,0.00,2261.76,2261.76,2016,,Fallon,""
Erik Fain,Maint. Wkr.2 -Sanit.,1657.20,51.79,0.00,464.01,1708.99,2173.00,2016,,Fallon,""
Amber M. Kieszkowski,Lifeguard,1682.64,478.80,0.00,0.00,2161.44,2161.44,2016,,Fallon,""
Trevor Wuth,Intern,2049.72,0.00,0.00,0.00,2049.72,2049.72,2016,,Fallon,""
Kristen Marsh,Intern,1956.24,0.00,0.00,0.00,1956.24,1956.24,2016,,Fallon,""
Shelby Blakey,Intern,1915.20,0.00,0.00,0.00,1915.20,1915.20,2016,,Fallon,""
Megan Lanski,Intern,1910.64,0.00,0.00,0.00,1910.64,1910.64,2016,,Fallon,""
Kendall Rogers,Lifeguard,1641.60,184.68,0.00,0.00,1826.28,1826.28,2016,,Fallon,""
Shannon Davison,Intern,1732.80,0.00,0.00,0.00,1732.80,1732.80,2016,,Fallon,""
Kaelehn Nemeth,Lifeguard,1317.84,143.64,0.00,0.00,1461.48,1461.48,2016,,Fallon,""
Mahal Moon,Intern,1450.08,0.00,0.00,0.00,1450.08,1450.08,2016,,Fallon,""
Alexis Duenas,Intern,1301.88,6.84,0.00,0.00,1308.72,1308.72,2016,,Fallon,""
Evan Matheson,Gym/Snack Shack,1217.52,0.00,0.00,0.00,1217.52,1217.52,2016,,Fallon,""
Melinda Fagundes,Intern,1014.60,0.00,0.00,0.00,1014.60,1014.60,2016,,Fallon,""
Whitney Skabelund,Intern,763.80,0.00,0.00,0.00,763.80,763.80,2016,,Fallon,""
Christian Orozco,Head-Lifeguard,678.50,0.00,0.00,0.00,678.50,678.50,2016,,Fallon,""
Dylan Baker,Intern-Parks,540.36,0.00,0.00,0.00,540.36,540.36,2016,,Fallon,""
Bridger Young,Gym,487.92,0.00,0.00,0.00,487.92,487.92,2016,,Fallon,""
Myles Getto,Gym,319.20,0.00,0.00,0.00,319.20,319.20,2016,,Fallon,""
Caleb Hendrix,Gym,300.96,0.00,0.00,0.00,300.96,300.96,2016,,Fallon,""
William L Jr Lawry,Judge,238.70,0.00,0.00,0.00,238.70,238.70,2016,,Fallon,""
Samuel Goings,Intern,159.60,0.00,0.00,0.00,159.60,159.60,2016,,Fallon,""
