Employee Name,Job Title,Base Pay,Overtime Pay,Other Pay,Benefits,Total Pay,Total Pay & Benefits,Year,Notes,Agency,Status
Sandra Sheldon,SUPERINTENDENT,125000.00,0.00,0.00,46302.46,125000.00,171302.46,2016,,Churchill County School District,""
Kimi K Melendy,DIRECTOR OF ED SERVICES,102027.61,0.00,0.00,38439.87,102027.61,140467.48,2016,,Churchill County School District,""
Gregg J Malkovich,PRINCIPAL,97489.02,0.00,96.44,38236.29,97585.46,135821.75,2016,,Churchill County School District,""
Kevin D Lords,PRINCIPAL,96910.50,0.00,0.00,37871.69,96910.50,134782.19,2016,,Churchill County School District,""
Phyllys Rhea Dowd,DIRECTOR OF BUSINESS SERVICES,98000.00,0.00,0.00,29788.36,98000.00,127788.36,2016,,Churchill County School District,""
Robert H Freeman,VICE-PRINCIPAL,89403.50,0.00,0.00,35766.20,89403.50,125169.70,2016,,Churchill County School District,""
Amy L Word,PRINCIPAL,88721.52,0.00,0.00,35595.31,88721.52,124316.83,2016,,Churchill County School District,""
Keith Boone,PRINCIPAL,88810.50,0.00,0.00,35197.62,88810.50,124008.12,2016,,Churchill County School District,""
Michael J Hogan,VICE-PRINCIPAL,85069.50,0.00,0.00,34466.13,85069.50,119535.63,2016,,Churchill County School District,""
James Shawn Purrell,PRINCIPAL,86015.72,0.00,0.00,33324.37,86015.72,119340.09,2016,,Churchill County School District,""
Brian L Mcalexander,TEACHER-PE,83344.30,1601.36,982.75,31564.12,85928.41,117492.53,2016,,Churchill County School District,""
Richard I Evans,TEACHER-OCCUPATIONAL EDUCATION,83233.30,0.00,0.00,32395.15,83233.30,115628.45,2016,,Churchill County School District,""
Wendell Derild Parsons,DIRECTOR OF SPECIAL SERVICES,80446.24,0.00,0.00,33235.71,80446.24,113681.95,2016,,Churchill County School District,""
Lisa M Fritz,ASSESSMENT AND DATA COORDINATOR,80000.03,0.00,0.00,33005.66,80000.03,113005.69,2016,,Churchill County School District,""
John W Johnson,PRINCIPAL,79554.00,0.00,0.00,32952.74,79554.00,112506.74,2016,,Churchill County School District,""
Patricia Fleming,TOSA PROFESSIONAL DEVELOPMENT,78780.02,0.00,0.00,32570.11,78780.02,111350.13,2016,,Churchill County School District,""
Robin G Wardwell-Wood,COUNSELOR,77276.17,0.00,0.00,32237.36,77276.17,109513.53,2016,,Churchill County School District,""
Thomas E Thomson,TEACHER-SOCIAL STUDIES,71556.51,0.00,8535.97,27924.92,80092.48,108017.40,2016,,Churchill County School District,""
Kristina K Moore,TEACHER-SCIENCE,76587.09,0.00,0.00,31212.96,76587.09,107800.05,2016,,Churchill County School District,""
Stefanie A Utz,SCHOOL NURSE,76087.00,0.00,0.00,31681.09,76087.00,107768.09,2016,,Churchill County School District,""
Patty S Daum,COUNSELOR,76651.59,0.00,0.00,30901.01,76651.59,107552.60,2016,,Churchill County School District,""
Brenn C Jacobs,LITERACY COACHES,76258.26,0.00,0.00,29423.05,76258.26,105681.31,2016,,Churchill County School District,""
Steve Johnson,TEACHER-SCIENCE,74493.04,0.00,0.00,30970.65,74493.04,105463.69,2016,,Churchill County School District,""
Diane E Shamberger,TEACHER-ART,66435.31,0.00,5701.13,28712.98,72136.44,100849.42,2016,,Churchill County School District,""
Thomas J Fleming,TEACHER-MUSIC,71877.50,0.00,0.00,28856.14,71877.50,100733.64,2016,,Churchill County School District,""
Daniel R Combo,TEACHER-COMPUTERS,69240.26,0.00,0.00,29908.93,69240.26,99149.19,2016,,Churchill County School District,""
Lila M Austin,TEACHER-5TH GRADE,68734.00,0.00,0.00,29766.45,68734.00,98500.45,2016,,Churchill County School District,""
Glen T Perazzo,TEACHER-DRAMA,69779.54,0.00,0.00,28669.43,69779.54,98448.97,2016,,Churchill County School District,""
Teresa Moyle,TEACHER-KINDERGARTEN,68734.00,0.00,42.86,29600.42,68776.86,98377.28,2016,,Churchill County School District,""
Ed M Ferris,TEACHER-HEALTH/SEX ED,69316.00,0.00,79.62,28805.67,69395.62,98201.29,2016,,Churchill County School District,""
Keith Lund,TEACHER-MATH,70417.50,0.00,0.00,27756.99,70417.50,98174.49,2016,,Churchill County School District,""
Michelle L Dalager,TEACHER-PE,69576.80,0.00,0.00,28270.09,69576.80,97846.89,2016,,Churchill County School District,""
Matthew J Reibsamen,TEACHER-SOCIAL STUDIES,68436.40,0.00,0.00,28734.61,68436.40,97171.01,2016,,Churchill County School District,""
Tami L Harmon,TEACHER-ENGLISH,67615.71,0.00,107.15,29163.47,67722.86,96886.33,2016,,Churchill County School District,""
Kelly L Frost,TEACHER-SOCIAL STUDIES,67632.74,0.00,0.00,28797.95,67632.74,96430.69,2016,,Churchill County School District,""
Brad L Daum,ATHLETIC DIRECTOR,67900.00,0.00,0.00,28361.42,67900.00,96261.42,2016,,Churchill County School District,""
Lanni Mori,TEACHER-6TH GRADE,66858.64,0.00,0.00,29120.03,66858.64,95978.67,2016,,Churchill County School District,""
Susannah K Hooper-Howe,TEACHER-ESL,65411.00,0.00,1800.00,28758.82,67211.00,95969.82,2016,,Churchill County School District,""
Monica C Frank,TEACHER-2ND GRADE,65321.00,0.00,1800.00,28713.78,67121.00,95834.78,2016,,Churchill County School District,""
Brian A Byrd,DIRECTOR OF MAINTENANCE,65000.00,0.00,0.00,30609.39,65000.00,95609.39,2016,,Churchill County School District,""
Chip A Rutledge,TEACHER-COMPUTERS,67119.30,0.00,0.00,28435.05,67119.30,95554.35,2016,,Churchill County School District,""
Kenneth C Jr Grimes,TEACHER-2ND GRADE,67736.00,0.00,0.00,27582.33,67736.00,95318.33,2016,,Churchill County School District,""
Mark T Callahan,TEACHER-ENGLISH,66409.14,0.00,64.29,28760.63,66473.43,95234.06,2016,,Churchill County School District,""
Laura A Malkovich,TOSA PROFESSIONAL DEVELOPMENT,66149.34,0.00,0.00,29011.91,66149.34,95161.25,2016,,Churchill County School District,""
Lisa J Kent,TEACHER-6TH GRADE,65600.62,0.00,712.32,28769.43,66312.94,95082.37,2016,,Churchill County School District,""
Caryn S Marshall,TEACHER-PE,73182.44,0.00,0.00,21892.66,73182.44,95075.10,2016,,Churchill County School District,""
Nathan G Punchard,TEACHER-ENGLISH,66223.36,0.00,0.00,28774.85,66223.36,94998.21,2016,,Churchill County School District,""
Michelle E Herzbrun,TEACHER-EARLY CHILDHOOD SPECIAL ED,65949.00,0.00,0.00,28855.01,65949.00,94804.01,2016,,Churchill County School District,""
Gary L Butori,TEACHER-MATH,66113.00,0.00,26.54,28583.91,66139.54,94723.45,2016,,Churchill County School District,""
Catherine B Mcgowan,TEACHER-SPECIAL ED,65622.56,0.00,53.08,28600.84,65675.64,94276.48,2016,,Churchill County School District,""
Richard O Oswald,TEACHER-ART,65533.32,0.00,0.00,28655.81,65533.32,94189.13,2016,,Churchill County School District,""
Karen L Wilhelm,TEACHER-1ST GRADE,65331.72,0.00,0.00,28765.52,65331.72,94097.24,2016,,Churchill County School District,""
Becky E Dodd,TEACHER-3RD GRADE,65422.96,0.00,0.00,28672.58,65422.96,94095.54,2016,,Churchill County School District,""
Russell Frost,TEACHER-3RD GRADE,65321.00,0.00,0.00,28761.45,65321.00,94082.45,2016,,Churchill County School District,""
David P Wuth,TEACHER-4TH GRADE,65321.00,0.00,0.00,28754.97,65321.00,94075.97,2016,,Churchill County School District,""
Kerri R Angel,TEACHER-SCIENCE,65821.54,0.00,26.54,28210.54,65848.08,94058.62,2016,,Churchill County School District,""
Arlene Detomasi,TEACHER-ADULT ED,65321.00,0.00,0.00,28732.37,65321.00,94053.37,2016,,Churchill County School District,""
Marjorie A Lewis,TEACHER-1ST GRADE,65321.00,0.00,26.54,28679.42,65347.54,94026.96,2016,,Churchill County School District,""
Traci D Ledesma,TEACHER-2ND GRADE,65321.00,0.00,0.00,28680.43,65321.00,94001.43,2016,,Churchill County School District,""
Kieran L Kalt,TEACHER-1ST GRADE,65223.00,0.00,21.43,28722.09,65244.43,93966.52,2016,,Churchill County School District,""
Kirsten Ann Wilson,TEACHER-3RD GRADE,65223.00,0.00,0.00,28731.11,65223.00,93954.11,2016,,Churchill County School District,""
Mary Clare Phillips,TEACHER-2ND GRADE,65125.00,0.00,0.00,28692.81,65125.00,93817.81,2016,,Churchill County School District,""
Eileen Haugen,TEACHER-ART,65249.54,0.00,0.00,28548.59,65249.54,93798.13,2016,,Churchill County School District,""
Dean L Schultz,TEACHER-PE,66195.00,0.00,0.00,27483.36,66195.00,93678.36,2016,,Churchill County School District,""
Melodee J Jacobson,OCCUPATIONAL THERAPIST,65000.00,0.00,0.00,28665.37,65000.00,93665.37,2016,,Churchill County School District,""
Rebecca E Dendauw,SPEECH THERAPIST,65126.97,0.00,0.00,28528.56,65126.97,93655.53,2016,,Churchill County School District,""
Lori H Kaiser,TEACHER-SOCIAL STUDIES,65547.54,0.00,132.70,27954.15,65680.24,93634.39,2016,,Churchill County School District,""
Victoria R Purrell,TEACHER-6TH GRADE,66187.50,0.00,159.24,27268.70,66346.74,93615.44,2016,,Churchill County School District,""
Bradford L Barton,TEACHER-ESL,66399.20,0.00,26.54,27145.26,66425.74,93571.00,2016,,Churchill County School District,""
Charles J Kaiser,TEACHER-COMPUTERS,65521.00,0.00,106.16,27909.60,65627.16,93536.76,2016,,Churchill County School District,""
Karl F Marsh,TEACHER-FOREIGN LANGUAGE,66112.34,0.00,64.04,27238.90,66176.38,93415.28,2016,,Churchill County School District,""
Kathryn G Buckmaster,TEACHER-ENGLISH,65105.00,0.00,0.00,28234.71,65105.00,93339.71,2016,,Churchill County School District,""
Steven M Heck,TEACHER-COMPUTERS,65270.00,0.00,79.62,27647.61,65349.62,92997.23,2016,,Churchill County School District,""
Kaycee L Golden,TEACHER-2ND GRADE,62583.92,0.00,3010.00,27346.51,65593.92,92940.43,2016,,Churchill County School District,""
Tammy L Keener,TEACHER-SPECIAL ED,64359.00,0.00,325.33,28118.38,64684.33,92802.71,2016,,Churchill County School District,""
David F Gertson,TEACHER-3RD GRADE,63545.00,0.00,1050.00,28158.82,64595.00,92753.82,2016,,Churchill County School District,""
Robert M Ansotegui,BEHAVIOR SPECIALIST,64236.36,0.00,0.00,28438.53,64236.36,92674.89,2016,,Churchill County School District,""
Reba A Stier,TEACHER-4TH GRADE,64279.68,0.00,0.00,28387.89,64279.68,92667.57,2016,,Churchill County School District,""
Faith T Dellera,TEACHER-1ST GRADE,62882.43,0.00,1685.72,27904.57,64568.15,92472.72,2016,,Churchill County School District,""
Walter C Johnson,TEACHER-KINDERGARTEN,63759.00,0.00,0.00,28301.38,63759.00,92060.38,2016,,Churchill County School District,""
Jaimi L Woods,TEACHER-2ND GRADE,63759.00,0.00,0.00,28295.50,63759.00,92054.50,2016,,Churchill County School District,""
Lisa A Mills,TEACHER-1ST GRADE,63700.00,0.00,128.58,28220.30,63828.58,92048.88,2016,,Churchill County School District,""
Barbara Jean Hickox,TEACHER-6TH GRADE,63670.00,0.00,0.00,28209.20,63670.00,91879.20,2016,,Churchill County School District,""
Lance W Lattin,TEACHER-FOREIGN LANGUAGE,64373.72,0.00,0.00,27253.12,64373.72,91626.84,2016,,Churchill County School District,""
Lynn M Strasdin,TEACHER-SCIENCE,63523.08,0.00,0.00,28096.08,63523.08,91619.16,2016,,Churchill County School District,""
Robert J Kermen,TEACHER-NJROTC,69735.43,0.00,0.00,21452.91,69735.43,91188.34,2016,,Churchill County School District,""
Bonnie O Hargis,LITERACY COACHES,62041.69,0.00,1318.75,27807.10,63360.44,91167.54,2016,,Churchill County School District,""
Karen A Grimes,TEACHER-1ST GRADE,63491.43,0.00,96.19,27045.23,63587.62,90632.85,2016,,Churchill County School District,""
Sandra L Gilbert,TEACHER-SCIENCE,62809.00,0.00,0.00,27685.25,62809.00,90494.25,2016,,Churchill County School District,""
Ronald Lee Turner,GARAGE SUPERVISOR,56211.98,5985.23,177.26,28096.69,62374.47,90471.16,2016,,Churchill County School District,""
Nathan Waite,SECONDARY TECHNOLOGY COACH,61710.08,0.00,2235.00,26383.11,63945.08,90328.19,2016,,Churchill County School District,""
Gary Jamieson,TEACHER-SOCIAL STUDIES,62462.54,0.00,0.00,27703.97,62462.54,90166.51,2016,,Churchill County School District,""
Suzanne L Lawrence,TEACHER-ESL,62169.00,0.00,266.99,27678.53,62435.99,90114.52,2016,,Churchill County School District,""
Daire M Ochs,TEACHER-2ND GRADE,62236.00,0.00,0.00,27854.89,62236.00,90090.89,2016,,Churchill County School District,""
Michele L Reibsamen,TEACHER-5TH GRADE,62138.00,0.00,0.00,27832.26,62138.00,89970.26,2016,,Churchill County School District,""
Jennifer E Buckmaster,TEACHER-SPECIAL ED,62219.00,0.00,0.00,27541.19,62219.00,89760.19,2016,,Churchill County School District,""
Jeremie A Sorensen,TEACHER-KINDERGARTEN,61908.00,0.00,42.86,27756.91,61950.86,89707.77,2016,,Churchill County School District,""
Becky L Mathews,TEACHER-SPECIAL ED,61791.20,0.00,212.32,27623.66,62003.52,89627.18,2016,,Churchill County School District,""
Dominique Johnson,TEACHER-4TH GRADE,61744.00,0.00,0.00,27664.37,61744.00,89408.37,2016,,Churchill County School District,""
Lisa K Solinski,TEACHER-5TH GRADE,61619.00,0.00,0.00,27640.12,61619.00,89259.12,2016,,Churchill County School District,""
Jennifer A Young,TEACHER-1ST GRADE,61640.43,0.00,0.00,27578.21,61640.43,89218.64,2016,,Churchill County School District,""
Linda Rasmussen,TEACHER-2ND GRADE,60559.68,0.00,1171.58,27413.58,61731.26,89144.84,2016,,Churchill County School District,""
Marla R Wood,TEACHER-SPECIAL ED,61619.00,0.00,0.00,27498.30,61619.00,89117.30,2016,,Churchill County School District,""
Judith Lynn Travis,TEACHER-4TH GRADE,61450.00,0.00,0.00,27410.20,61450.00,88860.20,2016,,Churchill County School District,""
Brenda Boone,TOSA-ELEM MATH/SCIENCE,61619.00,0.00,0.00,27180.66,61619.00,88799.66,2016,,Churchill County School District,""
Jennifer J Guerrero,TEACHER-SPECIAL ED,60674.00,0.00,429.48,27406.06,61103.48,88509.54,2016,,Churchill County School District,""
Warren D Wood,TEACHER-SCIENCE,62921.26,0.00,345.02,25145.47,63266.28,88411.75,2016,,Churchill County School District,""
Heidi K Emke,TEACHER-2ND GRADE,59475.68,0.00,1800.00,26962.63,61275.68,88238.31,2016,,Churchill County School District,""
Mary A Kroll,TEACHER-SPECIAL ED,60947.56,0.00,0.00,27245.54,60947.56,88193.10,2016,,Churchill County School District,""
Lucas Z Koenig,TEACHER-MUSIC,61556.72,0.00,53.08,26570.00,61609.80,88179.80,2016,,Churchill County School District,""
Stephan R Russell,DIRECTOR OF TRANSPORTATION,59020.02,0.00,0.00,29119.37,59020.02,88139.39,2016,,Churchill County School District,""
Mark R Leiser,TEACHER-SPECIAL ED,60824.66,0.00,58.93,27187.35,60883.59,88070.94,2016,,Churchill County School District,""
Bradley A Whitaker,TEACHER-KINDERGARTEN,61645.54,0.00,160.73,26132.78,61806.27,87939.05,2016,,Churchill County School District,""
Tamara Olsen,TEACHER-SPECIAL ED,60283.54,0.00,159.24,27216.70,60442.78,87659.48,2016,,Churchill County School District,""
Amy L Nichols,TEACHER-SPECIAL ED,60496.26,0.00,159.24,26802.77,60655.50,87458.27,2016,,Churchill County School District,""
Angela F Heck,TEACHER-6TH GRADE,60257.00,0.00,0.00,27199.30,60257.00,87456.30,2016,,Churchill County School District,""
Torri A Conley,TEACHER-ENGLISH,60390.68,0.00,53.08,26961.25,60443.76,87405.01,2016,,Churchill County School District,""
Laura Lee Christensen,TEACHER-SPECIAL ED,60208.00,0.00,0.00,27196.59,60208.00,87404.59,2016,,Churchill County School District,""
Wilma E Mora,TEACHER-SPECIAL ED,60057.00,0.00,0.00,27229.25,60057.00,87286.25,2016,,Churchill County School District,""
Tyson S Sorensen,TEACHER-MATH,59985.54,0.00,79.62,27186.79,60065.16,87251.95,2016,,Churchill County School District,""
Sara E Camper,TEACHER-SPECIAL ED,60079.10,0.00,0.00,26994.37,60079.10,87073.47,2016,,Churchill County School District,""
Lisa R Christy,TEACHER-4TH GRADE,59650.36,0.00,0.00,27072.04,59650.36,86722.40,2016,,Churchill County School District,""
Nettie A Rickerson,TEACHER-SPECIAL ED,58218.68,0.00,2008.94,26085.02,60227.62,86312.64,2016,,Churchill County School District,""
Lori K Norcutt,HR ANALYST,59134.40,0.00,0.00,26868.72,59134.40,86003.12,2016,,Churchill County School District,""
Mike Compagnoni,MAINTENANCE TECHNICIAN,57678.34,259.97,318.90,27626.22,58257.21,85883.43,2016,,Churchill County School District,""
Daryl Scott Wilson,TEACHER-SCIENCE,58440.44,0.00,0.00,26583.96,58440.44,85024.40,2016,,Churchill County School District,""
Noreen Swenson,COUNSELOR,57976.28,0.00,0.00,26583.93,57976.28,84560.21,2016,,Churchill County School District,""
Jennifer J Beebe,TEACHER-EARLY CHILDHOOD SPECIAL ED,58013.64,0.00,0.00,26527.51,58013.64,84541.15,2016,,Churchill County School District,""
Amanda R Lister,COUNSELOR,56974.08,0.00,1660.00,25847.81,58634.08,84481.89,2016,,Churchill County School District,""
Tiffany M Wright,TEACHER-SPECIAL ED,57830.84,0.00,143.16,26219.80,57974.00,84193.80,2016,,Churchill County School District,""
James M Christensen,TEACHER-SPECIAL ED,57494.88,0.00,426.00,26168.94,57920.88,84089.82,2016,,Churchill County School District,""
Aaron R Holt,TEACHER-MATH,55342.88,0.00,2944.42,25579.92,58287.30,83867.22,2016,,Churchill County School District,""
Tiffany K Picotte,TEACHER-KINDERGARTEN,64057.00,0.00,42.86,18949.66,64099.86,83049.52,2016,,Churchill County School District,""
Eric A Campbell,TEACHER-SPECIAL ED,56782.01,0.00,0.00,26141.22,56782.01,82923.23,2016,,Churchill County School District,""
Teri J Funsch,TEACHER-5TH GRADE,56518.68,0.00,0.00,26164.46,56518.68,82683.14,2016,,Churchill County School District,""
Janeen L Malkovich,TEACHER-EARLY CHILDHOOD,56695.32,0.00,0.00,25039.64,56695.32,81734.96,2016,,Churchill County School District,""
Ruby S Trappen,SCHOOL PSYCHOLOGIST,55757.67,0.00,0.00,25737.47,55757.67,81495.14,2016,,Churchill County School District,""
Michelle R Richardson,TECHNOLOGY TRAINER,55477.36,0.00,0.00,25798.15,55477.36,81275.51,2016,,Churchill County School District,""
Emily N Alexander,TEACHER-SOCIAL STUDIES,55720.34,0.00,0.00,25503.63,55720.34,81223.97,2016,,Churchill County School District,""
Shannon M Matheson,TEACHER-6TH GRADE,55432.36,0.00,0.00,25761.79,55432.36,81194.15,2016,,Churchill County School District,""
William D Coblentz,TEACHER-SCIENCE,55351.76,0.00,0.00,25794.95,55351.76,81146.71,2016,,Churchill County School District,""
Kim Terry,COTA,55000.00,0.00,0.00,25692.96,55000.00,80692.96,2016,,Churchill County School District,""
Janel M Federico-Buchan,HR ANALYST,54454.40,0.00,0.00,25557.29,54454.40,80011.69,2016,,Churchill County School District,""
David R Jackson,MAINTENANCE TECHNICIAN,52540.84,218.82,210.29,26995.62,52969.95,79965.57,2016,,Churchill County School District,""
Tanya L Whitaker,SCHOOL PSYCHOLOGIST,54454.81,0.00,0.00,25434.67,54454.81,79889.48,2016,,Churchill County School District,""
Julieann K Chappell,TEACHER-1ST GRADE,53416.07,0.00,1175.00,25264.11,54591.07,79855.18,2016,,Churchill County School District,""
Amy-Marie Young,TEACHER-EARLY CHILDHOOD,54086.32,0.00,0.00,25465.83,54086.32,79552.15,2016,,Churchill County School District,""
Joey Michael Nelsen,TEACHER-ENGLISH,54524.72,0.00,26.54,24822.85,54551.26,79374.11,2016,,Churchill County School District,""
Christine M Corbin,TEACHER-5TH GRADE,53861.64,0.00,0.00,25357.77,53861.64,79219.41,2016,,Churchill County School District,""
Robert E Amezquita,MAINTENANCE TECHNICIAN,52492.76,188.38,18.10,26075.49,52699.24,78774.73,2016,,Churchill County School District,""
Stephen C Davis,TEACHER-MATH,53394.64,0.00,0.00,25223.61,53394.64,78618.25,2016,,Churchill County School District,""
Debra M Shyne,SECRETARY TO SUPERINTENDENT,53466.42,0.00,0.00,25082.13,53466.42,78548.55,2016,,Churchill County School District,""
Anne Marie Smith,TEACHER-PE,54278.24,0.00,0.00,24233.31,54278.24,78511.55,2016,,Churchill County School District,""
Brooke A Hill,TEACHER-SOCIAL STUDIES,54176.08,0.00,26.54,24247.06,54202.62,78449.68,2016,,Churchill County School District,""
Elena S Marsh,TEACHER-MATH,54378.76,0.00,53.08,23518.09,54431.84,77949.93,2016,,Churchill County School District,""
Debra J Smotherman,SCHOOL OFFICE MANAGER-SECONDARY,52759.16,0.00,0.00,25061.40,52759.16,77820.56,2016,,Churchill County School District,""
Treasa K Pursley,TEACHER-EARLY CHILDHOOD,59174.84,0.00,0.00,18637.85,59174.84,77812.69,2016,,Churchill County School District,""
Shelby M Brown,TEACHER-4TH GRADE,52599.04,0.00,0.00,24926.48,52599.04,77525.52,2016,,Churchill County School District,""
Dustan D Drinkut,MECHANIC,49732.76,2678.20,310.40,24778.24,52721.36,77499.60,2016,,Churchill County School District,""
Kyle T Rinker,TEACHER-SPECIAL ED,52478.38,0.00,0.00,24948.05,52478.38,77426.43,2016,,Churchill County School District,""
Micah D Pursley,MECHANIC,50599.75,0.00,0.00,26364.91,50599.75,76964.66,2016,,Churchill County School District,""
Erick R Gremlich,TEACHER-MATH,50855.14,0.00,1700.00,24111.76,52555.14,76666.90,2016,,Churchill County School District,""
Teresa L Laca,ACCOUNT TECHNICIAN,51282.40,522.48,0.00,24647.81,51804.88,76452.69,2016,,Churchill County School District,""
Stacy L Stults,TEACHER-SPECIAL ED,51383.68,0.00,0.00,24433.68,51383.68,75817.36,2016,,Churchill County School District,""
Bradley J Dolan,MAINTENANCE TECHNICIAN,49637.96,18.10,36.20,26040.87,49692.26,75733.13,2016,,Churchill County School District,""
Kari A Lister,TEACHER-3RD GRADE,51639.20,0.00,0.00,23640.99,51639.20,75280.19,2016,,Churchill County School District,""
Kaylene R Cole,IC FACILITATOR,50783.68,0.00,0.00,24474.24,50783.68,75257.92,2016,,Churchill County School District,""
Richard D Field,TEACHER-SPECIAL ED,50578.00,0.00,424.65,24249.71,51002.65,75252.36,2016,,Churchill County School District,""
Patsy L Lewis,CUSTODIAN,48713.60,87.83,169.80,25828.74,48971.23,74799.97,2016,,Churchill County School District,""
Stacy L Fisk,ADMINISTRATIVE SECRETARY,50408.16,0.00,0.00,24357.04,50408.16,74765.20,2016,,Churchill County School District,""
Scott Lecker,GROUNDSKEEPER,47840.00,740.97,347.32,25457.75,48928.29,74386.04,2016,,Churchill County School District,""
Stacey I Manning,TEACHER-1ST GRADE,49999.43,0.00,26.54,24165.68,50025.97,74191.65,2016,,Churchill County School District,""
Jennifer A Mitchell,TEACHER-3RD GRADE,49978.00,0.00,0.00,24146.48,49978.00,74124.48,2016,,Churchill County School District,""
Carol I Reynolds-Woodsford,TEACHER-ESL,49978.00,0.00,0.00,23477.35,49978.00,73455.35,2016,,Churchill County School District,""
Elaine H Adams,TEACHER-HEALTH OCCUPATIONS,49809.30,0.00,47.72,23453.97,49857.02,73310.99,2016,,Churchill County School District,""
Deborah J Swisher,TEACHER-1ST GRADE,49218.07,0.00,0.00,24018.72,49218.07,73236.79,2016,,Churchill County School District,""
Shawn M Drost,TEACHER-2ND GRADE,49098.64,0.00,0.00,23909.92,49098.64,73008.56,2016,,Churchill County School District,""
Walter E Henderson,CUSTODIAN,46394.36,812.65,16.88,25189.21,47223.89,72413.10,2016,,Churchill County School District,""
Steve M Mcmorris,TEACHER-OCCUPATIONAL EDUCATION,48752.76,0.00,332.17,23294.67,49084.93,72379.60,2016,,Churchill County School District,""
Kevin S Wickware,TEACHER-5TH GRADE,49025.68,0.00,0.00,23292.38,49025.68,72318.06,2016,,Churchill County School District,""
Debra L Bullock,DEPARTMENT SECRETARY,48297.60,0.00,70.29,23739.12,48367.89,72107.01,2016,,Churchill County School District,""
Patricia A Moore,TEACHER-4TH GRADE,48009.32,0.00,0.00,23674.15,48009.32,71683.47,2016,,Churchill County School District,""
Jack John Jarschke,CUSTODIAN,46820.80,59.09,33.77,24555.85,46913.66,71469.51,2016,,Churchill County School District,""
Aimee L Bell,TEACHER-3RD GRADE,47805.68,0.00,69.40,23566.40,47875.08,71441.48,2016,,Churchill County School District,""
Stanley A Lattin,CUSTODIAN,45552.04,431.45,5.53,24914.29,45989.02,70903.31,2016,,Churchill County School District,""
Monica T Mayfield,TEACHER-3RD GRADE,47200.00,0.00,225.00,23373.05,47425.00,70798.05,2016,,Churchill County School District,""
Susan L Pruit,ACCOUNT TECHNICIAN,47039.22,0.00,0.00,23361.17,47039.22,70400.39,2016,,Churchill County School District,""
Corina D Souza,SPEECH THERAPIST,47025.00,0.00,42.86,23306.26,47067.86,70374.12,2016,,Churchill County School District,""
Holly K Mcpherson,TEACHER-ENGLISH,46892.90,0.00,26.54,23271.58,46919.44,70191.02,2016,,Churchill County School District,""
Darby M Rowe,TEACHER-KINDERGARTEN,46610.68,0.00,42.86,23247.86,46653.54,69901.40,2016,,Churchill County School District,""
Sharon A Wood,TEACHER-3RD GRADE,47400.33,0.00,197.80,22055.16,47598.13,69653.29,2016,,Churchill County School District,""
Jordyn A Ames,SPEECH THERAPIST,45996.93,0.00,42.86,23052.28,46039.79,69092.07,2016,,Churchill County School District,""
Kristina L Murphy,TEACHER-5TH GRADE,45694.14,0.00,0.00,22662.84,45694.14,68356.98,2016,,Churchill County School District,""
Donn S Sheldon,TEACHER-NJROTC,49817.50,0.00,0.00,18336.45,49817.50,68153.95,2016,,Churchill County School District,""
Sharon A Oswald,CUSTODIAN,43243.18,123.60,31.48,24230.89,43398.26,67629.15,2016,,Churchill County School District,""
Stephen R Vankirk,CUSTODIAN,40932.98,2535.31,715.32,23366.59,44183.61,67550.20,2016,,Churchill County School District,""
Sandra F Vanderbeek,TEACHER-EARLY CHILDHOOD,45446.18,0.00,0.00,22038.50,45446.18,67484.68,2016,,Churchill County School District,""
Philip Pinder,BOARD MEMBER,48993.10,0.00,0.00,18398.87,48993.10,67391.97,2016,,Churchill County School District,""
Monica Fairbanks,TEACHER-ENGLISH,44975.68,0.00,0.00,22362.31,44975.68,67337.99,2016,,Churchill County School District,""
Donald L Pitt,CUSTODIAN,43243.16,338.02,157.35,23410.29,43738.53,67148.82,2016,,Churchill County School District,""
Jamie D Lara,SCHOOL BUS DRIVER TRAINER,40168.61,2528.20,707.15,23226.36,43403.96,66630.32,2016,,Churchill County School District,""
Heather L Stokes,TEACHER-6TH GRADE,47326.26,0.00,185.78,19038.84,47512.04,66550.88,2016,,Churchill County School District,""
Andrew Lister,TEACHER-SPECIAL ED,43999.68,0.00,0.00,22029.23,43999.68,66028.91,2016,,Churchill County School District,""
Michael Rafeal Brown,MAINTENANCE TECHNICIAN,42070.92,75.58,35.60,23788.93,42182.10,65971.03,2016,,Churchill County School District,""
Nida Vista Grossman,CUSTODIAN,41558.40,506.25,35.28,23741.13,42099.93,65841.06,2016,,Churchill County School District,""
Theodore M Ott,TEACHER-OCCUPATIONAL EDUCATION,43073.72,0.00,1605.67,21047.81,44679.39,65727.20,2016,,Churchill County School District,""
Margaret L Van Riper,CUSTODIAN,41558.40,128.52,50.40,23747.07,41737.32,65484.39,2016,,Churchill County School District,""
Cherryl A Adams,TEACHER-SPECIAL ED,46322.68,0.00,0.00,19140.57,46322.68,65463.25,2016,,Churchill County School District,""
Brenda Marie Malnack,TEACHER-EARLY CHILDHOOD,47670.89,0.00,0.00,17630.86,47670.89,65301.75,2016,,Churchill County School District,""
Randalyn Orong,TEACHER-COMPUTERS,42987.36,0.00,53.08,22115.46,43040.44,65155.90,2016,,Churchill County School District,""
Natalie A Lindsay,TEACHER-ENGLISH,45842.68,0.00,0.00,19138.84,45842.68,64981.52,2016,,Churchill County School District,""
Rachel D Knight,TEACHER-KINDERGARTEN,49889.82,0.00,0.00,15067.84,49889.82,64957.66,2016,,Churchill County School District,""
Pedro Montero-Ocampo,CUSTODIAN,40809.60,363.83,235.98,23535.17,41409.41,64944.58,2016,,Churchill County School District,""
Gayle M Webb,DEPARTMENT SECRETARY,39780.78,2916.62,774.61,21396.34,43472.01,64868.35,2016,,Churchill County School District,""
Linda S Sanders,TEACHER-DISTANCE EDUCATION,40731.18,0.00,2135.88,21559.41,42867.06,64426.47,2016,,Churchill County School District,""
Gary B Gross,CUSTODIAN,40809.60,37.13,14.85,23516.20,40861.58,64377.78,2016,,Churchill County School District,""
Linda M Curtright,CUSTODIAN,40809.60,0.00,4.95,23512.36,40814.55,64326.91,2016,,Churchill County School District,""
Eric D Clifford,IC FACILITATOR,42266.68,0.00,0.00,21920.05,42266.68,64186.73,2016,,Churchill County School District,""
Will E Jensen,DIRECTOR OF SPECIAL SERVICES,49362.77,0.00,0.00,14755.10,49362.77,64117.87,2016,,Churchill County School District,""
Julie A Richards,SCHOOL OFFICE MANAGER-ELEMENTARY,42178.32,0.00,0.00,21914.00,42178.32,64092.32,2016,,Churchill County School District,""
Daniel L Koch,TEACHER-4TH GRADE,45088.68,0.00,0.00,18791.07,45088.68,63879.75,2016,,Churchill County School District,""
Barbara J Lund,CUSTODIAN,40291.17,131.76,34.65,23364.05,40457.58,63821.63,2016,,Churchill County School District,""
Kenneth E Bailey,WAREHOUSE WORKER,45165.54,0.00,0.00,18202.09,45165.54,63367.63,2016,,Churchill County School District,""
Armelia S Knittle,DEPARTMENT SECRETARY,41727.36,0.00,0.00,21628.47,41727.36,63355.83,2016,,Churchill County School District,""
Robert Fredrick,CUSTODIAN,40060.80,14.58,0.00,23257.99,40075.38,63333.37,2016,,Churchill County School District,""
Susan L Van Patten,TEACHER-OCCUPATIONAL EDUCATION,45492.89,0.00,0.00,17807.20,45492.89,63300.09,2016,,Churchill County School District,""
Andrea B Segura,DATA SPECIALIST-SECONDARY,41266.56,0.00,0.00,21330.17,41266.56,62596.73,2016,,Churchill County School District,""
Karen K Goings,TEACHER-MATH,44072.86,0.00,0.00,18120.14,44072.86,62193.00,2016,,Churchill County School District,""
Gayle L Martin,CLASSIFIED SCHOOL NURSE-RN,40343.60,0.00,323.15,21422.03,40666.75,62088.78,2016,,Churchill County School District,""
Thomas Earl Massengale,MAINTENANCE TECHNICIAN,47100.49,146.95,0.00,13339.51,47247.44,60586.95,2016,,Churchill County School District,""
Lila L Allen,ESY TEACHER,42449.91,0.00,60.00,17613.85,42509.91,60123.76,2016,,Churchill County School District,""
Traci A Lewis,SPEECH THERAPIST,38441.68,0.00,0.00,20587.83,38441.68,59029.51,2016,,Churchill County School District,""
Sandy L. Wassmuth,TEACHER-EARLY CHILDHOOD SPECIAL ED,37751.68,0.00,0.00,20665.57,37751.68,58417.25,2016,,Churchill County School District,""
James W Jacobs,CUSTODIAN,35595.72,93.51,40.08,21929.11,35729.31,57658.42,2016,,Churchill County School District,""
Amanda A Pitt,SCHOOL OFFICE MANAGER-ELEMENTARY,37690.56,0.00,0.00,19840.85,37690.56,57531.41,2016,,Churchill County School District,""
Heather K Benjamin,TEACHER-ENGLISH,36987.18,0.00,291.94,20180.09,37279.12,57459.21,2016,,Churchill County School District,""
Margaret A St. Andre',TEACHER-KINDERGARTEN,39445.99,0.00,1406.25,16339.91,40852.24,57192.15,2016,,Churchill County School District,""
Judy A Connelly,DATA MANAGEMENT SPECIALIST,36859.61,0.00,0.00,20262.07,36859.61,57121.68,2016,,Churchill County School District,""
Merrette E Boyle,TEACHER-SPECIAL ED,37018.00,0.00,0.00,20092.11,37018.00,57110.11,2016,,Churchill County School District,""
Celestia M Keller,ADMINISTRATIVE SECRETARY,36570.70,0.00,0.00,20301.99,36570.70,56872.69,2016,,Churchill County School District,""
Kim D Ewart,SCHOOL OFFICE MANAGER-ELEMENTARY,35998.80,709.15,58.05,20075.00,36766.00,56841.00,2016,,Churchill County School District,""
Morgen C Malnack,TEACHER-EARLY CHILDHOOD,41009.82,0.00,107.15,15636.86,41116.97,56753.83,2016,,Churchill County School District,""
Amparo Esparza-Rios,CUSTODIAN,34590.40,454.85,78.51,21598.82,35123.76,56722.58,2016,,Churchill County School District,""
Selena R Gomes,ADMINISTRATIVE CLERICAL AIDE,36337.62,0.00,0.00,20198.14,36337.62,56535.76,2016,,Churchill County School District,""
Trudy G Dahl,SCHOOL OFFICE MANAGER-SECONDARY,35713.62,0.00,0.00,20033.12,35713.62,55746.74,2016,,Churchill County School District,""
Elizabeth P Helton,CLASSIFIED SCHOOL NURSE-LPN,35455.29,0.00,292.64,19967.80,35747.93,55715.73,2016,,Churchill County School District,""
Jentry R Ansotegui,TEACHER-EARLY CHILDHOOD,43313.68,0.00,0.00,12202.41,43313.68,55516.09,2016,,Churchill County School District,""
Marcella P Jones,SITE FOOD SERVICE SUPERVISOR,21908.36,1912.97,11688.40,19622.16,35509.73,55131.89,2016,,Churchill County School District,""
Vicenta Peru,CUSTODIAN,33342.38,155.28,0.00,21119.50,33497.66,54617.16,2016,,Churchill County School District,""
Theresa M Lambert,SCHOOL OFFICE MANAGER-ELEMENTARY,34869.84,0.00,0.00,19620.33,34869.84,54490.17,2016,,Churchill County School District,""
Shaun Benninghove,CUSTODIAN,33342.40,11.91,0.00,21107.77,33354.31,54462.08,2016,,Churchill County School District,""
Terri Pearson,SCHOOL SECRETARY II,34434.60,0.00,0.00,19121.42,34434.60,53556.02,2016,,Churchill County School District,""
Marsha Mary Metz,SCHOOL BUS DRIVER,21046.85,0.00,12304.62,19975.00,33351.47,53326.47,2016,,Churchill County School District,""
Joy A Bergreen,SIGNER/INTERPRETER-3-3.9 EIPA TEST,33384.24,0.00,341.12,19425.99,33725.36,53151.35,2016,,Churchill County School District,""
Lucy M Rickman,SITE FOOD SERVICE SUPERVISOR,30264.85,117.92,1954.03,20161.37,32336.80,52498.17,2016,,Churchill County School District,""
Autumn L Lucero,COUNSELOR,36133.21,0.00,0.00,16316.57,36133.21,52449.78,2016,,Churchill County School District,""
Terri L Laca,SCHOOL OFFICE MANAGER-ELEMENTARY,33097.14,0.00,0.00,19215.80,33097.14,52312.94,2016,,Churchill County School District,""
Lee D Tisdale,TEACHER-MATH,36322.97,0.00,0.00,15558.84,36322.97,51881.81,2016,,Churchill County School District,""
Sandra M Trotter,SCHOOL SECRETARY II,32656.00,0.00,0.00,19085.86,32656.00,51741.86,2016,,Churchill County School District,""
Toni Dalluge,SCHOOL BUS DRIVER,22281.18,0.00,9300.99,19963.60,31582.17,51545.77,2016,,Churchill County School District,""
Nathan J Toigo,DATA SPECIALIST-SECONDARY,30377.58,0.00,1923.75,18987.95,32301.33,51289.28,2016,,Churchill County School District,""
Toni M Venturacci,SCHOOL SECRETARY II,32174.92,0.00,0.00,18927.32,32174.92,51102.24,2016,,Churchill County School District,""
Dawn M Whitten,DIRECTOR OF FOOD SERVICES,38225.72,0.00,0.00,12649.61,38225.72,50875.33,2016,,Churchill County School District,""
Diane M Slowan,PARAPROFESSIONAL LIBRARY SPECIALIST,31789.60,0.00,0.00,18822.38,31789.60,50611.98,2016,,Churchill County School District,""
Evelyn R Lammel,SCHOOL BUS DRIVER,21496.74,0.00,9206.50,19818.99,30703.24,50522.23,2016,,Churchill County School District,""
Elvia Cortez,CUSTODIAN,29731.21,665.08,37.65,19859.82,30433.94,50293.76,2016,,Churchill County School District,""
Stephen Jackson,SCHOOL PSYCHOLOGIST,35125.16,0.00,0.00,14926.53,35125.16,50051.69,2016,,Churchill County School District,""
Robert C Wickware,VICE-PRINCIPAL,34902.48,0.00,0.00,15027.65,34902.48,49930.13,2016,,Churchill County School District,""
William A Atchison,CAMPUS SECURITY OFFICER,29638.27,124.74,291.08,19847.22,30054.09,49901.31,2016,,Churchill County School District,""
Shelly Jo Hubbard,SCHOOL SECRETARY II,31215.56,0.00,0.00,18607.38,31215.56,49822.94,2016,,Churchill County School District,""
Gina A Hernandez,CUSTODIAN,30008.88,54.16,8.09,18981.27,30071.13,49052.40,2016,,Churchill County School District,""
Karen E Beach,PARAPROFESSIONAL IA-SPED,29851.84,0.00,622.50,18425.57,30474.34,48899.91,2016,,Churchill County School District,""
Kristina A Loesel,TEACHER-ENGLISH,36696.28,0.00,159.24,11893.65,36855.52,48749.17,2016,,Churchill County School District,""
Caroline J Moore,SCHOOL SECRETARY II,30350.88,0.00,0.00,18387.56,30350.88,48738.44,2016,,Churchill County School District,""
Sharon Joan Goudswaard,PARAPROFESSIONAL IA-SPED,30058.26,0.00,0.00,18291.62,30058.26,48349.88,2016,,Churchill County School District,""
Linda E Larson,SCHOOL SECRETARY II,29547.96,0.00,0.00,18097.67,29547.96,47645.63,2016,,Churchill County School District,""
Michael W Tanberg,MAINTENANCE TECHNICIAN,30046.70,79.86,29.04,17403.49,30155.60,47559.09,2016,,Churchill County School District,""
Adonna M Crowley,CLASSIFIED SCHOOL NURSE-RN,28499.44,0.00,289.42,17899.55,28788.86,46688.41,2016,,Churchill County School District,""
Mitch J Overlie,TEACHER-ENGLISH,31668.48,0.00,0.00,14979.82,31668.48,46648.30,2016,,Churchill County School District,""
Margaret L Rodriguez,PARAPROFESSIONAL IA-SPED,23888.22,360.99,4758.26,17565.82,29007.47,46573.29,2016,,Churchill County School District,""
Pamela S Smith,PARAPROFESSIONAL IA-SPED,28467.66,0.00,0.00,17774.34,28467.66,46242.00,2016,,Churchill County School District,""
Angel Raymond,ACCOUNT TECHNICIAN,34761.85,101.14,0.00,11296.17,34862.99,46159.16,2016,,Churchill County School District,""
Debra D Clifford,SCHOOL SECRETARY II,34215.66,0.00,698.78,10746.58,34914.44,45661.02,2016,,Churchill County School District,""
Tammi R Carrington,PARAPROFESSIONAL IA-SPED,27887.64,0.00,0.00,17500.30,27887.64,45387.94,2016,,Churchill County School District,""
Donna F Jarrett,SITE FOOD SERVICE SUPERVISOR,25113.90,0.00,1605.90,18622.58,26719.80,45342.38,2016,,Churchill County School District,""
Michele D Savitz,TEACHER-3RD GRADE,30012.32,0.00,112.50,14495.76,30124.82,44620.58,2016,,Churchill County School District,""
Josephine M Lacow-Swett,SCHOOL BUS DRIVER,23713.86,305.10,2223.64,18363.25,26242.60,44605.85,2016,,Churchill County School District,""
Tracy L Sandusky,PARAPROFESSIONAL IA-SPED,26694.68,0.00,37.40,17263.24,26732.08,43995.32,2016,,Churchill County School District,""
Ellen L Clyburn-Jackson,SCHOOL BUS DRIVER,22601.95,0.00,3044.49,18324.45,25646.44,43970.89,2016,,Churchill County School District,""
Sherri L Barnes,PARAPROFESSIONAL IA,27073.77,0.00,157.92,16703.30,27231.69,43934.99,2016,,Churchill County School District,""
Gaylene M Drinkut,PARAPROFESSIONAL IA-SPED,27735.88,0.00,0.00,16071.30,27735.88,43807.18,2016,,Churchill County School District,""
Linda M Diaz,SCHOOL BUS DRIVER,20344.56,0.00,5044.98,17854.04,25389.54,43243.58,2016,,Churchill County School District,""
Silvia E Brewster,PARAPROFESSIONAL IA-ESL,25750.56,0.00,0.00,16954.85,25750.56,42705.41,2016,,Churchill County School District,""
Stena Dowling,SCHOOL BUS DRIVER,24487.09,0.00,219.48,17922.61,24706.57,42629.18,2016,,Churchill County School District,""
Yolanda Kaster,PARAPROFESSIONAL IA-SPED,25653.53,0.00,41.08,16923.23,25694.61,42617.84,2016,,Churchill County School District,""
Loretta A Schmelz,PARAPROFESSIONAL IA-SPED,25653.52,0.00,0.00,16941.72,25653.52,42595.24,2016,,Churchill County School District,""
Jill Taylor,PARAPROFESSIONAL IA-SPED,25259.64,0.00,0.00,16820.51,25259.64,42080.15,2016,,Churchill County School District,""
Kathleen A Hogan,PARAPROFESSIONAL IA-SPED,25189.92,0.00,0.00,16794.42,25189.92,41984.34,2016,,Churchill County School District,""
Lori S Brown,PARAPROFESSIONAL IA-SPED,25189.92,0.00,0.00,16793.88,25189.92,41983.80,2016,,Churchill County School District,""
Roberta E Amador,SUBSTITUTE TEACHER,27982.68,0.00,0.00,13956.18,27982.68,41938.86,2016,,Churchill County School District,""
Katherine M Van Dusen,SCHOOL BUS DRIVER,21511.54,0.00,2862.20,17539.12,24373.74,41912.86,2016,,Churchill County School District,""
Jessica R Beyer,PARAPROFESSIONAL IA-SPED,25003.84,0.00,135.00,16767.88,25138.84,41906.72,2016,,Churchill County School District,""
Angela Stritenberger,PARAPROFESSIONAL IA-SPED,24974.94,0.00,0.00,16732.89,24974.94,41707.83,2016,,Churchill County School District,""
Pamela A Johnson,PARAPROFESSIONAL IA-SPED,24912.72,0.00,0.00,16712.24,24912.72,41624.96,2016,,Churchill County School District,""
Donna K Lima,SCHOOL BUS DRIVER,22463.49,0.00,1361.75,17657.98,23825.24,41483.22,2016,,Churchill County School District,""
Annette M Smith,PARAPROFESSIONAL IA-SPED,24734.64,0.00,14.58,16654.70,24749.22,41403.92,2016,,Churchill County School District,""
Elizabeth Ann Barnett,PARAPROFESSIONAL IA-SPED,24734.64,0.00,0.00,16656.87,24734.64,41391.51,2016,,Churchill County School District,""
Amy Jo Mcelvain,PARAPROFESSIONAL IA-SPED,24734.64,0.00,0.00,16585.10,24734.64,41319.74,2016,,Churchill County School District,""
Katherine J Leavitt,PARAPROFESSIONAL IA-ESL,24145.50,0.00,401.25,16540.18,24546.75,41086.93,2016,,Churchill County School District,""
Maryann Bonde Favstritsky,SCHOOL BUS DRIVER,22975.65,0.00,350.31,17468.09,23325.96,40794.05,2016,,Churchill County School District,""
Shelley R Whitaker,PARAPROFESSIONAL IA-SPED,24279.36,0.00,0.00,16506.32,24279.36,40785.68,2016,,Churchill County School District,""
Bobbie L Marlin,PARAPROFESSIONAL IA-SPED,24279.36,0.00,0.00,16485.51,24279.36,40764.87,2016,,Churchill County School District,""
Rose M Cheek,FOOD SERVICE WORKER,23082.37,0.00,204.03,17453.13,23286.40,40739.53,2016,,Churchill County School District,""
James Edward Jr Calkins,CAMPUS SECURITY OFFICER,22959.48,0.00,257.28,17408.91,23216.76,40625.67,2016,,Churchill County School District,""
Rachel T Parsons,PARAPROFESSIONAL IA-KDG,23971.68,0.00,62.02,16421.54,24033.70,40455.24,2016,,Churchill County School District,""
Heidi J Woolsey,SCHOOL SECRETARY II,23964.34,0.00,0.00,16417.32,23964.34,40381.66,2016,,Churchill County School District,""
Jeremy James Beach,GROUNDSKEEPER,23851.78,48.24,1387.60,14851.04,25287.62,40138.66,2016,,Churchill County School District,""
Carolann B Johnson,HOMELESS COORDINATOR,23670.92,0.00,0.00,16323.20,23670.92,39994.12,2016,,Churchill County School District,""
Denise M Grimes,PARAPROFESSIONAL IA-EARLY CHILDHOOD REGULAR ED,24354.58,0.00,0.00,15616.87,24354.58,39971.45,2016,,Churchill County School District,""
Patricia J Anderson,PARAPROFESSIONAL IA,23506.28,0.00,0.00,16087.60,23506.28,39593.88,2016,,Churchill County School District,""
Verna L Furtado,PARAPROFESSIONAL IA-EARLY CHILDHOOD REGULAR ED,23358.16,0.00,0.00,16226.87,23358.16,39585.03,2016,,Churchill County School District,""
Torri L Coldwell,SCHOOL SECRETARY I,23326.96,0.00,0.00,16209.62,23326.96,39536.58,2016,,Churchill County School District,""
Jennifer A O'brien,PARAPROFESSIONAL LIBRARY SPECIALIST,23267.76,0.00,0.00,16202.65,23267.76,39470.41,2016,,Churchill County School District,""
Jennifer L Sanches,PARAPROFESSIONAL LIBRARY SPECIALIST,23343.84,0.00,0.00,16090.77,23343.84,39434.61,2016,,Churchill County School District,""
Summer L Thomson,TEACHER-3RD GRADE,26739.86,0.00,0.00,12641.47,26739.86,39381.33,2016,,Churchill County School District,""
Julene Hitchcock,PARAPROFESSIONAL IA-EARLY CHILDHOOD REGULAR ED,22955.80,0.00,0.00,16111.31,22955.80,39067.11,2016,,Churchill County School District,""
Threasa K Holt,SCHOOL BUS DRIVER,18762.69,0.00,3358.35,16796.26,22121.04,38917.30,2016,,Churchill County School District,""
Juana Madera,PARAPROFESSIONAL MIGRANT EDUCATION ASSISTANT,21587.10,0.00,1159.25,16038.24,22746.35,38784.59,2016,,Churchill County School District,""
Rosa A Sanchez,PARAPROFESSIONAL IA-ESL,22643.96,0.00,31.15,16024.38,22675.11,38699.49,2016,,Churchill County School District,""
Helen M Garrett,PARAPROFESSIONAL IA-KDG,22426.24,0.00,40.32,15817.43,22466.56,38283.99,2016,,Churchill County School District,""
Melodee E Smith,PARAPROFESSIONAL IA-KDG,22144.64,0.00,75.52,15722.21,22220.16,37942.37,2016,,Churchill County School District,""
Roy K Bock,PARAPROFESSIONAL IA-SPED,26364.65,0.00,0.00,11574.04,26364.65,37938.69,2016,,Churchill County School District,""
Yvonne L Bivens,SCHOOL SECRETARY II,24873.48,0.00,105.35,12714.29,24978.83,37693.12,2016,,Churchill County School District,""
Michelle M Rechel,PARAPROFESSIONAL IA-SPED,21755.08,0.00,0.00,15670.29,21755.08,37425.37,2016,,Churchill County School District,""
Linda J Lang,PARAPROFESSIONAL IA-SPED,22214.80,0.00,0.00,15138.33,22214.80,37353.13,2016,,Churchill County School District,""
Lilia R Marquez,PARAPROFESSIONAL IA-ESL,21387.09,0.00,111.84,15776.45,21498.93,37275.38,2016,,Churchill County School District,""
Sheila L Honecker,SITE FOOD SERVICE SUPERVISOR,17587.41,0.00,3335.59,16211.53,20923.00,37134.53,2016,,Churchill County School District,""
Laurie L Martin,CLASSIFIED SCHOOL NURSE-RN,27932.28,0.00,145.08,8989.64,28077.36,37067.00,2016,,Churchill County School District,""
Pamela S Mills,PARAPROFESSIONAL IA-EARLY CHILDHOOD REGULAR ED,21177.95,0.00,0.00,15564.14,21177.95,36742.09,2016,,Churchill County School District,""
Robert B Summers,SCHOOL BUS DRIVER,17532.90,0.00,2862.55,16102.25,20395.45,36497.70,2016,,Churchill County School District,""
Amber C Stein,LIBRARIAN,27798.60,0.00,0.00,8468.25,27798.60,36266.85,2016,,Churchill County School District,""
Merlina A Bitter,FOOD SERVICE WORKER,17235.52,0.00,2638.56,16120.41,19874.08,35994.49,2016,,Churchill County School District,""
Denice E Pinder,FOOD SERVICE ASSISTANT/CASHIER,18811.22,0.00,1157.94,16023.62,19969.16,35992.78,2016,,Churchill County School District,""
Angela C Clyburn,PARAPROFESSIONAL IA-EARLY CHILDHOOD REGULAR ED,20586.88,0.00,0.00,15348.43,20586.88,35935.31,2016,,Churchill County School District,""
Nichele Lynn Powell,CLASSIFIED SCHOOL NURSE-LPN,23867.05,0.00,122.85,11801.81,23989.90,35791.71,2016,,Churchill County School District,""
Kristina J Mcfadden,PARAPROFESSIONAL IA-BUS MONITOR,19749.26,0.00,194.52,15819.23,19943.78,35763.01,2016,,Churchill County School District,""
Colleen C Thomas,TEACHER-ESL,28812.34,0.00,128.58,6678.98,28940.92,35619.90,2016,,Churchill County School District,""
Sofia Doiron,PARAPROFESSIONAL IA-ESL,19452.83,0.00,814.11,15246.55,20266.94,35513.49,2016,,Churchill County School District,""
Lanette F Robinson,SCHOOL BUS DRIVER,18825.08,0.00,569.92,16060.21,19395.00,35455.21,2016,,Churchill County School District,""
Jacqueline K Mcknight,PARAPROFESSIONAL IA-KDG,22587.00,0.00,619.28,11521.66,23206.28,34727.94,2016,,Churchill County School District,""
Llaurel A Griffin,INSURANCE INCENTIVE,26451.54,0.00,241.09,7986.84,26692.63,34679.47,2016,,Churchill County School District,""
Sabrina E Howells,PARAPROFESSIONAL IA-EARLY CHILDHOOD REGULAR ED,19442.68,0.00,0.00,15009.57,19442.68,34452.25,2016,,Churchill County School District,""
Georgia L Schostag,SCHOOL BUS DRIVER,17894.83,0.00,864.24,15630.45,18759.07,34389.52,2016,,Churchill County School District,""
Natividad Reeser,PARAPROFESSIONAL IA-ESL,17794.12,0.00,1050.00,14845.69,18844.12,33689.81,2016,,Churchill County School District,""
Amber L Alexander,PARAPROFESSIONAL IA-SPED,24337.68,0.00,615.00,8385.10,24952.68,33337.78,2016,,Churchill County School District,""
Lori F Crawford,SCHOOL BUS DRIVER,15214.98,0.00,9216.54,8744.11,24431.52,33175.63,2016,,Churchill County School District,""
Janice S Humphrey,FOOD SERVICE WORKER,16538.53,0.00,1170.63,15451.20,17709.16,33160.36,2016,,Churchill County School District,""
Curtis Bent,TEACHER-SPECIAL ED,23019.00,0.00,0.00,9807.68,23019.00,32826.68,2016,,Churchill County School District,""
Carlene Pacheco,FAMILY SERVICE SPECIALIST,18186.02,0.00,0.00,14592.53,18186.02,32778.55,2016,,Churchill County School District,""
Erika M Davenport,PARAPROFESSIONAL IA-SPED,21140.70,0.00,0.00,11606.19,21140.70,32746.89,2016,,Churchill County School District,""
Annalisa J Stark,DATA MANAGEMENT SPECIALIST,24970.68,0.00,0.00,7742.80,24970.68,32713.48,2016,,Churchill County School District,""
Judith L Itskin,SCHOOL BUS DRIVER,17877.61,0.00,1396.39,13432.36,19274.00,32706.36,2016,,Churchill County School District,""
Shannon Christy Hooper,FAMILY SERVICE SPECIALIST,18078.90,0.00,0.00,14610.26,18078.90,32689.16,2016,,Churchill County School District,""
Melissa M Waite,TEACHER-5TH GRADE,21419.46,0.00,417.50,10737.92,21836.96,32574.88,2016,,Churchill County School District,""
Gloria Renteria,FOOD SERVICE WORKER,16123.20,0.00,857.98,15170.19,16981.18,32151.37,2016,,Churchill County School District,""
Cheryl M Mnichowski,PARAPROFESSIONAL IA-SPED,22728.28,0.00,1231.03,8078.02,23959.31,32037.33,2016,,Churchill County School District,""
Mary P Manha,PARAPROFESSIONAL IA-SPED,20364.96,0.00,0.00,11275.34,20364.96,31640.30,2016,,Churchill County School District,""
Sherry K Martin,COUNSELOR,22151.52,0.00,0.00,9452.08,22151.52,31603.60,2016,,Churchill County School District,""
Dallana Medina Soto,PARAPROFESSIONAL IA-EARLY CHILDHOOD REGULAR ED,17076.16,0.00,109.60,14332.58,17185.76,31518.34,2016,,Churchill County School District,""
Juanita L Warkentin,SCHOOL BUS DRIVER,15177.14,0.00,1545.79,14780.32,16722.93,31503.25,2016,,Churchill County School District,""
Jennifer Hicks-Ferris,BENEFIT ONLY,19338.20,0.00,0.00,11990.73,19338.20,31328.93,2016,,Churchill County School District,""
Nancy L Coon,FOOD SERVICE WORKER,14918.63,0.00,1367.45,14937.87,16286.08,31223.95,2016,,Churchill County School District,""
Cora Dawn Ott,SCHOOL BUS DRIVER,15970.76,0.00,285.47,14925.59,16256.23,31181.82,2016,,Churchill County School District,""
Samantha D Baglin,PARAPROFESSIONAL IA-BUS MONITOR,16301.61,0.00,89.43,14731.93,16391.04,31122.97,2016,,Churchill County School District,""
Montana L Koplin,PARAPROFESSIONAL IA-EARLY CHILDHOOD REGULAR ED,16425.06,0.00,0.00,14100.61,16425.06,30525.67,2016,,Churchill County School District,""
Trudy A Mills,TEACHER-5TH GRADE,21221.32,0.00,0.00,9262.70,21221.32,30484.02,2016,,Churchill County School District,""
Clark E Coplan,CUSTODIAN,18293.76,142.92,15.88,11605.45,18452.56,30058.01,2016,,Churchill County School District,""
Kaylene M Holcomb,FOOD SERVICE WORKER,13727.27,0.00,1422.19,14526.64,15149.46,29676.10,2016,,Churchill County School District,""
Michel J Lefort,TEACHER-SPECIAL ED,21461.75,0.00,0.00,8099.46,21461.75,29561.21,2016,,Churchill County School District,""
Diana L Johnson,SCHOOL BUS DRIVER,13941.97,0.00,616.44,14307.29,14558.41,28865.70,2016,,Churchill County School District,""
Sandra M Craig,SCHOOL BUS DRIVER,13767.82,0.00,633.27,14069.73,14401.09,28470.82,2016,,Churchill County School District,""
Diana L Strickland,PARAPROFESSIONAL IA-SPED,17342.64,0.00,0.00,10791.63,17342.64,28134.27,2016,,Churchill County School District,""
Sue Z Tarbox,FOOD SERVICE WORKER,11756.26,0.00,2047.35,13995.56,13803.61,27799.17,2016,,Churchill County School District,""
Karie Blankenship,FOOD SERVICE WORKER,13033.66,0.00,318.04,13844.10,13351.70,27195.80,2016,,Churchill County School District,""
Shanta M Sponsler,PARAPROFESSIONAL IA-SPED,20528.79,0.00,93.54,5945.22,20622.33,26567.55,2016,,Churchill County School District,""
Shelby L Bragg,TEACHER-2ND GRADE,17502.50,0.00,0.00,8920.32,17502.50,26422.82,2016,,Churchill County School District,""
Kris A Hadley,COACHING,23664.98,0.00,275.00,2149.77,23939.98,26089.75,2016,,Churchill County School District,""
Leanna Fitzpatrick,PARAPROFESSIONAL IA-SPED,13827.61,0.00,54.34,11076.24,13881.95,24958.19,2016,,Churchill County School District,""
Sara K Peixoto,IC FACILITATOR,14962.31,0.00,0.00,9908.80,14962.31,24871.11,2016,,Churchill County School District,""
Jamie L Gorder,PARAPROFESSIONAL IA,14764.74,0.00,0.00,9952.94,14764.74,24717.68,2016,,Churchill County School District,""
Traci M Miller,TEACHER-MATH,16997.90,0.00,132.70,7413.49,17130.60,24544.09,2016,,Churchill County School District,""
Wendy J Mello,PARAPROFESSIONAL IA,14469.40,0.00,367.36,9612.51,14836.76,24449.27,2016,,Churchill County School District,""
Jenna M Dixon,TEACHER-4TH GRADE,16413.68,0.00,0.00,7786.47,16413.68,24200.15,2016,,Churchill County School District,""
Joan M Hutchings,PARAPROFESSIONAL IA-BUS MONITOR,12246.54,0.00,1546.07,10291.61,13792.61,24084.22,2016,,Churchill County School District,""
Amy S Hawkins,SUBSTITUTE TEACHER,22041.71,0.00,0.00,1979.33,22041.71,24021.04,2016,,Churchill County School District,""
Rebecca R Ewart,TEACHER-ENGLISH,16090.54,0.00,0.00,7679.57,16090.54,23770.11,2016,,Churchill County School District,""
Darren R Lewis,TEACHER-OCCUPATIONAL EDUCATION,16064.00,0.00,0.00,7629.19,16064.00,23693.19,2016,,Churchill County School District,""
Keith C Sluyter,TEACHER-SCIENCE,15454.10,0.00,0.00,8229.88,15454.10,23683.98,2016,,Churchill County School District,""
Chase A Johnson,TEACHER-OCCUPATIONAL EDUCATION,15417.58,0.00,0.00,7224.56,15417.58,22642.14,2016,,Churchill County School District,""
Taryn L Krantz,TEACHER-3RD GRADE,18788.10,0.00,0.00,3584.97,18788.10,22373.07,2016,,Churchill County School District,""
Stephanie L Knight,TEACHER-4TH GRADE,14965.68,0.00,0.00,7341.88,14965.68,22307.56,2016,,Churchill County School District,""
Keith A Bryska,TEACHER-NJROTC,17560.93,0.00,0.00,4739.95,17560.93,22300.88,2016,,Churchill County School District,""
Carolyn M Grady,DEPARTMENT SECRETARY,16092.92,39.20,860.29,5300.94,16992.41,22293.35,2016,,Churchill County School District,""
Bryan M Neidigh,CUSTODIAN,13422.54,0.00,0.00,8851.52,13422.54,22274.06,2016,,Churchill County School District,""
Judith S Rylander,TEACHER-2ND GRADE,18572.60,0.00,0.00,3699.32,18572.60,22271.92,2016,,Churchill County School District,""
Ashley N Lochridge,TEACHER-3RD GRADE,14502.00,0.00,0.00,7199.08,14502.00,21701.08,2016,,Churchill County School District,""
Kelsey D Gonzalez,SUBSTITUTE CUSTODIAN,18627.01,65.21,231.84,2721.27,18924.06,21645.33,2016,,Churchill County School District,""
Linda K Salinas,TEACHER-KINDERGARTEN,16323.39,0.00,0.00,4444.87,16323.39,20768.26,2016,,Churchill County School District,""
Amanda L Bowlin,TEACHER-5TH GRADE,16356.68,0.00,0.00,4228.60,16356.68,20585.28,2016,,Churchill County School District,""
Emily R Bingham,TEACHER-EARLY CHILDHOOD,16064.00,0.00,0.00,4138.52,16064.00,20202.52,2016,,Churchill County School District,""
Lisa Marie Gregersen,SUBSTITUTE INSTRUCTIONAL ASSISTANT - SPED,17962.40,0.00,487.50,1656.79,18449.90,20106.69,2016,,Churchill County School District,""
Tina T Koenig,TEACHER-EARLY CHILDHOOD,12252.46,0.00,0.00,6089.87,12252.46,18342.33,2016,,Churchill County School District,""
Denise Marker,SUBSTITUTE INSTRUCTIONAL ASSISTANT,9940.72,0.00,0.00,8269.61,9940.72,18210.33,2016,,Churchill County School District,""
Ronald G Moore,GROUNDSKEEPER,15463.52,91.32,0.00,2236.79,15554.84,17791.63,2016,,Churchill County School District,""
Sandy C Kloes,PARAPROFESSIONAL IA-BUS MONITOR,10035.12,0.00,623.12,6909.55,10658.24,17567.79,2016,,Churchill County School District,""
Christine R Camper,CUSTODIAN,12283.62,0.00,521.65,4181.31,12805.27,16986.58,2016,,Churchill County School District,""
Tracy Hoyt,ESY TEACHER,15602.08,0.00,60.00,1309.72,15662.08,16971.80,2016,,Churchill County School District,""
Joanne S King-Wardell,SUBSTITUTE TEACHER,15380.90,0.00,50.00,1385.71,15430.90,16816.61,2016,,Churchill County School District,""
Kristine M Kelley,SUBSTITUTE TEACHER,15188.90,0.00,0.00,1363.94,15188.90,16552.84,2016,,Churchill County School District,""
Melissa Conner,FOOD SERVICE WORKER,10584.41,0.00,1036.27,4204.38,11620.68,15825.06,2016,,Churchill County School District,""
Bonnie Bell,SUBSTITUTE TEACHER,13852.83,0.00,589.33,1296.90,14442.16,15739.06,2016,,Churchill County School District,""
Kathie D Hull,TEACHER-KINDERGARTEN,10487.04,0.00,0.00,5209.66,10487.04,15696.70,2016,,Churchill County School District,""
Chrystal Summarell,FOOD SERVICE ASSISTANT/CASHIER,10063.25,0.00,1148.83,4425.49,11212.08,15637.57,2016,,Churchill County School District,""
Robert C Hendrix,BOARD MEMBER,4800.00,0.00,0.00,10523.00,4800.00,15323.00,2016,,Churchill County School District,""
Justin T Smith,DATA MANAGEMENT SPECIALIST,9653.00,0.00,0.00,5270.46,9653.00,14923.46,2016,,Churchill County School District,""
Clarice Robinson,SUBSTITUTE CUSTODIAN,12783.80,0.00,231.84,1871.63,13015.64,14887.27,2016,,Churchill County School District,""
Deborah A Fiedler,SUBSTITUTE TEACHER,13317.91,0.00,0.00,1195.93,13317.91,14513.84,2016,,Churchill County School District,""
Valerie D Bell,SCHOOL BUS DRIVER,10904.70,0.00,902.90,2544.90,11807.60,14352.50,2016,,Churchill County School District,""
Lacey J Kerr,SUBSTITUTE TEACHER,13108.35,0.00,37.50,1180.52,13145.85,14326.37,2016,,Churchill County School District,""
Matthew N Hyde,BOARD MEMBER,4800.00,0.00,0.00,9476.60,4800.00,14276.60,2016,,Churchill County School District,""
Miranda Gutierrez,TEACHER-4TH GRADE,10953.22,0.00,0.00,3278.24,10953.22,14231.46,2016,,Churchill County School District,""
Nancy L Shadley,SCHOOL BUS DRIVER,11836.83,0.00,462.51,1768.63,12299.34,14067.97,2016,,Churchill County School District,""
Kathryn M Whitaker,BOARD MEMBER,4800.00,0.00,0.00,9077.07,4800.00,13877.07,2016,,Churchill County School District,""
Humberto Serrano,COACHING,12495.27,0.00,0.00,1122.07,12495.27,13617.34,2016,,Churchill County School District,""
William W Reynolds,SCHOOL BUS DRIVER,10143.92,0.00,1442.05,1666.04,11585.97,13252.01,2016,,Churchill County School District,""
Barbara K Dirickson,SUBSTITUTE CLASSIFIED SCHOOL NURSE,11942.78,0.00,0.00,1072.45,11942.78,13015.23,2016,,Churchill County School District,""
Justin C Dellera,GROUNDSKEEPER,11293.24,0.00,0.00,1285.95,11293.24,12579.19,2016,,Churchill County School District,""
Candice R Wallin,SUBSTITUTE CLASSIFIED SCHOOL NURSE,11463.57,0.00,0.00,858.43,11463.57,12322.00,2016,,Churchill County School District,""
Kathy A Fraker,SUBSTITUTE TEACHER,11210.07,0.00,0.00,1006.69,11210.07,12216.76,2016,,Churchill County School District,""
Nancy A Richardson,SCHOOL BUS DRIVER,10014.64,0.00,597.82,1526.07,10612.46,12138.53,2016,,Churchill County School District,""
Dea L Webb,SCHOOL BUS DRIVER,10201.83,0.00,330.19,1514.51,10532.02,12046.53,2016,,Churchill County School District,""
Melinda O Clifton,PARAPROFESSIONAL IA-SPED,10861.38,0.00,39.60,978.91,10900.98,11879.89,2016,,Churchill County School District,""
Holt I Bogdanowicz,SUBSTITUTE TEACHER,10609.19,0.00,0.00,952.72,10609.19,11561.91,2016,,Churchill County School District,""
Kristy Lehman,SUBSTITUTE TEACHER,10266.50,0.00,0.00,921.95,10266.50,11188.45,2016,,Churchill County School District,""
Melinda D Mort,SUBSTITUTE TEACHER,10174.68,0.00,0.00,913.71,10174.68,11088.39,2016,,Churchill County School District,""
Kathy I Jamieson,SUBSTITUTE TEACHER,9806.91,0.00,363.12,913.31,10170.03,11083.34,2016,,Churchill County School District,""
Susan C Smith-Ansotegui,SUBSTITUTE TEACHER,9994.70,0.00,0.00,897.55,9994.70,10892.25,2016,,Churchill County School District,""
Kathleen A Seline,SUBSTITUTE TEACHER,9597.40,0.00,0.00,861.85,9597.40,10459.25,2016,,Churchill County School District,""
Evelyn E White,SUBSTITUTE INSTRUCTIONAL ASSISTANT - SPED,9576.12,0.00,0.00,859.92,9576.12,10436.04,2016,,Churchill County School District,""
Michelle Oldfield,SUBSTITUTE SCHOOL BUS DRIVER,9262.94,0.00,113.12,972.52,9376.06,10348.58,2016,,Churchill County School District,""
Wyatt R Workman,CUSTODIAN,5801.60,142.92,7.94,4196.64,5952.46,10149.10,2016,,Churchill County School District,""
Linda J Gifford,SUBSTITUTE PARAPRO LIBRARY SPECIALIST,9305.36,0.00,0.00,835.64,9305.36,10141.00,2016,,Churchill County School District,""
Charlene F Richard,SUBSTITUTE SCHOOL SECRETARY,8987.77,0.00,0.00,807.10,8987.77,9794.87,2016,,Churchill County School District,""
Wayne Gary Lanners,SUBSTITUTE TEACHER,8585.29,0.00,0.00,770.97,8585.29,9356.26,2016,,Churchill County School District,""
Paul W Orong,DUTY ASSISTANT,8359.13,0.00,0.00,750.61,8359.13,9109.74,2016,,Churchill County School District,""
Victoria B Berg,PARAPROFESSIONAL LIBRARY SPECIALIST,6939.32,0.00,0.00,2169.92,6939.32,9109.24,2016,,Churchill County School District,""
Deborah L Irvin,PARAPROFESSIONAL IA,8195.71,0.00,108.24,745.70,8303.95,9049.65,2016,,Churchill County School District,""
Nicole R Bolhuis,PARAPROFESSIONAL IA-EARLY CHILDHOOD REGULAR ED,7353.49,0.00,0.00,1641.30,7353.49,8994.79,2016,,Churchill County School District,""
Janet Holmgren,SUBSTITUTE SCHOOL BUS DRIVER,7659.50,0.00,475.19,840.64,8134.69,8975.33,2016,,Churchill County School District,""
Melissa E Humphrey,SUBSTITUTE TEACHER,8173.81,0.00,0.00,734.02,8173.81,8907.83,2016,,Churchill County School District,""
Kristin Sheldon,PARENT and COMMUNITY ENGAGEMENT COORDINATOR,5652.00,0.00,0.00,3169.42,5652.00,8821.42,2016,,Churchill County School District,""
Amy M Steele,SUBSTITUTE TEACHER,8068.20,0.00,0.00,724.55,8068.20,8792.75,2016,,Churchill County School District,""
Tricia A Strasdin,BOARD MEMBER,2800.00,0.00,0.00,5859.14,2800.00,8659.14,2016,,Churchill County School District,""
Amy L Lords,SUBSTITUTE SCHOOL SECRETARY,7208.92,0.00,655.69,706.25,7864.61,8570.86,2016,,Churchill County School District,""
Grace Bailey,PARAPROFESSIONAL IA-ESL,6202.80,0.00,0.00,2177.00,6202.80,8379.80,2016,,Churchill County School District,""
Marisa R Julian,SUBSTITUTE TEACHER,7348.60,0.00,0.00,659.94,7348.60,8008.54,2016,,Churchill County School District,""
Alexis J Van Dusen,SUBSTITUTE SCHOOL BUS MONITOR,7014.06,0.00,-3.76,727.89,7010.30,7738.19,2016,,Churchill County School District,""
Heather Sorensen,SUBSTITUTE TEACHER,7031.14,0.00,62.50,637.04,7093.64,7730.68,2016,,Churchill County School District,""
Colleen Carver,CAREER and TECHNICAL EDUCATION COORDINATOR,4218.24,0.00,0.00,3442.96,4218.24,7661.20,2016,,Churchill County School District,""
Ursula Guisti,SUBSTITUTE TEACHER,6900.80,0.00,0.00,619.72,6900.80,7520.52,2016,,Churchill County School District,""
Shawn E Nelson,COACHING,6885.50,0.00,0.00,618.34,6885.50,7503.84,2016,,Churchill County School District,""
Cynthia P Boyd,SUBSTITUTE TEACHER,6635.70,0.00,0.00,595.91,6635.70,7231.61,2016,,Churchill County School District,""
Raymond J Santos,SUBSTITUTE SCHOOL BUS DRIVER,6177.24,0.00,0.00,894.91,6177.24,7072.15,2016,,Churchill County School District,""
Richard D Gent,BOARD MEMBER,4800.00,0.00,0.00,2144.28,4800.00,6944.28,2016,,Churchill County School District,""
Danna D Spencer,FOOD SERVICE ASSISTANT/CASHIER,5944.87,0.00,152.92,835.78,6097.79,6933.57,2016,,Churchill County School District,""
Julie L. Ward,SUBSTITUTE TEACHER,6190.20,0.00,0.00,555.91,6190.20,6746.11,2016,,Churchill County School District,""
Trevor L Debraga,COACHING,5866.00,0.00,0.00,526.77,5866.00,6392.77,2016,,Churchill County School District,""
Jennifer Rose Marie Hiskett,SUBSTITUTE SCHOOL SECRETARY,5637.25,0.00,0.00,726.72,5637.25,6363.97,2016,,Churchill County School District,""
Rusty C Blackwater,SUBSTITUTE TEACHER,5838.40,0.00,0.00,524.29,5838.40,6362.69,2016,,Churchill County School District,""
Gregory S Koenig,BOARD MEMBER,4800.00,0.00,0.00,1559.04,4800.00,6359.04,2016,,Churchill County School District,""
Laurianne C Lattin,SUBSTITUTE TEACHER,5828.00,0.00,0.00,523.39,5828.00,6351.39,2016,,Churchill County School District,""
Benjamin C Casad,SUBSTITUTE TEACHER,5707.10,0.00,0.00,512.51,5707.10,6219.61,2016,,Churchill County School District,""
Cindy L Wagner,SCHOOL BUS DRIVER,5310.50,0.00,58.06,771.98,5368.56,6140.54,2016,,Churchill County School District,""
Dylan J Norcutt,GROUNDSKEEPER,3663.28,0.00,252.64,2154.03,3915.92,6069.95,2016,,Churchill County School District,""
Daniel A Shaw,COACHING,5520.00,0.00,0.00,495.70,5520.00,6015.70,2016,,Churchill County School District,""
Jonealle M Buchan,PARAPROFESSIONAL IA-SPED,3031.56,0.00,0.00,2980.57,3031.56,6012.13,2016,,Churchill County School District,""
Barbara L Solinski,SUBSTITUTE INSTRUCTIONAL ASSISTANT,5508.03,0.00,0.00,494.59,5508.03,6002.62,2016,,Churchill County School District,""
Teressa K Ellis,SUBSTITUTE TEACHER,5375.00,0.00,0.00,482.70,5375.00,5857.70,2016,,Churchill County School District,""
Marissa L Clarke,DUTY ASSISTANT,5336.06,0.00,0.00,479.20,5336.06,5815.26,2016,,Churchill County School District,""
Shawna L Morgan,DUTY ASSISTANT,5332.30,0.00,0.00,478.85,5332.30,5811.15,2016,,Churchill County School District,""
Stephanie R Goings,SUBSTITUTE TEACHER,5251.00,0.00,0.00,471.57,5251.00,5722.57,2016,,Churchill County School District,""
Deanna M Brown,DUTY ASSISTANT,5208.24,0.00,0.00,467.67,5208.24,5675.91,2016,,Churchill County School District,""
Dallin R Marr,SUBSTITUTE TEACHER,0.00,0.00,5177.00,464.89,5177.00,5641.89,2016,,Churchill County School District,""
Terry A Mitcheltree,SUBSTITUTE SCHOOL BUS DRIVER,4893.38,0.00,0.00,703.67,4893.38,5597.05,2016,,Churchill County School District,""
Melissa D Davis,SUBSTITUTE TEACHER,4990.59,0.00,0.00,448.19,4990.59,5438.78,2016,,Churchill County School District,""
Tina Grenamyer-Nickles,SUBSTITUTE SCHOOL BUS DRIVER,4735.26,0.00,14.14,682.98,4749.40,5432.38,2016,,Churchill County School District,""
Julie C Jadofsky-Lynch,SUBSTITUTE TEACHER,4975.76,0.00,0.00,446.84,4975.76,5422.60,2016,,Churchill County School District,""
Stacie L Marsh,SUBSTITUTE SCHOOL BUS DRIVER,4572.20,0.00,140.86,677.74,4713.06,5390.80,2016,,Churchill County School District,""
Elizabeth A Perazzo,SUBSTITUTE TEACHER,4774.07,0.00,128.58,440.27,4902.65,5342.92,2016,,Churchill County School District,""
Joe R Jimenez,SUBSTITUTE CAMPUS SECURITY OFFICER,4842.04,0.00,0.00,472.63,4842.04,5314.67,2016,,Churchill County School District,""
Carmen S Schank,BOARD MEMBER,4800.00,0.00,0.00,461.98,4800.00,5261.98,2016,,Churchill County School District,""
James M Moore,SUBSTITUTE TEACHER,4812.50,0.00,0.00,432.19,4812.50,5244.69,2016,,Churchill County School District,""
Carol Jean E Johnson,SUBSTITUTE TEACHER,4652.22,0.00,128.58,429.34,4780.80,5210.14,2016,,Churchill County School District,""
David L Peden,SUBSTITUTE SCHOOL BUS DRIVER,4588.00,0.00,0.00,542.93,4588.00,5130.93,2016,,Churchill County School District,""
Mary E Hutchings,SUBSTITUTE TEACHER,4703.62,0.00,0.00,422.43,4703.62,5126.05,2016,,Churchill County School District,""
Katherine A. Puceta,SUBSTITUTE TEACHER,4503.30,0.00,0.00,404.42,4503.30,4907.72,2016,,Churchill County School District,""
Zachary J Jacobs,CUSTODIAN,3798.73,0.00,0.00,838.97,3798.73,4637.70,2016,,Churchill County School District,""
Roxanne Milburn,FOOD SERVICE ASSISTANT/CASHIER,3818.24,0.00,127.71,567.43,3945.95,4513.38,2016,,Churchill County School District,""
Hillary M Gatlin,SUBSTITUTE INSTRUCTIONAL ASSISTANT - SPED,4018.00,0.00,0.00,360.81,4018.00,4378.81,2016,,Churchill County School District,""
Cindy J Whitaker,DUTY ASSISTANT,4013.65,0.00,0.00,360.45,4013.65,4374.10,2016,,Churchill County School District,""
Amber N Getto,SUBSTITUTE SCHOOL SECRETARY,3999.01,0.00,0.00,359.08,3999.01,4358.09,2016,,Churchill County School District,""
Charlene R Aughe,DUTY ASSISTANT,3940.15,0.00,22.52,355.84,3962.67,4318.51,2016,,Churchill County School District,""
Joanne Helen Tanner,SUBSTITUTE TEACHER,3932.15,0.00,0.00,353.13,3932.15,4285.28,2016,,Churchill County School District,""
Karen E Stoll,FRC COORDINATOR,3213.06,0.00,0.00,969.73,3213.06,4182.79,2016,,Churchill County School District,""
Melissa K Miller,SUBSTITUTE SCHOOL SECRETARY,3638.24,0.00,0.00,326.70,3638.24,3964.94,2016,,Churchill County School District,""
Heidi Maynez,SUBSTITUTE INSTRUCTIONAL ASSISTANT,3494.08,0.00,0.00,303.79,3494.08,3797.87,2016,,Churchill County School District,""
Rebecca Kammerer,PARAPROFESSIONAL IA,3374.67,0.00,88.82,311.01,3463.49,3774.50,2016,,Churchill County School District,""
Morgan Dirickson,SUBSTITUTE INSTRUCTIONAL ASSISTANT - SPED,3457.64,0.00,0.00,310.49,3457.64,3768.13,2016,,Churchill County School District,""
Mary Susan Warren,40 DEVELOPMENTAL ASSET ASSISTANT TRAINER,3457.57,0.00,0.00,310.48,3457.57,3768.05,2016,,Churchill County School District,""
Lester F Debraga,COACHING,3451.00,0.00,0.00,309.90,3451.00,3760.90,2016,,Churchill County School District,""
Billie J Bohannan,SUBSTITUTE TEACHER,2647.21,0.00,771.48,307.01,3418.69,3725.70,2016,,Churchill County School District,""
Karen E Lawson,SUBSTITUTE TEACHER,3375.53,0.00,0.00,303.16,3375.53,3678.69,2016,,Churchill County School District,""
Rachael Christopherson,SUBSTITUTE TEACHER,3175.00,0.00,0.00,285.11,3175.00,3460.11,2016,,Churchill County School District,""
Trillis M Bake,SUBSTITUTE TEACHER,3109.58,0.00,0.00,279.22,3109.58,3388.80,2016,,Churchill County School District,""
Tammi R Shemenski,COACHING,3106.00,0.00,0.00,278.92,3106.00,3384.92,2016,,Churchill County School District,""
Donald Schank,COACHING,3106.00,0.00,0.00,278.92,3106.00,3384.92,2016,,Churchill County School District,""
Motulalo Otuafi,COACHING,3106.00,0.00,0.00,278.92,3106.00,3384.92,2016,,Churchill County School District,""
James B Wisdom,COACHING,3106.00,0.00,0.00,278.92,3106.00,3384.92,2016,,Churchill County School District,""
Claudette Tognazzini,PARAPROFESSIONAL IA,2410.80,0.00,649.44,274.81,3060.24,3335.05,2016,,Churchill County School District,""
Don Major,SUBSTITUTE CUSTODIAN,2894.38,0.00,0.00,416.21,2894.38,3310.59,2016,,Churchill County School District,""
Rebecca L Benner,SUBSTITUTE TEACHER,2854.90,0.00,0.00,256.42,2854.90,3111.32,2016,,Churchill County School District,""
Richard K Smith,COACHING,2760.00,0.00,0.00,247.85,2760.00,3007.85,2016,,Churchill County School District,""
Miguel Orduna,COACHING,2760.00,0.00,0.00,247.85,2760.00,3007.85,2016,,Churchill County School District,""
David E Munoz,COACHING,2760.00,0.00,0.00,247.85,2760.00,3007.85,2016,,Churchill County School District,""
Angela E Debraga,COACHING,2760.00,0.00,0.00,247.85,2760.00,3007.85,2016,,Churchill County School District,""
Suella A Williams,SUBSTITUTE TEACHER,2678.80,0.00,0.00,240.58,2678.80,2919.38,2016,,Churchill County School District,""
Rebecca Nuttall,SUBSTITUTE INSTRUCTIONAL ASSISTANT - SPED,2584.64,0.00,0.00,232.10,2584.64,2816.74,2016,,Churchill County School District,""
Nora M Cobb,SUBSTITUTE TEACHER,2559.00,0.00,0.00,229.80,2559.00,2788.80,2016,,Churchill County School District,""
Elynda L Long,SUBSTITUTE CLASSIFIED SCHOOL NURSE,2435.65,0.00,74.24,225.40,2509.89,2735.29,2016,,Churchill County School District,""
Brendan Orong,COACHING,2415.00,0.00,0.00,216.87,2415.00,2631.87,2016,,Churchill County School District,""
Shawna Nicole Rogne,COACHING,2415.00,0.00,0.00,216.87,2415.00,2631.87,2016,,Churchill County School District,""
Randy H Hines,COACHING,2415.00,0.00,0.00,216.87,2415.00,2631.87,2016,,Churchill County School District,""
Camaren J Page,COACHING,2415.00,0.00,0.00,216.87,2415.00,2631.87,2016,,Churchill County School District,""
Jane E Gesiriech,FOOD SERVICE ASSISTANT/CASHIER,2259.90,0.00,0.00,324.96,2259.90,2584.86,2016,,Churchill County School District,""
Cassie J Beugler,PARAPROFESSIONAL IA,2253.36,0.00,111.52,212.34,2364.88,2577.22,2016,,Churchill County School District,""
Not Provided,STUDENT WORKER,2338.89,0.00,0.00,210.04,2338.89,2548.93,2016,,Churchill County School District,""
Jennifer Palmer,PARAPROFESSIONAL IA,2297.97,0.00,0.00,206.34,2297.97,2504.31,2016,,Churchill County School District,""
Ronald R Evans,BOARD MEMBER,2000.00,0.00,0.00,466.50,2000.00,2466.50,2016,,Churchill County School District,""
Ricky Joe Brown,SUBSTITUTE SCHOOL BUS DRIVER,1958.16,0.00,180.29,307.50,2138.45,2445.95,2016,,Churchill County School District,""
Jean L Lawson,SUBSTITUTE INSTRUCTIONAL ASSISTANT,2168.08,0.00,0.00,194.68,2168.08,2362.76,2016,,Churchill County School District,""
Larnce Whittington,SUBSTITUTE CUSTODIAN,2010.49,0.00,0.00,289.11,2010.49,2299.60,2016,,Churchill County School District,""
Jessica J Nuckolls,COACHING,2070.00,0.00,0.00,185.89,2070.00,2255.89,2016,,Churchill County School District,""
Kristy E Bekiares,COACHING,2070.00,0.00,0.00,185.89,2070.00,2255.89,2016,,Churchill County School District,""
Jesse Lj Nuckolls,COACHING,2070.00,0.00,0.00,185.89,2070.00,2255.89,2016,,Churchill County School District,""
Shelby R Coon,SUBSTITUTE FOOD SERVICE CASHIER/ASSISTANT,1953.39,0.00,0.00,280.89,1953.39,2234.28,2016,,Churchill County School District,""
Tiffany R Mora,DUTY ASSISTANT,2032.40,0.00,0.00,182.50,2032.40,2214.90,2016,,Churchill County School District,""
Ana P Henry,SUBSTITUTE FOOD SERVICE CASHIER/ASSISTANT,1892.41,0.00,0.00,272.15,1892.41,2164.56,2016,,Churchill County School District,""
Cheryl E Slonecker,SUBSTITUTE TEACHER,1928.50,0.00,0.00,173.22,1928.50,2101.72,2016,,Churchill County School District,""
Karen Sturdevant,FOOD SERVICE ASSISTANT/CASHIER,1416.42,0.00,406.36,262.11,1822.78,2084.89,2016,,Churchill County School District,""
Jennifer M Rechel,SUBSTITUTE TEACHER,1852.20,0.00,0.00,166.35,1852.20,2018.55,2016,,Churchill County School District,""
Tarali M Ludlow,SUBSTITUTE TEACHER,1813.50,0.00,0.00,162.86,1813.50,1976.36,2016,,Churchill County School District,""
Anthony M Sabatino,COACHING,1725.00,0.00,0.00,154.90,1725.00,1879.90,2016,,Churchill County School District,""
Kassi R Sorensen,SUBSTITUTE TEACHER,1717.50,0.00,0.00,154.28,1717.50,1871.78,2016,,Churchill County School District,""
Linda Jeffers-Spencer,SUBSTITUTE INSTRUCTIONAL ASSISTANT,1630.32,0.00,0.00,234.45,1630.32,1864.77,2016,,Churchill County School District,""
Sally A Taylor,SUBSTITUTE TEACHER,1612.30,0.00,50.00,149.29,1662.30,1811.59,2016,,Churchill County School District,""
Deborah I Workman,SUBSTITUTE INSTRUCTIONAL ASSISTANT - SPED,1624.62,0.00,0.00,145.89,1624.62,1770.51,2016,,Churchill County School District,""
Colleen A Palludan,SUBSTITUTE TEACHER,1611.00,0.00,0.00,144.69,1611.00,1755.69,2016,,Churchill County School District,""
Steven P Biddinger,SUBSTITUTE TEACHER,1563.51,0.00,0.00,140.40,1563.51,1703.91,2016,,Churchill County School District,""
Cydne M Craig,SUBSTITUTE INSTRUCTIONAL ASSISTANT,1403.84,0.00,0.00,126.07,1403.84,1529.91,2016,,Churchill County School District,""
Taylor S Zunich,COACHING,1380.00,0.00,0.00,123.92,1380.00,1503.92,2016,,Churchill County School District,""
Laquitta S Pearson,COACHING,1380.00,0.00,0.00,123.92,1380.00,1503.92,2016,,Churchill County School District,""
Mikala N Torres,COACHING,1380.00,0.00,0.00,123.92,1380.00,1503.92,2016,,Churchill County School District,""
Karri French,DUTY ASSISTANT,1352.58,0.00,0.00,121.48,1352.58,1474.06,2016,,Churchill County School District,""
Christine M Bates-Russell,SUBSTITUTE SCHOOL BUS MONITOR,1223.44,0.00,0.00,175.93,1223.44,1399.37,2016,,Churchill County School District,""
Not Provided,STUDENT WORKER,1276.28,0.00,0.00,114.62,1276.28,1390.90,2016,,Churchill County School District,""
Olivia D Lefort,SUBSTITUTE TEACHER,1225.00,0.00,45.00,114.05,1270.00,1384.05,2016,,Churchill County School District,""
Tarin B Jones,SUBSTITUTE INSTRUCTIONAL ASSISTANT - SPED,1167.37,0.00,0.00,167.85,1167.37,1335.22,2016,,Churchill County School District,""
Oliver M Slonecker,SUBSTITUTE TEACHER,1206.10,0.00,0.00,108.34,1206.10,1314.44,2016,,Churchill County School District,""
Rebecca C Stark,SUBSTITUTE TEACHER,1201.00,0.00,0.00,107.86,1201.00,1308.86,2016,,Churchill County School District,""
Georgette G Harrison,SUBSTITUTE TEACHER,1132.00,0.00,0.00,101.66,1132.00,1233.66,2016,,Churchill County School District,""
Barbara Nelson,DUTY ASSISTANT,1101.68,0.00,0.00,98.94,1101.68,1200.62,2016,,Churchill County School District,""
Brittany F Deems,SUBSTITUTE TEACHER,1018.60,0.00,0.00,91.47,1018.60,1110.07,2016,,Churchill County School District,""
Gail A Bursill,SUBSTITUTE TEACHER,1009.34,0.00,0.00,90.66,1009.34,1100.00,2016,,Churchill County School District,""
Not Provided,STUDENT WORKER,977.63,0.00,0.00,87.80,977.63,1065.43,2016,,Churchill County School District,""
Not Provided,STUDENT WORKER,961.13,0.00,0.00,86.31,961.13,1047.44,2016,,Churchill County School District,""
Not Provided,STUDENT WORKER,891.00,0.00,0.00,80.01,891.00,971.01,2016,,Churchill County School District,""
Renae E Paholke,SUBSTITUTE FOOD SERVICE CASHIER/ASSISTANT,833.01,0.00,0.00,119.80,833.01,952.81,2016,,Churchill County School District,""
Ammon H Knight,SUBSTITUTE TEACHER,871.00,0.00,0.00,78.22,871.00,949.22,2016,,Churchill County School District,""
Carol A Amos,80/20 PLAN,880.00,0.00,0.00,24.46,880.00,904.46,2016,,Churchill County School District,""
Paula W Parrish,SUBSTITUTE TEACHER,806.10,0.00,0.00,72.41,806.10,878.51,2016,,Churchill County School District,""
Not Provided,STUDENT WORKER,800.28,0.00,0.00,71.89,800.28,872.17,2016,,Churchill County School District,""
Kayla A Cunningham,SUBSTITUTE TEACHER,800.00,0.00,0.00,71.84,800.00,871.84,2016,,Churchill County School District,""
Jill A Fletcher,SUBSTITUTE TEACHER,778.50,0.00,0.00,69.93,778.50,848.43,2016,,Churchill County School District,""
Denise Y Shipley,SUBSTITUTE TEACHER,671.00,0.00,0.00,96.51,671.00,767.51,2016,,Churchill County School District,""
Teresa Melarkey Mackedon,SUBSTITUTE TEACHER,704.16,0.00,0.00,63.23,704.16,767.39,2016,,Churchill County School District,""
Not Provided,STUDENT WORKER,703.32,0.00,0.00,63.15,703.32,766.47,2016,,Churchill County School District,""
Julia M Cannistra,SUBSTITUTE TEACHER,650.00,0.00,0.00,58.38,650.00,708.38,2016,,Churchill County School District,""
Patara D Bitto,DUTY ASSISTANT,644.36,0.00,0.00,57.87,644.36,702.23,2016,,Churchill County School District,""
Chantelle R Johnson,SUBSTITUTE TEACHER,633.60,0.00,0.00,56.90,633.60,690.50,2016,,Churchill County School District,""
Kristi N Olivo,SUBSTITUTE TEACHER,600.00,0.00,0.00,53.90,600.00,653.90,2016,,Churchill County School District,""
Nancy K Dees,SUBSTITUTE TEACHER,600.00,0.00,0.00,53.90,600.00,653.90,2016,,Churchill County School District,""
Michael C Spencer,SUBSTITUTE TEACHER,593.60,0.00,0.00,53.31,593.60,646.91,2016,,Churchill County School District,""
Michele Wisnefski,PARAPROFESSIONAL IA,544.40,0.00,0.00,48.88,544.40,593.28,2016,,Churchill County School District,""
Denise A Taylor,SUBSTITUTE TEACHER,495.00,0.00,0.00,44.46,495.00,539.46,2016,,Churchill County School District,""
Not Provided,STUDENT WORKER,429.01,0.00,0.00,38.54,429.01,467.55,2016,,Churchill County School District,""
Shirley G Hiatt,SUBSTITUTE TEACHER,413.80,0.00,0.00,37.18,413.80,450.98,2016,,Churchill County School District,""
Sarah J Moffitt,SUBSTITUTE NURSE - RN,371.00,0.00,0.00,33.32,371.00,404.32,2016,,Churchill County School District,""
Cosandrra C Marsh,PARAPROFESSIONAL IA-SPED,350.44,0.00,0.00,31.47,350.44,381.91,2016,,Churchill County School District,""
Carissa E Parsons,SUBSTITUTE TEACHER,332.00,0.00,0.00,29.82,332.00,361.82,2016,,Churchill County School District,""
Carole D Roberson,SUBSTITUTE TEACHER,300.00,0.00,0.00,26.94,300.00,326.94,2016,,Churchill County School District,""
Jane C Anderson,SUBSTITUTE TEACHER,290.00,0.00,0.00,26.05,290.00,316.05,2016,,Churchill County School District,""
Mark C Hart,SUBSTITUTE TEACHER,250.00,0.00,0.00,22.46,250.00,272.46,2016,,Churchill County School District,""
Stephen Gordon Hansen,SUBSTITUTE TEACHER,225.00,0.00,0.00,20.21,225.00,245.21,2016,,Churchill County School District,""
Allison E Kreutzian,SUBSTITUTE TEACHER,200.00,0.00,0.00,17.98,200.00,217.98,2016,,Churchill County School District,""
Not Provided,STUDENT WORKER,198.00,0.00,0.00,17.79,198.00,215.79,2016,,Churchill County School District,""
Chassity M Mills,SUBSTITUTE NURSE - RN,185.51,0.00,0.00,16.66,185.51,202.17,2016,,Churchill County School District,""
Joye E. Kinkade,SUBSTITUTE INSTRUCTIONAL ASSISTANT,181.84,0.00,0.00,16.33,181.84,198.17,2016,,Churchill County School District,""
Not Provided,STUDENT WORKER,181.50,0.00,0.00,16.31,181.50,197.81,2016,,Churchill County School District,""
Marie A Nygren,SUBSTITUTE TEACHER,180.00,0.00,0.00,16.16,180.00,196.16,2016,,Churchill County School District,""
Sarah E Grittmann,40 DEVELOPMENTAL ASSET TRAINER,174.14,0.00,0.00,15.65,174.14,189.79,2016,,Churchill County School District,""
Not Provided,STUDENT WORKER,173.25,0.00,0.00,15.57,173.25,188.82,2016,,Churchill County School District,""
Not Provided,STUDENT WORKER,165.00,0.00,0.00,14.82,165.00,179.82,2016,,Churchill County School District,""
Wendy D Pearce,DIFFERENTIAL RESPONSE ADVOCATE,165.00,0.00,0.00,4.58,165.00,169.58,2016,,Churchill County School District,""
Kimberly A Rowlett,SUBSTITUTE TEACHER,155.37,0.00,0.00,13.95,155.37,169.32,2016,,Churchill County School District,""
Not Provided,STUDENT WORKER,154.69,0.00,0.00,13.89,154.69,168.58,2016,,Churchill County School District,""
Not Provided,STUDENT WORKER,140.25,0.00,0.00,12.59,140.25,152.84,2016,,Churchill County School District,""
Jessica Molatore,PARAPROFESSIONAL IA,65.60,0.00,65.60,11.77,131.20,142.97,2016,,Churchill County School District,""
Richard Wiersma,CUSTODIAN,115.92,0.00,0.00,16.67,115.92,132.59,2016,,Churchill County School District,""
Michelle M Cox,SUBSTITUTE TEACHER,100.00,0.00,0.00,8.98,100.00,108.98,2016,,Churchill County School District,""
Not Provided,STUDENT WORKER,94.88,0.00,0.00,8.52,94.88,103.40,2016,,Churchill County School District,""
Eileen A Montgomery,SUBSTITUTE INSTRUCTIONAL ASSISTANT,91.84,0.00,0.00,8.24,91.84,100.08,2016,,Churchill County School District,""
Catherine A Collins Coval,SUBSTITUTE TEACHER,83.70,0.00,0.00,7.51,83.70,91.21,2016,,Churchill County School District,""
Not Provided,STUDENT WORKER,76.31,0.00,0.00,6.85,76.31,83.16,2016,,Churchill County School District,""
Jessica L Homer,SUBSTITUTE TEACHER,67.50,0.00,0.00,6.07,67.50,73.57,2016,,Churchill County School District,""
Cristan M Underwood,SUBSTITUTE TEACHER,50.00,0.00,0.00,4.50,50.00,54.50,2016,,Churchill County School District,""
Nicole M Esposito,SUBSTITUTE TEACHER,50.00,0.00,0.00,4.50,50.00,54.50,2016,,Churchill County School District,""
Jillian J Mikulak,SUBSTITUTE TEACHER,50.00,0.00,0.00,4.50,50.00,54.50,2016,,Churchill County School District,""
Kassi M Venturacci,SUBSTITUTE TEACHER,50.00,0.00,0.00,4.50,50.00,54.50,2016,,Churchill County School District,""
Hannah E Perazzo,SUBSTITUTE TEACHER,50.00,0.00,0.00,4.50,50.00,54.50,2016,,Churchill County School District,""
Moren J Dahl,SUBSTITUTE TEACHER,50.00,0.00,0.00,4.50,50.00,54.50,2016,,Churchill County School District,""
Connie J Heath,SUBSTITUTE TEACHER,45.00,0.00,0.00,4.04,45.00,49.04,2016,,Churchill County School District,""
Andrea Moss,SUBSTITUTE TEACHER,45.00,0.00,0.00,4.04,45.00,49.04,2016,,Churchill County School District,""
Not Provided,STUDENT WORKER,16.50,0.00,0.00,1.48,16.50,17.98,2016,,Churchill County School District,""
