Employee Name,Job Title,Base Pay,Overtime Pay,Other Pay,Benefits,Total Pay,Total Pay & Benefits,Year,Notes,Agency,Status
Rodriguez F Broadnax,Superintendent,76471.77,0.00,0.00,28767.99,76471.77,105239.76,2016,,Esmeralda County School District,""
Jody J Mckenzie-Davarpanah,Special Ed Director/Teacher,71574.39,0.00,0.00,28976.62,71574.39,100551.01,2016,,Esmeralda County School District,""
John L Scates,Teacher,61102.05,0.00,0.00,24804.45,61102.05,85906.50,2016,,Esmeralda County School District,""
Douglas G Kile,Bus Mechanic 2/Trans. Manager,50448.30,4867.50,0.00,26838.88,55315.80,82154.68,2016,,Esmeralda County School District,""
Lori E Daine,Teacher,51916.82,0.00,0.00,23753.11,51916.82,75669.93,2016,,Esmeralda County School District,""
Robert J Valentine,Teacher,53239.48,0.00,0.00,20815.76,53239.48,74055.24,2016,,Esmeralda County School District,""
Jerry L McDonald,Counselor,47865.53,0.00,0.00,25381.13,47865.53,73246.66,2016,,Esmeralda County School District,""
Linda Kay Kile,Teacher,44275.43,0.00,0.00,23915.67,44275.43,68191.10,2016,,Esmeralda County School District,""
Rina L Scates,Teacher,49220.43,0.00,0.00,18578.85,49220.43,67799.28,2016,,Esmeralda County School District,""
Winifred L Sanderson,Business Manager,45886.32,1027.61,0.00,18395.57,46913.93,65309.50,2016,,Esmeralda County School District,""
Jesse Mazur,Maintenance,41397.10,3174.77,0.00,19165.64,44571.87,63737.51,2016,,Esmeralda County School District,""
Anabel Guerrero,Financial Manager,46251.21,597.61,0.00,14555.03,46848.82,61403.85,2016,,Esmeralda County School District,""
Petra Alicia Perez,Para Professional,33907.81,2489.11,0.00,20647.72,36396.92,57044.64,2016,,Esmeralda County School District,""
Lora Penson,Bus Driver/Cook,34671.03,1116.14,0.00,20684.63,35787.17,56471.80,2016,,Esmeralda County School District,""
Monahan Y Graymountain,Bus Driver/Maintenance,34249.99,1737.00,0.00,17328.37,35986.99,53315.36,2016,,Esmeralda County School District,""
Jessie K Cornforth,Bus Driver,32694.55,86.76,0.00,18974.56,32781.31,51755.87,2016,,Esmeralda County School District,""
Deborah A Kirby,Para Pro Title I,24529.02,51.61,0.00,18331.46,24580.63,42912.09,2016,,Esmeralda County School District,""
Melinda L Melendrez,District Secretary,30158.35,1583.35,0.00,9866.91,31741.70,41608.61,2016,,Esmeralda County School District,""
Therese E Engelhardt,Para Professional,22800.19,721.84,0.00,16546.02,23522.03,40068.05,2016,,Esmeralda County School District,""
Sandra Miramontes,Substitute Teacher-Long Term/Para Pro,25415.77,0.00,0.00,13638.98,25415.77,39054.75,2016,,Esmeralda County School District,""
James D Dilworth,Teacher,21316.40,0.00,0.00,9150.55,21316.40,30466.95,2016,,Esmeralda County School District,""
Shelby K Gordon,Para Professional,20953.49,65.47,0.00,7522.26,21018.96,28541.22,2016,,Esmeralda County School District,""
Brandy D Bodily,Custodian,13776.67,1195.32,0.00,6657.16,14971.99,21629.15,2016,,Esmeralda County School District,""
Milo A Jury,Teacher,15604.83,0.00,0.00,6009.09,15604.83,21613.92,2016,,Esmeralda County School District,""
Monie L Byers,Contract Termination Final,17500.00,0.00,0.00,1338.75,17500.00,18838.75,2016,,Esmeralda County School District,""
Manuel DeLuna,Temporary Maintenance,14935.91,1446.80,0.00,1690.29,16382.71,18073.00,2016,,Esmeralda County School District,""
Gary R Conway Jr,Temporary Maintenance,12664.12,977.71,0.00,1409.47,13641.83,15051.30,2016,,Esmeralda County School District,""
Jessica J Villa,Bus Driver Sub,12455.51,231.00,0.00,1300.29,12686.51,13986.80,2016,,Esmeralda County School District,""
Anne E Vineyard,Substitute Teacher-Long Term,12326.59,0.00,0.00,1245.64,12326.59,13572.23,2016,,Esmeralda County School District,""
Ruth M Johnson,Extra Curricular Art,11733.08,0.00,0.00,1199.86,11733.08,12932.94,2016,,Esmeralda County School District,""
Yolanda Reynoso,Custodian,11671.02,0.00,0.00,1194.97,11671.02,12865.99,2016,,Esmeralda County School District,""
Juanita T Broadnax,District Office Receptionist/Clerk,11470.60,0.00,0.00,1176.03,11470.60,12646.63,2016,,Esmeralda County School District,""
Jennifer A Tyson,Custodian,7527.95,4.02,0.00,2406.48,7531.97,9938.45,2016,,Esmeralda County School District,""
Theresa M Weir-Moller,Extra Curricular Music,8928.71,0.00,0.00,914.18,8928.71,9842.89,2016,,Esmeralda County School District,""
Terra N Ramirez,Substitute Driver,6256.01,0.00,0.00,638.49,6256.01,6894.50,2016,,Esmeralda County School District,""
Peter N Salmon,Teacher,3200.46,0.00,0.00,1022.73,3200.46,4223.19,2016,,Esmeralda County School District,""
Guillermina Miramontes,Substitute Driver,3657.12,0.00,0.00,377.18,3657.12,4034.30,2016,,Esmeralda County School District,""
Trisha M Hafer,Board Member,3000.00,0.00,0.00,961.32,3000.00,3961.32,2016,,Esmeralda County School District,""
John Paul Melendrez,Board Member,3000.00,0.00,0.00,961.32,3000.00,3961.32,2016,,Esmeralda County School District,""
Frederick N Hartman,Board Member,3000.00,0.00,0.00,961.32,3000.00,3961.32,2016,,Esmeralda County School District,""
Carl V Brownfield,Board Member,3000.00,0.00,0.00,961.32,3000.00,3961.32,2016,,Esmeralda County School District,""
William C Kirby,Board Member,3000.00,0.00,0.00,307.32,3000.00,3307.32,2016,,Esmeralda County School District,""
Maria Arias,Substitute Custodian,1965.60,0.00,0.00,202.12,1965.60,2167.72,2016,,Esmeralda County School District,""
Timothy R Hipp,Sub Teacher,1783.88,0.00,0.00,164.77,1783.88,1948.65,2016,,Esmeralda County School District,""
Leticia Chaparro,Substitute Driver,1636.82,0.00,0.00,169.12,1636.82,1805.94,2016,,Esmeralda County School District,""
Jeanette G Nutcher,Substitute Teacher,1616.95,0.00,0.00,165.69,1616.95,1782.64,2016,,Esmeralda County School District,""
Michael A Gordon,Assistant Basketball Coach,600.00,0.00,0.00,45.90,600.00,645.90,2016,,Esmeralda County School District,""
Carlos A Guerrero,Summer Temporary,285.00,0.00,0.00,21.80,285.00,306.80,2016,,Esmeralda County School District,""
Matthew O Melendrez,Summer Temporary,262.50,0.00,0.00,20.09,262.50,282.59,2016,,Esmeralda County School District,""
Linda L Halpin,Substitute Driver,250.41,0.00,0.00,19.16,250.41,269.57,2016,,Esmeralda County School District,""
Yvonne A Kirby,Temporary Maintenance,86.64,0.00,0.00,6.63,86.64,93.27,2016,,Esmeralda County School District,""
