Employee Name,Job Title,Base Pay,Overtime Pay,Other Pay,Benefits,Total Pay,Total Pay & Benefits,Year,Notes,Agency,Status
"Squibb, Jim",DISTRICT OFFICE,135252.00,0.00,2400.00,50309.03,137652.00,187961.03,2016,,Lander County School District,""
"Klein, Russell",HS OFFICE,98754.00,0.00,0.00,39202.71,98754.00,137956.71,2016,,Lander County School District,""
"Sparks, Lorraine",ELEMENTARY OFFICE,98546.00,0.00,0.00,39139.73,98546.00,137685.73,2016,,Lander County School District,""
"Melver, Toby",JRHI OFFICE,97076.00,0.00,0.00,38694.61,97076.00,135770.61,2016,,Lander County School District,""
"Torgerson, Sondra",HS OFFICE,80513.00,0.00,1795.83,33720.28,82308.83,116029.11,2016,,Lander County School District,""
"Miller, Sheila",HS TEACHERS,79241.00,0.00,1785.62,33334.89,81026.62,114361.51,2016,,Lander County School District,""
"Cox, William",HS TEACHERS,79241.00,0.00,1785.62,33334.89,81026.62,114361.51,2016,,Lander County School District,""
"Nelson, Worth",HS TEACHERS,79241.00,0.00,1785.62,33334.89,81026.62,114361.51,2016,,Lander County School District,""
"Caramella, Michelle",AUSTIN TEACHERS,78484.00,0.00,1779.55,33105.53,80263.55,113369.08,2016,,Lander County School District,""
"Winrod, Roberta",ELEMENTARY TEACHER,77038.00,0.00,1767.95,32667.42,78805.95,111473.37,2016,,Lander County School District,""
"Domgala, Mitch",HS TEACHERS,77038.00,0.00,1767.95,32667.42,78805.95,111473.37,2016,,Lander County School District,""
"Obieta, Joe",MAINTENANCE,76394.00,0.00,0.00,32432.10,76394.00,108826.10,2016,,Lander County School District,""
"Reeves, Johna",HS COUNSELOR,75131.00,0.00,1667.66,31157.69,76798.66,107956.34,2016,,Lander County School District,""
"Hampe, Anita",ELEMENTARY TEACHER,73371.00,0.00,1738.54,31556.38,75109.54,106665.91,2016,,Lander County School District,""
"Kern, Jennifer",ELEMENTARY TEACHER,73371.00,0.00,1738.54,31556.38,75109.54,106665.91,2016,,Lander County School District,""
"Ormond, Terrie",ELEMENTARY TEACHER,73076.00,0.00,1736.17,31467.00,74812.17,106279.17,2016,,Lander County School District,""
"Tremayne, Paul",HS TEACHERS,73076.00,0.00,1736.17,31467.00,74812.17,106279.17,2016,,Lander County School District,""
"Wallock, Roger",HS TEACHERS,73076.00,0.00,1736.17,31467.00,74812.17,106279.17,2016,,Lander County School District,""
"Gamble, Velma",BUSINESS OFFICE,70951.00,0.00,3000.00,30852.36,73951.00,104803.36,2016,,Lander County School District,""
"Book, Colleen",ELEMENTARY TEACHER,71331.00,0.00,1722.17,30938.29,73053.17,103991.47,2016,,Lander County School District,""
"Domagala, Elaine",ELEMENTARY TEACHER,71331.00,0.00,1722.17,30938.29,73053.17,103991.47,2016,,Lander County School District,""
"Fielder, Arva",HS TEACHERS,67664.00,0.00,1692.76,29827.25,69356.76,99184.01,2016,,Lander County School District,""
"Savage, Mark",ELL,66425.00,0.00,1682.82,29451.86,68107.82,97559.68,2016,,Lander County School District,""
"Pacheco, James",JRHI TEACHERS,66049.00,0.00,1679.80,29337.94,67728.80,97066.74,2016,,Lander County School District,""
"Drown, Darcy",ELEM SP. EDUCATION,66049.00,0.00,1679.80,29337.94,67728.80,97066.74,2016,,Lander County School District,""
"Caramella, Michael",HS TEACHERS,62650.00,0.00,1652.54,28308.10,64302.54,92610.64,2016,,Lander County School District,""
"Sondermann, Kellie",ELEM SP. EDUCATION,61520.00,0.00,1643.48,27965.73,63163.48,91129.20,2016,,Lander County School District,""
"Fuller, David",JRHI TEACHERS,61520.00,0.00,1643.48,27965.73,63163.48,91129.20,2016,,Lander County School District,""
"Schultz, Bonny",ELEMENTARY OFFICE,61543.00,0.00,0.00,27935.22,61543.00,89478.22,2016,,Lander County School District,""
"Lawson, Marian",HS OFFICE,61543.00,0.00,0.00,27935.22,61543.00,89478.22,2016,,Lander County School District,""
"Knight, Sally",ELEMENTARY TEACHER,60013.00,0.00,1631.39,27509.13,61644.39,89153.52,2016,,Lander County School District,""
"Stewart, Carrie Jo",JRHI TEACHERS,59256.00,0.00,1625.32,27279.77,60881.32,88161.09,2016,,Lander County School District,""
"Averett, Keesha",JRHI TEACHERS,59256.00,0.00,1625.32,27279.77,60881.32,88161.09,2016,,Lander County School District,""
"Potter, Stephanie",HS TEACHERS,59256.00,0.00,1625.32,27279.77,60881.32,88161.09,2016,,Lander County School District,""
"Buchel, Jacqueline",JRHI TEACHERS,58500.00,0.00,1619.25,27050.72,60119.25,87169.97,2016,,Lander County School District,""
"Campbell, Angela",ELEMENTARY TEACHER,58500.00,0.00,1619.25,27050.72,60119.25,87169.97,2016,,Lander County School District,""
"Green, Paula",NURSE,58500.00,0.00,1619.25,27050.72,60119.25,87169.97,2016,,Lander County School District,""
"Roberts, Gary Sue",ELEMENTARY TEACHER,58500.00,0.00,1619.25,27050.72,60119.25,87169.97,2016,,Lander County School District,""
"Lowe, Tammy",TRANSPORTATION DIRECTOR,58698.00,0.00,0.00,27073.75,58698.00,85771.75,2016,,Lander County School District,""
"Lopez, Theresa",ELEMENTARY TEACHER,56612.00,0.00,1604.11,26478.69,58216.11,84694.79,2016,,Lander County School District,""
"Barker, Jonathan",HS TEACHERS,55861.00,0.00,1598.08,26251.15,57459.08,83710.23,2016,,Lander County School District,""
"Robertson, Carly",ELEMENTARY TEACHER,55483.00,0.00,1595.05,26136.62,57078.05,83214.67,2016,,Lander County School District,""
"York, Jeff",MAINTENANCE,56201.00,0.00,0.00,26317.66,56201.00,82518.66,2016,,Lander County School District,""
"Preece, Holly",BMJH SPECIAL EDUCATION,54727.00,0.00,1588.99,25907.56,56315.99,82223.55,2016,,Lander County School District,""
"Staton, Cheri",ELEMENTARY TEACHER,54348.00,0.00,1585.95,25792.73,55933.95,81726.68,2016,,Lander County School District,""
"Lemaire, Suzanne",JRHI TEACHERS,53596.00,0.00,1579.91,25564.89,55175.91,80740.81,2016,,Lander County School District,""
"Marz, David",HS TEACHERS,53596.00,0.00,1579.91,25564.89,55175.91,80740.81,2016,,Lander County School District,""
"Jorgensen, Leslie",BMHS SPECIAL EDUCATION,53237.00,0.00,1577.03,25456.12,54814.03,80270.15,2016,,Lander County School District,""
"Jimenez, Monica",ELEM SP. EDUCATION,52839.00,0.00,1573.84,25335.53,54412.84,79748.38,2016,,Lander County School District,""
"Baldini, Livey",HS OFFICE,54001.00,0.00,0.00,25651.50,54001.00,79652.50,2016,,Lander County School District,""
"Torres, Layliah",HS TEACHERS,52466.00,0.00,1570.85,25222.52,54036.85,79259.37,2016,,Lander County School District,""
"Bunch, Nancy",BUSINESS OFFICE,53558.00,0.00,0.00,25517.36,53558.00,79075.36,2016,,Lander County School District,""
"Annis, Kathleen",JRHI TEACHERS,52086.00,0.00,1567.80,25107.39,53653.80,78761.19,2016,,Lander County School District,""
"Lowe, Charlotte",SPEECH,51334.00,0.00,1561.77,24879.54,52895.77,77775.31,2016,,Lander County School District,""
"Nield, Heather",HS VOCATIONAL,50956.00,0.00,1558.74,24765.02,52514.74,77279.75,2016,,Lander County School District,""
"Ramos, Ashley",JRHI TEACHERS,50956.00,0.00,1558.74,24765.02,52514.74,77279.75,2016,,Lander County School District,""
"Galloway, Steve",PSYCHOLOGIST,55378.00,0.00,0.00,21418.46,55378.00,76796.46,2016,,Lander County School District,""
"Galloway, Steve",LOCAL PLAN,55378.00,0.00,0.00,21418.46,55378.00,76796.46,2016,,Lander County School District,""
"Martin, Jessica",JRHI TEACHERS,49447.00,0.00,1546.63,24307.81,50993.63,75301.45,2016,,Lander County School District,""
"Gama, Eva - Old Sched",ELEMENTARY JANITOR,49860.00,0.00,0.00,24397.61,49860.00,74257.61,2016,,Lander County School District,""
"Haller, Karen",READING TUTOR,49447.00,0.00,0.00,24272.55,49447.00,73719.55,2016,,Lander County School District,""
"Burkhalter, Debra",HS TEACHERS,46426.00,0.00,1522.40,23392.50,47948.40,71340.90,2016,,Lander County School District,""
"Tipton, Candi",ELEMENTARY TEACHER,45293.00,0.00,1513.31,23049.22,46806.31,69855.54,2016,,Lander County School District,""
"Watterson, Linda",FULL DAY KINDERGARTEN,45293.00,0.00,1513.31,23049.22,46806.31,69855.54,2016,,Lander County School District,""
"Baisden, Karen",ELEM SP. EDUCATION,45293.00,0.00,1513.31,23049.22,46806.31,69855.54,2016,,Lander County School District,""
"Allen, Kendra",JRHI COUNSELOR,44917.00,0.00,1510.30,22935.30,46427.30,69362.60,2016,,Lander County School District,""
"Burkhart, Lisa","8% GF, 92% FDK",45492.00,0.00,1422.91,22363.42,46914.91,69278.33,2016,,Lander County School District,""
"Harris, Elizabeth - New Sched",ELEMENTARY JANITOR,45800.00,0.00,0.00,23168.24,45800.00,68968.24,2016,,Lander County School District,""
"Burkhart, Steve",MAINTENANCE,44772.00,0.00,0.00,22856.96,44772.00,67628.96,2016,,Lander County School District,""
"Ramirez, Shannon",JRHI OFFICE,44526.00,0.00,0.00,22782.47,44526.00,67308.47,2016,,Lander County School District,""
"Killeen, Rebecca",BUSINESS OFFICE,43120.00,0.00,0.00,22356.74,43120.00,65476.74,2016,,Lander County School District,""
"Rangel, Rebecca",BUSINESS OFFICE,43120.00,0.00,0.00,22356.74,43120.00,65476.74,2016,,Lander County School District,""
"Wallock, Raelyn",JRHI OFFICE,42147.00,0.00,0.00,22062.11,42147.00,64209.11,2016,,Lander County School District,""
"Gonzalez, Rosie",ELEMENTARY TEACHER,40760.00,0.00,1476.95,21675.80,42236.95,63912.75,2016,,Lander County School District,""
"Driesenga, Katie",ELEMENTARY TEACHER,40760.00,0.00,1476.95,21675.80,42236.95,63912.75,2016,,Lander County School District,""
"Ortega, Susan",TEST DIRECTOR,44971.00,0.00,0.00,18267.22,44971.00,63238.22,2016,,Lander County School District,""
"Ortega, Susan",FEDERAL PROGRAMS DIRECTOR,44971.00,0.00,0.00,18267.22,44971.00,63238.22,2016,,Lander County School District,""
"McCluskey, Caitlin",ELEMENTARY TEACHER,39256.00,0.00,1464.89,21220.12,40720.89,61941.00,2016,,Lander County School District,""
"Schrey, Megan",HS TEACHERS,39256.00,0.00,1464.89,21220.12,40720.89,61941.00,2016,,Lander County School District,""
"Call, Darcy",ELEMENTARY TEACHER,39256.00,0.00,1464.89,21220.12,40720.89,61941.00,2016,,Lander County School District,""
"Bullock, Lisa",JRHI TEACHERS,39256.00,0.00,1464.89,21220.12,40720.89,61941.00,2016,,Lander County School District,""
"Goddard, Amber",ELEMENTARY OFFICE,40222.00,0.00,0.00,21479.22,40222.00,61701.22,2016,,Lander County School District,""
"Davenport, Joni",TITLE I-A,40845.00,0.00,0.00,20117.87,40845.00,60962.87,2016,,Lander County School District,""
"Smith, Beth (+2 days)",HS LIBRARIAN,38151.00,0.00,1456.02,20885.32,39607.02,60492.34,2016,,Lander County School District,""
"Fernandez, Graciela new sched",ELEMENTARY JANITOR,39160.00,0.00,0.00,21157.65,39160.00,60317.65,2016,,Lander County School District,""
"Burton, Rachael",FULL DAY KINDERGARTEN,37747.00,0.00,1452.78,20762.92,39199.78,59962.70,2016,,Lander County School District,""
"Badgett, Dannell",ELEMENTARY TEACHER,37747.00,0.00,1452.78,20762.92,39199.78,59962.70,2016,,Lander County School District,""
"Ruvalcaba, Maria",HS JANITORAL,37800.00,0.00,0.00,20745.84,37800.00,58545.84,2016,,Lander County School District,""
"Singer, Lynne",HS TEACHERS,36133.00,0.00,1439.84,20273.90,37572.84,57846.74,2016,,Lander County School District,""
"Dunn, Heather",AUSTIN TEACHERS,36133.00,0.00,1439.84,20273.90,37572.84,57846.74,2016,,Lander County School District,""
"Jacobson, Brian",ELEMENTARY TEACHER,35860.00,0.00,1380.15,19724.88,37240.15,56965.02,2016,,Lander County School District,""
"Mills, Jillian",HOT LUNCH PROGRAM,33071.00,0.00,0.00,19313.90,33071.00,52384.90,2016,,Lander County School District,""
"Martinez, Mary Jo",STATE/ELEM COUNSELOR,34998.00,0.00,982.73,16292.80,35980.73,52273.53,2016,,Lander County School District,""
"Johnson, Christy",SOCIAL WORKER,33940.00,0.00,0.00,17252.03,33940.00,51192.03,2016,,Lander County School District,""
"Gonzalez, Maria",HS JANITORAL,32100.00,0.00,0.00,19019.88,32100.00,51119.88,2016,,Lander County School District,""
"Holland, Shirley",LOCAL PLAN,32834.00,0.00,0.00,17692.14,32834.00,50526.14,2016,,Lander County School District,""
"Arionus, Bryan",ELEMENTARY TEACHER,30570.00,0.00,1107.71,16256.85,31677.71,47934.57,2016,,Lander County School District,""
"Dominguez, Nelly - New Sched",ELEMENTARY LIBRARY,29181.00,0.00,917.00,16606.91,30098.00,46704.91,2016,,Lander County School District,""
"Hunt, Gordon",MAINTENANCE,32198.00,0.00,0.00,14399.55,32198.00,46597.55,2016,,Lander County School District,""
"Hunt, Gordon",BUS MAINTENANCE,32198.00,0.00,0.00,14399.55,32198.00,46597.55,2016,,Lander County School District,""
"Flock, Alisha","64% 46,426 36%EC",29713.00,0.00,974.34,14971.31,30687.34,45658.65,2016,,Lander County School District,""
"Bispo, Deborah",AUSTIN LIBRARY,30772.00,0.00,550.00,13980.30,31322.00,45302.30,2016,,Lander County School District,""
"Bispo, Deborah",AUSTIN OFFICE,30772.00,0.00,0.00,13967.76,30772.00,44739.76,2016,,Lander County School District,""
"Caro, Lettie",TITLE I-A,27874.00,0.00,0.00,16190.25,27874.00,44064.25,2016,,Lander County School District,""
"Lake, Janey",ELEM SP ED  AIDES,26270.00,0.00,0.00,15704.56,26270.00,41974.56,2016,,Lander County School District,""
"Tomera, Courtney",LOCAL PLAN,26270.00,0.00,0.00,15704.56,26270.00,41974.56,2016,,Lander County School District,""
"Bisiaux, Tina",SOCIAL WORKER,26950.00,0.00,0.00,14360.46,26950.00,41310.46,2016,,Lander County School District,""
"Samuelson, Gwen",DISTRICT OFFICE AIDE,25434.00,0.00,0.00,15451.42,25434.00,40885.42,2016,,Lander County School District,""
"Chadwick, Faye",ELEM SP ED  AIDES,25434.00,0.00,0.00,15451.42,25434.00,40885.42,2016,,Lander County School District,""
"Thompson, Lynda",JRHI LIBRARY,24764.00,0.00,778.00,15266.28,25542.00,40808.28,2016,,Lander County School District,""
"Malone, Scott (1, 2 time)",HS VOCATIONAL,26987.00,0.00,791.47,12839.71,27778.47,40618.18,2016,,Lander County School District,""
"Gist, John",JRHI TEACHERS,26987.00,0.00,791.47,12839.71,27778.47,40618.18,2016,,Lander County School District,""
"Gist, John",HS TEACHERS,26987.00,0.00,791.47,12839.71,27778.47,40618.18,2016,,Lander County School District,""
"Tucker, Kristina",COMMUNITY RELATIONS,24764.00,0.00,0.00,15248.54,24764.00,40012.54,2016,,Lander County School District,""
"LaRiva, Jackeline",ELEM SP ED  AIDES,21675.00,0.00,0.00,14313.19,21675.00,35988.19,2016,,Lander County School District,""
"Spencer, Stacy",NURSE,20751.00,0.00,750.00,14050.50,21501.00,35551.50,2016,,Lander County School District,""
"Ayers, Sandra (1, 2 time)",ELEMENTARY TEACHER,22647.00,0.00,756.66,11524.76,23403.66,34928.42,2016,,Lander County School District,""
"Ayers, Sandra (1, 2 time)",HS VOCATIONAL,22647.00,0.00,756.66,11524.76,23403.66,34928.42,2016,,Lander County School District,""
"Cox, Loretta",SB405 GRANT,19828.00,0.00,0.00,13753.92,19828.00,33581.92,2016,,Lander County School District,""
"Martinez, Mary Jo",COUNSELOR,22376.00,0.00,628.49,10416.78,23004.49,33421.27,2016,,Lander County School District,""
"Arellano, Tonyia",ELEM SP ED  AIDES,18930.00,0.00,0.00,13482.00,18930.00,32412.00,2016,,Lander County School District,""
"Samuelson, Tyler",HS INSTRUCTIONAL AIDE,18930.00,0.00,0.00,13482.00,18930.00,32412.00,2016,,Lander County School District,""
"Powell, Gloria","27,700 full salary - 72% split w/ bus",19944.00,0.00,0.00,11619.04,19944.00,31563.04,2016,,Lander County School District,""
"Buchel, Jacqueline",ADULT EDUCATION,30691.00,0.00,0.00,699.75,30691.00,31390.75,2016,,Lander County School District,""
"Benson, Marie",READING TUTOR,18044.00,0.00,0.00,13213.72,18044.00,31257.72,2016,,Lander County School District,""
"Schoorl, Mackenzie",READING TUTOR,18044.00,0.00,0.00,13213.72,18044.00,31257.72,2016,,Lander County School District,""
"Lopez, Adriana",DISTRICT OFFICE CUSTODIAL,27580.00,0.00,0.00,628.82,27580.00,28208.82,2016,,Lander County School District,""
"Flock, Alisha",EARLY CHILDHOOD,16714.00,0.00,548.07,8421.50,17262.07,25683.56,2016,,Lander County School District,""
"Samuelson, Gwen",ADULT EDUCATION,24943.00,0.00,0.00,568.70,24943.00,25511.70,2016,,Lander County School District,""
"Miramontes, Rosa",ADULT EDUCATION,24943.00,0.00,0.00,568.70,24943.00,25511.70,2016,,Lander County School District,""
"Sam, Marla",ADULT EDUCATION,24943.00,0.00,0.00,568.70,24943.00,25511.70,2016,,Lander County School District,""
"Hiley,  Mignon",ADULT EDUCATION,24943.00,0.00,0.00,568.70,24943.00,25511.70,2016,,Lander County School District,""
"Campbell, Angela",ADULT EDUCATION,24943.00,0.00,0.00,568.70,24943.00,25511.70,2016,,Lander County School District,""
"James, Michele",AUSTIN JANITORAL,15801.00,0.00,0.00,8659.54,15801.00,24460.54,2016,,Lander County School District,""
"James, Michele",19.96/hr. x 4.75 hrs. x 148 days,14032.00,0.00,0.00,8123.89,14032.00,22155.89,2016,,Lander County School District,""
"Alexander, Angela",LOCAL PLAN,10838.00,0.00,0.00,7156.75,10838.00,17994.75,2016,,Lander County School District,""
"Lowe, Bryant",SB405 GRANT,10838.00,0.00,0.00,7156.75,10838.00,17994.75,2016,,Lander County School District,""
"Gamble, Angela",ELEM SP ED  AIDES,10838.00,0.00,0.00,7156.75,10838.00,17994.75,2016,,Lander County School District,""
"Lowe, Bryant",ELEM SP ED  AIDES,10838.00,0.00,0.00,7156.75,10838.00,17994.75,2016,,Lander County School District,""
"Arionus, Bryan",ELEMENTARY TEACHER,10190.00,0.00,369.24,5418.95,10559.24,15978.19,2016,,Lander County School District,""
"Stallard, Nancee",PT GENERAL AIDE,12947.04,0.00,0.00,295.19,12947.04,13242.23,2016,,Lander County School District,""
"Reeves, Johna",AUSTIN COUNSELOR,8348.00,0.00,151.96,3461.24,8499.96,11961.20,2016,,Lander County School District,""
"Rayford, Michelle",BUS DRIVER,11749.00,0.00,0.00,0.00,11749.00,11749.00,2016,,Lander County School District,""
"Johnson, Christy",SOCIAL WORKER,10800.00,0.00,0.00,246.24,10800.00,11046.24,2016,,Lander County School District,""
"Fetterly, Charlene",BUS DRIVER,10453.00,0.00,0.00,0.00,10453.00,10453.00,2016,,Lander County School District,""
"Taylor, Jerri Ann",BUS DRIVER,10453.00,0.00,0.00,0.00,10453.00,10453.00,2016,,Lander County School District,""
"Thomas, Brenda",BUS DRIVER,10453.00,0.00,0.00,0.00,10453.00,10453.00,2016,,Lander County School District,""
"Villanueva, Cheri",HOT LUNCH PROGRAM,9724.00,0.00,0.00,221.71,9724.00,9945.71,2016,,Lander County School District,""
"Powell, Gloria",BUS DRIVER,7756.00,0.00,0.00,2170.00,7756.00,9926.00,2016,,Lander County School District,""
"Whitehead, Kimberly",ELEM SP ED  AIDES,9430.56,0.00,0.00,215.02,9430.56,9645.58,2016,,Lander County School District,""
"Rowan, Suzanne",HS VOCATIONAL,9000.00,0.00,0.00,205.20,9000.00,9205.20,2016,,Lander County School District,""
"Amezcua, Marlen",HOT LUNCH PROGRAM,8845.00,0.00,0.00,201.67,8845.00,9046.67,2016,,Lander County School District,""
"Johnson, Leah",HOT LUNCH PROGRAM,8112.00,0.00,0.00,184.95,8112.00,8296.95,2016,,Lander County School District,""
"Campbell, Danielle",HOT LUNCH PROGRAM,8112.00,0.00,0.00,184.95,8112.00,8296.95,2016,,Lander County School District,""
"Ueland, Shelli",HOT LUNCH PROGRAM,8112.00,0.00,0.00,184.95,8112.00,8296.95,2016,,Lander County School District,""
"Gonzalez, Karla",HOT LUNCH PROGRAM,8112.00,0.00,0.00,184.95,8112.00,8296.95,2016,,Lander County School District,""
"Buller, Jennifer",HOT LUNCH PROGRAM,8112.00,0.00,0.00,184.95,8112.00,8296.95,2016,,Lander County School District,""
"Mudd, Mandi",READING TUTOR,7930.00,0.00,0.00,180.80,7930.00,8110.80,2016,,Lander County School District,""
"Ortega, Susan",Learning Strategist Stipend,7500.00,0.00,0.00,171.00,7500.00,7671.00,2016,,Lander County School District,""
"ACS (Rayford, Michelle)",AUSTIN AIDE,5169.00,0.00,0.00,1644.97,5169.00,6813.97,2016,,Lander County School District,""
"Burkhart, Lisa",ELEMENTARY TEACHER,3956.00,0.00,123.73,1944.70,4079.73,6024.43,2016,,Lander County School District,""
"Chopp, Mike",SCHOOL BOARD,3000.00,0.00,0.00,908.40,3000.00,3908.40,2016,,Lander County School District,""
"Morrison, Jan",SCHOOL BOARD,3000.00,0.00,0.00,908.40,3000.00,3908.40,2016,,Lander County School District,""
"Penola, Anna",SCHOOL BOARD,3000.00,0.00,0.00,908.40,3000.00,3908.40,2016,,Lander County School District,""
"Thompson, Todd",SCHOOL BOARD,3000.00,0.00,0.00,908.40,3000.00,3908.40,2016,,Lander County School District,""
"Lake, Mark",SCHOOL BOARD,3000.00,0.00,0.00,908.40,3000.00,3908.40,2016,,Lander County School District,""
"Dias, Elizabeth",SCHOOL BOARD,3000.00,0.00,0.00,908.40,3000.00,3908.40,2016,,Lander County School District,""
"Davis, John",SCHOOL BOARD,3000.00,0.00,0.00,908.40,3000.00,3908.40,2016,,Lander County School District,""
"Gamble, Angela",Summer Help,3000.00,0.00,0.00,68.40,3000.00,3068.40,2016,,Lander County School District,""
"Rangel, Rebecca",TECHNOLOGY,3000.00,0.00,0.00,68.40,3000.00,3068.40,2016,,Lander County School District,""
"Jacobson, Brian",ELEMENTARY TEACHER,1888.00,0.00,72.64,1038.34,1960.64,2998.99,2016,,Lander County School District,""
"Savage, Mark",Stipend - 150,2500.00,0.00,0.00,57.00,2500.00,2557.00,2016,,Lander County School District,""
"LaRiva, Jackeline",Parent Literacy Liaison,2100.00,0.00,0.00,47.88,2100.00,2147.88,2016,,Lander County School District,""
