Employee Name,Job Title,Base Pay,Overtime Pay,Other Pay,Benefits,Total Pay,Total Pay & Benefits,Year,Notes,Agency,Status
Pam Teel,Superintendent,120000.00,Not Provided,Not Provided,Not Provided,120000.00,120000.00,2016,,Lincoln County School District,""
"Higbee, Kenneth",Principal,106897.00,Not Provided,Not Provided,Not Provided,106897.00,106897.00,2016,,Lincoln County School District,""
"Soderborg, Martin",Principal,101807.00,Not Provided,Not Provided,Not Provided,101807.00,101807.00,2016,,Lincoln County School District,""
Mike Strong,Principal,101807.00,Not Provided,Not Provided,Not Provided,101807.00,101807.00,2016,,Lincoln County School District,""
"Peterson, C. Pete",Principal,101807.00,Not Provided,Not Provided,Not Provided,101807.00,101807.00,2016,,Lincoln County School District,""
"Higbee, Brian",Principal,96959.00,Not Provided,Not Provided,Not Provided,96959.00,96959.00,2016,,Lincoln County School District,""
"Florence, Cherry",Principal,83757.00,Not Provided,Not Provided,Not Provided,83757.00,83757.00,2016,,Lincoln County School District,""
"Christensen, Cody",Principal,79769.00,Not Provided,Not Provided,Not Provided,79769.00,79769.00,2016,,Lincoln County School District,""
"Foisy, Robert L.",Teacher,77737.00,Not Provided,Not Provided,Not Provided,77737.00,77737.00,2016,,Lincoln County School District,""
"Ahlstrom, John G.",Teacher,77737.00,Not Provided,Not Provided,Not Provided,77737.00,77737.00,2016,,Lincoln County School District,""
"Walker, Greg T.",Teacher,77737.00,Not Provided,Not Provided,Not Provided,77737.00,77737.00,2016,,Lincoln County School District,""
"Foisy, Christine A.",Teacher,77737.00,Not Provided,Not Provided,Not Provided,77737.00,77737.00,2016,,Lincoln County School District,""
"Shumway, Ginger",Finance Director,75002.88,Not Provided,Not Provided,Not Provided,75002.88,75002.88,2016,,Lincoln County School District,""
"LeBaron, Kimberly H.",Teacher,74846.00,Not Provided,Not Provided,Not Provided,74846.00,74846.00,2016,,Lincoln County School District,""
"Menditto, Louis C.",Teacher,69902.00,Not Provided,Not Provided,Not Provided,69902.00,69902.00,2016,,Lincoln County School District,""
"Phillips, Cheryl E.",Teacher,69902.00,Not Provided,Not Provided,Not Provided,69902.00,69902.00,2016,,Lincoln County School District,""
"Johnson, Diane",Teacher,69902.00,Not Provided,Not Provided,Not Provided,69902.00,69902.00,2016,,Lincoln County School District,""
"Ottley, Richard G.",Teacher,68491.00,Not Provided,Not Provided,Not Provided,68491.00,68491.00,2016,,Lincoln County School District,""
"Wheatley, Katherine",Teacher,68491.00,Not Provided,Not Provided,Not Provided,68491.00,68491.00,2016,,Lincoln County School District,""
"Soderborg, Gretchen A.",Teacher,68491.00,Not Provided,Not Provided,Not Provided,68491.00,68491.00,2016,,Lincoln County School District,""
"Sparrow, Michael G.",Teacher,68491.00,Not Provided,Not Provided,Not Provided,68491.00,68491.00,2016,,Lincoln County School District,""
"Loveday, Bradley R.",Teacher,68491.00,Not Provided,Not Provided,Not Provided,68491.00,68491.00,2016,,Lincoln County School District,""
"Hansen, Robert D.",Teacher,68491.00,Not Provided,Not Provided,Not Provided,68491.00,68491.00,2016,,Lincoln County School District,""
"Hansen, Eric R.",Teacher,68491.00,Not Provided,Not Provided,Not Provided,68491.00,68491.00,2016,,Lincoln County School District,""
"Hansen, David J.",Teacher,68491.00,Not Provided,Not Provided,Not Provided,68491.00,68491.00,2016,,Lincoln County School District,""
"Shumway, April",Teacher,68491.00,Not Provided,Not Provided,Not Provided,68491.00,68491.00,2016,,Lincoln County School District,""
"Jorgensen, Annette I.",Teacher,68491.00,Not Provided,Not Provided,Not Provided,68491.00,68491.00,2016,,Lincoln County School District,""
"Dirks, Sharon L.",Teacher,68491.00,Not Provided,Not Provided,Not Provided,68491.00,68491.00,2016,,Lincoln County School District,""
"Cluff, Van J.",Teacher,68491.00,Not Provided,Not Provided,Not Provided,68491.00,68491.00,2016,,Lincoln County School District,""
"Avery, Terry L.",Teacher,68491.00,Not Provided,Not Provided,Not Provided,68491.00,68491.00,2016,,Lincoln County School District,""
"Thornock, Kenneth D.",Teacher,68491.00,Not Provided,Not Provided,Not Provided,68491.00,68491.00,2016,,Lincoln County School District,""
"Burcham, Michael",Teacher,66607.00,Not Provided,Not Provided,Not Provided,66607.00,66607.00,2016,,Lincoln County School District,""
"Bazil, Trevor",Teacher,66607.00,Not Provided,Not Provided,Not Provided,66607.00,66607.00,2016,,Lincoln County School District,""
"Vincent, Stephanie",Principal,65626.00,Not Provided,Not Provided,Not Provided,65626.00,65626.00,2016,,Lincoln County School District,""
"Wadsworth, Kathy J.",Teacher,64491.00,Not Provided,Not Provided,Not Provided,64491.00,64491.00,2016,,Lincoln County School District,""
"River, Shai",Teacher,64491.00,Not Provided,Not Provided,Not Provided,64491.00,64491.00,2016,,Lincoln County School District,""
"Tingey, Tiffany A.",Teacher,64491.00,Not Provided,Not Provided,Not Provided,64491.00,64491.00,2016,,Lincoln County School District,""
"Ottley, Leslie",Teacher,64491.00,Not Provided,Not Provided,Not Provided,64491.00,64491.00,2016,,Lincoln County School District,""
"Pitt, Lori",Teacher,64491.00,Not Provided,Not Provided,Not Provided,64491.00,64491.00,2016,,Lincoln County School District,""
"Crooks, Helen",Teacher,64491.00,Not Provided,Not Provided,Not Provided,64491.00,64491.00,2016,,Lincoln County School District,""
"Etchart, Tamara",Teacher,63041.00,Not Provided,Not Provided,Not Provided,63041.00,63041.00,2016,,Lincoln County School District,""
"Bradfield, Debbie",Accounts Payable,61692.16,Not Provided,Not Provided,Not Provided,61692.16,61692.16,2016,,Lincoln County School District,""
"Hunt, Daniel P.","Counselor, 7-12",61588.00,Not Provided,Not Provided,Not Provided,61588.00,61588.00,2016,,Lincoln County School District,""
"Wright, Kathy",Teacher,61588.00,Not Provided,Not Provided,Not Provided,61588.00,61588.00,2016,,Lincoln County School District,""
"Schimbeck, Jolin",Teacher,61588.00,Not Provided,Not Provided,Not Provided,61588.00,61588.00,2016,,Lincoln County School District,""
"Frehner, Tory",Teacher,61588.00,Not Provided,Not Provided,Not Provided,61588.00,61588.00,2016,,Lincoln County School District,""
"Lloyd, Gina",Teacher,61588.00,Not Provided,Not Provided,Not Provided,61588.00,61588.00,2016,,Lincoln County School District,""
"Cheeney, Lori",Teacher,61588.00,Not Provided,Not Provided,Not Provided,61588.00,61588.00,2016,,Lincoln County School District,""
"Hunter, Taneil",Learning Strategist,61588.00,Not Provided,Not Provided,Not Provided,61588.00,61588.00,2016,,Lincoln County School District,""
"Gloeckner, Mark",Transportation Director,60852.00,Not Provided,Not Provided,Not Provided,60852.00,60852.00,2016,,Lincoln County School District,""
"Lester, Jacob",Teacher,60136.00,Not Provided,Not Provided,Not Provided,60136.00,60136.00,2016,,Lincoln County School District,""
"Stackhouse, Loree",Teacher,60136.00,Not Provided,Not Provided,Not Provided,60136.00,60136.00,2016,,Lincoln County School District,""
"Mangum, Robin",Teacher,60136.00,Not Provided,Not Provided,Not Provided,60136.00,60136.00,2016,,Lincoln County School District,""
"Severns, Jennifer",Teacher,58685.00,Not Provided,Not Provided,Not Provided,58685.00,58685.00,2016,,Lincoln County School District,""
"Cameron, Matt",Teacher,58685.00,Not Provided,Not Provided,Not Provided,58685.00,58685.00,2016,,Lincoln County School District,""
"Finlinson, J",Teacher,58685.00,Not Provided,Not Provided,Not Provided,58685.00,58685.00,2016,,Lincoln County School District,""
"Keene, Kathleen",Teacher,57233.00,Not Provided,Not Provided,Not Provided,57233.00,57233.00,2016,,Lincoln County School District,""
"Lamb, Joseph",IT Director,56386.00,Not Provided,Not Provided,Not Provided,56386.00,56386.00,2016,,Lincoln County School District,""
"Swallow, Brookie",Teacher,55172.00,Not Provided,Not Provided,Not Provided,55172.00,55172.00,2016,,Lincoln County School District,""
"Spencer, Sherry",Teacher,54384.00,Not Provided,Not Provided,Not Provided,54384.00,54384.00,2016,,Lincoln County School District,""
"Wadsworth, Raymond",Teacher,54330.00,Not Provided,Not Provided,Not Provided,54330.00,54330.00,2016,,Lincoln County School District,""
"Huntsman, Amy",Teacher,53720.00,Not Provided,Not Provided,Not Provided,53720.00,53720.00,2016,,Lincoln County School District,""
"Bodell, Karen",Teacher,53720.00,Not Provided,Not Provided,Not Provided,53720.00,53720.00,2016,,Lincoln County School District,""
"Hansen, Cheryl",Teacher,53720.00,Not Provided,Not Provided,Not Provided,53720.00,53720.00,2016,,Lincoln County School District,""
"Jones, Jessica",Teacher,53720.00,Not Provided,Not Provided,Not Provided,53720.00,53720.00,2016,,Lincoln County School District,""
"Mortensen, Kari A.",Teacher,53720.00,Not Provided,Not Provided,Not Provided,53720.00,53720.00,2016,,Lincoln County School District,""
"Stirling, Lynette",Teacher,53720.00,Not Provided,Not Provided,Not Provided,53720.00,53720.00,2016,,Lincoln County School District,""
"Grape, Chantel",Teacher,53720.00,Not Provided,Not Provided,Not Provided,53720.00,53720.00,2016,,Lincoln County School District,""
"Harding, Heidi",Teacher,52269.00,Not Provided,Not Provided,Not Provided,52269.00,52269.00,2016,,Lincoln County School District,""
"Anderson, Michael",Maintenance Director,51819.00,Not Provided,Not Provided,Not Provided,51819.00,51819.00,2016,,Lincoln County School District,""
"Derkovitz, Jeremy","Counselor, 7-12",50817.00,Not Provided,Not Provided,Not Provided,50817.00,50817.00,2016,,Lincoln County School District,""
"Lytle, Adam",Teacher,50817.00,Not Provided,Not Provided,Not Provided,50817.00,50817.00,2016,,Lincoln County School District,""
"Zierow, Malissa",Teacher,50817.00,Not Provided,Not Provided,Not Provided,50817.00,50817.00,2016,,Lincoln County School District,""
"Poulson, Nickolas",Teacher,50817.00,Not Provided,Not Provided,Not Provided,50817.00,50817.00,2016,,Lincoln County School District,""
"Zierow, Jake",Teacher,50817.00,Not Provided,Not Provided,Not Provided,50817.00,50817.00,2016,,Lincoln County School District,""
"Foremaster, Brook",Teacher,50817.00,Not Provided,Not Provided,Not Provided,50817.00,50817.00,2016,,Lincoln County School District,""
"Jenkins, Deanna L.",Secretary,49483.20,Not Provided,Not Provided,Not Provided,49483.20,49483.20,2016,,Lincoln County School District,""
"Peterson, Beverly",Teacher,49441.00,Not Provided,Not Provided,Not Provided,49441.00,49441.00,2016,,Lincoln County School District,""
"Willingham, John",Teacher,49441.00,Not Provided,Not Provided,Not Provided,49441.00,49441.00,2016,,Lincoln County School District,""
"Frehner, Emilee",Teacher,49368.00,Not Provided,Not Provided,Not Provided,49368.00,49368.00,2016,,Lincoln County School District,""
"Somers, Sarah",Teacher,49368.00,Not Provided,Not Provided,Not Provided,49368.00,49368.00,2016,,Lincoln County School District,""
"Back, Kenneth",Maintenance,48172.80,Not Provided,Not Provided,Not Provided,48172.80,48172.80,2016,,Lincoln County School District,""
"Hansen, Brett",Teacher,47915.00,Not Provided,Not Provided,Not Provided,47915.00,47915.00,2016,,Lincoln County School District,""
"Peterson, Douglas",Teacher,46146.00,Not Provided,Not Provided,Not Provided,46146.00,46146.00,2016,,Lincoln County School District,""
"Tibbitts, Talen",Teacher,46146.00,Not Provided,Not Provided,Not Provided,46146.00,46146.00,2016,,Lincoln County School District,""
"Settles, John",Custodial II,46113.60,Not Provided,Not Provided,Not Provided,46113.60,46113.60,2016,,Lincoln County School District,""
"Gilpatrick, Quentin",Custodial II,46113.60,Not Provided,Not Provided,Not Provided,46113.60,46113.60,2016,,Lincoln County School District,""
"Heaton, Tyler",Teacher,45012.00,Not Provided,Not Provided,Not Provided,45012.00,45012.00,2016,,Lincoln County School District,""
"Strong, Michael",Teacher,45012.00,Not Provided,Not Provided,Not Provided,45012.00,45012.00,2016,,Lincoln County School District,""
"Lee, Teri",District Secretary I,43768.00,Not Provided,Not Provided,Not Provided,43768.00,43768.00,2016,,Lincoln County School District,""
"Dunn, Nykele",Teacher,43560.00,Not Provided,Not Provided,Not Provided,43560.00,43560.00,2016,,Lincoln County School District,""
"Holt, Chantel",Teacher,42109.00,Not Provided,Not Provided,Not Provided,42109.00,42109.00,2016,,Lincoln County School District,""
"Porter, Darby",Teacher,42109.00,Not Provided,Not Provided,Not Provided,42109.00,42109.00,2016,,Lincoln County School District,""
"Barnes, Macall",Teacher,42109.00,Not Provided,Not Provided,Not Provided,42109.00,42109.00,2016,,Lincoln County School District,""
"Harris, Carolyn",Custodial I,41808.00,Not Provided,Not Provided,Not Provided,41808.00,41808.00,2016,,Lincoln County School District,""
"Gill, Debbie",Teacher,41203.00,Not Provided,Not Provided,Not Provided,41203.00,41203.00,2016,,Lincoln County School District,""
"Smith, Kevin",Teacher,40657.00,Not Provided,Not Provided,Not Provided,40657.00,40657.00,2016,,Lincoln County School District,""
"Truman, Kristen",Teacher,40657.00,Not Provided,Not Provided,Not Provided,40657.00,40657.00,2016,,Lincoln County School District,""
"Pearson, Travis",Teacher,40657.00,Not Provided,Not Provided,Not Provided,40657.00,40657.00,2016,,Lincoln County School District,""
"Rasmussen, Kathi",Teacher,40657.00,Not Provided,Not Provided,Not Provided,40657.00,40657.00,2016,,Lincoln County School District,""
"Sanders, Cody",Teacher,40657.00,Not Provided,Not Provided,Not Provided,40657.00,40657.00,2016,,Lincoln County School District,""
"Baker, Rachel",Alt. Ed Parapro,39478.40,Not Provided,Not Provided,Not Provided,39478.40,39478.40,2016,,Lincoln County School District,""
"Mathews, Sharee",Teacher,39205.00,Not Provided,Not Provided,Not Provided,39205.00,39205.00,2016,,Lincoln County School District,""
"Poulsen, Anthony",Teacher,39205.00,Not Provided,Not Provided,Not Provided,39205.00,39205.00,2016,,Lincoln County School District,""
"Hafen, Danielle",Teacher,39205.00,Not Provided,Not Provided,Not Provided,39205.00,39205.00,2016,,Lincoln County School District,""
"Mortensen, Taunya",Asst. Secretary,38520.00,Not Provided,Not Provided,Not Provided,38520.00,38520.00,2016,,Lincoln County School District,""
"Young, Matt",Custodial II,38500.80,Not Provided,Not Provided,Not Provided,38500.80,38500.80,2016,,Lincoln County School District,""
"Cumming, VaNae",Secretary,38064.00,Not Provided,Not Provided,Not Provided,38064.00,38064.00,2016,,Lincoln County School District,""
"Lucchesi, Sylvia",Secretary,38064.00,Not Provided,Not Provided,Not Provided,38064.00,38064.00,2016,,Lincoln County School District,""
"Stewart, Catherine",Secretary,38064.00,Not Provided,Not Provided,Not Provided,38064.00,38064.00,2016,,Lincoln County School District,""
"Lee, Tia",Teacher,37754.00,Not Provided,Not Provided,Not Provided,37754.00,37754.00,2016,,Lincoln County School District,""
"Cole, Austin",Custodial II,37086.40,Not Provided,Not Provided,Not Provided,37086.40,37086.40,2016,,Lincoln County School District,""
"Lytle, Kylea",Secretary,36630.00,Not Provided,Not Provided,Not Provided,36630.00,36630.00,2016,,Lincoln County School District,""
"Hansen, Dylan",Custodial II,35713.60,Not Provided,Not Provided,Not Provided,35713.60,35713.60,2016,,Lincoln County School District,""
"Boyce, Trista",Secretary,35344.00,Not Provided,Not Provided,Not Provided,35344.00,35344.00,2016,,Lincoln County School District,""
"Lewis, Brandi",Secretary,34768.00,Not Provided,Not Provided,Not Provided,34768.00,34768.00,2016,,Lincoln County School District,""
"Cameron, Rachyl",Secretary,34768.00,Not Provided,Not Provided,Not Provided,34768.00,34768.00,2016,,Lincoln County School District,""
"Higbee, Susan",Custodial,34743.80,Not Provided,Not Provided,Not Provided,34743.80,34743.80,2016,,Lincoln County School District,""
"Vea, William",Alt. Ed Parapro,34234.20,Not Provided,Not Provided,Not Provided,34234.20,34234.20,2016,,Lincoln County School District,""
"Maqueda, Brenda",Alt. Ed Parapro,34234.20,Not Provided,Not Provided,Not Provided,34234.20,34234.20,2016,,Lincoln County School District,""
"Hosier, Rachel",Kitchen Manager,32839.80,Not Provided,Not Provided,Not Provided,32839.80,32839.80,2016,,Lincoln County School District,""
"Sears, Thomas",Custodial I,31520.00,Not Provided,Not Provided,Not Provided,31520.00,31520.00,2016,,Lincoln County School District,""
"Wheatley, Melanie",Teacher,30352.80,Not Provided,Not Provided,Not Provided,30352.80,30352.80,2016,,Lincoln County School District,""
"Poulsen, Bonnie",Paraprofessional,29874.60,Not Provided,Not Provided,Not Provided,29874.60,29874.60,2016,,Lincoln County School District,""
"Sonnenberg, Kaylyn",Paraprofessional,29874.60,Not Provided,Not Provided,Not Provided,29874.60,29874.60,2016,,Lincoln County School District,""
"Simkins, Patricia M.",Paraprofessional,29874.60,Not Provided,Not Provided,Not Provided,29874.60,29874.60,2016,,Lincoln County School District,""
"Taylor, Kathleen",Paraprofessional,29874.60,Not Provided,Not Provided,Not Provided,29874.60,29874.60,2016,,Lincoln County School District,""
"Shumway, Elaine",Paraprofessional,29874.60,Not Provided,Not Provided,Not Provided,29874.60,29874.60,2016,,Lincoln County School District,""
"Bowman, Charleen",Paraprofessional,29874.60,Not Provided,Not Provided,Not Provided,29874.60,29874.60,2016,,Lincoln County School District,""
"Young, Brenda",Paraprofessional,29491.09,Not Provided,Not Provided,Not Provided,29491.09,29491.09,2016,,Lincoln County School District,""
"Budreau, Valerie G.",Paraprofessional,29005.20,Not Provided,Not Provided,Not Provided,29005.20,29005.20,2016,,Lincoln County School District,""
"Reifsnyder, Suzanne",Paraprofessional,27669.60,Not Provided,Not Provided,Not Provided,27669.60,27669.60,2016,,Lincoln County School District,""
"Tibbitts, Lisa",Paraprofessional,26775.00,Not Provided,Not Provided,Not Provided,26775.00,26775.00,2016,,Lincoln County School District,""
"Weideman, Tracey",Food Service Manager,26474.70,Not Provided,Not Provided,Not Provided,26474.70,26474.70,2016,,Lincoln County School District,""
"Wade, Roxie",Paraprofessional,26220.60,Not Provided,Not Provided,Not Provided,26220.60,26220.60,2016,,Lincoln County School District,""
"Rippetoe, Anna",Paraprofessional,26220.60,Not Provided,Not Provided,Not Provided,26220.60,26220.60,2016,,Lincoln County School District,""
"Tibbetts, Laura",Paraprofessional,26220.60,Not Provided,Not Provided,Not Provided,26220.60,26220.60,2016,,Lincoln County School District,""
"Jackson, Bryan",Paraprofessional,25111.80,Not Provided,Not Provided,Not Provided,25111.80,25111.80,2016,,Lincoln County School District,""
"Tobler, Mike",Teacher,24038.00,Not Provided,Not Provided,Not Provided,24038.00,24038.00,2016,,Lincoln County School District,""
"Adamson, Steve",Maintenance,24038.00,Not Provided,Not Provided,Not Provided,24038.00,24038.00,2016,,Lincoln County School District,""
"Dauge, Christine",Paraprofessional,23054.22,Not Provided,Not Provided,Not Provided,23054.22,23054.22,2016,,Lincoln County School District,""
"Rhodes, Ryan",Maintenance,22474.40,Not Provided,Not Provided,Not Provided,22474.40,22474.40,2016,,Lincoln County School District,""
"Wood, Gary",Bus Driver,21577.40,Not Provided,Not Provided,Not Provided,21577.40,21577.40,2016,,Lincoln County School District,""
"Rhodes, Ryan",Custodial II,20623.20,Not Provided,Not Provided,Not Provided,20623.20,20623.20,2016,,Lincoln County School District,""
"Thomas, Jackie",Paraprofessional,19656.00,Not Provided,Not Provided,Not Provided,19656.00,19656.00,2016,,Lincoln County School District,""
"Tobler, Karen",Paraprofessional,18768.96,Not Provided,Not Provided,Not Provided,18768.96,18768.96,2016,,Lincoln County School District,""
"Barteau, Susan",Paraprofessional,18768.96,Not Provided,Not Provided,Not Provided,18768.96,18768.96,2016,,Lincoln County School District,""
"Wood, Kris",Paraprofessional,16984.80,Not Provided,Not Provided,Not Provided,16984.80,16984.80,2016,,Lincoln County School District,""
"Higbee, Jeanne",Teacher,16787.20,Not Provided,Not Provided,Not Provided,16787.20,16787.20,2016,,Lincoln County School District,""
"Whitney, Cherie",Paraprofessional,16531.20,Not Provided,Not Provided,Not Provided,16531.20,16531.20,2016,,Lincoln County School District,""
"Linares, Kyla",Paraprofessional,16531.20,Not Provided,Not Provided,Not Provided,16531.20,16531.20,2016,,Lincoln County School District,""
"Cole, Jamie",Paraprofessional,16531.20,Not Provided,Not Provided,Not Provided,16531.20,16531.20,2016,,Lincoln County School District,""
"Scott, Ruth",Paraprofessional,16531.20,Not Provided,Not Provided,Not Provided,16531.20,16531.20,2016,,Lincoln County School District,""
"Slone, Dominique",Bus Driver,16500.00,Not Provided,Not Provided,Not Provided,16500.00,16500.00,2016,,Lincoln County School District,""
"Barr, Richard",Bus Maintenance,16000.00,Not Provided,Not Provided,Not Provided,16000.00,16000.00,2016,,Lincoln County School District,""
"Smith, Neosha",Alt. Ed Parapro,15932.07,Not Provided,Not Provided,Not Provided,15932.07,15932.07,2016,,Lincoln County School District,""
"Young, Chad",Paraprofessional,13500.00,Not Provided,Not Provided,Not Provided,13500.00,13500.00,2016,,Lincoln County School District,""
"Austgen, Harold",Bus Driver,13452.48,Not Provided,Not Provided,Not Provided,13452.48,13452.48,2016,,Lincoln County School District,""
"Austgen, Susan",Bus Driver,10699.20,Not Provided,Not Provided,Not Provided,10699.20,10699.20,2016,,Lincoln County School District,""
