Employee Name,Job Title,Base Pay,Overtime Pay,Other Pay,Benefits,Total Pay,Total Pay & Benefits,Year,Notes,Agency,Status
Walter P. Hackford,Superintendent,108939.10,0.00,0.00,39599.54,108939.10,148538.64,2016,,Mineral County School District,""
Stephanie C. Keuhey,Principal,83319.46,0.00,0.00,30942.81,83319.46,114262.27,2016,,Mineral County School District,""
Holly H. Qualls,Teacher,80293.58,0.00,0.00,30343.12,80293.58,110636.70,2016,,Mineral County School District,""
Michael D Domagala,Principal,78303.14,0.00,0.00,29448.70,78303.14,107751.84,2016,,Mineral County School District,""
Catherine Kaler,Teacher,68124.86,0.00,0.00,26260.60,68124.86,94385.46,2016,,Mineral County School District,""
Tricia M. Schumann,Teacher,67624.48,0.00,0.00,26171.65,67624.48,93796.13,2016,,Mineral County School District,""
Pamela A Wells,INTERVENTION COORDINATOR,66779.25,0.00,0.00,26998.46,66779.25,93777.71,2016,,Mineral County School District,""
Les R. Horn,Teacher,66514.35,0.00,0.00,25677.12,66514.35,92191.47,2016,,Mineral County School District,""
Darren L. Hamrey,Teacher,68659.69,0.00,0.00,22813.01,68659.69,91472.70,2016,,Mineral County School District,""
Taralynn G. Musselman,Teacher,65788.00,0.00,0.00,25310.89,65788.00,91098.89,2016,,Mineral County School District,""
Michael Allen Mayes,Teacher,65384.86,0.00,0.00,25430.08,65384.86,90814.94,2016,,Mineral County School District,""
Christy Romero Grant,Teacher,63277.54,0.00,0.00,25481.86,63277.54,88759.40,2016,,Mineral County School District,""
Mary Jo Gemelke,Teacher,62541.04,0.00,0.00,24683.37,62541.04,87224.41,2016,,Mineral County School District,""
Joellen Barrett,Teacher,63435.12,0.00,0.00,23733.99,63435.12,87169.11,2016,,Mineral County School District,""
John Gavin,Counselor,61105.01,70.56,0.00,25307.02,61175.57,86482.59,2016,,Mineral County School District,""
Eddie Stidham,Transportation Director,61065.46,0.00,0.00,24293.62,61065.46,85359.08,2016,,Mineral County School District,""
Melissa E. Cardenas,Teacher,63678.76,0.00,0.00,19762.04,63678.76,83440.80,2016,,Mineral County School District,""
Amanda B. Petersen,Teacher,59010.48,0.00,0.00,24295.81,59010.48,83306.29,2016,,Mineral County School District,""
Elizabeth Vessels,Teacher,59309.76,0.00,0.00,22108.89,59309.76,81418.65,2016,,Mineral County School District,""
Kimberly Sue Richmond,Teacher,58143.86,0.00,0.00,22720.27,58143.86,80864.13,2016,,Mineral County School District,""
Stacie A. Madrid,Teacher,57837.98,0.00,0.00,22276.62,57837.98,80114.60,2016,,Mineral County School District,""
Sandra Essenpreis,Teacher,59412.21,0.00,0.00,18507.03,59412.21,77919.24,2016,,Mineral County School District,""
Martin Todd Waggoner,Teacher,54326.05,0.00,0.00,22222.91,54326.05,76548.96,2016,,Mineral County School District,""
Thomas P Gallegos,Maint. Supervisor,53713.33,0.00,0.00,22210.39,53713.33,75923.72,2016,,Mineral County School District,""
Terry Thorpe,Teacher,53252.26,0.00,0.00,22027.55,53252.26,75279.81,2016,,Mineral County School District,""
Joseph R Burch,Teacher,52212.96,0.00,0.00,21630.02,52212.96,73842.98,2016,,Mineral County School District,""
Holly Friend Pellett,School Nurse,55757.93,0.00,0.00,17143.40,55757.93,72901.33,2016,,Mineral County School District,""
Theresa Talamantes,Teacher,51773.50,0.00,0.00,21091.86,51773.50,72865.36,2016,,Mineral County School District,""
Jennifer Ann Smith,Teacher,50035.58,0.00,0.00,20412.97,50035.58,70448.55,2016,,Mineral County School District,""
Janell L. Carlos,Secretary,49538.56,0.00,0.00,20245.70,49538.56,69784.26,2016,,Mineral County School District,""
Ann M. Kee,Secretary,45232.62,2955.10,0.00,20560.38,48187.72,68748.10,2016,,Mineral County School District,""
Michael D Harris,Teacher,48284.27,0.00,0.00,20188.72,48284.27,68472.99,2016,,Mineral County School District,""
Sandra L. Jones,Teacher,46572.94,0.00,0.00,19908.18,46572.94,66481.12,2016,,Mineral County School District,""
Monica R Keady,Teacher,45996.80,0.00,0.00,19900.56,45996.80,65897.36,2016,,Mineral County School District,""
Toni D. Dodge,Teacher,44354.54,0.00,0.00,20168.36,44354.54,64522.90,2016,,Mineral County School District,""
Hope Ann Blinco,HR/Payroll Benefits Blended,43000.16,2134.69,0.00,19078.20,45134.85,64213.05,2016,,Mineral County School District,""
Spring E. Blazewick,Exec. Secretary,43365.28,1594.86,0.00,19178.69,44960.14,64138.83,2016,,Mineral County School District,""
Diana Isom,Teacher,44973.18,0.00,0.00,19137.29,44973.18,64110.47,2016,,Mineral County School District,""
Curt Mcelroy,Teacher,46649.56,0.00,0.00,16487.50,46649.56,63137.06,2016,,Mineral County School District,""
William S Keady,Computer Engineer,43033.80,0.00,0.00,19977.84,43033.80,63011.64,2016,,Mineral County School District,""
Patricia A Stoddard,Finance Manage,44664.99,0.00,0.00,17488.27,44664.99,62153.26,2016,,Mineral County School District,""
Anna Gavin,Teacher,40489.96,0.00,0.00,18719.06,40489.96,59209.02,2016,,Mineral County School District,""
Nicky Rodriguez,Teacher,41614.70,0.00,0.00,17047.40,41614.70,58662.10,2016,,Mineral County School District,""
Teri Arends,Teacher,41249.18,0.00,0.00,17092.67,41249.18,58341.85,2016,,Mineral County School District,""
Shelly Gay Lovitt,Grant Manager,43754.24,186.30,0.00,14330.46,43940.54,58271.00,2016,,Mineral County School District,""
Ce Arra D. Richards,Teacher,39105.66,0.00,0.00,17423.15,39105.66,56528.81,2016,,Mineral County School District,""
Desirae D Demars,Computer Tech,38211.08,0.00,0.00,17628.60,38211.08,55839.68,2016,,Mineral County School District,""
Diane Marie Rodriguez,Teacher,39337.84,0.00,0.00,16356.36,39337.84,55694.20,2016,,Mineral County School District,""
Clarence J Carlos,Maintanence,37444.80,0.00,0.00,17318.17,37444.80,54762.97,2016,,Mineral County School District,""
Tierra Darling,Teacher,37961.38,0.00,0.00,16454.23,37961.38,54415.61,2016,,Mineral County School District,""
Shelley L Tweedy,Secretary,36936.18,627.20,0.00,16486.24,37563.38,54049.62,2016,,Mineral County School District,""
April Anderson,Custodian,36649.76,0.00,0.00,17143.13,36649.76,53792.89,2016,,Mineral County School District,""
Janis C. Horn,Teacher,36631.63,0.00,0.00,16209.38,36631.63,52841.01,2016,,Mineral County School District,""
Robert Elsasser,Maintanence,35065.76,0.00,0.00,17598.35,35065.76,52664.11,2016,,Mineral County School District,""
Steve L. Munger,Custodian,35098.40,0.00,0.00,16685.41,35098.40,51783.81,2016,,Mineral County School District,""
Merna H. West,Teacher,37931.66,0.00,0.00,12087.83,37931.66,50019.49,2016,,Mineral County School District,""
Debra L. Tarleton,CTE COORDINATOR,32752.54,0.00,0.00,16853.09,32752.54,49605.63,2016,,Mineral County School District,""
Jeffrey Van Wales,Principal,36422.91,0.00,0.00,13010.94,36422.91,49433.85,2016,,Mineral County School District,""
Marilyn Duncan,Custodian,33210.68,6.38,0.00,16076.49,33217.06,49293.55,2016,,Mineral County School District,""
Trina L. Brees,Teacher,34117.66,0.00,0.00,14594.83,34117.66,48712.49,2016,,Mineral County School District,""
Albert Dillon Duncan,Custodian,32367.44,0.00,0.00,15806.02,32367.44,48173.46,2016,,Mineral County School District,""
Kimberly K Just,Secretary,29971.94,0.00,0.00,15039.17,29971.94,45011.11,2016,,Mineral County School District,""
Herbert Dale Johnson,Bus Driver,27566.27,1872.15,0.00,15256.34,29438.42,44694.76,2016,,Mineral County School District,""
Jacqueline Lois Lee,Fiscal reporting,28929.62,0.00,0.00,12113.00,28929.62,41042.62,2016,,Mineral County School District,""
Tara Nan Tilley,Teacher,28870.50,0.00,0.00,11503.94,28870.50,40374.44,2016,,Mineral County School District,""
Elizabeth Kay Stidham,Bus Driver,24843.27,632.46,0.00,14869.08,25475.73,40344.81,2016,,Mineral County School District,""
Erika Sanchez,Secretary,26101.35,656.74,0.00,13248.91,26758.09,40007.00,2016,,Mineral County School District,""
Meshanna Huntley,Gear up/SPIF,27502.71,0.00,0.00,11983.19,27502.71,39485.90,2016,,Mineral County School District,""
Diana L. Munger,Cook,22662.04,121.03,0.00,12689.88,22783.07,35472.95,2016,,Mineral County School District,""
Gary A. Funk,Sport extra duty,28212.74,0.00,0.00,6793.55,28212.74,35006.29,2016,,Mineral County School District,""
Norberta Sam-Whistler,Cook,21841.08,72.61,0.00,12423.27,21913.69,34336.96,2016,,Mineral County School District,""
Eileen Birchum,Library Manager,21469.52,0.00,0.00,12300.74,21469.52,33770.26,2016,,Mineral County School District,""
Stacie King,Teacher,22798.40,0.00,0.00,8638.50,22798.40,31436.90,2016,,Mineral County School District,""
Kellie K. Orndorff,Para Pro,19446.64,0.00,0.00,11649.74,19446.64,31096.38,2016,,Mineral County School District,""
Christine Mayes,Counselor,23255.66,0.00,0.00,7545.13,23255.66,30800.79,2016,,Mineral County School District,""
Susan Dudley,Para Pro,18763.67,0.00,0.00,11429.82,18763.67,30193.49,2016,,Mineral County School District,""
Jilanne Alene Larsen,Sub Teacher,20749.51,0.00,0.00,8827.88,20749.51,29577.39,2016,,Mineral County School District,""
Tina M. Canady,Para Pro,18282.94,0.00,0.00,11272.83,18282.94,29555.77,2016,,Mineral County School District,""
Mary Koscinski,Adult Ed,23000.00,0.00,0.00,2364.54,23000.00,25364.54,2016,,Mineral County School District,""
Charmaine M Phillippi-Eshelman,Teacher,17204.88,0.00,0.00,6860.10,17204.88,24064.98,2016,,Mineral County School District,""
Amber Fitzer,Adult Ed,20628.81,0.00,0.00,2140.37,20628.81,22769.18,2016,,Mineral County School District,""
Vici L Cooper,Teacher,14159.17,0.00,0.00,5887.42,14159.17,20046.59,2016,,Mineral County School District,""
Taylor L Rigler,Para Pro,12390.17,0.00,0.00,6965.02,12390.17,19355.19,2016,,Mineral County School District,""
Patti J. Hicks,Custodian,16511.91,0.00,0.00,1714.29,16511.91,18226.20,2016,,Mineral County School District,""
Dorothy E. Grimes,Sub Teacher,15855.00,0.00,0.00,1676.87,15855.00,17531.87,2016,,Mineral County School District,""
Fred Williams,CRITICAL SHORT BUS DRIVER,11916.80,0.00,0.00,3836.28,11916.80,15753.08,2016,,Mineral County School District,""
Dawna R. Fernando,3.5 hour Para Pro,14061.00,0.00,0.00,1462.37,14061.00,15523.37,2016,,Mineral County School District,""
Tom Wayne Shanks,Custodian,13598.61,0.00,0.00,1409.31,13598.61,15007.92,2016,,Mineral County School District,""
Oya Bryant,Para Pro,10871.65,0.00,0.00,3604.55,10871.65,14476.20,2016,,Mineral County School District,""
Mary Margaret Sanchez,3.5 hour Para Pro,12624.62,0.00,0.00,1310.38,12624.62,13935.00,2016,,Mineral County School District,""
Sandra R Weissman,Finance Manage,9852.95,0.00,0.00,3610.01,9852.95,13462.96,2016,,Mineral County School District,""
Victor Montoya,Tutor,12045.00,0.00,0.00,1302.76,12045.00,13347.76,2016,,Mineral County School District,""
Margaret J Thyne,INTERVENTION COORDINATOR,9257.16,0.00,0.00,3883.43,9257.16,13140.59,2016,,Mineral County School District,""
Shirley R Bruderer,Para Pro,11173.14,0.00,0.00,1940.51,11173.14,13113.65,2016,,Mineral County School District,""
Dawn M. Kunzi,3.5 hour Para Pro,11314.83,0.00,0.00,1174.70,11314.83,12489.53,2016,,Mineral County School District,""
Kay Benscoter,CALL IN MAINT.,10681.20,0.00,0.00,1108.87,10681.20,11790.07,2016,,Mineral County School District,""
Crystal Collins,Fiscal reporting,7948.80,0.00,0.00,3460.95,7948.80,11409.75,2016,,Mineral County School District,""
Samantha Weissman,Aide,9955.89,0.00,0.00,1033.94,9955.89,10989.83,2016,,Mineral County School District,""
Virginia T.H. Dumas,Call in Para Pro,9489.91,0.00,0.00,985.37,9489.91,10475.28,2016,,Mineral County School District,""
Kira A Garland,Kitchen Aide,8637.93,0.00,0.00,897.15,8637.93,9535.08,2016,,Mineral County School District,""
Jamarr E. Covington,Call in Para Pro,7849.28,0.00,0.00,1340.84,7849.28,9190.12,2016,,Mineral County School District,""
Nathan Thomas Ridley,Coach,8038.38,0.00,0.00,836.55,8038.38,8874.93,2016,,Mineral County School District,""
Dean Muir,Gear up/SPIF,5946.25,0.00,0.00,2817.54,5946.25,8763.79,2016,,Mineral County School District,""
Elaine R. Montoya,Para Pro,7251.39,0.00,0.00,752.13,7251.39,8003.52,2016,,Mineral County School District,""
Valerie Lynn Paulson,Kitchen Aide,6741.04,0.00,0.00,700.49,6741.04,7441.53,2016,,Mineral County School District,""
Ashlee A. Orndorff,Sub Teacher,6528.24,0.00,0.00,683.13,6528.24,7211.37,2016,,Mineral County School District,""
Shari R Berry,Para Pro,4641.74,0.00,0.00,2387.37,4641.74,7029.11,2016,,Mineral County School District,""
Jane L Foster,Para Pro,4496.10,0.00,0.00,2340.63,4496.10,6836.73,2016,,Mineral County School District,""
Stephen P. Summerbell,Coach,5970.22,0.00,0.00,625.08,5970.22,6595.30,2016,,Mineral County School District,""
Foster  Jr Kenton,Coach,5970.22,0.00,0.00,620.55,5970.22,6590.77,2016,,Mineral County School District,""
Michael G Stephens,Coach,5330.36,0.00,0.00,558.10,5330.36,5888.46,2016,,Mineral County School District,""
T.C. Knight,Coach,5117.26,0.00,0.00,530.11,5117.26,5647.37,2016,,Mineral County School District,""
Amanda M Marnin,Para Pro,3886.36,0.00,0.00,1258.23,3886.36,5144.59,2016,,Mineral County School District,""
Kristofer D Lessard,Sub Bus Driver,3645.60,529.20,0.00,437.10,4174.80,4611.90,2016,,Mineral County School District,""
Michael Fitzgerald,Sub Teacher,3813.56,0.00,0.00,397.98,3813.56,4211.54,2016,,Mineral County School District,""
David Duane Schildt,3.5 hour Para Pro,3716.05,0.00,0.00,389.04,3716.05,4105.09,2016,,Mineral County School District,""
Cynthia M Linares,3.5 hour Para Pro,3710.32,0.00,0.00,381.39,3710.32,4091.71,2016,,Mineral County School District,""
Matthew F Blazewick,Maintanence,3626.64,0.00,0.00,375.81,3626.64,4002.45,2016,,Mineral County School District,""
Sheryl L Samson,Board Member,3000.00,0.00,0.00,965.52,3000.00,3965.52,2016,,Mineral County School District,""
Mark D. Nixon,Board Member,3000.00,0.00,0.00,965.52,3000.00,3965.52,2016,,Mineral County School District,""
Donna J. Glazier,Board Member,3000.00,0.00,0.00,965.52,3000.00,3965.52,2016,,Mineral County School District,""
Cory L Rivero,Sport extra duty,3548.22,0.00,0.00,371.31,3548.22,3919.53,2016,,Mineral County School District,""
Paris O Tommila,3.5 hour Para Pro,3380.76,0.00,0.00,347.54,3380.76,3728.30,2016,,Mineral County School District,""
Linda J. Dow,Para Pro,3292.79,0.00,0.00,341.28,3292.79,3634.07,2016,,Mineral County School District,""
Tina Ann Manzini,Sub Teacher,3231.42,0.00,0.00,335.98,3231.42,3567.40,2016,,Mineral County School District,""
Keith Neville,Board Member,3000.00,0.00,0.00,311.52,3000.00,3311.52,2016,,Mineral County School District,""
Kyle T Isom,Coach,2665.18,0.00,0.00,279.05,2665.18,2944.23,2016,,Mineral County School District,""
Barabara R Lancaster,Board Member,1750.00,0.00,0.00,564.52,1750.00,2314.52,2016,,Mineral County School District,""
Audrey S Merritt,Para Pro,1714.50,0.00,0.00,550.01,1714.50,2264.51,2016,,Mineral County School District,""
Kimberly A. Wilson,Call in Para Pro,2018.68,0.00,0.00,209.19,2018.68,2227.87,2016,,Mineral County School District,""
Diane R. Romano,Sub Teacher,1980.00,0.00,0.00,205.12,1980.00,2185.12,2016,,Mineral County School District,""
Anne M Welch,Teacher,1472.75,0.00,0.00,472.45,1472.75,1945.20,2016,,Mineral County School District,""
Larry W. Sims,CRITICAL SHORT BUS DRIVER,1442.56,0.00,0.00,468.38,1442.56,1910.94,2016,,Mineral County School District,""
Nicholas P Toninato,Call in Custodian,1462.89,0.00,0.00,150.37,1462.89,1613.26,2016,,Mineral County School District,""
April L Jaramillo,Para Pro,1133.75,0.00,0.00,363.71,1133.75,1497.46,2016,,Mineral County School District,""
Bruce S. Damuth,Sub Teacher,1287.86,0.00,0.00,134.68,1287.86,1422.54,2016,,Mineral County School District,""
Adrianna M Williams,Para Pro,1271.28,0.00,0.00,130.70,1271.28,1401.98,2016,,Mineral County School District,""
Roselyne Pirodeau,Adult Ed,1265.00,0.00,0.00,132.45,1265.00,1397.45,2016,,Mineral County School District,""
Jesslynn F Knight,Coach,1123.88,0.00,0.00,116.82,1123.88,1240.70,2016,,Mineral County School District,""
Martha Dominguez,Call in Custodian,755.04,0.00,0.00,79.05,755.04,834.09,2016,,Mineral County School District,""
Romey D Hickman,Coe Student,705.38,0.00,0.00,73.88,705.38,779.26,2016,,Mineral County School District,""
Nicole M West,Sub Teacher,655.71,0.00,0.00,68.65,655.71,724.36,2016,,Mineral County School District,""
Amy R Kennison,Para Pro,635.64,0.00,0.00,65.35,635.64,700.99,2016,,Mineral County School District,""
Dianne N Delancey,Kitchen Aide,466.50,0.00,0.00,47.95,466.50,514.45,2016,,Mineral County School District,""
Mikki L Herrera,Kitchen Aide,304.25,0.00,0.00,31.27,304.25,335.52,2016,,Mineral County School District,""
Karen R. Womack,Sub Teacher,180.00,0.00,0.00,18.85,180.00,198.85,2016,,Mineral County School District,""
Patricia A Strobel,call in kitchen aide,124.01,0.00,0.00,12.99,124.01,137.00,2016,,Mineral County School District,""
