Employee Name,Job Title,Base Pay,Overtime Pay,Other Pay,Benefits,Total Pay,Total Pay & Benefits,Year,Notes,Agency,Status
Robert M Slaby,SUPERINTENDEN,172438.48,0.00,5420.00,61973.58,177858.48,239832.06,2016,,Storey County School District,""
Todd F Hess,SUPERINTENDEN,109409.74,0.00,0.00,43191.80,109409.74,152601.54,2016,,Storey County School District,""
Patrick J Beckwith,PRINCIPAL,103363.94,0.00,0.00,40801.13,103363.94,144165.07,2016,,Storey County School District,""
Camille T Stegman,TEACHER,80164.98,0.00,0.00,35374.02,80164.98,115539.00,2016,,Storey County School District,""
Victoria L Sherrod,TEACHER,79677.00,0.00,2792.50,33013.28,82469.50,115482.78,2016,,Storey County School District,""
Richard K Schrank,TEACHER,75816.34,0.00,0.00,33044.07,75816.34,108860.41,2016,,Storey County School District,""
Marsha Walton,TEACHER,74426.97,0.00,586.70,33029.24,75013.67,108042.91,2016,,Storey County School District,""
Wendy C Young,TEACHER,75103.28,0.00,45.00,32277.29,75148.28,107425.57,2016,,Storey County School District,""
Katherine A Swafford,TEACHER,72146.00,0.00,180.00,33315.64,72326.00,105641.64,2016,,Storey County School District,""
Mark D Johnson,TEACHER,71560.00,0.00,0.00,32269.97,71560.00,103829.97,2016,,Storey County School District,""
Gary L Punchard,TEACHER,69273.68,0.00,571.50,31589.87,69845.18,101435.05,2016,,Storey County School District,""
Edward R Martinez,TEACHER,69312.72,0.00,180.00,31612.63,69492.72,101105.35,2016,,Storey County School District,""
Walter L Scott,TEACHER,68385.64,0.00,549.95,31337.05,68935.59,100272.64,2016,,Storey County School District,""
Connie L Robertson,TEACHER,67243.28,0.00,180.00,31662.59,67423.28,99085.87,2016,,Storey County School District,""
Karen A Staffen,TEACHER,67243.28,0.00,783.85,30537.15,68027.13,98564.28,2016,,Storey County School District,""
Barbara Burton,TEACHER,67280.64,0.00,0.00,30983.69,67280.64,98264.33,2016,,Storey County School District,""
Jody J Dallas,TEACHER,62353.96,0.00,180.00,30433.18,62533.96,92967.14,2016,,Storey County School District,""
Estelle C Jorgensen,HR SPECIALIST,62384.00,0.00,0.00,29363.85,62384.00,91747.85,2016,,Storey County School District,""
Viengkhone P Peabody,TEACHER,61561.32,0.00,513.83,29293.52,62075.15,91368.67,2016,,Storey County School District,""
Everett L Shropshire,TEACHER,62595.34,0.00,0.00,28628.33,62595.34,91223.67,2016,,Storey County School District,""
Michelle J Rank,TEACHER,56725.68,0.00,3070.94,27787.56,59796.62,87584.18,2016,,Storey County School District,""
James W Young,TEACHER,57794.00,0.00,315.84,27982.91,58109.84,86092.75,2016,,Storey County School District,""
Douglas W Bacus,MAINT DIRECTOR,57454.48,0.00,0.00,28064.78,57454.48,85519.26,2016,,Storey County School District,""
Kim A Hames,BRD/SUPT SECR,52880.22,0.00,1078.56,27686.41,53958.78,81645.19,2016,,Storey County School District,""
Shawnmarie L Chapman,PRINCIPAL,56694.46,0.00,0.00,24919.42,56694.46,81613.88,2016,,Storey County School District,""
Patricia S Lamb,BUSINESS MGR,54965.56,0.00,0.00,26512.99,54965.56,81478.55,2016,,Storey County School District,""
Sarah A Richardson,TEACHER,54057.32,0.00,180.00,26817.18,54237.32,81054.50,2016,,Storey County School District,""
Sonja E Hicks,TEACHER,52671.36,0.00,1572.25,26688.69,54243.61,80932.30,2016,,Storey County School District,""
Caren L Baum,ELEM COUNSELO,52371.62,0.00,2003.90,26234.78,54375.52,80610.30,2016,,Storey County School District,""
Toni L Mctimmonds,SECRETARY,51233.14,0.00,892.54,25087.77,52125.68,77213.45,2016,,Storey County School District,""
Mary F Ahern,GUID COUNS,51194.94,0.00,2660.40,22019.18,53855.34,75874.52,2016,,Storey County School District,""
Gregor Richard J Mc Gregor,TEACHER,48566.68,0.00,999.00,25252.55,49565.68,74818.23,2016,,Storey County School District,""
Jessica A Pinto,TEACHER,48468.00,0.00,442.29,25425.76,48910.29,74336.05,2016,,Storey County School District,""
Cindy T Olivieri,TEACHER,48483.72,0.00,180.00,25408.17,48663.72,74071.89,2016,,Storey County School District,""
Kristen A Scott,TEACHER,47845.32,0.00,216.00,25238.02,48061.32,73299.34,2016,,Storey County School District,""
Bertrand T Young,TEACHER,46330.64,0.00,5280.00,21070.55,51610.64,72681.19,2016,,Storey County School District,""
Julie D Day,SECRETARY,46552.80,0.00,83.13,24632.16,46635.93,71268.09,2016,,Storey County School District,""
Jennifer L Willden,TEACHER,48137.93,0.00,522.09,18406.00,48660.02,67066.02,2016,,Storey County School District,""
Steve Schieberl,GROUNDS/MAINT,42005.60,0.00,0.00,24373.44,42005.60,66379.04,2016,,Storey County School District,""
Emily K Wells,TEACHER,42155.30,0.00,1323.00,22505.77,43478.30,65984.07,2016,,Storey County School District,""
Jacob T Dillon,CUST/LT MAINT,40591.12,0.00,284.25,23074.63,40875.37,63950.00,2016,,Storey County School District,""
Nannette G Mueller,TEACHER,43242.38,0.00,294.77,20119.76,43537.15,63656.91,2016,,Storey County School District,""
Kelly D Knapp,TRANSPORTATION DIRECTOR,40232.08,0.00,0.00,22995.58,40232.08,63227.66,2016,,Storey County School District,""
Shayla E Miller,TEACHER,40758.62,0.00,180.00,22013.61,40938.62,62952.23,2016,,Storey County School District,""
Kyleen N Davis,TEACHER,37431.68,0.00,1663.40,23073.01,39095.08,62168.09,2016,,Storey County School District,""
Damian Martinez,CUST/LT MAINT,37887.20,0.00,0.00,22060.09,37887.20,59947.29,2016,,Storey County School District,""
Connie H Small,CUSTODIAN,33945.68,0.00,0.00,20761.52,33945.68,54707.20,2016,,Storey County School District,""
Amanda J Eddy,TEACHER,41393.70,0.00,0.00,12606.60,41393.70,54000.30,2016,,Storey County School District,""
Amanda L Kelley,SECRETARY,32348.40,0.00,98.20,20327.37,32446.60,52773.97,2016,,Storey County School District,""
Joy S Hurt,TEACHER,34720.68,0.00,180.00,17460.50,34900.68,52361.18,2016,,Storey County School District,""
Molly F Burnet,CUSTODIAN,30064.92,0.00,1871.98,18954.72,31936.90,50891.62,2016,,Storey County School District,""
Lynette K Defebaugh,MEDIA AIDE,30208.36,0.00,0.00,19881.83,30208.36,50090.19,2016,,Storey County School District,""
Patricia Schauer,TEACHER AIDE,29370.74,0.00,278.52,19625.78,29649.26,49275.04,2016,,Storey County School District,""
Jeanne S Dupre,TEACHER AIDE,26805.07,0.00,2870.91,18842.99,29675.98,48518.97,2016,,Storey County School District,""
Linda D Peevers,TEACHER AIDE,28519.61,0.00,0.00,19316.11,28519.61,47835.72,2016,,Storey County School District,""
Allison M Brolsma,TEACHER,29087.20,0.00,510.38,16077.13,29597.58,45674.71,2016,,Storey County School District,""
Kibben Susan R Mc Kibben,TEACHER AIDE,25696.42,0.00,1397.14,18241.44,27093.56,45335.00,2016,,Storey County School District,""
Joanne M Pizzamiglio,CUSTODIAN,26934.76,0.00,0.00,14488.62,26934.76,41423.38,2016,,Storey County School District,""
Cherilyn D Menezes,SECRETARY,24490.20,0.00,1129.87,14121.98,25620.07,39742.05,2016,,Storey County School District,""
Barbara L Bush,TEACHER,34394.00,0.00,50.00,3249.51,34444.00,37693.51,2016,,Storey County School District,""
Vicki D Beaupre,SCHOOL NURSE,21489.02,0.00,1712.00,13624.27,23201.02,36825.29,2016,,Storey County School District,""
Tamberie E Pittman,BUS DRIVER,18122.22,0.00,0.00,16936.99,18122.22,35059.21,2016,,Storey County School District,""
Michelle D Wood,BUS DRIVER,18047.20,0.00,0.00,15509.51,18047.20,33556.71,2016,,Storey County School District,""
Shari N Andreasen,GUID COUNS,22256.64,0.00,0.00,10074.25,22256.64,32330.89,2016,,Storey County School District,""
Silvia T Gonzalez,TEACHER AIDE,15057.75,0.00,412.65,15058.64,15470.40,30529.04,2016,,Storey County School District,""
Carol A Glynn,MEDIA AIDE,21854.00,0.00,0.00,7496.34,21854.00,29350.34,2016,,Storey County School District,""
Terri A Vann,TEACHER,12322.00,0.00,7743.00,8571.29,20065.00,28636.29,2016,,Storey County School District,""
Esmeralda N Venegas,TEACHER AIDE,17846.93,0.00,0.00,7578.74,17846.93,25425.67,2016,,Storey County School District,""
Lisa R Soderquist,SASI COORD,16912.80,0.00,62.64,6752.33,16975.44,23727.77,2016,,Storey County School District,""
Angela M Simons,FD SERV AID 2,16699.61,0.00,0.00,5665.43,16699.61,22365.04,2016,,Storey County School District,""
Charles A Berecky,BUS DRIVER,6136.79,0.00,6957.35,6720.04,13094.14,19814.18,2016,,Storey County School District,""
Carol F Bochat,BUS DRIVER,14672.11,0.00,0.00,4612.75,14672.11,19284.86,2016,,Storey County School District,""
Rebecca J Wheeler,BUS DRIVER,8325.41,0.00,0.00,6360.01,8325.41,14685.42,2016,,Storey County School District,""
Brittney M Wilkison,TEACHER AIDE,6322.72,0.00,1467.18,6032.10,7789.90,13822.00,2016,,Storey County School District,""
William D Breitenbach,EXTRA TIME,1120.81,0.00,11107.47,1178.67,12228.28,13406.95,2016,,Storey County School District,""
Jeri A Siegel,CLASS SUB-AIDE,0.00,0.00,11368.23,1095.81,11368.23,12464.04,2016,,Storey County School District,""
Kristen L Chandler,UNLICENSED NURSE ASSISTANT,5744.72,0.00,650.00,5433.56,6394.72,11828.28,2016,,Storey County School District,""
Steven S Tuttle,CLASS SUB-CUST,0.00,0.00,10333.80,996.07,10333.80,11329.87,2016,,Storey County School District,""
Thomas L Bochat,BUS DRIVER,5888.02,0.00,3700.66,924.19,9588.68,10512.87,2016,,Storey County School District,""
Barbara S Lavake,CERTIFIED SUB,7906.68,0.00,1352.69,892.49,9259.37,10151.86,2016,,Storey County School District,""
Dennis W Young,XTRA DUTY,8871.84,0.00,0.00,855.15,8871.84,9726.99,2016,,Storey County School District,""
Patrick R Gilmore,PIPERS COORD,8000.00,0.00,517.50,821.08,8517.50,9338.58,2016,,Storey County School District,""
Peter R Jubin,EXTRA TIME,0.00,0.00,7800.56,751.92,7800.56,8552.48,2016,,Storey County School District,""
Jacob M Turner,CERTIFIED SUB,0.00,0.00,7517.00,724.57,7517.00,8241.57,2016,,Storey County School District,""
Thomas A Peevers,EXTRA TIME,0.00,0.00,7453.56,718.42,7453.56,8171.98,2016,,Storey County School District,""
Carol M Pittsley,CERTIFIED SUB,0.00,0.00,6907.61,665.87,6907.61,7573.48,2016,,Storey County School District,""
Margaret A Schieberl,CERTIFIED SUB,0.00,0.00,6821.25,657.50,6821.25,7478.75,2016,,Storey County School District,""
Donald S Dame,CERTIFIED SUB,1108.98,0.00,5241.65,612.15,6350.63,6962.78,2016,,Storey County School District,""
Shaye E Segale,CLASS SUB-AIDE,5096.53,0.00,80.22,1610.06,5176.75,6786.81,2016,,Storey County School District,""
Robertina R Pierson,PIPERS COORD,5500.00,0.00,307.50,559.85,5807.50,6367.35,2016,,Storey County School District,""
Ken H Fujii,XTRA DUTY,5544.90,0.00,0.00,534.47,5544.90,6079.37,2016,,Storey County School District,""
Thomas E Maurer,XTRA DUTY,5544.90,0.00,0.00,534.47,5544.90,6079.37,2016,,Storey County School District,""
Dawn E Miller,BOARD MEMBER,4848.30,0.00,0.00,371.55,4848.30,5219.85,2016,,Storey County School District,""
Rebecca J Jordan,EXTRA TIME,0.00,0.00,4642.86,447.52,4642.86,5090.38,2016,,Storey County School District,""
Sharon Snell,BOARD MEMBER,3000.00,0.00,0.00,883.92,3000.00,3883.92,2016,,Storey County School District,""
Colleen V Conley,BOARD MEMBER,3000.00,0.00,0.00,883.92,3000.00,3883.92,2016,,Storey County School District,""
Denali S Fickus,XTRA DUTY,3326.94,0.00,0.00,320.68,3326.94,3647.62,2016,,Storey County School District,""
Ronald T Presley,XTRA DUTY,3326.94,0.00,0.00,320.68,3326.94,3647.62,2016,,Storey County School District,""
Fred A Bendure,XTRA DUTY,3326.94,0.00,0.00,320.68,3326.94,3647.62,2016,,Storey County School District,""
Shannon M Segale,SASI CLERK,4370.92,0.00,0.00,-947.23,4370.92,3423.69,2016,,Storey County School District,""
Jeffrey M Nevin,BOARD MEMBER,3000.00,0.00,0.00,229.92,3000.00,3229.92,2016,,Storey County School District,""
Christine A Miller,BOARD MEMBER,3000.00,0.00,0.00,229.92,3000.00,3229.92,2016,,Storey County School District,""
Clinton Hohenstein,CERTIFIED SUB,0.00,0.00,2800.00,269.91,2800.00,3069.91,2016,,Storey County School District,""
Dale E Poune,CERTIFIED SUB,0.00,0.00,2617.50,252.31,2617.50,2869.81,2016,,Storey County School District,""
Taylor C Parsons,XTRA DUTY,2217.96,0.00,326.61,245.28,2544.57,2789.85,2016,,Storey County School District,""
Jenny C Glynn,CLASS SUB-LIB,0.00,0.00,2391.90,230.54,2391.90,2622.44,2016,,Storey County School District,""
Joyce Hess,CLASS SUB-SEC,0.00,0.00,2161.09,208.28,2161.09,2369.37,2016,,Storey County School District,""
Karen M Woodmansee,PIPERS COORD,2000.00,0.00,0.00,192.79,2000.00,2192.79,2016,,Storey County School District,""
Charles M Roberts,XTRA DUTY,1608.98,0.00,0.00,155.10,1608.98,1764.08,2016,,Storey County School District,""
Margaret A Valiquet,CERTIFIED SUB,0.00,0.00,1600.00,154.24,1600.00,1754.24,2016,,Storey County School District,""
Barbara J Freeman,CLASS SUB-CUST,0.00,0.00,1527.33,147.23,1527.33,1674.56,2016,,Storey County School District,""
Clint G Hess,CLASS SUB-CUST,0.00,0.00,1497.60,144.37,1497.60,1641.97,2016,,Storey County School District,""
Katherine Guiney Olsen,CERTIFIED SUB,0.00,0.00,1450.00,139.78,1450.00,1589.78,2016,,Storey County School District,""
Teresa Suarez,CLASS SUB-SEC,0.00,0.00,1372.04,132.25,1372.04,1504.29,2016,,Storey County School District,""
Colleen J Compton,CLASS SUB-CUST,0.00,0.00,1285.25,123.89,1285.25,1409.14,2016,,Storey County School District,""
Lisa G Kramer,CERTIFIED SUB,0.00,0.00,1150.00,110.86,1150.00,1260.86,2016,,Storey County School District,""
Dana L Uken,XTRA DUTY,1108.98,0.00,0.00,106.90,1108.98,1215.88,2016,,Storey County School District,""
Tad N Fletcher,XTRA DUTY,1108.98,0.00,0.00,106.90,1108.98,1215.88,2016,,Storey County School District,""
Gerald A Vasquez,XTRA DUTY,1108.98,0.00,0.00,106.90,1108.98,1215.88,2016,,Storey County School District,""
Kimberly D Bradshaw,XTRA DUTY,1108.98,0.00,0.00,106.90,1108.98,1215.88,2016,,Storey County School District,""
Quinn E Rondeau,STUDENT WORKR,0.00,0.00,1047.75,101.02,1047.75,1148.77,2016,,Storey County School District,""
Jennifer M Miller,EXTRA TIME,0.00,0.00,914.86,105.81,914.86,1020.67,2016,,Storey County School District,""
Thomas F Watson,CERTIFIED SUB,0.00,0.00,700.00,67.48,700.00,767.48,2016,,Storey County School District,""
William T Davis,CLASS SUB-CUST,0.00,0.00,657.39,63.35,657.39,720.74,2016,,Storey County School District,""
Daniel I Presley,XTRA DUTY,554.49,0.00,0.00,53.45,554.49,607.94,2016,,Storey County School District,""
Stephanie A Ferdock,CERTIFIED SUB,0.00,0.00,550.00,53.02,550.00,603.02,2016,,Storey County School District,""
Jerilyn Dejonge,CERTIFIED SUB,0.00,0.00,550.00,53.02,550.00,603.02,2016,,Storey County School District,""
Riley N Cabrera,CERTIFIED SUB,0.00,0.00,500.00,48.20,500.00,548.20,2016,,Storey County School District,""
Mckenna M Turner,CLASS SUB-AIDE,0.00,0.00,459.26,44.27,459.26,503.53,2016,,Storey County School District,""
Andrew Poh,CERTIFIED SUB,0.00,0.00,400.00,38.56,400.00,438.56,2016,,Storey County School District,""
Marilou F Walling,CLASS SUB-AIDE,0.00,0.00,354.44,34.17,354.44,388.61,2016,,Storey County School District,""
Sarah P Corado,CLASS SUB-FOOD SERV AIDE,0.00,0.00,281.24,27.11,281.24,308.35,2016,,Storey County School District,""
Havel Misty L Van Havel,CLASS SUB-AIDE,0.00,0.00,265.86,25.62,265.86,291.48,2016,,Storey County School District,""
Anne Wanbaugh Morlan,CERTIFIED SUB,0.00,0.00,250.00,24.10,250.00,274.10,2016,,Storey County School District,""
Julie A Freese,CLASS SUB-SEC,0.00,0.00,200.06,19.28,200.06,219.34,2016,,Storey County School District,""
Louise R Schwartz,CERTIFIED SUB,0.00,0.00,200.00,19.28,200.00,219.28,2016,,Storey County School District,""
Joseph Soares,CLASS SUB-CUST,0.00,0.00,139.70,13.47,139.70,153.17,2016,,Storey County School District,""
Jill C Conners,CLASS SUB-SEC,0.00,0.00,127.04,12.25,127.04,139.29,2016,,Storey County School District,""
Kelly C Albright,CLASS SUB-SEC,0.00,0.00,111.28,10.72,111.28,122.00,2016,,Storey County School District,""
Diffenbaugh Darylyn M Sinette-Diffenbaugh,CERTIFIED SUB,0.00,0.00,100.00,9.64,100.00,109.64,2016,,Storey County School District,""
Vicki M Marotti,CERTIFIED SUB,0.00,0.00,100.00,9.64,100.00,109.64,2016,,Storey County School District,""
Andria S Daley,SUPPLEMENTAL-TC,0.00,0.00,90.00,8.68,90.00,98.68,2016,,Storey County School District,""
Brenda I Shell,CLASS SUB-AIDE,0.00,0.00,79.74,7.69,79.74,87.43,2016,,Storey County School District,""
Jimmarie E Wilke,CLASS SUB-SEC,0.00,0.00,68.48,6.60,68.48,75.08,2016,,Storey County School District,""
