Employee Name,Job Title,Base Pay,Overtime Pay,Other Pay,Benefits,Total Pay,Total Pay & Benefits,Year,Notes,Agency,Status
Scharon Schofield,DIRECTOR,76661.76,0.00,10641.46,26940.97,87303.22,114244.19,2016,,Boulder City Library District,""
Kimberly Diehm,DIRECTOR,68200.08,0.00,625.00,25018.84,68825.08,93843.92,2016,,Boulder City Library District,""
Deanna Duffy,LIBRARIAN II,55174.40,0.00,625.00,21371.65,55799.40,77171.05,2016,,Boulder City Library District,""
Samantha Evangelho,LIBRARIAN II,46058.00,0.00,625.00,18819.13,46683.00,65502.13,2016,,Boulder City Library District,""
Anne Karr,LIBRARIAN II,42380.46,0.00,625.00,11866.51,43005.46,54871.97,2016,,Boulder City Library District,""
Jessica Jones,LIBRARIAN II,35199.60,0.00,625.00,15778.69,35824.60,51603.29,2016,,Boulder City Library District,""
John Lytle,CUSTODIAN,33603.20,0.00,625.00,15348.63,34228.20,49576.83,2016,,Boulder City Library District,""
Hillary Bradley,LIBRARIAN I,27412.40,0.00,625.00,13598.40,28037.40,41635.80,2016,,Boulder City Library District,""
Mary Venghaus,LIBRARY ASSISTANT II,25930.50,0.00,625.00,7260.55,26555.50,33816.05,2016,,Boulder City Library District,""
Mary Hughes,LIBRARY ASSISTANT II,20820.90,0.00,-1247.28,12710.96,19573.62,32284.58,2016,,Boulder City Library District,""
Rebecca Wallace,LIBRARY ASSISTANT II,24991.20,0.00,625.00,5975.28,25616.20,31591.48,2016,,Boulder City Library District,""
Joanna Kermode,LIBRARY ASSISTANT II,17140.50,0.00,625.00,10722.20,17765.50,28487.70,2016,,Boulder City Library District,""
Margaret Mondt,LIBRARY ASSISTANT II,16306.65,0.00,625.00,10488.68,16931.65,27420.33,2016,,Boulder City Library District,""
Jill Donahue,LIBRARY ASSISTANT II,16206.00,0.00,625.00,10460.44,16831.00,27291.44,2016,,Boulder City Library District,""
Margot Potter,LIBRARY ASSISTANT II,15370.68,0.00,625.00,4312.73,15995.68,20308.41,2016,,Boulder City Library District,""
Catherine Mcwilliam,LIBRARY ASSISTANT II,10088.22,19.76,335.84,4799.00,10443.82,15242.82,2016,,Boulder City Library District,""
Christy Osborne,LIBRARY ASSISTANT I,8570.46,0.00,625.00,3379.87,9195.46,12575.33,2016,,Boulder City Library District,""
Maureen Wheeler,LIBRARY ASSISTANT II,10706.00,0.00,625.00,0.00,11331.00,11331.00,2016,,Boulder City Library District,""
Michele Eagleson,LIBRARY PAGE,10485.15,0.00,625.00,0.00,11110.15,11110.15,2016,,Boulder City Library District,""
Charlene Brewer,LIBRARY ASSISTANT II,9011.30,0.00,625.00,0.00,9636.30,9636.30,2016,,Boulder City Library District,""
Mekesia Brooks,LIBRARY ASSISTANT II,8880.20,0.00,625.00,0.00,9505.20,9505.20,2016,,Boulder City Library District,""
Linda Rauenbuehler,LIBRARIAN I,6743.34,0.00,625.00,0.00,7368.34,7368.34,2016,,Boulder City Library District,""
Ekaterina Shirbroun,LIBRARY PAGE,6276.24,0.00,756.04,0.00,7032.28,7032.28,2016,,Boulder City Library District,""
Robert Bray,CUSTODIAN,6188.24,0.00,625.00,0.00,6813.24,6813.24,2016,,Boulder City Library District,""
Francine Haraway,LIBRARY PAGE,3163.33,0.00,625.00,0.00,3788.33,3788.33,2016,,Boulder City Library District,""
Linda Bleskachek,CIRCULATION CLERK,2694.49,0.00,625.00,0.00,3319.49,3319.49,2016,,Boulder City Library District,""
Michelle Kessler,LIBRARY ASSISTANT II,2771.00,0.00,0.00,0.00,2771.00,2771.00,2016,,Boulder City Library District,""
Gayle Carlton,LIBRARY ASSISTANT II,1875.00,0.00,0.00,0.00,1875.00,1875.00,2016,,Boulder City Library District,""
Wendy Wolcott,LIBRARY ASSISTANT II,897.74,0.00,0.00,0.00,897.74,897.74,2016,,Boulder City Library District,""
Dorothy Vanderford,LIBRARY ASSISTANT II,58.50,0.00,0.00,0.00,58.50,58.50,2016,,Boulder City Library District,""
