Employee Name,Job Title,Base Pay,Overtime Pay,Other Pay,Benefits,Total Pay,Total Pay & Benefits,Year,Notes,Agency,Status
Mark Feest,GENERAL MANAGER,186407.20,0.00,884.07,60581.79,187291.27,247873.06,2016,,CC Communications,""
Jay Lingenfelter,OPERATIONS FIELD SUPER,90380.40,0.00,6299.14,33663.31,96679.54,130342.85,2016,,CC Communications,""
James Nugent,OPERATIONS,90380.40,0.00,6374.14,33127.27,96754.54,129881.81,2016,,CC Communications,""
David Tilley,SALES ENGINEER II,85143.38,0.00,6243.79,31644.18,91387.17,123031.35,2016,,CC Communications,""
Gene Ponce,IT SUPERVISOR,84232.46,0.00,5268.58,31387.68,89501.04,120888.72,2016,,CC Communications,""
Stewart Nichols,LEAD ENGINEER,83771.24,0.00,4777.04,31790.60,88548.28,120338.88,2016,,CC Communications,""
Rudy McElvain,ENGINEER,83464.85,0.00,4952.04,31704.83,88416.89,120121.72,2016,,CC Communications,""
Michelle Gabiola-Rogers,BUSINESS DEVELOPMENT SUPER,85151.20,0.00,2119.00,32182.42,87270.20,119452.62,2016,,CC Communications,""
Jamie Hyde,ACCOUNTING MANAGER,82374.20,0.00,2049.87,31389.38,84424.07,115813.45,2016,,CC Communications,""
James Stilwell,SENIOR REVENUE ANALYST,80854.37,0.00,2172.58,30444.34,83026.95,113471.29,2016,,CC Communications,""
William Swett,NETWORK ENGINEER,75559.62,845.74,3980.32,29518.11,80385.68,109903.79,2016,,CC Communications,""
Shonda Standen,B&C SUPERVISOR,76322.41,0.00,1899.31,29682.12,78221.72,107903.84,2016,,CC Communications,""
Wayne Pustovrh,COMBO TECHNICIAN,68636.42,5940.73,2367.78,27224.08,76944.93,104169.01,2016,,CC Communications,""
Krista Blea,ENGINEER I,69199.80,3295.06,2447.12,27860.68,74941.98,102802.66,2016,,CC Communications,""
Aaron Clark,COMBO TECHNICIAN,68044.93,4681.20,2039.92,27513.19,74766.05,102279.24,2016,,CC Communications,""
Nels Stokes,COMBO TECHNICIAN,68570.68,3738.82,2505.00,27295.32,74814.50,102109.82,2016,,CC Communications,""
James Granger,TOLL TECHNICIAN,68044.93,2815.56,2633.14,27582.96,73493.63,101076.59,2016,,CC Communications,""
Edwin Byrd,COMBO TECHNICIAN,68044.93,3351.09,2063.97,27502.10,73459.99,100962.09,2016,,CC Communications,""
Brett Frank,COMBO TECHNICIAN,68044.92,2968.20,2005.42,26905.65,73018.54,99924.19,2016,,CC Communications,""
Charlie Knittle,COMBO TECHNICIAN,67784.68,1968.81,2429.88,27673.00,72183.37,99856.37,2016,,CC Communications,""
Larry Tucker,COMBO TECHNICIAN,68044.96,1744.47,2301.34,27545.95,72090.77,99636.72,2016,,CC Communications,""
Thomas Rowland,LINE ASSIGNER,65848.09,4977.67,2365.15,26445.40,73190.91,99636.31,2016,,CC Communications,""
Jesse Lattin,COMBO TECHNICIAN,68406.39,1492.30,2142.83,27501.82,72041.52,99543.34,2016,,CC Communications,""
James Harper,CABLE SPLICER,68044.92,2058.46,1691.56,26872.98,71794.94,98667.92,2016,,CC Communications,""
Kristi Anaya,LINE ASSIGNER,66118.60,3327.75,2570.27,26551.73,72016.62,98568.35,2016,,CC Communications,""
Michael Rice,PBX INSTALL/REPAIRMAN,67946.37,798.99,2038.28,27436.48,70783.64,98220.12,2016,,CC Communications,""
Mark McKay,SALES ENGINEER I,67872.87,1191.78,2212.03,26899.23,71276.68,98175.91,2016,,CC Communications,""
Larry Burchard,BUILDING SPECIALIST,68044.92,589.50,1691.56,27484.38,70325.98,97810.36,2016,,CC Communications,""
Shawn Smith,COMBO TECHNICIAN,65832.88,526.34,4276.01,26887.54,70635.23,97522.77,2016,,CC Communications,""
Robert McConnell,PROGRAMMER/ANALYST II,68309.82,0.00,1711.74,27409.59,70021.56,97431.15,2016,,CC Communications,""
Matt Hyde,COMBO TECHNICIAN,68044.93,349.40,1926.56,26878.04,70320.89,97198.93,2016,,CC Communications,""
Joe Jordan,CONSTRUCTION FOREMAN,68086.94,295.75,1691.56,26794.48,70074.25,96868.73,2016,,CC Communications,""
Gary Mills,IT TECHNICIAN,66952.85,0.00,1666.11,27028.66,68618.96,95647.62,2016,,CC Communications,""
Corinne McIntosh,WAREHOUSE PERSON,65848.05,0.00,1638.52,26715.84,67486.57,94202.41,2016,,CC Communications,""
Patricia Brown,ADMINISTRATIVE ASSISTANT,64438.41,0.00,1603.57,26316.65,66041.98,92358.63,2016,,CC Communications,""
Michael Weishaupt,OUTSIDE SALES,64133.02,0.00,1595.97,26230.05,65728.99,91959.04,2016,,CC Communications,""
Lauralyn Moser,CUSTOMER SERVICE REP,62251.23,1850.87,1549.08,25697.16,65651.18,91348.34,2016,,CC Communications,""
Taryn Lenon,CUSTOMER SERVICE REP,62251.22,650.51,1549.08,25697.14,64450.81,90147.95,2016,,CC Communications,""
Katherine Mills,CUSTOMER SERVICE REP,62251.21,1143.24,1549.08,25161.10,64943.53,90104.63,2016,,CC Communications,""
Dawn Ballard,HR GENERALIST II,62543.80,0.00,1556.41,25780.02,64100.21,89880.23,2016,,CC Communications,""
Gary Lawry,CONSTRUCTION FOREMAN,65996.00,208.73,12381.10,8291.82,78585.83,86877.65,2016,,CC Communications,""
Sandra Mangus,ACCOUNTING ASSISTANT,57187.10,0.00,1423.09,23726.98,58610.19,82337.17,2016,,CC Communications,""
Vickie Champneys,GENERAL CLERK,55307.26,729.40,1376.44,23730.68,57413.10,81143.78,2016,,CC Communications,""
Martina Punchard,GENERAL CLERK,55307.24,639.59,1376.44,23731.67,57323.27,81054.94,2016,,CC Communications,""
Marilyn Bell,GENERAL CLERK,55307.23,740.85,1376.44,23194.62,57424.52,80619.14,2016,,CC Communications,""
Elizabeth Orozco,WEB DEVELOPER,47345.56,0.00,4688.68,21498.50,52034.24,73532.74,2016,,CC Communications,""
Nathan Yount,IT TECHNICIAN,50918.79,0.00,1349.81,21256.65,52268.60,73525.25,2016,,CC Communications,""
Andrew Smith,C5 MAIN. & REPAIR TECH,43745.23,338.97,1088.61,20456.04,45172.81,65628.85,2016,,CC Communications,""
Donald Travis,IT SUPERVISOR,34529.96,0.00,15526.33,3159.90,50056.29,53216.19,2016,,CC Communications,""
John Johnson,MDS HELP DESK TECH,31111.78,312.40,772.44,16342.06,32196.62,48538.68,2016,,CC Communications,""
Salli Wildhaber,CUSTOMER SERVICE REP,34327.72,89.37,3399.67,4403.47,37816.76,42220.23,2016,,CC Communications,""
Mary Kelsey,ACCOUNTING/REV. ANALYST,35979.07,0.00,4531.31,469.76,40510.38,40980.14,2016,,CC Communications,""
Lorrie Ford,CHIEF FINANCIAL OFFICER,5863.20,0.00,27811.62,633.18,33674.82,34308.00,2016,,CC Communications,""
Roberta Lind,CUSTOMER SERVICE REP,16682.41,513.90,12653.30,2492.12,29849.61,32341.73,2016,,CC Communications,""
Rebecca Mayer,ACCOUNTING/REV. ANALYST,23391.30,0.00,0.00,8611.18,23391.30,32002.48,2016,,CC Communications,""
Linda Hartweg,GENERAL CLERK,15882.01,321.34,12657.96,2484.76,28861.31,31346.07,2016,,CC Communications,""
Justin Abbott,MDS HELP DESK TECH,14008.14,57.10,3012.01,3688.50,17077.25,20765.75,2016,,CC Communications,""
Anthony Bell,GENERAL CLERK,11736.00,308.09,35.21,5534.70,12079.30,17614.00,2016,,CC Communications,""
Brandon Powell,COMBO TECHNICIAN,11389.66,141.77,0.00,3837.75,11531.43,15369.18,2016,,CC Communications,""
Melessa Camilon,WEB DESIGNER,7434.89,0.00,0.00,2081.77,7434.89,9516.66,2016,,CC Communications,""
Carmella Henley,ACCOUNTING/REV. ANALYST,9218.85,0.00,0.00,57.35,9218.85,9276.20,2016,,CC Communications,""
Kami Johnson,ACCOUNTING/REV. ANALYST,1816.80,0.00,0.00,508.70,1816.80,2325.50,2016,,CC Communications,""
Kennedee Parrott,STUDENT HELPER,2101.76,0.00,0.00,0.00,2101.76,2101.76,2016,,CC Communications,""
Jason Walker,COMBO TECHNICIAN,992.46,0.00,0.00,264.66,992.46,1257.12,2016,,CC Communications,""
