Employee Name,Job Title,Base Pay,Overtime Pay,Other Pay,Benefits,Total Pay,Total Pay & Benefits,Year,Notes,Agency,Status
Thomas A Minwegen,GENL MGR WATER RECLAM DIST,148995.84,0.00,23320.13,44075.98,172315.97,216391.95,2016,,Clark County Water Reclamation District,""
Mark T Binney,ASST GEN MGR,113625.92,0.00,50370.00,52073.19,163995.92,216069.11,2016,,Clark County Water Reclamation District,""
Daniel C Fischer,DEP GEN MGR - OPN/WRD,131601.36,0.00,26389.17,54894.24,157990.53,212884.77,2016,,Clark County Water Reclamation District,""
Martin J Flynn,WRD ASST TO THE GENERAL MNGR,107564.80,0.00,45244.96,52540.60,152809.76,205350.36,2016,,Clark County Water Reclamation District,""
Willie R Smith,WRD WASTEWATER PLANT OPNS SUPERVISOR,87348.72,842.74,48253.90,50880.55,136445.36,187325.91,2016,,Clark County Water Reclamation District,""
Phillip T Sanders,WRD WASTEWATER PLANT OPNS SUPERVISOR,86908.96,19616.43,33960.86,44439.59,140486.25,184925.84,2016,,Clark County Water Reclamation District,""
Brenda G Pappas,WRD UTILITY HUMAN RESOURCE SERVICES MANAGER,107564.80,0.00,27282.00,49990.02,134846.80,184836.82,2016,,Clark County Water Reclamation District,""
Stephanie M Herrmann,PRINCIPAL CIVIL ENGINEER,110440.64,0.00,22699.45,51361.13,133140.09,184501.22,2016,,Clark County Water Reclamation District,""
Douglas D Drury,ASST GEN MGR,121833.60,0.00,13459.20,46695.88,135292.80,181988.68,2016,,Clark County Water Reclamation District,""
Shannon L Dagel,WRD WASTEWATER PLANT OPNS SUPERVISOR,87340.80,1696.71,39330.70,48842.47,128368.21,177210.68,2016,,Clark County Water Reclamation District,""
Advergus L Taylor,WRD ASSISTANT MANAGER,98940.80,0.00,29758.29,47335.14,128699.09,176034.23,2016,,Clark County Water Reclamation District,""
Calvin D Starman,SR CIVIL ENGINEER,102281.12,0.00,26957.83,45459.20,129238.95,174698.15,2016,,Clark County Water Reclamation District,""
Richard J Donahue,ASST GEN MGR,115189.20,0.00,16578.62,40340.02,131767.82,172107.84,2016,,Clark County Water Reclamation District,""
Tim C Gibson,PRINCIPAL CIVIL ENGINEER,110108.91,0.00,11068.18,47957.57,121177.09,169134.66,2016,,Clark County Water Reclamation District,""
Gregory G Turner,WRD ASSISTANT MANAGER,99568.00,0.00,22815.54,46255.23,122383.54,168638.77,2016,,Clark County Water Reclamation District,""
Michael D Mccall,WRD WW MECHANICAL MAINTENANCE SUPERVISOR,84895.50,5118.63,31731.43,46721.17,121745.56,168466.73,2016,,Clark County Water Reclamation District,""
John E Edenburn,WRD WASTEWATER PLANT OPNS SUPERVISOR,85340.96,6279.40,30655.20,45952.74,122275.56,168228.30,2016,,Clark County Water Reclamation District,""
Albert L Hammontree,WRD WASTEWATER PLANT OPERATOR,75175.29,9869.32,39437.93,43259.82,124482.54,167742.36,2016,,Clark County Water Reclamation District,""
Leanna M Risso,WRD ASSISTANT MANAGER,98980.00,0.00,21064.70,47036.06,120044.70,167080.76,2016,,Clark County Water Reclamation District,""
William Baltas,WRD SUPV SYSTEMS ADMINISTRATOR,102281.12,0.00,16459.13,47221.40,118740.25,165961.65,2016,,Clark County Water Reclamation District,""
Jeffrey C Mills,WRD ASSISTANT MANAGER,99568.00,0.00,18743.99,47511.64,118311.99,165823.63,2016,,Clark County Water Reclamation District,""
Paul W Shott,ASSOC ENGINEER,85159.28,31808.39,9598.93,36942.34,126566.60,163508.94,2016,,Clark County Water Reclamation District,""
Richard Johnston,SR CIVIL ENGINEER,102696.16,0.00,16649.69,43531.41,119345.85,162877.26,2016,,Clark County Water Reclamation District,""
Douglas A Hooton,SYSTEMS PROGRAMMER I,81216.24,24597.73,16428.51,38264.32,122242.48,160506.80,2016,,Clark County Water Reclamation District,""
Paul L Szymanski,WRD CONTROL SYSTEMS ENGINEER,102191.20,0.00,18365.86,39457.07,120557.06,160014.13,2016,,Clark County Water Reclamation District,""
Devon A Morgan,WRD LABORATORY MANAGER,107564.80,0.00,9878.40,42556.50,117443.20,159999.70,2016,,Clark County Water Reclamation District,""
Scott A Farnsworth,WRD WASTEWATER PLANT OPNS SUPERVISOR,80812.56,948.99,32507.99,44792.89,114269.54,159062.43,2016,,Clark County Water Reclamation District,""
Shawn M Wilcox,LABORATORY SUPERVISOR,95867.60,0.00,20605.16,42287.98,116472.76,158760.74,2016,,Clark County Water Reclamation District,""
Kenneth J Blanchette,WRD FLEET SUPERVISOR,89070.79,11840.94,17338.81,39780.16,118250.54,158030.70,2016,,Clark County Water Reclamation District,""
Bryan R Osborne,SR CIVIL ENGINEER,102689.76,0.00,11205.65,44013.40,113895.41,157908.81,2016,,Clark County Water Reclamation District,""
Joseph E Wittwer,WRD ASSISTANT MANAGER,3297.70,0.00,148161.17,6044.57,151458.87,157503.44,2016,,Clark County Water Reclamation District,""
Steven W Weber,SR CIVIL ENGINEER,101864.32,0.00,13222.51,42392.29,115086.83,157479.12,2016,,Clark County Water Reclamation District,""
Heidi A Martell,SR CIVIL ENGINEER,102696.16,0.00,11332.28,42220.10,114028.44,156248.54,2016,,Clark County Water Reclamation District,""
Elizabeth Perez,LABORATORY SUPERVISOR,94740.01,0.00,16340.17,45140.29,111080.18,156220.47,2016,,Clark County Water Reclamation District,""
Mark M Hamasaki,PRINCIPAL MANAGEMENT ANALYST,94709.60,0.00,16370.57,45096.13,111080.17,156176.30,2016,,Clark County Water Reclamation District,""
Edwin Blazer,WRD SECURITY SYSTEMS COORDINATOR,75072.43,12354.43,29403.33,38859.51,116830.19,155689.70,2016,,Clark County Water Reclamation District,""
Julie Chadburn,WRD COMPLIANCE & REG AFF ADMIN,94331.20,0.00,17557.55,41511.57,111888.75,153400.32,2016,,Clark County Water Reclamation District,""
Ralph C Davison,DEPT SYSTEMS ADMIN,94717.20,0.00,17171.55,41466.45,111888.75,153355.20,2016,,Clark County Water Reclamation District,""
Wesley Yu,DEPT SYSTEMS ADMIN,94715.77,0.00,13560.47,44315.25,108276.24,152591.49,2016,,Clark County Water Reclamation District,""
Johnny L Davis,WRD  MECH TECH III,74822.50,9776.32,25759.61,42127.94,110358.43,152486.37,2016,,Clark County Water Reclamation District,""
Peter C Beaulieu,SR CIVIL ENGINEER,102540.48,0.00,4834.72,44223.72,107375.20,151598.92,2016,,Clark County Water Reclamation District,""
Jeffery J Hudson,WRD ASSISTANT MANAGER,92873.60,0.00,21228.20,37466.44,114101.80,151568.24,2016,,Clark County Water Reclamation District,""
James A Coogan,SR CONSTRUCTION MGT INSPECTOR,81209.76,8772.42,18971.66,42125.08,108953.84,151078.92,2016,,Clark County Water Reclamation District,""
Manuel A Monarrez,PRINCIPAL CIVIL ENGINEER,101856.16,0.00,4899.20,44050.20,106755.36,150805.56,2016,,Clark County Water Reclamation District,""
Elison Patio,APPLICATIONS SUPERVISOR,96178.24,0.00,10124.32,43069.83,106302.56,149372.39,2016,,Clark County Water Reclamation District,""
Alberto Perez,SR CONSTRUCTION MGT INSPECTOR,77239.89,31705.98,6954.39,33288.01,115900.26,149188.27,2016,,Clark County Water Reclamation District,""
John R Lund,WRD CONTROL SYSTEMS ANALYST II,81220.29,1541.12,26030.61,40264.82,108792.02,149056.84,2016,,Clark County Water Reclamation District,""
Boyd J Duchene,SUPV CONSTRUCTION MGT INSPECTOR,86657.60,1867.66,23486.03,36565.93,112011.29,148577.22,2016,,Clark County Water Reclamation District,""
Ross L Hahn,WRD WASTEWATER PLANT OPNS SUPERVISOR,81340.47,7110.77,20075.25,38550.47,108526.49,147076.96,2016,,Clark County Water Reclamation District,""
Shawn P Mollus,DEP GEN MGR - OPN/WRD,107184.48,0.00,8387.52,31385.59,115572.00,146957.59,2016,,Clark County Water Reclamation District,""
Thomas A Woodrum,SR DATA BASE ADMIN,93255.39,15549.30,4728.81,32972.97,113533.50,146506.47,2016,,Clark County Water Reclamation District,""
Kent L Vian,WRD ASSET MANAGER,99568.00,0.00,6096.00,40180.36,105664.00,145844.36,2016,,Clark County Water Reclamation District,""
Roger S Whiting,WRD CONTROL SYSTEMS ANALYST II,81152.13,3019.68,26087.60,35542.45,110259.41,145801.86,2016,,Clark County Water Reclamation District,""
Richard O Sherman,WRD WASTEWATER COLL SYS OPERATOR,74636.31,6252.57,23182.44,41412.45,104071.32,145483.77,2016,,Clark County Water Reclamation District,""
Marvin J Sumpter,SR CONSTRUCTION MGT INSPECTOR,80885.28,10755.71,16285.59,37432.36,107926.58,145358.94,2016,,Clark County Water Reclamation District,""
Sonnia M Lewandowski,WRD COMPLIANCE & REGULATORY AFFAIRS ANALYST,87708.80,0.00,18267.95,39191.38,105976.75,145168.13,2016,,Clark County Water Reclamation District,""
Curtis J Higgons,WRD WW PLANT OPERATIONS TECHNICIAN II,68999.02,4778.36,28709.08,42376.83,102486.46,144863.29,2016,,Clark County Water Reclamation District,""
Ebrahim S Juma,ASSISTANT PLANNING MANAGER,93496.59,0.00,14062.27,35578.97,107558.86,143137.83,2016,,Clark County Water Reclamation District,""
Adam M Werner,MANAGER DESIGN AND CONSTRUCTION,97319.82,0.00,5577.78,39405.82,102897.60,142303.42,2016,,Clark County Water Reclamation District,""
Thomas A Harkrader,SR CONSTRUCTION MGT INSPECTOR,81209.76,6680.52,16481.98,37611.65,104372.26,141983.91,2016,,Clark County Water Reclamation District,""
Pamela S Pate,SR CIVIL ENGINEER,94047.92,0.00,4437.44,41734.58,98485.36,140219.94,2016,,Clark County Water Reclamation District,""
Lorenzo B Harris,SR CONSTRUCTION MGT INSPECTOR,81209.76,3425.54,18001.57,37515.84,102636.87,140152.71,2016,,Clark County Water Reclamation District,""
Mark S Pool,SUPV CONSTRUCTION MGT INSPECTOR,86513.73,1252.41,16802.79,34646.13,104568.93,139215.06,2016,,Clark County Water Reclamation District,""
Edward J Thurnbeck,SR CIVIL ENGINEER,100041.44,0.00,4247.76,34403.44,104289.20,138692.64,2016,,Clark County Water Reclamation District,""
Kelly J Mcconnell,WRD UTILITY BILLING & INSPECTIONS SUPERVISOR,87708.80,0.00,12555.73,38319.46,100264.53,138583.99,2016,,Clark County Water Reclamation District,""
Dean A Welch,WRD WASTEWATER PLANT OPNS SPECIALIST,80800.11,346.67,19486.48,37785.64,100633.26,138418.90,2016,,Clark County Water Reclamation District,""
David A Stanfield,WRD MECH TECH III,72579.25,7612.60,22031.17,36110.74,102223.02,138333.76,2016,,Clark County Water Reclamation District,""
James R Cowan,SR CONSTRUCTION MGT INSPECTOR,81216.24,10718.27,14031.11,32045.59,105965.62,138011.21,2016,,Clark County Water Reclamation District,""
Charles L Ebarb,WRD MAINT SUPV,71099.72,6889.67,23131.43,36555.84,101120.82,137676.66,2016,,Clark County Water Reclamation District,""
Daniel G Mecca,ELECTRICIAN,66663.26,2291.05,28348.61,39638.80,97302.92,136941.72,2016,,Clark County Water Reclamation District,""
Thomas D Maino,PURCHASING ADMINISTRATOR,93695.89,0.00,4996.80,37816.65,98692.69,136509.34,2016,,Clark County Water Reclamation District,""
James B Reynolds,SUPV CONSTRUCTION MGT INSPECTOR,68741.57,11063.35,24723.35,31774.85,104528.27,136303.12,2016,,Clark County Water Reclamation District,""
Pojaman Shouldis,SENIOR ACCOUNTANT,81540.72,6863.41,14889.27,32801.41,103293.40,136094.81,2016,,Clark County Water Reclamation District,""
Edward R Bond,MANAGER TECHNICAL SUPPORT,90524.24,0.00,4397.44,40761.98,94921.68,135683.66,2016,,Clark County Water Reclamation District,""
Jonah P Harms,ASSOC ENGINEER,87918.32,3402.41,4090.00,39921.01,95410.73,135331.74,2016,,Clark County Water Reclamation District,""
Lorenzo T Portillo,SR CONSTRUCTION MGT INSPECTOR,77746.06,20967.36,7015.07,29440.05,105728.49,135168.54,2016,,Clark County Water Reclamation District,""
Ed A Carrasco,WRD COMPLIANCE & REG AFF ADMIN,85217.89,30.80,15810.76,33726.36,101059.45,134785.81,2016,,Clark County Water Reclamation District,""
Louise E Steeps,SR CIVIL ENGINEER,92470.63,0.00,4861.04,37446.14,97331.67,134777.81,2016,,Clark County Water Reclamation District,""
Thorson J Hentzner,CONSTRUCTION MGT INSPECTOR,72720.20,27025.04,3691.49,30904.99,103436.73,134341.72,2016,,Clark County Water Reclamation District,""
Brad C Ward,WRD WASTEWATER PLANT OPERATOR,74522.18,2715.34,17427.79,39540.33,94665.31,134205.64,2016,,Clark County Water Reclamation District,""
John Moore,WRD MECH TECH II,69460.13,2549.65,25414.73,36683.71,97424.51,134108.22,2016,,Clark County Water Reclamation District,""
Russell A Vansickle,SR CONSTRUCTION MGT INSPECTOR,77822.56,6966.42,17222.80,32064.77,102011.78,134076.55,2016,,Clark County Water Reclamation District,""
Anthony S Mayor,WRD WASTEWATER COLL SYS SUPERVISOR,84290.00,0.00,12294.18,37175.80,96584.18,133759.98,2016,,Clark County Water Reclamation District,""
Gregory L Poff,WRD SR CONTROL SYSTEMS TECHNICIAN,65337.32,3530.13,25828.05,38995.61,94695.50,133691.11,2016,,Clark County Water Reclamation District,""
Kevin G Pratt,WRD WASTEWATER PLANT OPNS TECHNICIAN I,64453.76,517.05,31511.28,37053.76,96482.09,133535.85,2016,,Clark County Water Reclamation District,""
Ranganath Devati,OPERATIONS ADMINISTRATOR,91730.72,1035.13,4454.16,36302.52,97220.01,133522.53,2016,,Clark County Water Reclamation District,""
Glen D Marquez,SR CONSTRUCTION MGT INSPECTOR,76419.87,13679.24,6386.12,37031.17,96485.23,133516.40,2016,,Clark County Water Reclamation District,""
Joseph R Leedy,PRINCIPAL PLANNER,87348.72,0.00,8837.89,37114.95,96186.61,133301.56,2016,,Clark County Water Reclamation District,""
Christian Chan,SR CIVIL ENGINEER,91584.44,0.00,4452.47,36860.61,96036.91,132897.52,2016,,Clark County Water Reclamation District,""
Dennis C Wilson,WRD SAFETY/SECURITY SPECIALIST,69126.90,2080.44,24835.77,36601.71,96043.11,132644.82,2016,,Clark County Water Reclamation District,""
Gilbert Chester Lopez,SR WW TREATMENT PLANT OPERATOR,68613.45,4386.81,20207.53,38836.27,93207.79,132044.06,2016,,Clark County Water Reclamation District,""
Abifhiram D Velasco,ASSOC ENGINEER,86751.84,499.41,4186.96,40106.22,91438.21,131544.43,2016,,Clark County Water Reclamation District,""
Cheryl A Edwards,SR FINANCIAL ANALYST,87610.88,0.00,10461.28,33237.86,98072.16,131310.02,2016,,Clark County Water Reclamation District,""
Jared M Marelli,SR CIVIL ENGINEER,87125.84,894.59,4034.88,38903.29,92055.31,130958.60,2016,,Clark County Water Reclamation District,""
Tracie L Murray,SR INFO TECH CUSTOMER SUPPORT SPEC\.,69627.68,15237.54,15617.58,29598.59,100482.80,130081.39,2016,,Clark County Water Reclamation District,""
Paul J Bledsoe,WRD WASTEWATER PLANT OPERATOR,68504.57,1665.74,23792.60,36017.53,93962.91,129980.44,2016,,Clark County Water Reclamation District,""
David N Henson,WRD WW PLANT OPERATIONS TECHNICIAN II,69590.81,8575.80,16916.40,34818.83,95083.01,129901.84,2016,,Clark County Water Reclamation District,""
Brett R Borek,WRD UTILITY FINANCE MANAGER,86193.84,0.00,3807.76,39661.46,90001.60,129663.06,2016,,Clark County Water Reclamation District,""
Kenneth S Blumberg,WRD WASTEWATER COLL SYS SUPERVISOR,71815.02,2050.30,17537.33,38240.55,91402.65,129643.20,2016,,Clark County Water Reclamation District,""
Patrick J Joyce,WRD LAB QA OFFICER,85411.60,568.98,10640.99,32686.56,96621.57,129308.13,2016,,Clark County Water Reclamation District,""
Sandra F Donnelly,WRD COMPLIANCE & REG AFF ADMIN,84948.42,0.00,11535.01,32742.89,96483.43,129226.32,2016,,Clark County Water Reclamation District,""
Araujo Aaron Ortiz-Araujo,SR PROGRAMMER ANALYST,63844.61,29359.31,2973.28,32867.70,96177.20,129044.90,2016,,Clark County Water Reclamation District,""
Ramon Genesis Layco,SYSTEMS TECHNICIAN II,70682.73,13776.19,11294.68,33128.71,95753.60,128882.31,2016,,Clark County Water Reclamation District,""
Jeffrey S Holzgrafe,WRD WASTEWATER COLL SYS SUPERVISOR,74290.70,2565.76,19879.83,32127.82,96736.29,128864.11,2016,,Clark County Water Reclamation District,""
Robert D Campbell,SR CONSTRUCTION MGT INSPECTOR,82525.55,2644.07,8514.87,35051.09,93684.49,128735.58,2016,,Clark County Water Reclamation District,""
Royal J Alexander,SENIOR PURCHASING ANALYST,80691.20,0.00,8703.32,39063.50,89394.52,128458.02,2016,,Clark County Water Reclamation District,""
Wekianos Hailu,SR CIVIL ENGINEER,95406.72,0.00,4586.56,28189.63,99993.28,128182.91,2016,,Clark County Water Reclamation District,""
Daniel C Grillett,WRD WASTEWATER PLANT OPERATOR,74830.00,4914.00,16331.98,32032.69,96075.98,128108.67,2016,,Clark County Water Reclamation District,""
David M Hanson,WRD WASTEWATER COLL SYS SUPERVISOR,72267.70,102.92,19657.78,35814.96,92028.40,127843.36,2016,,Clark County Water Reclamation District,""
Mark T Palsgrove,WRD PRETREATMENT INSPECTOR,75163.36,0.00,16859.26,35711.39,92022.62,127734.01,2016,,Clark County Water Reclamation District,""
Tamiko Brown,DEPT SYSTEMS TECH,69622.08,11284.34,16214.75,29997.37,97121.17,127118.54,2016,,Clark County Water Reclamation District,""
Edward T White,WRD WASTEWATER COLL SYS OPERATOR,75011.70,258.93,19687.82,31968.05,94958.45,126926.50,2016,,Clark County Water Reclamation District,""
William P Fitzgerald,WRD WASTEWATER COLL SYS TECHNICIAN II,69279.98,1470.17,17483.36,38375.78,88233.51,126609.29,2016,,Clark County Water Reclamation District,""
Steven J Shaffer,WRD CONTROL SYSTEMS TECHNICIAN II,70193.10,1746.08,22939.37,31471.26,94878.55,126349.81,2016,,Clark County Water Reclamation District,""
Paul T Ramirez,WRD WASTEWATER PLANT OPNS SPECIALIST,70618.13,13374.78,8815.61,32766.54,92808.52,125575.06,2016,,Clark County Water Reclamation District,""
Elsa Mercenier,PLAN CHECK SPECIALIST,70525.36,5229.71,15552.93,33632.70,91308.00,124940.70,2016,,Clark County Water Reclamation District,""
Heath A Szymanski,SR ELECTRICIAN,52606.01,19462.12,19222.43,33490.18,91290.56,124780.74,2016,,Clark County Water Reclamation District,""
Vincent T Ferrara,FACILITY MAINTENANCE TECHNICIAN,63363.47,21840.51,8979.40,30497.21,94183.38,124680.59,2016,,Clark County Water Reclamation District,""
Gary N Walker,AUTO & EQUIPMENT SPECIALIST-CDL,68922.48,5035.47,17076.46,33595.23,91034.41,124629.64,2016,,Clark County Water Reclamation District,""
Michael A Langkilde,WRD CONTROL SYSTEMS ANALYST II,58249.42,4105.03,25336.46,36887.08,87690.91,124577.99,2016,,Clark County Water Reclamation District,""
Thomas J Keglovits,WRD SAFETY OFFICER,67892.45,2608.10,19654.88,34294.72,90155.43,124450.15,2016,,Clark County Water Reclamation District,""
Jeremiah J Collins,WRD MECH TECH II,60060.35,3877.65,26673.58,33798.52,90611.58,124410.10,2016,,Clark County Water Reclamation District,""
Christine S Dudas,ASSOC ENGINEER,77191.61,9379.72,9222.35,28511.67,95793.68,124305.35,2016,,Clark County Water Reclamation District,""
Keith W Norris,WRD CONTROL SYSTEMS ANALYST II,80835.00,918.30,10679.92,31645.00,92433.22,124078.22,2016,,Clark County Water Reclamation District,""
Edward V Kadian,WRD MECH TECH II,69022.59,6208.12,14961.37,33785.25,90192.08,123977.33,2016,,Clark County Water Reclamation District,""
Jason D Haag,WRD  MECH TECH III,66252.02,3767.07,19357.17,34230.36,89376.26,123606.62,2016,,Clark County Water Reclamation District,""
Dianna E Feica,ASSOC ENGINEER,87691.36,164.50,4056.72,30891.95,91912.58,122804.53,2016,,Clark County Water Reclamation District,""
Antonio D Zavala,WRD  MECH TECH III,57461.36,2665.12,26063.60,36610.37,86190.08,122800.45,2016,,Clark County Water Reclamation District,""
David A Pearce,WRD MAINT SUPV,74977.32,3192.52,10440.32,33891.58,88610.16,122501.74,2016,,Clark County Water Reclamation District,""
Paul R Lebaron,PRINCIPAL SURVEY TECHNICIAN,81209.76,108.29,3939.12,37219.86,85257.17,122477.03,2016,,Clark County Water Reclamation District,""
William G Hurd,WRD PRETREATMENT COORDINATOR,82807.28,0.00,4351.44,34587.13,87158.72,121745.85,2016,,Clark County Water Reclamation District,""
Rosaura T Gallagher,ASSOC ENGINEER,82768.32,138.71,3937.44,33853.65,86844.47,120698.12,2016,,Clark County Water Reclamation District,""
Michael E Ermi,WRD WASTEWATER COLL SYS TECHNICIAN I,63845.20,5529.82,14683.06,36008.06,84058.08,120066.14,2016,,Clark County Water Reclamation District,""
Douglas L Jensen,WRD WASTEWATER PLANT OPNS SUPERVISOR,67668.73,5266.59,11237.48,35585.38,84172.80,119758.18,2016,,Clark County Water Reclamation District,""
Ruben G Moya,WRD WASTEWATER COLL SYS TECHNICIAN II,65921.00,530.14,16202.74,37041.24,82653.88,119695.12,2016,,Clark County Water Reclamation District,""
Harvey L Starrett,WRD PLANNER SCHEDULER,81136.16,76.47,3929.52,34001.09,85142.15,119143.24,2016,,Clark County Water Reclamation District,""
Terrance L Holmes,SR NETWORK ANALYST,74431.38,9886.97,3540.40,31280.30,87858.75,119139.05,2016,,Clark County Water Reclamation District,""
Melvin J Pines,SR FINANCIAL ANALYST,76513.36,0.00,8506.16,33936.67,85019.52,118956.19,2016,,Clark County Water Reclamation District,""
Richard T Kennett,WRD  MECH TECH III,61466.69,6922.81,17755.70,32418.28,86145.20,118563.48,2016,,Clark County Water Reclamation District,""
Jeffery A Johnson,WRD WASTEWATER COLL SYS TECHNICIAN II,68779.22,915.42,12440.49,36132.01,82135.13,118267.14,2016,,Clark County Water Reclamation District,""
Douglas E Moore,PURCHASING ANALYST II,80943.92,0.00,3908.96,33334.82,84852.88,118187.70,2016,,Clark County Water Reclamation District,""
Reid S Engstrom,WRD WASTEWATER COLL SYS TECHNICIAN II,64287.10,6363.17,12194.65,35289.06,82844.92,118133.98,2016,,Clark County Water Reclamation District,""
Larry A Selk,WRD WASTEWATER COLL SYS TECHNICIAN II,69126.90,1039.03,14360.81,33550.44,84526.74,118077.18,2016,,Clark County Water Reclamation District,""
Butler James M Lundy-Butler,WRD WASTEWATER PLANT OPNS SPECIALIST,66370.40,1077.03,17060.67,33550.42,84508.10,118058.52,2016,,Clark County Water Reclamation District,""
Donald W Cash,SR CONSTRUCTION MGT INSPECTOR,78668.64,739.24,3478.48,34800.08,82886.36,117686.44,2016,,Clark County Water Reclamation District,""
Lawrence S Silver,PURCHASING ANALYST II,75554.48,0.00,7549.72,33541.42,83104.20,116645.62,2016,,Clark County Water Reclamation District,""
Latoya R Blanche,WRD PROCESS CONTROL COORDINATOR,75733.44,0.00,7733.92,32995.52,83467.36,116462.88,2016,,Clark County Water Reclamation District,""
Christopher H Kuhlemeier,WRD WASTEWATER PLANT OPNS SPECIALIST,65211.90,7296.23,9242.14,34410.32,81750.27,116160.59,2016,,Clark County Water Reclamation District,""
James C Piccinetti,CONSTRUCTION MGT INSPECTOR,71159.96,724.81,7630.85,35337.35,79515.62,114852.97,2016,,Clark County Water Reclamation District,""
Michael Connolly,CONSTRUCTION MGT INSPECTOR,71276.91,0.00,8109.78,35282.38,79386.69,114669.07,2016,,Clark County Water Reclamation District,""
Ronald L Jacobsen,WRD WASTEWATER PLANT OPNS SPECIALIST,69104.41,9051.48,5297.23,31190.43,83453.12,114643.55,2016,,Clark County Water Reclamation District,""
Ray A Anderson,WRD  MECH TECH III,67046.34,5223.69,10890.85,31267.95,83160.88,114428.83,2016,,Clark County Water Reclamation District,""
Jesus Soto,WRD MAINTENANCE MECHANIC II,64711.28,2841.29,11629.23,34676.27,79181.80,113858.07,2016,,Clark County Water Reclamation District,""
Brian R Shaffer,WRD WW MECHANICAL MAINTENANCE SUPERVISOR,66815.97,3498.89,8464.56,35011.60,78779.42,113791.02,2016,,Clark County Water Reclamation District,""
Robert A Campbell,SR FINANCIAL ANALYST,77336.84,0.00,3237.60,33179.77,80574.44,113754.21,2016,,Clark County Water Reclamation District,""
Jason P Reynolds,WRD WASTEWATER COLL SYS OPERATOR,64663.50,2907.16,17079.14,28490.81,84649.80,113140.61,2016,,Clark County Water Reclamation District,""
Ricardo O Cacho,WRD CONTROL SYSTEMS TECHNICIAN II,56508.68,1979.30,19034.05,35166.36,77522.03,112688.39,2016,,Clark County Water Reclamation District,""
Guy I Kikuchi,WRD WASTEWATER COLL SYS OPERATOR,66647.60,1091.67,15673.20,28817.78,83412.47,112230.25,2016,,Clark County Water Reclamation District,""
Mary E Christopher,SR CONSTRUCTION MGT INSPECTOR,62488.35,13115.12,10235.09,26242.45,85838.56,112081.01,2016,,Clark County Water Reclamation District,""
Jennifer L Scharn,PRINCIPAL HUMAN RESOURCES ANALYST,79465.13,0.00,3521.28,29037.24,82986.41,112023.65,2016,,Clark County Water Reclamation District,""
Amy M Farrell,GIS TECHNICIAN II,63899.49,0.00,12602.43,35494.26,76501.92,111996.18,2016,,Clark County Water Reclamation District,""
Trevor C Ross,SR CIVIL ENGINEER,73018.72,224.54,3397.12,34774.58,76640.38,111414.96,2016,,Clark County Water Reclamation District,""
Alex Macri,WRD WASTEWATER COLL SYS TECHNICIAN II,69123.48,0.00,12114.79,28501.43,81238.27,109739.70,2016,,Clark County Water Reclamation District,""
Toby L Peterson,SR CIVIL ENGINEER,77189.28,0.00,3719.28,28191.79,80908.56,109100.35,2016,,Clark County Water Reclamation District,""
Leslie T Long,MANAGER DESIGN AND CONSTRUCTION,77327.52,0.00,2541.28,29211.62,79868.80,109080.42,2016,,Clark County Water Reclamation District,""
Albert M Angelo,WRD WW PLANT OPERATIONS TECHNICIAN II,60091.68,181.62,13985.63,34794.18,74258.93,109053.11,2016,,Clark County Water Reclamation District,""
Steve Wells,WRD WASTEWATER PLANT OPNS SPECIALIST,65393.20,8992.30,7943.37,26663.87,82328.87,108992.74,2016,,Clark County Water Reclamation District,""
Tobin E Kalkowski,SR HVAC MECHANIC,63009.81,16.27,17164.22,28183.17,80190.30,108373.47,2016,,Clark County Water Reclamation District,""
Danielle E Fife,WRD ASSET TECHNICIAN,67783.93,315.59,8502.24,31540.44,76601.76,108142.20,2016,,Clark County Water Reclamation District,""
Robert Swany,WRD WASTEWATER COLL SYS TECHNICIAN I,63684.50,1015.66,9234.54,33692.42,73934.70,107627.12,2016,,Clark County Water Reclamation District,""
David A Williams,WRD  MECH TECH III,55096.36,5601.63,13647.94,33277.75,74345.93,107623.68,2016,,Clark County Water Reclamation District,""
Otis D Johnson,WRD WASTEWATER COLL SYS SUPERVISOR,69219.80,1955.84,8976.83,27395.02,80152.47,107547.49,2016,,Clark County Water Reclamation District,""
Anthony Ceballos,ACCOUNTANT II,59220.84,552.69,23476.10,24105.54,83249.63,107355.17,2016,,Clark County Water Reclamation District,""
Christopher L Andrews,WRD PLANNER SCHEDULER,69974.00,0.00,9339.16,27989.73,79313.16,107302.89,2016,,Clark County Water Reclamation District,""
Jerry R Pierce,WRD WASTEWATER COLL SYS TECHNICIAN II,59827.75,2746.07,11187.93,33009.05,73761.75,106770.80,2016,,Clark County Water Reclamation District,""
Diane A Williams,ADMINISTRATIVE SPECIALIST,63617.32,40.52,11620.19,31065.40,75278.03,106343.43,2016,,Clark County Water Reclamation District,""
Christopher A Bland,WRD WASTEWATER PLANT OPNS SPECIALIST,62086.06,2999.69,7222.13,33826.27,72307.88,106134.15,2016,,Clark County Water Reclamation District,""
Gilbert F Mullen,WRD FACILITY MAINTENANCE TECHNICIAN (CDL),63340.11,456.83,14540.31,27530.30,78337.25,105867.55,2016,,Clark County Water Reclamation District,""
Robert L Carroll,WRD WASTEWATER COLL SYS TECHNICIAN I,59480.71,996.74,14200.90,30893.68,74678.35,105572.03,2016,,Clark County Water Reclamation District,""
James E Brink,WRD WASTEWATER PLANT OPERATOR,62013.81,466.05,11282.83,30705.77,73762.69,104468.46,2016,,Clark County Water Reclamation District,""
Michael J Malinowski,FINANCIAL ANALYST II,68077.14,2629.52,6869.32,26779.20,77575.98,104355.18,2016,,Clark County Water Reclamation District,""
Yevgeniya N Hutton,SENIOR PURCHASING ANALYST,67240.72,0.00,3116.32,33005.03,70357.04,103362.07,2016,,Clark County Water Reclamation District,""
Alycia S Ybarra,WRD WASTEWATER PLANT OPERATOR,62563.30,64.25,7685.73,32974.86,70313.28,103288.14,2016,,Clark County Water Reclamation District,""
David C Wright,WRD WASTEWATER COLL SYS TECHNICIAN II,61430.50,348.67,7872.16,33471.37,69651.33,103122.70,2016,,Clark County Water Reclamation District,""
Timothy M Chase,MANAGER TECHNICAL SUPPORT,69525.12,0.00,7576.82,25813.16,77101.94,102915.10,2016,,Clark County Water Reclamation District,""
Donald S Moden,WRD WASTEWATER COLL SYS TECHNICIAN II,60485.54,641.16,8858.67,32721.46,69985.37,102706.83,2016,,Clark County Water Reclamation District,""
Dee Wayne Linke,FACILITY MAINTENANCE TECHNICIAN,64453.76,372.09,10516.38,26792.71,75342.23,102134.94,2016,,Clark County Water Reclamation District,""
Thomas P Mcintosh,WRD WASTEWATER PLANT OPERATOR,65143.20,2519.65,7567.26,26529.06,75230.11,101759.17,2016,,Clark County Water Reclamation District,""
Monica A Limjuico,PROGRAMMER ANALYST II,67844.32,3861.57,3351.44,26595.12,75057.33,101652.45,2016,,Clark County Water Reclamation District,""
Elizabeth C Bugante,WRD CHEMIST II,62865.52,2921.09,6428.41,29417.13,72215.02,101632.15,2016,,Clark County Water Reclamation District,""
Kenneth S Buck,WRD WASTEWATER PLANT OPNS SUPERVISOR,45005.45,2278.65,33726.11,20263.61,81010.21,101273.82,2016,,Clark County Water Reclamation District,""
Sandra T Zamora,WRD BILLING INSPECTOR,59622.80,100.56,11379.61,29438.50,71102.97,100541.47,2016,,Clark County Water Reclamation District,""
Nathaniel M Richmond,WRD WASTEWATER COLL SYS TECHNICIAN I,56467.13,1104.80,13087.64,29754.75,70659.57,100414.32,2016,,Clark County Water Reclamation District,""
Jr John O Bilger Jr.,SR DATA BASE ADMIN,63829.60,7660.59,6184.44,22669.89,77674.63,100344.52,2016,,Clark County Water Reclamation District,""
John R Witherspoon,WRD CHEMIST II,62266.29,3447.87,8430.93,26137.41,74145.09,100282.50,2016,,Clark County Water Reclamation District,""
Victoria A Fox,EXECUTIVE ASSISTANT,65238.24,149.20,8852.07,26013.52,74239.51,100253.03,2016,,Clark County Water Reclamation District,""
Michael G Oxley,WRD WASTEWATER COLL SYS TECHNICIAN II,60223.60,2396.93,11903.19,25682.25,74523.72,100205.97,2016,,Clark County Water Reclamation District,""
Lynn R Max,FACILITY MAINTENANCE TECHNICIAN,59547.22,4783.53,6610.39,28089.06,70941.14,99030.20,2016,,Clark County Water Reclamation District,""
Svetlana A Karelova,WRD CHEMIST II,62070.40,1095.13,6262.66,29425.42,69428.19,98853.61,2016,,Clark County Water Reclamation District,""
Joe Perkins,WRD WASTEWATER COLL SYS TECHNICIAN II,53541.18,1511.15,11538.25,32248.75,66590.58,98839.33,2016,,Clark County Water Reclamation District,""
Susan D Atkinson,ADMINISTRATIVE SECRETARY,59675.20,-11.02,12782.25,26070.57,72446.43,98517.00,2016,,Clark County Water Reclamation District,""
Jason R Hall,SR GIS ANALYST,72554.64,236.93,3535.92,21514.91,76327.49,97842.40,2016,,Clark County Water Reclamation District,""
Linda S Grossman,ADMINISTRATIVE SECRETARY,58239.60,9027.97,6986.55,23522.79,74254.12,97776.91,2016,,Clark County Water Reclamation District,""
Caixia Guo,WRD CHEMIST II,62663.74,493.77,5303.35,29197.38,68460.86,97658.24,2016,,Clark County Water Reclamation District,""
Kevin V Forgione,WRD WW PLANT OPERATIONS TECHNICIAN II,62850.18,63.67,8991.94,25567.92,71905.79,97473.71,2016,,Clark County Water Reclamation District,""
Oscar A Matsufuji,CONSTRUCTION MGT INSPECTOR,52356.06,21136.98,2638.10,21087.82,76131.14,97218.96,2016,,Clark County Water Reclamation District,""
Dena L Wiley,WRD BILLING INSPECTOR,59622.80,36.58,8241.64,29264.38,67901.02,97165.40,2016,,Clark County Water Reclamation District,""
Elizabeth G Cebu,GIS TECHNICIAN II,63897.19,0.00,7450.12,25778.27,71347.31,97125.58,2016,,Clark County Water Reclamation District,""
Sheryl A Morrison,FINANCIAL SYSTEMS ANALYST I,57612.64,256.31,7120.71,32034.17,64989.66,97023.83,2016,,Clark County Water Reclamation District,""
Brian D Heese,ELECTRICIAN,60542.18,2102.04,5960.30,28196.69,68604.52,96801.21,2016,,Clark County Water Reclamation District,""
Michael Truitt,WRD WW PLANT OPERATIONS TECHNICIAN II,58231.54,2967.23,5559.75,29753.42,66758.52,96511.94,2016,,Clark County Water Reclamation District,""
Hewing Robyette Bonner-Hewing,WRD SR BILLING INSPECTOR,57115.04,251.48,6476.23,31880.72,63842.75,95723.47,2016,,Clark County Water Reclamation District,""
Jennifer M Carter,ADMINISTRATIVE SECRETARY,56874.16,1124.20,6553.74,31028.44,64552.10,95580.54,2016,,Clark County Water Reclamation District,""
Martin D Buescher,WRD WASTEWATER COLL SYS TECHNICIAN I,56833.58,521.91,9498.97,28688.45,66854.46,95542.91,2016,,Clark County Water Reclamation District,""
Cynthia Datwyler,WRD WASTEWATER COLL SYS OPERATOR,58918.40,1960.99,9016.67,24800.46,69896.06,94696.52,2016,,Clark County Water Reclamation District,""
Marie E Oxley,ADMINISTRATIVE SECRETARY,59162.00,1246.33,9658.95,24541.11,70067.28,94608.39,2016,,Clark County Water Reclamation District,""
Timothy S Newell,SR CIVIL ENGINEER,66007.36,118.37,2893.28,25588.12,69019.01,94607.13,2016,,Clark County Water Reclamation District,""
Hugo A Acosta,WRD WASTEWATER COLL SYS TECHNICIAN I,52414.78,658.05,10443.30,30881.26,63516.13,94397.39,2016,,Clark County Water Reclamation District,""
Donald A Sepcic,CONSTRUCTION MGT INSPECTOR,52357.52,9616.29,2638.10,29641.30,64611.91,94253.21,2016,,Clark County Water Reclamation District,""
James G Eaton,AUTO & EQUIPMENT SPECIALIST-CDL,56397.80,1655.78,5616.52,30578.53,63670.10,94248.63,2016,,Clark County Water Reclamation District,""
Victor V Gorostiza,WRD CHEMIST II,59259.04,1615.70,2459.36,30677.20,63334.10,94011.30,2016,,Clark County Water Reclamation District,""
John H Montgomery,SR CONSTRUCTION MGT INSPECTOR,47119.20,383.60,24179.28,21745.47,71682.08,93427.55,2016,,Clark County Water Reclamation District,""
Bradley Y Carlson,WRD WASTEWATER COLL SYS TECHNICIAN II,54900.10,2117.86,8843.31,27388.42,65861.27,93249.69,2016,,Clark County Water Reclamation District,""
Melisa M Sanchez,ADMINISTRATIVE SECRETARY,53437.84,391.11,7594.86,31017.24,61423.81,92441.05,2016,,Clark County Water Reclamation District,""
Ronnie G Perdue,WRD WASTEWATER PLANT OPNS TECHNICIAN I,52991.69,2801.63,8265.59,27508.56,64058.91,91567.47,2016,,Clark County Water Reclamation District,""
Elaine V Houser,WRD ASSISTANT MANAGER,47826.16,0.00,21837.52,21757.36,69663.68,91421.04,2016,,Clark County Water Reclamation District,""
Thomas A Engelhardt,WRD WASTEWATER COLL SYS TECHNICIAN I,49480.39,992.70,10001.64,30736.94,60474.73,91211.67,2016,,Clark County Water Reclamation District,""
Dorian A Gear,WRD WASTEWATER PLANT OPNS SPECIALIST,57536.24,3955.05,5785.40,23756.37,67276.69,91033.06,2016,,Clark County Water Reclamation District,""
Carlos A Dancil,WRD CHEMIST II,61103.36,2858.12,2412.00,23433.01,66373.48,89806.49,2016,,Clark County Water Reclamation District,""
Nicholas W Lennon,AUTO & EQUIPMENT SPECIALIST-CDL,54205.01,3919.55,8228.88,23208.39,66353.44,89561.83,2016,,Clark County Water Reclamation District,""
Stephen W Long,WRD WASTEWATER PLANT OPERATOR,54290.58,4876.50,3667.91,26631.42,62834.99,89466.41,2016,,Clark County Water Reclamation District,""
Kenneth S Holmes,WRD MECH TECH II,48526.60,4123.81,7026.39,29691.65,59676.80,89368.45,2016,,Clark County Water Reclamation District,""
Donald F Junger,WRD WASTEWATER PLANT OPERATOR,50008.74,4184.37,4581.97,30232.90,58775.08,89007.98,2016,,Clark County Water Reclamation District,""
Cedric D Wheaton,WRD WASTEWATER COLL SYS TECHNICIAN I,51596.18,1270.85,8620.57,27396.51,61487.60,88884.11,2016,,Clark County Water Reclamation District,""
Gerald M Villalobos,WRD WASTEWATER COLL SYS TECHNICIAN II,50788.00,2773.02,8278.18,26721.27,61839.20,88560.47,2016,,Clark County Water Reclamation District,""
Jasmine M Koster,WRD SENIOR CHEMIST,54615.52,2470.07,3119.84,26512.83,60205.43,86718.26,2016,,Clark County Water Reclamation District,""
Debra A Simeone,ADMINISTRATIVE SPECIALIST,53454.88,2.49,6046.04,26805.71,59503.41,86309.12,2016,,Clark County Water Reclamation District,""
Sr Timothy A Maleport Sr.,WRD PLANNER SCHEDULER,52763.46,560.09,3167.80,29797.06,56491.35,86288.41,2016,,Clark County Water Reclamation District,""
Jessica M Rodriguez,WRD PERMIT TECHNICIAN,52753.76,1303.23,6290.02,25889.15,60347.01,86236.16,2016,,Clark County Water Reclamation District,""
John M Jacob,WRD WASTEWATER COLL SYS OPERATOR,55095.61,0.00,7553.78,23334.47,62649.39,85983.86,2016,,Clark County Water Reclamation District,""
Timothy D Farquhar,WRD CONTROL SYSTEMS TECHNICIAN II,48910.16,188.39,9773.66,26614.18,58872.21,85486.39,2016,,Clark County Water Reclamation District,""
Samuel J Scire,ASST GEN MGR,32452.08,0.00,39558.91,13374.75,72010.99,85385.74,2016,,Clark County Water Reclamation District,""
Michael D Shepherd,WRD WASTEWATER COLL SYS TECHNICIAN I,47995.80,469.40,7077.93,29476.08,55543.13,85019.21,2016,,Clark County Water Reclamation District,""
Eric L Gibbs,FINANCIAL OFFICE ASSISTANT II,47584.64,81.86,7594.72,29663.18,55261.22,84924.40,2016,,Clark County Water Reclamation District,""
Steven A Miller,DATA BASE ADMIN I,55085.28,5572.21,2675.92,21375.71,63333.41,84709.12,2016,,Clark County Water Reclamation District,""
Jashanna E Brooks,WRD PERMIT TECHNICIAN,49614.00,4213.75,5694.77,25150.15,59522.52,84672.67,2016,,Clark County Water Reclamation District,""
Nathaniel S Seltenreich,WRD WASTEWATER PLANT OPERATOR,57826.91,1106.14,7152.06,18403.57,66085.11,84488.68,2016,,Clark County Water Reclamation District,""
Richard W Lara,WRD WASTEWATER COLL SYS TECHNICIAN II,51966.70,495.92,2843.30,28724.95,55305.92,84030.87,2016,,Clark County Water Reclamation District,""
Derrick L Mitchell,WRD WW PLANT OPERATIONS TECHNICIAN II,46752.88,5372.47,3078.40,28604.11,55203.75,83807.86,2016,,Clark County Water Reclamation District,""
Nolician S Briones,WRD WW PLANT OPERATIONS TECHNICIAN II,51103.21,2370.68,7488.71,22630.73,60962.60,83593.33,2016,,Clark County Water Reclamation District,""
Melvyn R Maranon,WRD WW PLANT OPERATIONS TECHNICIAN II,48359.52,5359.96,4327.01,25370.56,58046.49,83417.05,2016,,Clark County Water Reclamation District,""
Daniel J Dorlack,PROJECT PLANNER SCHEDULER,55412.11,266.02,2699.57,24905.54,58377.70,83283.24,2016,,Clark County Water Reclamation District,""
Lisa Perchesky,WRD PERMIT TECHNICIAN,50124.24,1327.91,6175.14,25432.83,57627.29,83060.12,2016,,Clark County Water Reclamation District,""
Valerie L Vian,ADMINISTRATIVE SPECIALIST,54157.51,0.00,5537.11,22504.54,59694.62,82199.16,2016,,Clark County Water Reclamation District,""
Glynis L Gallegos,ADMINISTRATIVE SECRETARY,51551.76,0.00,5056.95,25525.85,56608.71,82134.56,2016,,Clark County Water Reclamation District,""
Shane L Clement,PURCHASING ANALYST II,56873.92,0.00,2717.44,22222.96,59591.36,81814.32,2016,,Clark County Water Reclamation District,""
Joseph J Depalma,WRD TECHNICIAN,48686.16,69.10,5056.02,27759.19,53811.28,81570.47,2016,,Clark County Water Reclamation District,""
Joseph V Damiani,PRINCIPAL CIVIL ENGINEER,51309.12,0.00,8036.63,22191.01,59345.75,81536.76,2016,,Clark County Water Reclamation District,""
William K Johnson,WRD WASTEWATER COLL SYS TECHNICIAN II,48094.61,100.81,5087.27,28196.07,53282.69,81478.76,2016,,Clark County Water Reclamation District,""
Jesus Joseph M De Jesus,WRD WASTEWATER COLL SYS TECHNICIAN II,50100.60,0.00,2985.70,28200.37,53086.30,81286.67,2016,,Clark County Water Reclamation District,""
Meetu Singhal,BUSINESS SYSTEMS ANALYST II,59577.04,1074.88,2890.08,17700.30,63542.00,81242.30,2016,,Clark County Water Reclamation District,""
Patricia K Gonsalves,WRD PERMIT TECHNICIAN,51857.47,2069.02,5713.78,21118.41,59640.27,80758.68,2016,,Clark County Water Reclamation District,""
Thomas M Bond,ELECTRICIAN,24130.38,0.00,46242.50,10288.06,70372.88,80660.94,2016,,Clark County Water Reclamation District,""
Emelie U Campo,PURCHASING SPECIALIST,51883.60,0.00,6465.82,22133.08,58349.42,80482.50,2016,,Clark County Water Reclamation District,""
Dustin C Chevalier,WRD WASTEWATER COLL SYS TECHNICIAN I,45917.60,602.30,8789.40,24867.30,55309.30,80176.60,2016,,Clark County Water Reclamation District,""
Travis D Rau,WRD MECH TECH I,49928.70,4136.02,5064.53,20850.16,59129.25,79979.41,2016,,Clark County Water Reclamation District,""
Jose A Larios,WRD WASTEWATER PLANT OPNS TECHNICIAN I,45654.01,1417.94,4997.39,27833.89,52069.34,79903.23,2016,,Clark County Water Reclamation District,""
Lisa M Hogan,HUMAN RESOURCES ANALYST II,55370.81,0.00,2686.40,21793.33,58057.21,79850.54,2016,,Clark County Water Reclamation District,""
Tyler C Hess,WRD WASTEWATER COLL SYS TECHNICIAN II,45171.29,2588.17,3930.26,27897.91,51689.72,79587.63,2016,,Clark County Water Reclamation District,""
Carla M Alvarado,WRD PERMIT TECHNICIAN,48451.04,5363.91,5286.63,20475.95,59101.58,79577.53,2016,,Clark County Water Reclamation District,""
Kimberly J Adler,MANAGEMENT ANALYST I,51318.73,1451.64,4842.58,21526.22,57612.95,79139.17,2016,,Clark County Water Reclamation District,""
William R Supple,WRD WW PLANT OPERATIONS TECHNICIAN II,49200.22,711.47,11522.35,17256.64,61434.04,78690.68,2016,,Clark County Water Reclamation District,""
Kathleen J Minert,RECORDS TECHNICIAN,45862.08,3723.06,4414.67,24252.11,53999.81,78251.92,2016,,Clark County Water Reclamation District,""
Gilbert D Cruz,WRD WASTEWATER PLANT OPNS TECHNICIAN I,47140.14,723.45,5313.49,25069.80,53177.08,78246.88,2016,,Clark County Water Reclamation District,""
Timothy P Echeverria,MANAGER CONSTRUCTION MANAGEMENT,28908.00,0.00,36028.29,13096.90,64936.29,78033.19,2016,,Clark County Water Reclamation District,""
Christopher A Eisenhauer,ELECTRICIAN,40655.62,10708.32,4011.40,22540.45,55375.34,77915.79,2016,,Clark County Water Reclamation District,""
Leslie A Lainez,BUSINESS SYSTEMS ANALYST I,50087.44,5412.43,2442.96,19911.03,57942.83,77853.86,2016,,Clark County Water Reclamation District,""
Byron Brenes,WRD FACILITY MAINTENANCE TECHNICIAN (CDL),42665.52,6792.65,2089.52,25909.58,51547.69,77457.27,2016,,Clark County Water Reclamation District,""
Gregory D Halstead,WRD PRETREATMENT TECHNICIAN,46762.86,50.11,2255.54,27883.77,49068.51,76952.28,2016,,Clark County Water Reclamation District,""
Christopher V Brown,WRD WASTEWATER COLL SYS TECHNICIAN I,45384.50,1024.24,5107.35,24415.06,51516.09,75931.15,2016,,Clark County Water Reclamation District,""
Tulasidas Sunkara,SR PROGRAMMER ANALYST,52211.44,2374.75,2804.71,18534.16,57390.90,75925.06,2016,,Clark County Water Reclamation District,""
Laronda E Steele,FINANCIAL OFFICE SPECIALIST,45989.20,245.15,5552.34,24101.47,51786.69,75888.16,2016,,Clark County Water Reclamation District,""
Rose M Rodriguez,OFFICE SPECIALIST,47312.34,39.11,7101.33,20983.31,54452.78,75436.09,2016,,Clark County Water Reclamation District,""
James R Macke,WRD MECH TECH I,42871.12,3221.93,2823.28,26446.86,48916.33,75363.19,2016,,Clark County Water Reclamation District,""
Brian C Logan,WRD WASTEWATER COLL SYS TECHNICIAN I,42351.51,2600.54,3451.00,26160.83,48403.05,74563.88,2016,,Clark County Water Reclamation District,""
Thomas J Crawford,WRD WASTEWATER PLANT OPNS TECHNICIAN I,48129.08,3810.93,2441.40,20045.16,54381.41,74426.57,2016,,Clark County Water Reclamation District,""
Frank M Licari,WRD LAB SAMPLE CUSTODIAN,46355.93,1924.31,2601.95,23466.73,50882.19,74348.92,2016,,Clark County Water Reclamation District,""
David R Killmer,WRD WASTEWATER COLL SYS TECHNICIAN I,44463.31,67.77,2463.10,27221.44,46994.18,74215.62,2016,,Clark County Water Reclamation District,""
S P Martin,OFFICE SPECIALIST,47065.03,0.00,6223.30,20687.65,53288.33,73975.98,2016,,Clark County Water Reclamation District,""
Tina L Pierson,PLANNER,42383.40,10.20,5909.19,25085.70,48302.79,73388.49,2016,,Clark County Water Reclamation District,""
Damian J Kiraly,WRD MECH TECH II,48516.55,1305.96,3714.31,19827.13,53536.82,73363.95,2016,,Clark County Water Reclamation District,""
Showell E Buzby,WRD CHEMIST II,48652.72,2482.04,2117.36,20000.07,53252.12,73252.19,2016,,Clark County Water Reclamation District,""
Brian E Fauver,WRD WASTEWATER COLL SYS TECHNICIAN I,45554.10,1877.74,2784.70,22905.66,50216.54,73122.20,2016,,Clark County Water Reclamation District,""
Kathleen Heglund,FINANCIAL OFFICE SPECIALIST,44571.38,107.46,4887.07,23424.44,49565.91,72990.35,2016,,Clark County Water Reclamation District,""
Andrew J Nelson,WRD WASTEWATER COLL SYS TECHNICIAN I,42310.30,1572.53,2409.75,26676.54,46292.58,72969.12,2016,,Clark County Water Reclamation District,""
Kyle J Cowger,WRD MECH TECH I,45911.25,3047.52,4351.90,19611.10,53310.67,72921.77,2016,,Clark County Water Reclamation District,""
Lequincey T Cross,WRD WASTEWATER COLL SYS TECHNICIAN I,44524.17,1620.64,3334.96,23370.85,49479.77,72850.62,2016,,Clark County Water Reclamation District,""
Jakob P Centlivre,WRD CHEMIST I,47844.94,2903.15,2047.76,19402.34,52795.85,72198.19,2016,,Clark County Water Reclamation District,""
Chance W Munford,WRD WASTEWATER COLL SYS TECHNICIAN I,41860.50,1093.92,2600.70,26607.77,45555.12,72162.89,2016,,Clark County Water Reclamation District,""
Craig T Eichhorn,WRD WASTEWATER PLANT OPNS TECHNICIAN I,45857.86,289.04,2247.22,23716.24,48394.12,72110.36,2016,,Clark County Water Reclamation District,""
David A Tedesco,STOREKEEPER,43321.48,16.07,2344.58,26164.64,45682.13,71846.77,2016,,Clark County Water Reclamation District,""
Jr Lawrence Ducree Jr.,WRD MECH TECH I,45938.96,0.00,2718.64,22972.50,48657.60,71630.10,2016,,Clark County Water Reclamation District,""
Eric M Wright,MATERIALS CONTROLLER,46136.81,18.17,2220.48,22910.83,48375.46,71286.29,2016,,Clark County Water Reclamation District,""
Travis D Mccarty,WRD WASTEWATER PLANT OPNS TECHNICIAN I,42723.81,2806.01,3308.97,22431.62,48838.79,71270.41,2016,,Clark County Water Reclamation District,""
Ray M Murphy,AUTOMOTIVE PARTS WORKER,44657.20,2338.88,4862.29,19317.59,51858.37,71175.96,2016,,Clark County Water Reclamation District,""
Kelly Boyles,WRD WW PLANT OPERATIONS TECHNICIAN II,45915.92,1960.48,3590.46,19152.52,51466.86,70619.38,2016,,Clark County Water Reclamation District,""
Barry J Hicks,WRD PRETREATMENT TECHNICIAN,47753.22,566.22,2297.82,19551.71,50617.26,70168.97,2016,,Clark County Water Reclamation District,""
William A Sampson,WRD  MECH TECH III,30371.21,509.06,22740.70,16483.35,53620.97,70104.32,2016,,Clark County Water Reclamation District,""
Alan J Denning,WRD WASTEWATER PLANT OPERATOR,14377.82,1642.22,43835.57,9852.01,59855.61,69707.62,2016,,Clark County Water Reclamation District,""
William B Watts,WRD WASTEWATER PLANT OPNS TECHNICIAN I,43706.66,3805.04,3082.92,18786.53,50594.62,69381.15,2016,,Clark County Water Reclamation District,""
Gloria W Wells,ADMINISTRATIVE SECRETARY,41983.09,15.76,1946.67,25411.94,43945.52,69357.46,2016,,Clark County Water Reclamation District,""
Wayne T Fobar,WRD CONTROL SYSTEMS ANALYST II,35327.76,895.10,15347.57,17374.06,51570.43,68944.49,2016,,Clark County Water Reclamation District,""
Jennifer Liao,FINANCIAL SYSTEMS ANALYST I,43815.20,3905.18,3930.23,16949.08,51650.61,68599.69,2016,,Clark County Water Reclamation District,""
Timothy A Mcginnis,HUMAN RESOURCES ANALYST I,45063.74,923.42,1800.32,20303.97,47787.48,68091.45,2016,,Clark County Water Reclamation District,""
Edward J Granil,WRD MECH TECH I,43528.99,3245.94,2725.81,18488.67,49500.74,67989.41,2016,,Clark County Water Reclamation District,""
Carla L Salazar,WRD WASTEWATER COLL SYS TECHNICIAN I,43634.30,536.66,4564.91,19010.73,48735.87,67746.60,2016,,Clark County Water Reclamation District,""
Kendra M Hardy,WRD PRETREATMENT TECHNICIAN,45985.19,0.00,2079.85,18995.57,48065.04,67060.61,2016,,Clark County Water Reclamation District,""
Lisa M Locaynia,WRD PRETREATMENT TECHNICIAN,46018.74,0.00,2294.06,18729.98,48312.80,67042.78,2016,,Clark County Water Reclamation District,""
Cynthia J Parker,OFFICE ASSISTANT II,39776.51,39.28,4276.62,22605.11,44092.41,66697.52,2016,,Clark County Water Reclamation District,""
V Edward R Williams V,AUTO & EQUIPMENT TECHNICIAN II-CDL,44226.41,1021.83,2532.79,18182.96,47781.03,65963.99,2016,,Clark County Water Reclamation District,""
Emmett B Carroll,WRD WASTEWATER PLANT OPNS TECHNICIAN I,42515.23,450.86,2682.42,17936.30,45648.51,63584.81,2016,,Clark County Water Reclamation District,""
Ernie C Buo,ASSOC ENGINEER,43837.52,1850.10,2024.88,15148.73,47712.50,62861.23,2016,,Clark County Water Reclamation District,""
Rodolfo Villanueva,STOREKEEPER,39030.56,0.00,2057.44,21080.59,41088.00,62168.59,2016,,Clark County Water Reclamation District,""
Christopher Proudfoot,SUPV CONSTRUCTION MGT INSPECTOR,38357.20,8951.10,1860.48,12995.06,49168.78,62163.84,2016,,Clark County Water Reclamation District,""
Janis L Jackson,WRD PERMIT TECHNICIAN,37902.40,992.84,1835.12,21336.16,40730.36,62066.52,2016,,Clark County Water Reclamation District,""
Emilio O Villalpando,WRD WASTEWATER PLANT OPNS TECHNICIAN I,41856.02,2419.34,1117.38,16059.38,45392.74,61452.12,2016,,Clark County Water Reclamation District,""
Peter C Egger,WRD SR CONTROL SYSTEMS TECHNICIAN,21059.94,0.00,31101.29,8380.57,52161.23,60541.80,2016,,Clark County Water Reclamation District,""
Sukanya Mandal,ENGINEERING TECHNICIAN II,37041.28,970.53,1800.00,20246.30,39811.81,60058.11,2016,,Clark County Water Reclamation District,""
Lance A Booth,AUTOMOTIVE SERVICE WORKER,36249.84,1785.55,1752.88,20011.57,39788.27,59799.84,2016,,Clark County Water Reclamation District,""
Jr Jack K Maxfield Jr.,WRD PERMIT TECHNICIAN,39824.26,782.15,1831.68,16866.19,42438.09,59304.28,2016,,Clark County Water Reclamation District,""
Rana M Sakr,OFFICE SPECIALIST,33498.24,0.00,1754.80,24029.57,35253.04,59282.61,2016,,Clark County Water Reclamation District,""
Monique H Williamson,WRD SAFETY/SECURITY SPECIALIST,33083.08,853.95,4924.41,20347.76,38861.44,59209.20,2016,,Clark County Water Reclamation District,""
Jacob T Sumpter,WRD WASTEWATER PLANT OPNS TECHNICIAN I,40921.12,862.58,1356.84,15904.79,43140.54,59045.33,2016,,Clark County Water Reclamation District,""
Diane V Piotrowski,ACCOUNTANT II,35360.77,2330.56,1891.23,16079.66,39582.56,55662.22,2016,,Clark County Water Reclamation District,""
Fernando Ramirez,WRD WASTEWATER PLANT OPNS SPECIALIST,36489.98,2638.35,1853.28,12841.40,40981.61,53823.01,2016,,Clark County Water Reclamation District,""
Choul Kyu Lee,ASSOC ENGINEER,35610.00,0.00,1753.28,16361.14,37363.28,53724.42,2016,,Clark County Water Reclamation District,""
Linda D Ghize,SR OFFICE SPECIALIST,35157.60,330.30,1919.84,15919.12,37407.74,53326.86,2016,,Clark County Water Reclamation District,""
Loney F Childress,ELECTRICIAN,32176.56,2880.60,826.20,15929.90,35883.36,51813.26,2016,,Clark County Water Reclamation District,""
Justin L Collingwood,WRD MECH TECH I,35744.30,360.11,1534.16,13891.02,37638.57,51529.59,2016,,Clark County Water Reclamation District,""
Patricia A Deck,OFFICE SPECIALIST,33680.96,168.97,1624.08,15452.39,35474.01,50926.40,2016,,Clark County Water Reclamation District,""
Leonora Avella,WRD PERMIT TECHNICIAN,30328.64,125.89,4933.06,15144.60,35387.59,50532.19,2016,,Clark County Water Reclamation District,""
Michelle T Simmons,WRD BILLING INSPECTOR,31541.60,0.00,2065.53,16072.05,33607.13,49679.18,2016,,Clark County Water Reclamation District,""
Linda R Pollard,DEPARTMENTAL FISCAL SERVICES ADMINISTRATOR,29612.16,0.00,6428.03,13555.17,36040.19,49595.36,2016,,Clark County Water Reclamation District,""
Martin P Johnson,WRD WASTEWATER PLANT OPNS SUPERVISOR,29152.68,4063.15,3854.26,12509.16,37070.09,49579.25,2016,,Clark County Water Reclamation District,""
Glen G Tenorio,WRD SENIOR CHEMIST,33066.72,788.40,525.60,12950.05,34380.72,47330.77,2016,,Clark County Water Reclamation District,""
Kevin W Love,MANAGER CONSTRUCTION MANAGEMENT,32731.68,0.00,2211.60,12064.23,34943.28,47007.51,2016,,Clark County Water Reclamation District,""
Laura L Greenleaf,WRD CONTROL SYSTEMS TECHNICIAN II,29494.78,158.47,4034.40,12782.39,33687.65,46470.04,2016,,Clark County Water Reclamation District,""
La Cruz Diego H De La Cruz,WRD LAB SAMPLE CUSTODIAN,32979.52,270.14,675.04,12458.04,33924.70,46382.74,2016,,Clark County Water Reclamation District,""
Amy M Martin,FINANCIAL ANALYST II,26393.07,1519.04,1280.16,11142.77,29192.27,40335.04,2016,,Clark County Water Reclamation District,""
Brianne G Accola,WRD WW PLANT OPERATIONS TECHNICIAN II,13177.12,295.14,19935.68,6321.12,33407.94,39729.06,2016,,Clark County Water Reclamation District,""
Sariah Q Cantrell,WRD CHEMIST I,26070.00,454.41,901.20,10730.86,27425.61,38156.47,2016,,Clark County Water Reclamation District,""
Jennifer M Garcia,SENIOR ACCOUNTANT,26899.93,993.08,449.04,8993.24,28342.05,37335.29,2016,,Clark County Water Reclamation District,""
Lourdes P Marasigan,FINANCIAL OFFICE ASSISTANT I,24081.89,0.00,1052.33,11340.66,25134.22,36474.88,2016,,Clark County Water Reclamation District,""
James P Tilley,WRD SAFETY/SECURITY SPECIALIST,26360.82,0.00,939.28,7723.94,27300.10,35024.04,2016,,Clark County Water Reclamation District,""
Derodni M Williams,WRD WASTEWATER PLANT OPNS TECHNICIAN I,26543.50,826.80,954.00,6223.05,28324.30,34547.35,2016,,Clark County Water Reclamation District,""
Link T Dunn,WRD CONTROL SYSTEMS TECHNICIAN II,14901.78,399.49,9171.24,8383.03,24472.51,32855.54,2016,,Clark County Water Reclamation District,""
Carl L Rossignol,WRD WASTEWATER PLANT OPNS TECHNICIAN I,24513.85,349.80,572.40,6778.34,25436.05,32214.39,2016,,Clark County Water Reclamation District,""
Rueben J Sosa,WRD PERMIT TECHNICIAN,21964.12,211.16,1015.76,8602.11,23191.04,31793.15,2016,,Clark County Water Reclamation District,""
Damon E Axelrod,WRD CONTROL SYSTEMS TECHNICIAN I,20912.42,0.00,1081.20,9350.21,21993.62,31343.83,2016,,Clark County Water Reclamation District,""
Jason L Miller,ELECTRICIAN,16961.49,4154.58,961.38,8558.11,22077.45,30635.56,2016,,Clark County Water Reclamation District,""
Jesus A Puentes,WRD MECH TECH I,17765.60,1375.35,890.40,7566.38,20031.35,27597.73,2016,,Clark County Water Reclamation District,""
Diane V Shepard,ACCOUNTANT II,17863.29,0.00,918.31,8653.10,18781.60,27434.70,2016,,Clark County Water Reclamation District,""
William Olivieri,HUMAN RESOURCES ANALYST II,18678.90,0.00,305.10,6495.41,18984.00,25479.41,2016,,Clark County Water Reclamation District,""
Angeline R Bavarsad,ADMINISTRATIVE SPECIALIST,22609.60,0.00,508.80,1822.35,23118.40,24940.75,2016,,Clark County Water Reclamation District,""
Teri L Schweers,WRD PRETREATMENT INSPECTOR,15676.16,0.00,1271.04,7104.98,16947.20,24052.18,2016,,Clark County Water Reclamation District,""
Daniel D Farden,WRD CONTROL SYSTEMS TECHNICIAN I,16157.96,60.80,1134.84,6539.12,17353.60,23892.72,2016,,Clark County Water Reclamation District,""
Umesh R Shakya,GIS ANALYST I,16500.00,0.00,1000.00,5730.86,17500.00,23230.86,2016,,Clark County Water Reclamation District,""
Janice D Buckner,SR ENGINEERING TECHNICIAN,18937.44,6.00,892.16,2498.04,19835.60,22333.64,2016,,Clark County Water Reclamation District,""
Kristian A Matsuoka,PROGRAM ASSISTANT,21712.00,0.00,0.00,0.00,21712.00,21712.00,2016,,Clark County Water Reclamation District,""
Anthony J Brunnmeier,PROGRAM ASSISTANT,21194.58,0.00,0.00,0.00,21194.58,21194.58,2016,,Clark County Water Reclamation District,""
Dale Stone,ELECTRICIAN,20910.45,0.00,0.00,0.00,20910.45,20910.45,2016,,Clark County Water Reclamation District,""
Gina M Castruita,WRD CHEMIST II,14720.64,376.38,892.16,4898.79,15989.18,20887.97,2016,,Clark County Water Reclamation District,""
Jonathan L Sabey,WRD MECH TECH I,13186.40,612.15,381.60,5460.76,14180.15,19640.91,2016,,Clark County Water Reclamation District,""
Jr Carl T Carlson Jr.,PROGRAM ASSISTANT,19260.00,0.00,0.00,0.00,19260.00,19260.00,2016,,Clark County Water Reclamation District,""
Michael E White,SR CONSTRUCTION MGT INSPECTOR,9085.44,2157.65,3428.92,4095.39,14672.01,18767.40,2016,,Clark County Water Reclamation District,""
John P Dyck,WRD WASTEWATER COLL SYS TECHNICIAN II,8785.60,919.02,1861.43,6286.41,11566.05,17852.46,2016,,Clark County Water Reclamation District,""
Paul A Parasugo,WRD CHEMIST II,11750.00,0.00,750.00,3500.00,12500.00,16000.00,2016,,Clark County Water Reclamation District,""
Carra L Pierce,PLANNER,15033.69,0.00,0.00,0.00,15033.69,15033.69,2016,,Clark County Water Reclamation District,""
Cheyanne R Cook,PROGRAM ASSISTANT,14522.84,0.00,0.00,0.00,14522.84,14522.84,2016,,Clark County Water Reclamation District,""
Evan T Mohr,WRD CHEMIST I,10816.08,134.64,0.00,3489.98,10950.72,14440.70,2016,,Clark County Water Reclamation District,""
Keejon M Shields,PROGRAM ASSISTANT,14280.00,0.00,0.00,0.00,14280.00,14280.00,2016,,Clark County Water Reclamation District,""
Amy L Baker,SENIOR ACCOUNTANT,8761.89,0.00,1005.00,4395.39,9766.89,14162.28,2016,,Clark County Water Reclamation District,""
Russell Gustin,PROGRAM ASSISTANT,13804.99,0.00,0.00,0.00,13804.99,13804.99,2016,,Clark County Water Reclamation District,""
Allison E Holtz,ENGINEERING TECHNICIAN II,7550.56,189.92,2505.74,3303.22,10246.22,13549.44,2016,,Clark County Water Reclamation District,""
Sutton Brittany D Holmes-Sutton,PROGRAM ASSISTANT,13261.75,0.00,0.00,0.00,13261.75,13261.75,2016,,Clark County Water Reclamation District,""
John E Slowiak,PROGRAM ASSISTANT,12900.21,0.00,0.00,0.00,12900.21,12900.21,2016,,Clark County Water Reclamation District,""
Nasser Georges,.INTERN II,12577.50,0.00,0.00,0.00,12577.50,12577.50,2016,,Clark County Water Reclamation District,""
Felicia M Boney,HUMAN RESOURCES ANALYST I,9300.48,9.08,193.76,2658.40,9503.32,12161.72,2016,,Clark County Water Reclamation District,""
Sylvester Sandoval,PROGRAM ASSISTANT,11892.00,0.00,0.00,0.00,11892.00,11892.00,2016,,Clark County Water Reclamation District,""
Rothman E Sosa,.INTERN II,11868.00,0.00,0.00,0.00,11868.00,11868.00,2016,,Clark County Water Reclamation District,""
Jennifer Q Tran,.INTERN I,11835.00,0.00,0.00,0.00,11835.00,11835.00,2016,,Clark County Water Reclamation District,""
Carlos A Mendoza,PROGRAM ASSISTANT,11082.00,0.00,0.00,0.00,11082.00,11082.00,2016,,Clark County Water Reclamation District,""
Michael G Pierson,PROGRAM ASSISTANT,11000.00,0.00,0.00,0.00,11000.00,11000.00,2016,,Clark County Water Reclamation District,""
Jeremy E Baggs,PROGRAM ASSISTANT,10746.00,0.00,0.00,0.00,10746.00,10746.00,2016,,Clark County Water Reclamation District,""
Rachel R Rodriguez,SR GIS ANALYST,5817.92,258.60,2435.87,2051.85,8512.39,10564.24,2016,,Clark County Water Reclamation District,""
Genelle Wallace,OFFICE SPECIALIST,10015.00,0.00,0.00,0.00,10015.00,10015.00,2016,,Clark County Water Reclamation District,""
Stanley Tat,.INTERN II,9286.25,6.38,0.00,0.00,9292.63,9292.63,2016,,Clark County Water Reclamation District,""
Darla C Cabrera,SR FINANCIAL OFFICE SPECIALIST,6566.59,6.82,582.08,2001.64,7155.49,9157.13,2016,,Clark County Water Reclamation District,""
Joseph S Rajchel,PROGRAM ASSISTANT,8370.00,15.00,0.00,0.00,8385.00,8385.00,2016,,Clark County Water Reclamation District,""
Glezzelle M Tapay,WRD LAB SAMPLE CUSTODIAN,5485.92,249.36,176.63,1652.42,5911.91,7564.33,2016,,Clark County Water Reclamation District,""
Dante D Soil,.INTERN II,7097.50,0.00,0.00,0.00,7097.50,7097.50,2016,,Clark County Water Reclamation District,""
Kelvin H Spendlove,WRD WASTEWATER PLANT OPNS SPECIALIST,1419.60,0.00,4113.05,1562.71,5532.65,7095.36,2016,,Clark County Water Reclamation District,""
Torres Francisco J Guzman-Torres,PROGRAM ASSISTANT,7013.39,0.00,0.00,0.00,7013.39,7013.39,2016,,Clark County Water Reclamation District,""
Eileen Umana,.INTERN II,6555.00,11.26,0.00,0.00,6566.26,6566.26,2016,,Clark County Water Reclamation District,""
Alexander R Arager,WRD WASTEWATER COLL SYS TECHNICIAN I,4664.00,7.95,424.00,1424.64,5095.95,6520.59,2016,,Clark County Water Reclamation District,""
Michael D Schindler,PROGRAM ASSISTANT,6412.50,0.00,0.00,0.00,6412.50,6412.50,2016,,Clark County Water Reclamation District,""
Tiera L Clark,.INTERN II,6187.50,0.00,0.00,0.00,6187.50,6187.50,2016,,Clark County Water Reclamation District,""
Dafhney P Ferrer,.INTERN I,6172.50,0.00,0.00,0.00,6172.50,6172.50,2016,,Clark County Water Reclamation District,""
Tyler D Gralapp,.INTERN II,5883.75,33.77,0.00,0.00,5917.52,5917.52,2016,,Clark County Water Reclamation District,""
Austin D Kadel,.INTERN II,5876.25,0.00,0.00,0.00,5876.25,5876.25,2016,,Clark County Water Reclamation District,""
Hunter J Soderquist,.INTERN I,5760.00,0.00,0.00,0.00,5760.00,5760.00,2016,,Clark County Water Reclamation District,""
Peter G Goedeke,WRD WASTEWATER COLL SYS TECHNICIAN I,4240.00,270.30,0.00,1187.20,4510.30,5697.50,2016,,Clark County Water Reclamation District,""
Tanner H Spendlove,.INTERN II,5280.00,0.00,0.00,0.00,5280.00,5280.00,2016,,Clark County Water Reclamation District,""
Grant D Runion,.INTERN I,4860.00,0.00,0.00,0.00,4860.00,4860.00,2016,,Clark County Water Reclamation District,""
Cody A Frechette,.INTERN II,4792.00,0.00,0.00,0.00,4792.00,4792.00,2016,,Clark County Water Reclamation District,""
Caitlyn J Anderson,.INTERN I,4046.25,0.00,0.00,0.00,4046.25,4046.25,2016,,Clark County Water Reclamation District,""
Xiomara J Figueroa,DEPARTMENTAL FISCAL SERVICES ADMINISTRATOR,3153.60,0.00,0.00,883.01,3153.60,4036.61,2016,,Clark County Water Reclamation District,""
Nicholas R Trujillo,PROGRAM ASSISTANT,3836.26,0.00,0.00,0.00,3836.26,3836.26,2016,,Clark County Water Reclamation District,""
Liza D Vernon,.INTERN II,3675.00,0.00,0.00,0.00,3675.00,3675.00,2016,,Clark County Water Reclamation District,""
Robert D Seelye,.INTERN II,3600.00,0.00,0.00,0.00,3600.00,3600.00,2016,,Clark County Water Reclamation District,""
Monica C Ponndee,SR FINANCIAL ANALYST,2500.00,0.00,0.00,700.00,2500.00,3200.00,2016,,Clark County Water Reclamation District,""
Ethan J Tash,.INTERN II,2876.25,0.00,0.00,0.00,2876.25,2876.25,2016,,Clark County Water Reclamation District,""
Joseph W Stewart,PROGRAM ASSISTANT,2200.00,0.00,0.00,0.00,2200.00,2200.00,2016,,Clark County Water Reclamation District,""
Fausto Vega,INTERN,2062.56,0.00,0.00,0.00,2062.56,2062.56,2016,,Clark County Water Reclamation District,""
Sheldon S Jones,INTERN,2046.00,0.00,0.00,0.00,2046.00,2046.00,2016,,Clark County Water Reclamation District,""
Michael A Spencer,INTERN,2043.95,0.00,0.00,0.00,2043.95,2043.95,2016,,Clark County Water Reclamation District,""
Lorza Genaro A Marcial-Lorza,INTERN,2041.88,0.00,0.00,0.00,2041.88,2041.88,2016,,Clark County Water Reclamation District,""
Audriana L Garcia,INTERN,2017.13,0.00,0.00,0.00,2017.13,2017.13,2016,,Clark County Water Reclamation District,""
Kristine Vicente,INTERN,1990.40,0.00,0.00,0.00,1990.40,1990.40,2016,,Clark County Water Reclamation District,""
Alexander M Wasiuta,INTERN,1980.00,0.00,0.00,0.00,1980.00,1980.00,2016,,Clark County Water Reclamation District,""
Chad L Oliver,INTERN,1914.00,0.00,0.00,0.00,1914.00,1914.00,2016,,Clark County Water Reclamation District,""
Miles M Moran,INTERN,1845.95,0.00,0.00,0.00,1845.95,1845.95,2016,,Clark County Water Reclamation District,""
Shelby M Messick,INTERN,1841.82,0.00,0.00,0.00,1841.82,1841.82,2016,,Clark County Water Reclamation District,""
Jorge A Cerros,TA INTERN,303.89,0.00,0.00,0.00,303.89,303.89,2016,,Clark County Water Reclamation District,""
John J O'connor,PARK MAINTENANCE WORKER II,0.00,0.00,0.00,0.00,0.00,0.00,2016,,Clark County Water Reclamation District,""
Irene T Ciauri,SR OFFICE SPECIALIST,0.00,0.00,0.00,-40.35,0.00,-40.35,2016,,Clark County Water Reclamation District,""
