Employee Name,Job Title,Base Pay,Overtime Pay,Other Pay,Benefits,Total Pay,Total Pay & Benefits,Year,Notes,Agency,Status
Rob Hopkins,District Manager,156826.88,0.00,0.00,67619.69,156826.88,224446.57,2016,,Douglas County Sewer Improvement District #1,""
Paula East-Janicki,Controller,127663.02,0.00,605.00,58778.66,128268.02,187046.68,2016,,Douglas County Sewer Improvement District #1,""
Michael Rogers,Lead Operator (Grade III or Better),94382.40,667.80,318.70,51101.04,95368.90,146469.94,2016,,Douglas County Sewer Improvement District #1,""
Frederick Howard,Lead Operator (Grade III or Better),89280.00,129.06,430.20,53808.48,89839.26,143647.74,2016,,Douglas County Sewer Improvement District #1,""
Nikolai Nikolov,Mechanical Maintenance Supervisor,81934.40,7515.49,0.00,45355.71,89449.89,134805.60,2016,,Douglas County Sewer Improvement District #1,""
Bradley Seals,Operator II,75114.00,579.15,7527.76,48830.49,83220.91,132051.40,2016,,Douglas County Sewer Improvement District #1,""
Charles Hull,Operator III,82044.00,174.15,9856.07,34597.08,92074.22,126671.30,2016,,Douglas County Sewer Improvement District #1,""
John Phillips,Operator I,69534.40,501.47,6687.05,49105.41,76722.92,125828.33,2016,,Douglas County Sewer Improvement District #1,""
Douglas Gibson,Operator II,73008.00,1105.65,4985.88,38747.97,79099.53,117847.50,2016,,Douglas County Sewer Improvement District #1,""
Michael Russell,Maintenance Mechanic,77880.40,1575.78,425.00,36949.26,79881.18,116830.44,2016,,Douglas County Sewer Improvement District #1,""
David Charlton,Operator I,69534.41,401.17,9839.76,31224.01,79775.34,110999.35,2016,,Douglas County Sewer Improvement District #1,""
Timothy Enterline,Operator I,73008.00,236.93,1354.81,35358.87,74599.74,109958.61,2016,,Douglas County Sewer Improvement District #1,""
Daniel Freyer,Maintenance Tech.,69513.60,3208.34,681.31,31933.12,73403.25,105336.37,2016,,Douglas County Sewer Improvement District #1,""
Moohn Koster,Board Member,25744.08,0.00,0.00,7208.34,25744.08,32952.42,2016,,Douglas County Sewer Improvement District #1,""
Moteven Johnson,Board Member,25744.08,0.00,0.00,7208.34,25744.08,32952.42,2016,,Douglas County Sewer Improvement District #1,""
Moichael Bradford,Board Chairman,25744.08,0.00,0.00,7208.34,25744.08,32952.42,2016,,Douglas County Sewer Improvement District #1,""
