Employee Name,Job Title,Base Pay,Overtime Pay,Other Pay,Benefits,Total Pay,Total Pay & Benefits,Year,Notes,Agency,Status
"Farnsworth, J",Public Wks Supervisor,26234.16,0.00,0.00,6342.00,26234.16,32576.16,2016,,Gerlach General Improvement District,""
"Jackson, S.",Office Manager,8760.00,0.00,0.00,0.00,8760.00,8760.00,2016,,Gerlach General Improvement District,""
"Baker, D",Transfer Station Attend.,6215.00,0.00,0.00,0.00,6215.00,6215.00,2016,,Gerlach General Improvement District,""
"Stocklas, A.",summer part time,2087.50,0.00,0.00,0.00,2087.50,2087.50,2016,,Gerlach General Improvement District,""
"Morley, Desiree",summer part time,511.51,0.00,0.00,0.00,511.51,511.51,2016,,Gerlach General Improvement District,""
"Mocq, J.",summer part time,396.00,0.00,0.00,0.00,396.00,396.00,2016,,Gerlach General Improvement District,""
"Ruiz de Macias, L",Custodian,380.00,0.00,0.00,0.00,380.00,380.00,2016,,Gerlach General Improvement District,""
"Hall, Cameron",summer part time,127.88,0.00,0.00,0.00,127.88,127.88,2016,,Gerlach General Improvement District,""
"Westberg, Deanna",summer part time,127.88,0.00,0.00,0.00,127.88,127.88,2016,,Gerlach General Improvement District,""
"Pellant, Jeremiah",summer part time,90.75,0.00,0.00,0.00,90.75,90.75,2016,,Gerlach General Improvement District,""
"Nash, Allen M/",IT Tech,75.00,0.00,0.00,0.00,75.00,75.00,2016,,Gerlach General Improvement District,""
