Employee Name,Job Title,Base Pay,Overtime Pay,Other Pay,Benefits,Total Pay,Total Pay & Benefits,Year,Notes,Agency,Status
Bradley A Johnson,DIRECTOR OF ENG & ASSET MGMT,156331.50,0.00,0.00,50933.41,156331.50,207264.91,2016,,Incline Village General Improvement District,""
Joseph J Pomroy,DIRECTOR OF PUBLIC WORKS,155105.91,0.00,0.00,50933.64,155105.91,206039.55,2016,,Incline Village General Improvement District,""
Steven Pinkerton,GENERAL MANAGER,158173.10,0.00,0.00,43203.80,158173.10,201376.90,2016,,Incline Village General Improvement District,""
Gerald W. Eick,Director of Finance,138767.40,0.00,0.00,41667.51,138767.40,180434.91,2016,,Incline Village General Improvement District,""
Sharon G Heider,DIRECTOR OF COMMUNITY SERVICES,134589.95,0.00,0.00,24775.36,134589.95,159365.31,2016,,Incline Village General Improvement District,""
Richard Charles Miller,PRINCIPAL ENGINEER,121784.71,0.00,0.00,32791.69,121784.71,154576.40,2016,,Incline Village General Improvement District,""
Mike Lee Bandelin,SKI RESORT GENERAL MANAGER,110796.63,0.00,0.00,39054.19,110796.63,149850.82,2016,,Incline Village General Improvement District,""
Jeffrey R Clouthier,GROUNDS SUPERINT. GOLF COURSES,98966.78,0.00,225.00,40109.66,99191.78,139301.44,2016,,Incline Village General Improvement District,""
Michael T Lefrancois,SENIOR ENGINEER,100351.08,0.00,0.00,36578.96,100351.08,136930.04,2016,,Incline Village General Improvement District,""
Indra S Winquest,DIRECTOR OF PARKS & RECREATION,95024.00,0.00,0.00,39242.46,95024.00,134266.46,2016,,Incline Village General Improvement District,""
Dee Carey,DIR HUMAN RESOURCES,94658.04,0.00,0.00,38578.68,94658.04,133236.72,2016,,Incline Village General Improvement District,""
Susan A Herron,EXECUTIVE ASSISTANT,92494.33,0.00,0.00,33289.30,92494.33,125783.63,2016,,Incline Village General Improvement District,""
Robert R Lochridge,UTILITIES SUPERINTENDENT,95194.68,0.00,0.00,30479.40,95194.68,125674.08,2016,,Incline Village General Improvement District,""
Carl Strohschein,SR. ELECTRICIAN/INSTRUM TECH,74502.27,7869.42,200.00,34931.84,82571.69,117503.53,2016,,Incline Village General Improvement District,""
Samantha M Kurashewich,PUBLIC WORKS ADMIN MANAGER,81589.90,0.00,0.00,33432.40,81589.90,115022.30,2016,,Incline Village General Improvement District,""
Timothy Lee Buxton,COMPLIANCE SUPRV/CHIEF INSPECT,78673.89,0.00,1000.00,29074.22,79673.89,108748.11,2016,,Incline Village General Improvement District,""
James E Youngblood,UTILITIES MAINT. SPECIALIST,86519.10,0.00,600.00,21402.95,87119.10,108522.05,2016,,Incline Village General Improvement District,""
Kenneth Bell,BUILDINGS SUPERINTENDENT,75454.03,0.00,300.00,32507.54,75754.03,108261.57,2016,,Incline Village General Improvement District,""
Jeffrey D Bendorf,COLLECTION/DISTRIBUTION SUPV,78392.11,0.00,600.00,29230.74,78992.11,108222.85,2016,,Incline Village General Improvement District,""
Richard D Allen,FLEET SUPERINTENDENT,78719.42,0.00,225.00,28536.59,78944.42,107481.01,2016,,Incline Village General Improvement District,""
Steven Phillips,PARK SUPERINTENDENT,75686.37,0.00,0.00,27546.25,75686.37,103232.62,2016,,Incline Village General Improvement District,""
William R Vandenburg,EXECUTIVE CHEF,65513.93,0.00,5000.00,31626.70,70513.93,102140.63,2016,,Incline Village General Improvement District,""
Michael V Lane,SR. IT ANALYST,71564.64,2050.00,0.00,27810.41,73614.64,101425.05,2016,,Incline Village General Improvement District,""
Curtis G Trujillo,SR. HR ANALYST/RISK MGMT,74348.37,0.00,0.00,24673.38,74348.37,99021.75,2016,,Incline Village General Improvement District,""
Michael J Murphy,WATER/WASTEWATER SUPERVISOR,66412.35,0.00,0.00,31391.26,66412.35,97803.61,2016,,Incline Village General Improvement District,""
Richard G Hight,CHEMIST,69675.84,333.09,150.00,27221.56,70158.93,97380.49,2016,,Incline Village General Improvement District,""
Steven A Gibbs,WATER/WASTEWATER OPERATOR III,62523.04,5483.62,500.00,27962.23,68506.66,96468.89,2016,,Incline Village General Improvement District,""
John Dollar,SAFETY SPECIALIST,64952.41,0.00,400.00,31049.42,65352.41,96401.83,2016,,Incline Village General Improvement District,""
William C Robbins,WATER/WASTEWATER OPERATOR II,60899.55,3290.00,200.00,31235.01,64389.55,95624.56,2016,,Incline Village General Improvement District,""
Alfonso Gutierrez,COLLECTION/DISTRIBUTION OP I,59008.03,8286.75,350.00,26513.53,67644.78,94158.31,2016,,Incline Village General Improvement District,""
Jon M Hackney,MECHANIC II CERTIFIED,61437.78,543.98,150.00,30797.66,62131.76,92929.42,2016,,Incline Village General Improvement District,""
Paul A Raymore,MARKETING MANAGER,67390.81,0.00,0.00,23508.79,67390.81,90899.60,2016,,Incline Village General Improvement District,""
Michael C Mccloskey,DIRECTOR OF GOLF OPERATIONS,62948.60,0.00,0.00,27190.24,62948.60,90138.84,2016,,Incline Village General Improvement District,""
Jr Robert E Olsen Jr,WATER/WASTEWATER OPERATOR II,55901.88,2855.00,200.00,30628.47,58956.88,89585.35,2016,,Incline Village General Improvement District,""
Keith P Rudd,ELECTRICIAN/INSTRUM TECH,57394.91,4473.01,200.00,27247.19,62067.92,89315.11,2016,,Incline Village General Improvement District,""
Denise M Springsteel,COMMUNITY SERVICES ANALYST,58880.97,0.00,0.00,29554.76,58880.97,88435.73,2016,,Incline Village General Improvement District,""
Misty A Moga,COMMUNICATIONS COORDINATOR,61333.95,0.00,0.00,25476.53,61333.95,86810.48,2016,,Incline Village General Improvement District,""
Andrew N Morris,COLLECTION/DISTRIBUTION OP II,50982.57,5270.65,350.00,29927.91,56603.22,86531.13,2016,,Incline Village General Improvement District,""
Justin A Bluhm,ASSISTANT BUILDINGS SUPT,57010.24,0.00,0.00,29376.55,57010.24,86386.79,2016,,Incline Village General Improvement District,""
Diana C Robb,ACCOUNTANT,57008.40,0.00,0.00,29132.55,57008.40,86140.95,2016,,Incline Village General Improvement District,""
Shaun J Riley,MOUNTAIN COURSE SUPERINTENDENT,66117.19,0.00,0.00,19087.63,66117.19,85204.82,2016,,Incline Village General Improvement District,""
Catherine Becker,SALES & EVENT COORDINATOR,53846.00,0.00,2575.00,28690.60,56421.00,85111.60,2016,,Incline Village General Improvement District,""
Carl Hill,DIRECTOR OF SKIER SERVICES,58090.77,0.00,0.00,26643.09,58090.77,84733.86,2016,,Incline Village General Improvement District,""
Christopher A Orton,COLLECTION/DISTRIBUTION OP II,49267.02,3766.10,550.00,30363.63,53583.12,83946.75,2016,,Incline Village General Improvement District,""
Darel C Barlow,INSPECTOR II,53728.14,0.00,0.00,29860.13,53728.14,83588.27,2016,,Incline Village General Improvement District,""
Kristopher R Stevens,MECHANIC II CERTIFIED,51768.62,0.00,250.00,30307.74,52018.62,82326.36,2016,,Incline Village General Improvement District,""
Daniel A Liggett,COLLECTION/DISTRIBUTION OP I,45572.08,5704.11,500.00,29929.81,51776.19,81706.00,2016,,Incline Village General Improvement District,""
Lisa R Hoopes,HUMAN RESOURCES ANALYST,52368.32,0.00,0.00,29218.52,52368.32,81586.84,2016,,Incline Village General Improvement District,""
Steven Scott Hubele,COLLECTION/DISTRIBUTION OP III,57897.04,4283.58,550.00,18216.60,62730.62,80947.22,2016,,Incline Village General Improvement District,""
Pete A Kelley,LIFT MANAGER,56304.99,0.00,0.00,24330.34,56304.99,80635.33,2016,,Incline Village General Improvement District,""
Lance E Rixmann,MECHANIC II,51105.26,0.00,0.00,29517.10,51105.26,80622.36,2016,,Incline Village General Improvement District,""
Melissa S Flaming,REVENUE OFFICE MANAGER,52270.81,0.00,75.00,28235.60,52345.81,80581.41,2016,,Incline Village General Improvement District,""
Marcus J Platt,BUDGET & REPORTING ANALYST,62242.59,0.00,0.00,17733.35,62242.59,79975.94,2016,,Incline Village General Improvement District,""
Travis J Riley,MECHANIC II,53232.42,610.07,500.00,25077.84,54342.49,79420.33,2016,,Incline Village General Improvement District,""
Victor A Gutierrez,IT NETWORK ADMINISTRATOR,59435.52,2900.00,0.00,16448.70,62335.52,78784.22,2016,,Incline Village General Improvement District,""
Wesley K Rau,MECHANIC II,48775.06,0.00,350.00,29196.72,49125.06,78321.78,2016,,Incline Village General Improvement District,""
Shelia A Leijon,REC MGR-FITNESS HLTH&WELLNESS,52419.41,0.00,0.00,24909.76,52419.41,77329.17,2016,,Incline Village General Improvement District,""
Shane L Goddard,RECREATION SUPERVISOR-SPORTS,49213.27,0.00,0.00,28076.51,49213.27,77289.78,2016,,Incline Village General Improvement District,""
Jennifer L Moore,RECREATION SUPERVISOR-SENIORS,57369.88,0.00,0.00,19508.58,57369.88,76878.46,2016,,Incline Village General Improvement District,""
Timothy D Bauer,WATER/WASTEWATER OPERATOR I,48268.52,3590.12,0.00,24309.27,51858.64,76167.91,2016,,Incline Village General Improvement District,""
Pandora L Bahlman,PARKS & RECREATION CENTER MGR,59195.81,0.00,0.00,16835.06,59195.81,76030.87,2016,,Incline Village General Improvement District,""
John C Coughlin,SLOPE MAINTENANCE MANAGER,58933.12,0.00,0.00,17081.70,58933.12,76014.82,2016,,Incline Village General Improvement District,""
John G Olson,LIFT ELECTRICIAN/MECHANIC,49533.38,0.00,0.00,25130.04,49533.38,74663.42,2016,,Incline Village General Improvement District,""
James E Russell,INFORMATION TECHNOLOGY MANAGER,63868.80,1100.00,0.00,9571.33,64968.80,74540.13,2016,,Incline Village General Improvement District,""
Kari M Ferguson,RECREATION SUPERVISOR-PROGRAMS,46161.42,0.00,0.00,28028.74,46161.42,74190.16,2016,,Incline Village General Improvement District,""
Toni R Langsfeld,ACCOUNTANT,52481.16,0.00,0.00,21228.29,52481.16,73709.45,2016,,Incline Village General Improvement District,""
Madonna Dunbar,RESOURCE CONSERVATIONIST,57021.90,0.00,0.00,16622.74,57021.90,73644.64,2016,,Incline Village General Improvement District,""
Veronike L Rector,PUBLIC WORKS CONTRACT ADMINSTR,44679.10,0.00,0.00,27931.05,44679.10,72610.15,2016,,Incline Village General Improvement District,""
Eric J Kertzman,SALES MANAGER,52931.30,0.00,0.00,18228.01,52931.30,71159.31,2016,,Incline Village General Improvement District,""
Selina Topete,WEBMASTER,48078.54,0.00,75.00,22582.65,48153.54,70736.19,2016,,Incline Village General Improvement District,""
Robert A Lyle,COLLECTION/DISTRIBUTION OP I,44420.36,4357.20,200.00,21634.65,48977.56,70612.21,2016,,Incline Village General Improvement District,""
Jeffrey A Donahue,INSPECTOR II,51874.54,3125.00,550.00,15057.33,55549.54,70606.87,2016,,Incline Village General Improvement District,""
Mary F Rosenthal,UTILITIES ASSET MGMT TECHNICIA,53006.01,0.00,0.00,16163.82,53006.01,69169.83,2016,,Incline Village General Improvement District,""
Timothy E Mckeon,BUILDINGS MAINT III-ELECTRICAL,47907.56,0.00,0.00,20779.20,47907.56,68686.76,2016,,Incline Village General Improvement District,""
Brett M Courtney,BUILDINGS MAINTENANCE III,43861.41,325.03,0.00,23632.57,44186.44,67819.01,2016,,Incline Village General Improvement District,""
Andrew J Haney,BUILDINGS MAINT III-CARPENTER,46890.27,0.00,0.00,20375.76,46890.27,67266.03,2016,,Incline Village General Improvement District,""
Lori Parsons,RECEPTIONIST/SR ADMIN CLERK,39425.29,0.00,75.00,27034.89,39500.29,66535.18,2016,,Incline Village General Improvement District,""
Teri S Fitzpatrick,PAYROLL COORDINATOR,49197.89,0.00,0.00,15515.13,49197.89,64713.02,2016,,Incline Village General Improvement District,""
John W Fardelmann,BUILDINGS MAINTENANCE II,41410.06,0.00,0.00,22201.05,41410.06,63611.11,2016,,Incline Village General Improvement District,""
Kenneth J Mattson,CHILD SKI CENTER DIRECTOR,45531.32,0.00,0.00,17055.83,45531.32,62587.15,2016,,Incline Village General Improvement District,""
Gwynne C Cunningham,RECREATION SUPERVISOR-AQUATICS,47909.23,0.00,0.00,14594.58,47909.23,62503.81,2016,,Incline Village General Improvement District,""
Robyn R Bradford,HEAD GOLF PRO/MOUNTAIN,44988.33,0.00,0.00,17478.74,44988.33,62467.07,2016,,Incline Village General Improvement District,""
John W Filippini,COLLECTION/DISTRIBUTION OP I,44394.51,31.22,550.00,17333.61,44975.73,62309.34,2016,,Incline Village General Improvement District,""
Don Hollingsworth,MAINTENANCE OPERATOR II,40427.52,1995.00,500.00,19079.48,42922.52,62002.00,2016,,Incline Village General Improvement District,""
Jeffrey L Morrison,BASE OPERATIONS MANAGER,38717.73,0.00,0.00,23258.89,38717.73,61976.62,2016,,Incline Village General Improvement District,""
Christopher J Lavery,ASST. REVENUE OFFICE MANAGER,38302.61,0.00,0.00,23648.15,38302.61,61950.76,2016,,Incline Village General Improvement District,""
Dennis R Griffiths,SKI PATROL DIRECTOR,46878.16,0.00,300.00,13209.24,47178.16,60387.40,2016,,Incline Village General Improvement District,""
Sarah G Vidra,PUBLIC WORKS PROGRAM COORD,40208.34,0.00,0.00,20075.00,40208.34,60283.34,2016,,Incline Village General Improvement District,""
Mary C Mccormick,RECEPTIONIST/SR ADMIN CLERK,38034.37,0.00,0.00,21667.44,38034.37,59701.81,2016,,Incline Village General Improvement District,""
Carol J Johnson,ADMINISTRATIVE TECHNICIAN,37985.77,0.00,150.00,21412.11,38135.77,59547.88,2016,,Incline Village General Improvement District,""
Erik A Castaneda,LIFT SUPERVISOR/MECHANIC,43478.75,0.00,0.00,14004.16,43478.75,57482.91,2016,,Incline Village General Improvement District,""
Jonpaul K Silva,ASSISTANT SLOPE MAINT MANAGER,39655.80,0.00,0.00,17124.79,39655.80,56780.59,2016,,Incline Village General Improvement District,""
Teresa K Sandberg,CUSTOMER SERVICE REPRESENTATIV,38092.51,0.00,0.00,18586.46,38092.51,56678.97,2016,,Incline Village General Improvement District,""
Pablo Ortega,METER READER,41344.71,0.00,0.00,14531.27,41344.71,55875.98,2016,,Incline Village General Improvement District,""
Ibarra Jose L Torres Ibarra,MAINTENANCE CREW FOREMAN,39922.45,0.00,0.00,15264.22,39922.45,55186.67,2016,,Incline Village General Improvement District,""
Samantha A Gough,PARKS SUPERVISOR,40945.40,0.00,0.00,14005.10,40945.40,54950.50,2016,,Incline Village General Improvement District,""
Thomas R Rosenthal,SR. PARKS & RECREATION CLERK,40552.00,0.00,0.00,13253.55,40552.00,53805.55,2016,,Incline Village General Improvement District,""
Jaclyn M Ream,MARKETING COORDINATOR,33217.28,0.00,0.00,19750.14,33217.28,52967.42,2016,,Incline Village General Improvement District,""
Hernandez Martin Olivares Hernandez,MAINTENANCE CREW FOREMAN,38217.83,0.00,150.00,14555.89,38367.83,52923.72,2016,,Incline Village General Improvement District,""
Lauren A Iida,EVENT COORDINATOR,39797.45,0.00,0.00,12447.83,39797.45,52245.28,2016,,Incline Village General Improvement District,""
Vanessa N Diaz,SR. PARKS & RECREATION CLERK,38731.46,0.00,0.00,13202.30,38731.46,51933.76,2016,,Incline Village General Improvement District,""
Christopher A Cardador,PARKS & REC. ADMIN SPECIALIST,40569.99,0.00,0.00,9311.18,40569.99,49881.17,2016,,Incline Village General Improvement District,""
Rebecca Sawyer,LABORATORY ANALYST I,29529.97,0.00,0.00,18790.54,29529.97,48320.51,2016,,Incline Village General Improvement District,""
Stephen J Zotter,SOUS CHEF,45498.29,0.00,0.00,0.00,45498.29,45498.29,2016,,Incline Village General Improvement District,""
Steven C Bell,ASSISTANT MECHANIC,31970.45,0.00,0.00,11764.52,31970.45,43734.97,2016,,Incline Village General Improvement District,""
Linzy Thompson,IT TECHNICIAN,28876.80,700.00,0.00,5737.05,29576.80,35313.85,2016,,Incline Village General Improvement District,""
Daniel Vargas,AQUATICS MAINTENANCE SPECLT,19315.00,0.00,0.00,9436.19,19315.00,28751.19,2016,,Incline Village General Improvement District,""
Maggie Vandenberg,SALES & EVENT COORDINATOR,21218.04,0.00,0.00,3667.73,21218.04,24885.77,2016,,Incline Village General Improvement District,""
Kirk D Panullo,WATER/WASTEWATER OIT,18279.98,0.00,0.00,4724.09,18279.98,23004.07,2016,,Incline Village General Improvement District,""
Dave Jenks,WATER/WASTEWATER SUPERVISOR,8926.91,0.00,0.00,6684.16,8926.91,15611.07,2016,,Incline Village General Improvement District,""
Jeffrey M Castro,IT TECHNICIAN,12770.82,400.00,0.00,1855.59,13170.82,15026.41,2016,,Incline Village General Improvement District,""
James W Hammerel,TRUSTEE,9000.00,0.00,0.00,0.00,9000.00,9000.00,2016,,Incline Village General Improvement District,""
Timothy G Callicrate,TRUSTEE,9000.00,0.00,0.00,0.00,9000.00,9000.00,2016,,Incline Village General Improvement District,""
Philip J Horan,TRUSTEE,9000.00,0.00,0.00,0.00,9000.00,9000.00,2016,,Incline Village General Improvement District,""
Kendra W Wong,TRUSTEE,9000.00,0.00,0.00,0.00,9000.00,9000.00,2016,,Incline Village General Improvement District,""
Matthew B Dent,TRUSTEE,9000.00,0.00,0.00,0.00,9000.00,9000.00,2016,,Incline Village General Improvement District,""
Ross Christensen,BANQUET CHEF,6600.00,0.00,0.00,1228.64,6600.00,7828.64,2016,,Incline Village General Improvement District,""
Kristine L Lebo,LABORATORY ANALYST I,2955.61,0.00,0.00,665.69,2955.61,3621.30,2016,,Incline Village General Improvement District,""
Stephanie R Koehler,RECEPTIONIST/ADMIN CLERK,2438.42,0.00,0.00,648.65,2438.42,3087.07,2016,,Incline Village General Improvement District,""
Stephen Bratset,WATER/WASTEWATER OIT,1941.94,0.00,0.00,610.13,1941.94,2552.07,2016,,Incline Village General Improvement District,""
Jason Rydd,MOUNTAIN OPERATIONS MANAGER,477.92,0.00,0.00,0.00,477.92,477.92,2016,,Incline Village General Improvement District,""
