Employee Name,Job Title,Base Pay,Overtime Pay,Other Pay,Benefits,Total Pay,Total Pay & Benefits,Year,Notes,Agency,Status
Troy Tanner,Police Chief,114426.22,0.00,18975.97,61052.52,133402.19,194454.71,2016,,Mesquite,""
Andrew Barton,City Manager,118032.04,0.00,12287.27,46016.26,130319.31,176335.57,2016,,Mesquite,""
Scott M. Taylor,Deputy Police Chief,98819.28,0.00,20052.03,54351.16,118871.31,173222.47,2016,,Mesquite,""
Bill Tanner,Public Wrk Director,100993.53,0.00,17295.02,42549.74,118288.55,160838.29,2016,,Mesquite,""
Robert Sweetin,City Attorney,109004.32,0.00,5069.40,43477.62,114073.72,157551.34,2016,,Mesquite,""
Kash Christopher,Fire Chief,99058.81,0.00,4594.84,53394.23,103653.65,157047.88,2016,,Mesquite,""
Tracy G. Fails,Police Sergeant,82545.60,11303.24,15122.93,47697.75,108971.77,156669.52,2016,,Mesquite,""
Richard L. Resnick,Deputy Fire Chief,90069.40,0.00,14851.47,50094.97,104920.87,155015.84,2016,,Mesquite,""
Christopher E. Rowley,Police Sergeant,75261.68,14185.56,19501.88,45077.05,108949.12,154026.17,2016,,Mesquite,""
Robert John Stepp,Police Sergeant,80525.13,10936.36,14434.41,47327.08,105895.90,153222.98,2016,,Mesquite,""
Joseph MaQuade Chesley,Police Captain,87611.26,0.00,15831.23,48915.18,103442.49,152357.67,2016,,Mesquite,""
David  R. Empey,FinanceDir/Treasurer,97685.46,0.00,12703.59,40379.67,110389.05,150768.72,2016,,Mesquite,""
John Derrick Woods,Detective Sergeant,74944.00,8502.93,20720.81,45655.60,104167.74,149823.34,2016,,Mesquite,""
Bradley J. Tobler,Corrections Sergeant,82495.79,3978.20,12047.75,47902.54,98521.74,146424.28,2016,,Mesquite,""
Jordan Bundy,Police Sergeant,67118.40,14988.77,21208.73,42501.38,103315.90,145817.28,2016,,Mesquite,""
Shawn Michael Tobler,Fire Captain,75869.50,13583.19,10411.40,45082.05,99864.09,144946.14,2016,,Mesquite,""
William Martinez,Fire Captain,73925.46,17153.57,9503.07,43281.81,100582.10,143863.91,2016,,Mesquite,""
Steven J. Bruehl,Police Officer,72660.00,4483.51,16389.14,45298.04,93532.65,138830.69,2016,,Mesquite,""
John J. III Gately,Fire Captain,74203.18,12056.13,6937.11,43773.29,93196.42,136969.71,2016,,Mesquite,""
Lance D. Newlin,Engineer Tech. II,87041.88,0.00,12359.58,37367.30,99401.46,136768.76,2016,,Mesquite,""
Richard C. Secrist,DevSvcs Director,85516.39,0.00,13556.13,37299.50,99072.52,136372.02,2016,,Mesquite,""
Gary Edward Erickson,Detective,65145.60,10999.71,16307.68,42526.99,92452.99,134979.98,2016,,Mesquite,""
Bradley Alan Swanson,Police Officer,72660.00,3996.31,13779.26,44013.94,90435.57,134449.51,2016,,Mesquite,""
Nicholas Frank Montoya,Director,81076.95,0.00,15936.99,36276.15,97013.94,133290.09,2016,,Mesquite,""
James Ian Douglas,Police Officer,72660.00,2496.39,12091.40,43590.72,87247.79,130838.51,2016,,Mesquite,""
John Robison,Facility Div. Mgr.,81561.07,0.00,11401.59,37073.73,92962.66,130036.39,2016,,Mesquite,""
Dale Eugene Tobler,Sr. Plans Examiner,77375.86,0.00,15779.69,35650.28,93155.55,128805.83,2016,,Mesquite,""
David Alejos,Police Officer/Detective,61716.80,9509.51,14284.06,38188.32,85510.37,123698.69,2016,,Mesquite,""
Darin L. Wilkins,Police Officer/Detective,69520.48,1464.08,9569.08,42549.84,80553.64,123103.48,2016,,Mesquite,""
Dirk Marshall,Director,73775.22,0.00,14323.73,34329.77,88098.95,122428.72,2016,,Mesquite,""
Spencer Keith Lewis,Firefighter/Paramed.,59941.94,18436.65,5383.39,37455.03,83761.98,121217.01,2016,,Mesquite,""
Mark W. Bramlage,St/Drain/Maint/Mgr.,73474.48,0.00,12154.77,34193.74,85629.25,119822.99,2016,,Mesquite,""
James M. Gleeson,Firefighter/Paramed.,63557.60,10108.54,6699.99,39226.95,80366.13,119593.08,2016,,Mesquite,""
"D. Thornton, Ryan",Firefighter/Paramed.,64282.64,7573.83,7799.04,39611.13,79655.51,119266.64,2016,,Mesquite,""
Wyatt K. Oliver,Police Officer,60124.50,7809.17,12474.89,38828.98,80408.56,119237.54,2016,,Mesquite,""
Aaron R. Baker,Assistant to the City Manager,73871.99,0.00,10778.94,33802.80,84650.93,118453.73,2016,,Mesquite,""
Michael Magadan,Police Officer,61497.60,3091.79,14069.58,39700.86,78658.97,118359.83,2016,,Mesquite,""
Lawrence Stewart,Police Officer,57469.20,8511.48,12857.01,38176.42,78837.69,117014.11,2016,,Mesquite,""
Randy L. Laub,Parks Superintendent,59400.96,0.00,26595.15,30120.56,85996.11,116116.67,2016,,Mesquite,""
Justin D. Goodsell,Police Officer/SRO,62698.24,2513.23,11263.79,39012.37,76475.26,115487.63,2016,,Mesquite,""
Jayson T. Andrus,Firefighter/Paramed.,61909.30,9189.76,5875.38,38220.52,76974.44,115194.96,2016,,Mesquite,""
"Jr. Macias, Jose L.",Animal Control Mgr.,61746.60,0.00,22864.15,30562.96,84610.75,115173.71,2016,,Mesquite,""
Michael D. Wangler,Firefighter/Paramed.,59945.12,11063.48,6988.83,37006.72,77997.43,115004.15,2016,,Mesquite,""
Craig C. Empey,Police Officer,61890.40,545.97,11938.50,39376.17,74374.87,113751.04,2016,,Mesquite,""
Manuel I. Talahytewa,Firefighter/Paramed.,61446.09,7669.84,5990.66,38455.26,75106.59,113561.85,2016,,Mesquite,""
Quinn Averett,Police Officer/Policy,56322.15,9384.03,11491.85,35879.80,77198.03,113077.83,2016,,Mesquite,""
Joseph Musser,Corrections Officer,56572.24,2717.60,14129.73,38273.31,73419.57,111692.88,2016,,Mesquite,""
Randall Earl Southwick,Police Officer,61212.25,855.82,10557.00,38355.93,72625.07,110981.00,2016,,Mesquite,""
David G. Neufeld,Firefighter/Paramed.,59945.12,7152.62,6183.33,37092.98,73281.07,110374.05,2016,,Mesquite,""
Dominic J. Giolito,Firefighter/Paramed.,59945.12,7087.14,6066.10,37261.73,73098.36,110360.09,2016,,Mesquite,""
Aprillynn S. LeBaron,Firefighter/Paramed.,59945.13,7709.31,5364.33,37256.45,73018.77,110275.22,2016,,Mesquite,""
IAN K MCOMIE,Police Officer,54795.04,5734.48,13661.70,35663.73,74191.22,109854.95,2016,,Mesquite,""
John E. Grassanovits,Corrections Officer,58391.92,1232.70,11363.93,37904.95,70988.55,108893.50,2016,,Mesquite,""
Jeffrey D Smith,Police Officer/OIC,60525.80,1586.82,7906.80,37514.06,70019.42,107533.48,2016,,Mesquite,""
Robin L Cude,Bldg Inspector,57061.04,146.79,19697.81,29220.58,76905.64,106126.22,2016,,Mesquite,""
Lonnie Dalton,Parks Field Supervisor,51489.92,0.00,26877.55,27435.56,78367.47,105803.03,2016,,Mesquite,""
Taylor Jace Bundy,Police Officer/OIC/Training Coordinator,57620.32,2247.66,9361.86,36381.85,69229.84,105611.69,2016,,Mesquite,""
Cody Thornley,Corrections Officer,55261.60,1207.95,12983.32,35692.05,69452.87,105144.92,2016,,Mesquite,""
Travis Anderson,Engineer,69122.40,0.00,4033.15,31952.72,73155.55,105108.27,2016,,Mesquite,""
Ryan S. Kammerer,ProgrammerAnalyst II,63185.94,0.00,11423.53,30479.10,74609.47,105088.57,2016,,Mesquite,""
Donna Ruth Peavy,Executive Assistant,56590.00,0.00,19269.25,28627.50,75859.25,104486.75,2016,,Mesquite,""
Randon Dean Potter,WWTP Supervisor,59907.84,0.00,14485.81,29963.16,74393.65,104356.81,2016,,Mesquite,""
Kenneth Reber,Dispatch,52264.00,5382.92,17653.76,28844.93,75300.68,104145.61,2016,,Mesquite,""
Dorothea K. Melendez,Accountant,62596.52,0.00,10701.52,30562.66,73298.04,103860.70,2016,,Mesquite,""
Georgina E. Mendez,HR Director,61715.22,0.00,11052.49,30148.38,72767.71,102916.09,2016,,Mesquite,""
Artie W. Shaner,Coll SysOperator IV/WWTP Ope II,51990.56,515.04,22233.27,27662.80,74738.87,102401.67,2016,,Mesquite,""
Drexel Meacham,Court Clerk II,55830.47,0.00,15846.67,29325.50,71677.14,101002.64,2016,,Mesquite,""
Jaime R Stout,Police Officer,50658.52,2543.76,11249.45,34429.24,64451.73,98880.97,2016,,Mesquite,""
Brent V. Knight,Corrections Officer,51370.98,190.88,11621.02,35225.36,63182.88,98408.24,2016,,Mesquite,""
Joy L. Eastwood,Executive Assistant,52149.52,603.12,17759.20,27071.26,70511.84,97583.10,2016,,Mesquite,""
Wayne W. Rasmussen,System Administrator,58825.20,0.00,9236.13,29448.96,68061.33,97510.29,2016,,Mesquite,""
Michael Sherman Bennett,Lead Dispatch,52424.00,5205.63,11720.99,27852.00,69350.62,97202.62,2016,,Mesquite,""
William Tyler Black,Firefighter/EMT,49646.16,7591.68,6362.54,33051.39,63600.38,96651.77,2016,,Mesquite,""
Lori Todd,Dispatch Supervisor,44436.80,5424.82,20783.76,24975.26,70645.38,95620.64,2016,,Mesquite,""
Kimberly Otero,Grants Specialist/Grants Specialist,50527.49,4734.95,13685.02,26602.72,68947.46,95550.18,2016,,Mesquite,""
Brian Hunter,Corrections Officer,50813.44,432.18,9862.59,33824.06,61108.21,94932.27,2016,,Mesquite,""
Ryan W. Toone,Municipal Court Judg,56250.03,0.00,9901.98,28648.80,66152.01,94800.81,2016,,Mesquite,""
Zebulon Jensen,Firefighter/Paramed.,49429.92,8691.48,4138.37,32233.80,62259.77,94493.57,2016,,Mesquite,""
Karen Hughes,Firefighter/Paramed.,51465.09,4085.96,4440.40,33024.38,59991.45,93015.83,2016,,Mesquite,""
Norman Nielsen,Firefighter/Paramed.,50746.44,4427.53,4147.72,33271.02,59321.69,92592.71,2016,,Mesquite,""
Tracy Beck,City Clerk,59615.39,0.00,3619.24,29311.32,63234.63,92545.95,2016,,Mesquite,""
Tysha L. Blaber,Admin.Assistant,48856.33,682.40,15946.63,26516.52,65485.36,92001.88,2016,,Mesquite,""
Melvin Edward Horrace,St/Drain Supervisor,50086.40,0.00,14602.75,27056.12,64689.15,91745.27,2016,,Mesquite,""
Ken J. Sandoval,WWTP Operator II,46664.33,937.02,18272.38,25774.33,65873.73,91648.06,2016,,Mesquite,""
Troy A. Robb,Firefighter/EMT,49099.20,4711.23,4402.11,32587.13,58212.54,90799.67,2016,,Mesquite,""
Maria G. Trujillo,Permit Technician,46038.68,0.00,18519.80,25527.98,64558.48,90086.46,2016,,Mesquite,""
Zachary G. Robison,Recreation Supervisor,44811.30,0.00,19353.99,25086.54,64165.29,89251.83,2016,,Mesquite,""
Lindy Hulet,Admin.Assistant,48660.02,0.00,14055.27,26379.76,62715.29,89095.05,2016,,Mesquite,""
Griseyda Belalcazar,Senior Services Sup,45447.08,0.00,17026.43,25683.34,62473.51,88156.85,2016,,Mesquite,""
Jesus David Gaytan-Gomez,Corrections Officer,42906.40,1043.75,10798.41,31787.90,54748.56,86536.46,2016,,Mesquite,""
Albert K Browning,Firefighter/EMT,45989.16,4525.74,4241.75,31209.99,54756.65,85966.64,2016,,Mesquite,""
Vickie Lee Anderson,Executive Assistant,45143.90,0.00,15055.09,25512.97,60198.99,85711.96,2016,,Mesquite,""
Sandra DePew,Dispatch,40977.60,6012.76,14551.03,23931.83,61541.39,85473.22,2016,,Mesquite,""
Loran Troy Stockwell,Auto Tech II,42337.93,0.00,17905.91,24409.81,60243.84,84653.65,2016,,Mesquite,""
Jeremiah Garcia,Wellness/Fit. Cordin,43220.41,0.00,16419.66,24849.60,59640.07,84489.67,2016,,Mesquite,""
Tony G Kirgan,Maint. Worker III,41776.80,0.00,17871.14,24731.80,59647.94,84379.74,2016,,Mesquite,""
Jesselyn N Bickley,Bus Lic/AsstPlnr,52308.50,0.00,4822.74,27105.32,57131.24,84236.56,2016,,Mesquite,""
Amy U Gale,Court Clerk II,42389.40,1537.94,15163.05,24360.21,59090.39,83450.60,2016,,Mesquite,""
Zacarias Espejo,Firefighter/EMT,42582.32,7236.51,3474.50,29821.20,53293.33,83114.53,2016,,Mesquite,""
Wesley E. Carter,Fac Maint Crew Leade,45168.40,0.00,12347.56,25561.76,57515.96,83077.72,2016,,Mesquite,""
Kristine Fowles,Admin.Assistant,43173.70,60.72,14961.74,24409.80,58196.16,82605.96,2016,,Mesquite,""
Richard Lynn Roberts,Maint. Worker III,47652.72,72.06,8441.35,26385.91,56166.13,82552.04,2016,,Mesquite,""
Jason Blakely,Firefighter/EMT,42323.68,7463.15,2787.47,29281.40,52574.30,81855.70,2016,,Mesquite,""
Terran B Leavitt,Firefighter/EMT,42323.68,6498.60,3221.03,29508.58,52043.31,81551.89,2016,,Mesquite,""
Wendy Medina,Records/EvidenceCler,47120.73,70.17,7652.22,25931.82,54843.12,80774.94,2016,,Mesquite,""
Miguel A. Mejia,Maint. Worker III,41377.28,629.03,14032.49,24358.01,56038.80,80396.81,2016,,Mesquite,""
Edward Curto,Maint. Worker III,42298.88,45.92,13246.77,24731.80,55591.57,80323.37,2016,,Mesquite,""
Gregory J Lovell,Police Officer,43718.04,68.64,6777.28,29452.61,50563.96,80016.57,2016,,Mesquite,""
Hilda Rodriguez,Dispatch,39782.40,1874.49,12563.12,23776.26,54220.01,77996.27,2016,,Mesquite,""
Armando Hernandez,Maint. Worker III,40021.76,414.98,13349.43,23891.14,53786.17,77677.31,2016,,Mesquite,""
Tyson B Kennedy,IT Specialist I,42754.39,0.00,8374.02,24447.64,51128.41,75576.05,2016,,Mesquite,""
Fernando Silveyra,Maint. Worker III,38312.96,0.00,13408.11,23353.50,51721.07,75074.57,2016,,Mesquite,""
Vicente Garcia,Auto Tech I,37913.60,738.30,12550.95,23106.42,51202.85,74309.27,2016,,Mesquite,""
Jhonathan J. Pantelakis,Maint. Worker III,38144.00,299.64,12370.79,23206.10,50814.43,74020.53,2016,,Mesquite,""
Walter Dalton,Animal Control  Offi,38878.61,2280.57,9461.39,23295.54,50620.57,73916.11,2016,,Mesquite,""
Jonathan A. Meierhoff,Utility Maintenance III,37221.20,136.35,12407.12,23086.94,49764.67,72851.61,2016,,Mesquite,""
Jose M. Ponce,Maint. Worker II,36662.64,678.60,12076.59,22890.45,49417.83,72308.28,2016,,Mesquite,""
Mariah Leah Jensen,Dispatch,38995.20,2497.48,6558.01,23570.04,48050.69,71620.73,2016,,Mesquite,""
Erika S. Mercado,San Billing Clerk,37180.82,168.51,11240.03,23018.80,48589.36,71608.16,2016,,Mesquite,""
Miguel A Sanchez,Dispatch,38995.20,2856.80,5857.45,23507.01,47709.45,71216.46,2016,,Mesquite,""
Beth Ann Caplinger,Receptionist,39670.61,0.00,7354.32,23818.45,47024.93,70843.38,2016,,Mesquite,""
Toni Tanner,Dispatch,38995.20,806.31,5227.34,23549.19,45028.85,68578.04,2016,,Mesquite,""
Krissy A. Hall,Sr. Program Assist,35514.66,415.51,9780.59,22448.37,45710.76,68159.13,2016,,Mesquite,""
Leora Hillius,Head Nutri. Cook,33300.02,735.39,9681.51,21685.59,43716.92,65402.51,2016,,Mesquite,""
Yvette Baltazar,Receptionist,31587.26,0.00,11903.02,21307.02,43490.28,64797.30,2016,,Mesquite,""
Drayton Woods,Maintenance Worker I,33603.37,1248.80,7264.05,21718.09,42116.22,63834.31,2016,,Mesquite,""
Stephanie J. Rowley,Data Entry Clerk,32395.20,0.00,9253.17,21337.55,41648.37,62985.92,2016,,Mesquite,""
Michelle Reber,Sanitation/Accounts Payable Clerk,34352.01,382.48,5991.08,21831.11,40725.57,62556.68,2016,,Mesquite,""
Travis J. Leavitt,Firefighter/EMT,33669.20,3157.69,1869.42,22312.40,38696.31,61008.71,2016,,Mesquite,""
Concepcion Felix,Nutrition Cook,29553.92,319.69,9692.20,21053.57,39565.81,60619.38,2016,,Mesquite,""
Armando Macias,Maint. Worker I,32734.80,178.62,5199.77,21336.46,38113.19,59449.65,2016,,Mesquite,""
Roberto Ceja,Maint. Worker I,32924.41,397.94,4507.91,21335.52,37830.26,59165.78,2016,,Mesquite,""
Challis T Barnum,Maint. Worker I,32422.62,871.61,4223.99,21243.61,37518.22,58761.83,2016,,Mesquite,""
Roland Cole Reber,Utility Maintenance I,32309.76,130.50,4288.06,21295.79,36728.32,58024.11,2016,,Mesquite,""
Elspeth M Kuta,Museum Coordinator,22931.79,0.00,3341.89,18407.11,26273.68,44680.79,2016,,Mesquite,""
Justin Perry,Police Officer,23566.40,0.00,3216.27,15980.43,26782.67,42763.10,2016,,Mesquite,""
Allan S. Litman,MAYOR,14999.92,0.00,3510.00,15955.60,18509.92,34465.52,2016,,Mesquite,""
Joshua P Wray,Records/EvidenceCler,20130.99,0.00,1282.62,12722.14,21413.61,34135.75,2016,,Mesquite,""
Michael Iverson,Police Officer,9155.20,1287.45,15113.39,5925.04,25556.04,31481.08,2016,,Mesquite,""
Ralph Alario,Fire Prevention Offi,30825.00,0.00,0.00,0.00,30825.00,30825.00,2016,,Mesquite,""
"J Strickler, Beau",Utility Maintenance III,17109.52,0.00,950.04,10907.95,18059.56,28967.51,2016,,Mesquite,""
George Rapson,Council,10500.10,0.00,2400.00,14735.07,12900.10,27635.17,2016,,Mesquite,""
William G Withelder,Council,10500.10,0.00,2400.00,14695.64,12900.10,27595.74,2016,,Mesquite,""
RICHARD GREEN,Council,10500.10,0.00,2400.00,14695.64,12900.10,27595.74,2016,,Mesquite,""
Cynthia Delaney,Council,10015.48,0.00,2300.00,13631.35,12315.48,25946.83,2016,,Mesquite,""
Jarrod D. Johnson,Fire/Rescue Medical,13501.44,0.00,0.00,11700.00,13501.44,25201.44,2016,,Mesquite,""
Kraig Hafen,Council,10015.48,0.00,0.00,13631.35,10015.48,23646.83,2016,,Mesquite,""
Filiberto Ontiveros,Dispatch/TAC,9224.88,958.10,7979.94,5004.04,18162.92,23166.96,2016,,Mesquite,""
Denzel Daniels,Police Officer,11897.60,0.00,1440.20,8118.69,13337.80,21456.49,2016,,Mesquite,""
Ryan Bodily,Firefighter/Paramed.,9333.30,1769.81,3230.74,6915.55,14333.85,21249.40,2016,,Mesquite,""
Ashlem L. Chacon,Dispatch,11724.80,0.00,916.00,7284.15,12640.80,19924.95,2016,,Mesquite,""
Daniel Felix,Utility Maintenance I,13864.80,164.70,200.00,1335.45,14229.50,15564.95,2016,,Mesquite,""
Janeece L. Noel,Recreation Instructo,13444.08,0.00,0.00,0.00,13444.08,13444.08,2016,,Mesquite,""
Michael VanHouten,Police Sergeant,1503.00,0.00,10792.38,1014.53,12295.38,13309.91,2016,,Mesquite,""
Robert Lyman,Seasonal Laborer,12633.10,0.00,0.00,0.00,12633.10,12633.10,2016,,Mesquite,""
Bailee Sleppy,Animal Control  Offi,11330.48,1152.90,0.00,0.00,12483.38,12483.38,2016,,Mesquite,""
Karen E Valdez,File Clerk,12460.50,0.00,0.00,0.00,12460.50,12460.50,2016,,Mesquite,""
Wendy Rasmussen,Recreation Instructo,9965.57,0.00,0.00,0.00,9965.57,9965.57,2016,,Mesquite,""
Laura Rivas,Senior Services Aide,9056.78,0.00,0.00,0.00,9056.78,9056.78,2016,,Mesquite,""
Robert Melendez,Seasonal Laborer,8698.60,0.00,0.00,0.00,8698.60,8698.60,2016,,Mesquite,""
Tyler C Williams,Seasonal Laborer,8560.98,0.00,0.00,0.00,8560.98,8560.98,2016,,Mesquite,""
Jenny Lewis,Recreation Instructo,8150.11,0.00,0.00,0.00,8150.11,8150.11,2016,,Mesquite,""
Isauro Mejia Sandoval,Rec. Aide,8078.20,0.00,0.00,0.00,8078.20,8078.20,2016,,Mesquite,""
Ginger Slack,Recreation Aide,6996.22,0.00,585.00,0.00,7581.22,7581.22,2016,,Mesquite,""
Gage Romero,Seasonal Laborer,7423.34,0.00,0.00,0.00,7423.34,7423.34,2016,,Mesquite,""
Janice Jones,File Clerk,7405.40,0.00,0.00,0.00,7405.40,7405.40,2016,,Mesquite,""
Vickie Lynn Herd,Recreation Aide,7351.40,0.00,0.00,0.00,7351.40,7351.40,2016,,Mesquite,""
Bonnie Miller,Senior Services Aide,7210.98,0.00,0.00,0.00,7210.98,7210.98,2016,,Mesquite,""
John Gleave,Recreation Aide,7144.90,0.00,0.00,0.00,7144.90,7144.90,2016,,Mesquite,""
Alexis Beaumont,Lifeguard I,6665.00,0.00,0.00,0.00,6665.00,6665.00,2016,,Mesquite,""
Jose Fernandez,Reserve FF/Paramedic,6630.00,0.00,0.00,0.00,6630.00,6630.00,2016,,Mesquite,""
Salvador Lopez,Reserve Fire/EMT,6456.00,0.00,0.00,0.00,6456.00,6456.00,2016,,Mesquite,""
Rich Martinez,Seasonal Laborer,6374.50,0.00,0.00,0.00,6374.50,6374.50,2016,,Mesquite,""
Kaden Laub,Lifeguard II WSI Ins,6103.63,0.00,0.00,0.00,6103.63,6103.63,2016,,Mesquite,""
Huk L. Todd,Reserve Fire/EMT,5490.00,0.00,0.00,0.00,5490.00,5490.00,2016,,Mesquite,""
Julie Beaumont,Sr.Transportation Dr,5459.87,0.00,0.00,0.00,5459.87,5459.87,2016,,Mesquite,""
Marcelo Lara,Seasonal Laborer,5370.65,0.00,0.00,0.00,5370.65,5370.65,2016,,Mesquite,""
Ceara Ellingford,Lifeguard I,5320.00,0.00,0.00,0.00,5320.00,5320.00,2016,,Mesquite,""
Cris M. Felix,Seasonal Laborer,5294.80,0.00,0.00,0.00,5294.80,5294.80,2016,,Mesquite,""
Cassie Powers,Lifeguard I,5282.50,0.00,0.00,0.00,5282.50,5282.50,2016,,Mesquite,""
Debra H. Kilp,Recreation Instructo,5256.35,0.00,0.00,0.00,5256.35,5256.35,2016,,Mesquite,""
Charles Val Woods,Museum Assistant,5045.94,0.00,0.00,0.00,5045.94,5045.94,2016,,Mesquite,""
Roy D Barnum,Senior Services Aide/Driver,4943.61,0.00,0.00,0.00,4943.61,4943.61,2016,,Mesquite,""
Spencer Cox,Recreation Aide,4911.34,0.00,0.00,0.00,4911.34,4911.34,2016,,Mesquite,""
Diego I Burriel,Lifeguard I,4762.50,0.00,0.00,0.00,4762.50,4762.50,2016,,Mesquite,""
Erin L. Wetzel,Reserve FF/Paramedic,4657.50,0.00,0.00,0.00,4657.50,4657.50,2016,,Mesquite,""
John A. Marotta,Code Enforcement,4560.00,0.00,0.00,0.00,4560.00,4560.00,2016,,Mesquite,""
Elizabeth De Leon,Lifeguard I,4535.00,0.00,0.00,0.00,4535.00,4535.00,2016,,Mesquite,""
Nicholas Cox,Lifeguard I,4530.00,0.00,0.00,0.00,4530.00,4530.00,2016,,Mesquite,""
Brooke White,Lifeguard II WSI Ins,4420.88,0.00,0.00,0.00,4420.88,4420.88,2016,,Mesquite,""
Peter G. Clayton,Museum Assistant,4367.61,0.00,0.00,0.00,4367.61,4367.61,2016,,Mesquite,""
Cody P. Jones,Lifeguard I,4230.00,0.00,0.00,0.00,4230.00,4230.00,2016,,Mesquite,""
Daniel Ramirez,Lifeguard I,4125.00,0.00,0.00,0.00,4125.00,4125.00,2016,,Mesquite,""
GG Misa,Reserve Fire/EMT,4062.00,0.00,0.00,0.00,4062.00,4062.00,2016,,Mesquite,""
Elizabeth P Jackson,Recreation Instructo,4055.25,0.00,0.00,0.00,4055.25,4055.25,2016,,Mesquite,""
Maria Garcia,Senior Services Aide,3983.39,0.00,0.00,0.00,3983.39,3983.39,2016,,Mesquite,""
Haley Allen,Recreation Aide,3973.07,0.00,0.00,0.00,3973.07,3973.07,2016,,Mesquite,""
Juan Vallejo,Recreation Aide,3952.41,0.00,0.00,0.00,3952.41,3952.41,2016,,Mesquite,""
Colby Jensen,Recreation Aide,3920.00,0.00,0.00,0.00,3920.00,3920.00,2016,,Mesquite,""
Cristobal De Santiago,Lifeguard I,3805.00,0.00,0.00,0.00,3805.00,3805.00,2016,,Mesquite,""
Joshua Bishop,Lifeguard I,3797.50,0.00,0.00,0.00,3797.50,3797.50,2016,,Mesquite,""
Jairo Vallejo,Recreation Aide,3460.94,0.00,0.00,0.00,3460.94,3460.94,2016,,Mesquite,""
Richard T. Morris,Crossing Guard,3432.03,0.00,0.00,0.00,3432.03,3432.03,2016,,Mesquite,""
Renee M. Morris,Crossing Guard,3390.73,0.00,0.00,0.00,3390.73,3390.73,2016,,Mesquite,""
Luke Durbin,Lifeguard I,3325.00,0.00,0.00,0.00,3325.00,3325.00,2016,,Mesquite,""
Curtis A. Badayos,Seasonal Laborer,3318.40,0.00,0.00,0.00,3318.40,3318.40,2016,,Mesquite,""
Cindy J Fields,Sr.Transportation Dr,3308.13,0.00,0.00,0.00,3308.13,3308.13,2016,,Mesquite,""
Corey Castillo,Reserve Fire/EMT,3273.00,0.00,0.00,0.00,3273.00,3273.00,2016,,Mesquite,""
Layton D Woods,Seasonal Laborer,3269.60,0.00,0.00,0.00,3269.60,3269.60,2016,,Mesquite,""
Allen Hunt,Crossing Guard,3237.92,0.00,0.00,0.00,3237.92,3237.92,2016,,Mesquite,""
Ali Jo Hillman,Recreation Aide,3194.57,0.00,0.00,0.00,3194.57,3194.57,2016,,Mesquite,""
Justin M Cazares,Lifeguard I,3135.00,0.00,0.00,0.00,3135.00,3135.00,2016,,Mesquite,""
Kaylie S Ellingford,Lifeguard I,3080.00,0.00,0.00,0.00,3080.00,3080.00,2016,,Mesquite,""
Jasmine Correa,Lifeguard I,3050.00,0.00,0.00,0.00,3050.00,3050.00,2016,,Mesquite,""
Austin Woods,Recreation Aide,3039.68,0.00,0.00,0.00,3039.68,3039.68,2016,,Mesquite,""
Ronald G. Taylor,Reserve FF/Paramedic,2992.50,0.00,0.00,0.00,2992.50,2992.50,2016,,Mesquite,""
Dillon R. Graves,City Attorney Interm Seasonal,2985.00,0.00,0.00,0.00,2985.00,2985.00,2016,,Mesquite,""
Ralph D Hayden,Seasonal Laborer,2952.40,0.00,0.00,0.00,2952.40,2952.40,2016,,Mesquite,""
Aileen Quinones,Lifeguard I,2897.50,0.00,0.00,0.00,2897.50,2897.50,2016,,Mesquite,""
Sinead Engleman,Animal Control  Offi,2863.75,0.00,0.00,0.00,2863.75,2863.75,2016,,Mesquite,""
Alicia M. Cueva,Lifeguard II WSI Ins,2852.00,0.00,0.00,0.00,2852.00,2852.00,2016,,Mesquite,""
Bailey Grimshaw,Lifeguard I,2735.00,0.00,0.00,0.00,2735.00,2735.00,2016,,Mesquite,""
Lori I Johnson,Reserve Fire/EMT,2694.00,0.00,0.00,0.00,2694.00,2694.00,2016,,Mesquite,""
Charles Burton,Bldg Inspector,2691.00,0.00,0.00,0.00,2691.00,2691.00,2016,,Mesquite,""
Natilyn Faught,Recreation Aide,2579.00,0.00,0.00,0.00,2579.00,2579.00,2016,,Mesquite,""
Todd M. Hudson,Seasonal Laborer,2281.40,205.88,0.00,0.00,2487.28,2487.28,2016,,Mesquite,""
Britton Wilson,Recreation Aide,2473.90,0.00,0.00,0.00,2473.90,2473.90,2016,,Mesquite,""
Kennedi Ludvigson,Lifeguard I,2372.14,0.00,0.00,0.00,2372.14,2372.14,2016,,Mesquite,""
Maria C Cuevas,Lifeguard I,2340.00,0.00,0.00,0.00,2340.00,2340.00,2016,,Mesquite,""
Kai Mitchell,City Attorney Interm Seasonal,2330.56,0.00,0.00,0.00,2330.56,2330.56,2016,,Mesquite,""
Victoria Goodsell,Lifeguard I,2295.00,0.00,0.00,0.00,2295.00,2295.00,2016,,Mesquite,""
Kylee Tobler,Lifeguard II WSI Ins,2231.00,0.00,0.00,0.00,2231.00,2231.00,2016,,Mesquite,""
Madison L Fielding,Lifeguard I,2195.00,0.00,0.00,0.00,2195.00,2195.00,2016,,Mesquite,""
Markell Ludvigson,Lifeguard II WSI Ins,2169.00,0.00,0.00,0.00,2169.00,2169.00,2016,,Mesquite,""
Taylor Waite,Lifeguard II WSI Ins,2156.50,0.00,0.00,0.00,2156.50,2156.50,2016,,Mesquite,""
Kennedy Alexander II,Reserve Fire/EMT,2094.00,0.00,0.00,0.00,2094.00,2094.00,2016,,Mesquite,""
Raymond R. McBride,Seasonal Laborer,2013.00,0.00,0.00,0.00,2013.00,2013.00,2016,,Mesquite,""
Bailee Noel,Recreation Aide,1972.08,0.00,0.00,0.00,1972.08,1972.08,2016,,Mesquite,""
Camri Ludvigson,Lifeguard I,1895.00,0.00,0.00,0.00,1895.00,1895.00,2016,,Mesquite,""
Matthew Garcia,Reserve Fire/EMT,1884.00,0.00,0.00,0.00,1884.00,1884.00,2016,,Mesquite,""
Maurice J Perkins,Lifeguard I,1867.50,0.00,0.00,0.00,1867.50,1867.50,2016,,Mesquite,""
Fernando Rodriguez,Lifeguard I,1810.00,0.00,0.00,0.00,1810.00,1810.00,2016,,Mesquite,""
Jayce Barnum,Recreation Aide,1800.68,0.00,0.00,0.00,1800.68,1800.68,2016,,Mesquite,""
Richi Kalivas,Recreation Aide,1742.88,0.00,0.00,0.00,1742.88,1742.88,2016,,Mesquite,""
Weston Wheeler,Reserve Fire/EMT,1740.00,0.00,0.00,0.00,1740.00,1740.00,2016,,Mesquite,""
Devin Cox,Lifeguard I,1715.00,0.00,0.00,0.00,1715.00,1715.00,2016,,Mesquite,""
Brian Wursten,Council,484.62,0.00,100.00,1119.97,584.62,1704.59,2016,,Mesquite,""
Laura Guimond,Lifeguard I,1530.40,0.00,0.00,0.00,1530.40,1530.40,2016,,Mesquite,""
Falen I Hafen,Recreation Aide,1478.54,0.00,0.00,0.00,1478.54,1478.54,2016,,Mesquite,""
Hanna Haviland,Recreation Aide,1457.91,0.00,0.00,0.00,1457.91,1457.91,2016,,Mesquite,""
Zackary L. Seaman,Lifeguard I,1397.50,0.00,0.00,0.00,1397.50,1397.50,2016,,Mesquite,""
Brayden Johnson,Recreation Aide,1358.79,0.00,0.00,0.00,1358.79,1358.79,2016,,Mesquite,""
Denton Dorn,Recreation Aide,1344.32,0.00,0.00,0.00,1344.32,1344.32,2016,,Mesquite,""
Marzette Williams,Reserve Fire/EMT,1284.00,0.00,0.00,0.00,1284.00,1284.00,2016,,Mesquite,""
Glen Wadsworth,Reserve EMT,1206.00,0.00,0.00,0.00,1206.00,1206.00,2016,,Mesquite,""
Merlin Hafen,Recreation Aide,1144.00,0.00,0.00,0.00,1144.00,1144.00,2016,,Mesquite,""
Ramsey Draskovich,Lifeguard I,1065.00,0.00,0.00,0.00,1065.00,1065.00,2016,,Mesquite,""
Jayson Brooks,Recreation Aide,1026.31,0.00,0.00,0.00,1026.31,1026.31,2016,,Mesquite,""
Roxana Posada,Drug/Alcohol Screen Technician,1005.00,0.00,0.00,0.00,1005.00,1005.00,2016,,Mesquite,""
Brayton L. Tobler,Recreation Aide,991.20,0.00,0.00,0.00,991.20,991.20,2016,,Mesquite,""
Alexis Santisteban,Reserve Fire/EMT,966.00,0.00,0.00,0.00,966.00,966.00,2016,,Mesquite,""
Corbin Raines,Reserve Fire/EMT,957.00,0.00,0.00,0.00,957.00,957.00,2016,,Mesquite,""
Zachary Barnum,Recreation Aide,956.10,0.00,0.00,0.00,956.10,956.10,2016,,Mesquite,""
Robert Pulver,Recreation Aide,920.99,0.00,0.00,0.00,920.99,920.99,2016,,Mesquite,""
Nathan D. Hull,Reserve Fire/EMT,876.00,0.00,0.00,0.00,876.00,876.00,2016,,Mesquite,""
Joshua R Abston,Reserve FF/EMT-Param,847.50,0.00,0.00,0.00,847.50,847.50,2016,,Mesquite,""
Alfred J. Belluomini JR,Reserve FF/Paramedic,810.00,0.00,0.00,0.00,810.00,810.00,2016,,Mesquite,""
Christopher V. Park,Recreation Aide,809.48,0.00,0.00,0.00,809.48,809.48,2016,,Mesquite,""
Macey Hughes,Sr.Transportation Dr,797.09,0.00,0.00,0.00,797.09,797.09,2016,,Mesquite,""
Chase White,Reserve Fire/EMT,738.00,0.00,0.00,0.00,738.00,738.00,2016,,Mesquite,""
David P. Ballweg,Council,484.62,0.00,100.00,144.97,584.62,729.59,2016,,Mesquite,""
Joel Matteson,Lifeguard I,710.00,0.00,0.00,0.00,710.00,710.00,2016,,Mesquite,""
Alejandro M Corral,Lifeguard I,685.00,0.00,0.00,0.00,685.00,685.00,2016,,Mesquite,""
Brett Tompkins,Reserve Fire/EMT,414.00,0.00,0.00,0.00,414.00,414.00,2016,,Mesquite,""
Rebekah Peoble,City Attorney Interm Seasonal,370.00,0.00,0.00,0.00,370.00,370.00,2016,,Mesquite,""
Ana L Parra,Lifeguard I,310.00,0.00,0.00,0.00,310.00,310.00,2016,,Mesquite,""
Mason Wigington,Recreation Aide,276.71,0.00,0.00,0.00,276.71,276.71,2016,,Mesquite,""
Jared Memmontt,Recreation Aide,198.24,0.00,0.00,0.00,198.24,198.24,2016,,Mesquite,""
