Employee Name,Job Title,Base Pay,Overtime Pay,Other Pay,Benefits,Total Pay,Total Pay & Benefits,Year,Notes,Agency,Status
John Lufrano,GM,90855.84,0.00,0.00,35827.18,90855.84,126683.02,2016,,Indian Hills General Improvement District,""
Andrew Joyner,sewer super,65214.41,0.00,0.00,32097.07,65214.41,97311.48,2016,,Indian Hills General Improvement District,""
Matthew Bell,water super,58132.26,1385.12,9077.32,28585.97,68594.70,97180.67,2016,,Indian Hills General Improvement District,""
Stacie Cobb,accountant,45336.14,0.00,0.00,26694.52,45336.14,72030.66,2016,,Indian Hills General Improvement District,""
Brooke Thompson,admin support,48684.02,213.00,0.00,23126.82,48897.02,72023.84,2016,,Indian Hills General Improvement District,""
Andrew Hickman,water tech,40962.63,1186.62,7872.91,21967.83,50022.16,71989.99,2016,,Indian Hills General Improvement District,""
Cheyane Housken,billing coordinator,42640.04,0.00,0.00,22802.85,42640.04,65442.89,2016,,Indian Hills General Improvement District,""
James Jenks,sewer operator,39754.40,529.40,4470.16,17006.89,44753.96,61760.85,2016,,Indian Hills General Improvement District,""
Mark Pfarr,field operator,40422.47,1040.96,22.50,16850.62,41485.93,58336.55,2016,,Indian Hills General Improvement District,""
Adam Day,field operator,39594.17,343.32,190.50,12322.71,40127.99,52450.70,2016,,Indian Hills General Improvement District,""
Ray Woodbridge,mechanic,32661.20,133.32,0.00,8689.11,32794.52,41483.63,2016,,Indian Hills General Improvement District,""
Thomas Mckinzey,mechanic,20507.14,46.79,0.00,10567.79,20553.93,31121.72,2016,,Indian Hills General Improvement District,""
Brian Green,water tech,2016.00,189.00,438.00,740.04,2643.00,3383.04,2016,,Indian Hills General Improvement District,""
