Employee Name,Job Title,Base Pay,Overtime Pay,Other Pay,Benefits,Total Pay,Total Pay & Benefits,Year,Notes,Agency,Status
CAMERON A. MCKAY,GENERAL MANAGER,Aggregate,Aggregate,Aggregate,53357.92,130922.28,184280.20,2016,,Kingsbury General Improvement District,""
BRANDON GARDEN,WATER OPERATOR,Aggregate,Aggregate,Aggregate,53369.51,86619.11,139988.62,2016,,Kingsbury General Improvement District,""
MICHELLE L. RUNTZEL,BUSINESS & CONTRACTS MANG,Aggregate,Aggregate,Aggregate,37230.72,87149.66,124380.38,2016,,Kingsbury General Improvement District,""
JASON M. HUDAK,WATER OPERATOR,Aggregate,Aggregate,Aggregate,43224.68,68209.96,111434.64,2016,,Kingsbury General Improvement District,""
JOSEPH ESENARRO,WATER OPERATOR,Aggregate,Aggregate,Aggregate,40787.85,62009.42,102797.27,2016,,Kingsbury General Improvement District,""
RICK L. VOSBURG,WATER OPERATOR,Aggregate,Aggregate,Aggregate,32701.19,61892.74,94593.93,2016,,Kingsbury General Improvement District,""
BYRAN D. MOSS,WATER OPERATOR,Aggregate,Aggregate,Aggregate,21948.80,70926.78,92875.58,2016,,Kingsbury General Improvement District,""
BRANDY JOHNS,BOOKKEEPER,Aggregate,Aggregate,Aggregate,36528.89,44993.79,81522.68,2016,,Kingsbury General Improvement District,""
ERIC A. JOHNSON,WATER OPERATOR,Aggregate,Aggregate,Aggregate,13876.29,66423.03,80299.32,2016,,Kingsbury General Improvement District,""
JOEL GOLIGOSKI,ROAD MAINT. SPECIALIST,Aggregate,Aggregate,Aggregate,35356.91,42665.29,78022.20,2016,,Kingsbury General Improvement District,""
JULIE A. SCHLAFFER-VOLTL,ADMIN CLERK/SECRETARY,Aggregate,Aggregate,Aggregate,28233.89,41021.38,69255.27,2016,,Kingsbury General Improvement District,""
ANGELA J. LA TELLA,ADMIN SUPPORT CLERK,Aggregate,Aggregate,Aggregate,28177.01,30954.01,59131.02,2016,,Kingsbury General Improvement District,""
KEVIN M. LIVINGSTON,ROAD MAINT. SPECIALIST,Aggregate,Aggregate,Aggregate,13657.95,23792.53,37450.48,2016,,Kingsbury General Improvement District,""
SHANE T MORTENSEN,WATER OPERATOR,Aggregate,Aggregate,Aggregate,0.00,15818.88,15818.88,2016,,Kingsbury General Improvement District,""
DANIEL A. NORMAN,TRUSTEE,Aggregate,Aggregate,Aggregate,1344.00,4800.00,6144.00,2016,,Kingsbury General Improvement District,""
JODIE NELSON,TRUSTEE,Aggregate,Aggregate,Aggregate,1344.00,4800.00,6144.00,2016,,Kingsbury General Improvement District,""
NATALIE YANISH,TRUSTEE,Aggregate,Aggregate,Aggregate,1344.00,4800.00,6144.00,2016,,Kingsbury General Improvement District,""
CRAIG B. SCHORR,TRUSTEE,Aggregate,Aggregate,Aggregate,1344.00,4800.00,6144.00,2016,,Kingsbury General Improvement District,""
DARYA J. VOGT,TRUSTEE,Aggregate,Aggregate,Aggregate,0.00,4800.00,4800.00,2016,,Kingsbury General Improvement District,""
SCOTT FOSTER,SEASONAL ROAD,Aggregate,Aggregate,Aggregate,0.00,2376.95,2376.95,2016,,Kingsbury General Improvement District,""
