Employee Name,Job Title,Base Pay,Overtime Pay,Other Pay,Benefits,Total Pay,Total Pay & Benefits,Year,Notes,Agency,Status
Rossi T Ralenkotter,President/CEO,388576.00,0.00,270107.06,109447.91,658683.06,768130.97,2016,,Las Vegas Convention and Visitors Authority,""
Terry M Jicinsky,Senior Vice President of Operations,202505.60,0.00,172995.23,70957.82,375500.83,446458.65,2016,,Las Vegas Convention and Visitors Authority,""
Rana D Lacer,Chief Financial Officer,229515.20,0.00,68700.80,74094.14,298216.00,372310.14,2016,,Las Vegas Convention and Visitors Authority,""
Paul L Puschnig,Legal Counsel,177947.20,0.00,128099.55,60876.36,306046.75,366923.11,2016,,Las Vegas Convention and Visitors Authority,""
Raymond P Suppe,Executive Director of Customer Safety,142833.60,0.00,142490.79,61423.50,285324.39,346747.89,2016,,Las Vegas Convention and Visitors Authority,""
Cathy M Tull,Senior Vice President of Marketing,208790.40,0.00,58630.40,73924.05,267420.80,341344.85,2016,,Las Vegas Convention and Visitors Authority,""
Kevin M Bagger,Executive Director of the Research Center,143724.80,0.00,110985.98,60429.84,254710.78,315140.62,2016,,Las Vegas Convention and Visitors Authority,""
Christian D Meyer,Vice President of Global Business Sales,175648.00,0.00,66921.89,64644.16,242569.89,307214.05,2016,,Las Vegas Convention and Visitors Authority,""
Hugh K Sinnock,Vice President of Customer Experience,147403.20,0.00,83607.45,52324.06,231010.65,283334.71,2016,,Las Vegas Convention and Visitors Authority,""
Michael S Goldsmith,Vice President of International Marketing,160537.60,0.00,49321.42,60413.25,209859.02,270272.27,2016,,Las Vegas Convention and Visitors Authority,""
Patrick D Coyne,Senior Director of Convention Services,89166.40,0.00,108108.82,43574.02,197275.22,240849.24,2016,,Las Vegas Convention and Visitors Authority,""
Margaret A Mcdaniel,Senior Manager of Extended Destinations,99828.80,0.00,94332.16,42231.85,194160.96,236392.81,2016,,Las Vegas Convention and Visitors Authority,""
Rafael M Villanueva,Senior Director of International Sales,119936.00,0.00,48340.24,44633.24,168276.24,212909.48,2016,,Las Vegas Convention and Visitors Authority,""
Penny L Marchell,Senior Manager of Purchasing,100416.02,0.00,68033.95,42849.12,168449.97,211299.09,2016,,Las Vegas Convention and Visitors Authority,""
John M Meyer,Sales Executive,83531.20,0.00,92496.31,34439.89,176027.51,210467.40,2016,,Las Vegas Convention and Visitors Authority,""
Deanne Stoney,Senior Manager of Convention Services,86789.60,0.00,80219.89,33754.47,167009.49,200763.96,2016,,Las Vegas Convention and Visitors Authority,""
Carolyn J Webb,Senior Manager of Financial Resources,101033.61,0.00,42951.60,45812.63,143985.21,189797.84,2016,,Las Vegas Convention and Visitors Authority,""
Valarie K Segarra,Executive Director of Strategic Initiatives,120136.00,0.00,19873.52,49100.80,140009.52,189110.32,2016,,Las Vegas Convention and Visitors Authority,""
Richard R Fletcher,Plumber Supervisor,82964.81,0.00,62482.38,32508.55,145447.19,177955.74,2016,,Las Vegas Convention and Visitors Authority,""
Marla J Laughlin,Director of Industry Relations,109180.80,0.00,25954.45,41621.78,135135.25,176757.03,2016,,Las Vegas Convention and Visitors Authority,""
John B Lawson,Senior Director of Industry Relations,110568.01,0.00,23805.08,42010.23,134373.09,176383.32,2016,,Las Vegas Convention and Visitors Authority,""
Joseph H Kissinger,Director of Regional Sales,111185.60,0.00,20780.88,43739.74,131966.48,175706.22,2016,,Las Vegas Convention and Visitors Authority,""
Lawrence H Roney,Executive Director of Information Technology,113884.80,0.00,15218.50,42938.92,129103.30,172042.22,2016,,Las Vegas Convention and Visitors Authority,""
Shannon S Anderegg,Senior Director of Finance & Accounting,109785.60,0.00,19941.92,41791.13,129727.52,171518.65,2016,,Las Vegas Convention and Visitors Authority,""
Amy J Riley,Senior Director of Business Sales,111953.63,0.00,15311.46,42162.01,127265.09,169427.10,2016,,Las Vegas Convention and Visitors Authority,""
John S Schreiber,Senior Director of Business Sales,108488.00,0.00,16958.40,41191.64,125446.40,166638.04,2016,,Las Vegas Convention and Visitors Authority,""
Robert Robillard,CMMS Administrator,95992.04,0.00,28963.56,40127.84,124955.60,165083.44,2016,,Las Vegas Convention and Visitors Authority,""
Barbara E Bolender,Chief Human Resources Officer,119140.00,0.00,9598.13,36316.11,128738.13,165054.24,2016,,Las Vegas Convention and Visitors Authority,""
Jeremy S Handel,Senior Director of Communications,99648.00,0.00,26240.77,38952.60,125888.77,164841.37,2016,,Las Vegas Convention and Visitors Authority,""
Taryle J Spain,Director of Client Services,97976.00,0.00,22673.81,40727.48,120649.81,161377.29,2016,,Las Vegas Convention and Visitors Authority,""
Marc D Johnson,Network Supervisor,107910.40,0.00,6115.52,45677.60,114025.92,159703.52,2016,,Las Vegas Convention and Visitors Authority,""
Devin H Lewis,Director of Regional Sales,101236.80,0.00,19170.22,38944.90,120407.02,159351.92,2016,,Las Vegas Convention and Visitors Authority,""
Kenneth M Haas,Sales Executive,98424.06,0.00,17693.47,43021.47,116117.53,159139.00,2016,,Las Vegas Convention and Visitors Authority,""
Scott W Russell,Director of the Research Center,104715.20,0.00,14017.76,40371.43,118732.96,159104.39,2016,,Las Vegas Convention and Visitors Authority,""
Todd C Becker,Systems Development Supervisor,107910.40,0.00,6215.52,41029.88,114125.92,155155.80,2016,,Las Vegas Convention and Visitors Authority,""
Lourdes Salvat-Lee,Senior Manager of Engineering,91950.41,0.00,22560.41,39306.65,114510.82,153817.47,2016,,Las Vegas Convention and Visitors Authority,""
Colleen M Yoshida,Senior Director of Advertising,98142.42,0.00,12964.45,42207.34,111106.87,153314.21,2016,,Las Vegas Convention and Visitors Authority,""
Christopher S Petrimoulx,Senior Manager of Accounting Operations,98054.42,0.00,12101.57,42917.93,110155.99,153073.92,2016,,Las Vegas Convention and Visitors Authority,""
Craig F Erlanger,Sales Executive,98424.02,0.00,14757.76,38373.74,113181.78,151555.52,2016,,Las Vegas Convention and Visitors Authority,""
Alfredo O Miranda,Service Worker,53862.40,633.81,68195.45,28725.38,122691.66,151417.04,2016,,Las Vegas Convention and Visitors Authority,""
John F Shiffler,Support Services Supervisor,94937.62,0.00,15668.36,39533.99,110605.98,150139.97,2016,,Las Vegas Convention and Visitors Authority,""
Robert J Naugle,Director of Marketing Systems,94756.82,0.00,12864.61,41994.64,107621.43,149616.07,2016,,Las Vegas Convention and Visitors Authority,""
Joseph Toro,Senior Manager of Engineering,88630.41,0.00,21615.77,39007.35,110246.18,149253.53,2016,,Las Vegas Convention and Visitors Authority,""
David R Cooper,Director of Facility Operations,96569.60,0.00,13970.75,38090.63,110540.35,148630.98,2016,,Las Vegas Convention and Visitors Authority,""
Stephen F Patterson,Senior Manager of Convention Services,77875.20,0.00,31703.47,38706.05,109578.67,148284.72,2016,,Las Vegas Convention and Visitors Authority,""
Milan C Marovich,Systems Administration Specialist,91651.21,0.00,12410.49,43345.53,104061.70,147407.23,2016,,Las Vegas Convention and Visitors Authority,""
Judy W Chambers,Sales Executive,98047.46,0.00,15738.27,33367.14,113785.73,147152.87,2016,,Las Vegas Convention and Visitors Authority,""
Robert L Jones,Director of Engineering,96310.40,0.00,17584.10,32880.77,113894.50,146775.27,2016,,Las Vegas Convention and Visitors Authority,""
James E Mcmichael,Specialty Markets Manager,96081.60,0.00,15527.68,32816.69,111609.28,144425.97,2016,,Las Vegas Convention and Visitors Authority,""
Joel Daniel Peterson,Sales Executive,86334.40,0.00,16622.99,40845.06,102957.39,143802.45,2016,,Las Vegas Convention and Visitors Authority,""
Lisa M Jacob,Director of News Bureau,92400.00,0.00,12587.55,36687.02,104987.55,141674.57,2016,,Las Vegas Convention and Visitors Authority,""
Chandler C Chao,Senior Web Developer,102604.80,0.00,4253.34,34643.21,106858.14,141501.35,2016,,Las Vegas Convention and Visitors Authority,""
Nicholas J Mattera,Senior Director of Digital Engagement,93760.00,0.00,15168.51,32166.64,108928.51,141095.15,2016,,Las Vegas Convention and Visitors Authority,""
Gregory G Mcdermott,Communications Supervisor,82964.83,2296.60,15920.47,38871.56,101181.90,140053.46,2016,,Las Vegas Convention and Visitors Authority,""
Sheila R Christensen,Executive Assistant to the President,95024.00,0.00,8171.39,36765.42,103195.39,139960.81,2016,,Las Vegas Convention and Visitors Authority,""
Jacqueline Dennis,Director of Communications,91228.80,0.00,12077.89,36359.08,103306.69,139665.77,2016,,Las Vegas Convention and Visitors Authority,""
Helen F Lavine,Convention Services Manager,78764.82,0.00,20134.74,39645.13,98899.56,138544.69,2016,,Las Vegas Convention and Visitors Authority,""
Kelly M Messina,Senior Director of Leisure Sales,92280.01,0.00,14502.13,31752.23,106782.14,138534.37,2016,,Las Vegas Convention and Visitors Authority,""
Janet M Denton,Senior Manager of Customer Experience,87953.61,0.00,9816.64,40089.72,97770.25,137859.97,2016,,Las Vegas Convention and Visitors Authority,""
Walter R Laub,Senior Manager of Engineering,85441.60,0.00,12556.56,39386.37,97998.16,137384.53,2016,,Las Vegas Convention and Visitors Authority,""
Suzanne M Tamayo-Soto,Traffic Manager,83656.00,0.00,13021.28,38886.40,96677.28,135563.68,2016,,Las Vegas Convention and Visitors Authority,""
Timothy W Volz,Fire Prevention Coordinator,82964.81,3704.32,7370.72,41458.82,94039.85,135498.67,2016,,Las Vegas Convention and Visitors Authority,""
Adam M Pennell,Internal Audit Manager,87840.00,0.00,7368.99,40057.90,95208.99,135266.89,2016,,Las Vegas Convention and Visitors Authority,""
Flor G Zozaya,Research Analyst,82014.45,0.00,16486.48,36659.95,98500.93,135160.88,2016,,Las Vegas Convention and Visitors Authority,""
Jose D Herrera,HVAC Supervisor,82964.83,1451.82,12823.63,37847.91,97240.28,135088.19,2016,,Las Vegas Convention and Visitors Authority,""
Michael W Roberson,Visitor Information Senior Supervisor,82014.46,0.00,16770.21,36238.97,98784.67,135023.64,2016,,Las Vegas Convention and Visitors Authority,""
Rick E Martin,Engineering Maintenance Supervisor,82964.87,6730.37,7779.31,37433.35,97474.55,134907.90,2016,,Las Vegas Convention and Visitors Authority,""
Lisa D Hunter,Sales Executive,79646.41,0.00,15589.71,38878.77,95236.12,134114.89,2016,,Las Vegas Convention and Visitors Authority,""
Glenn P Adams,Mechanic-Welder Supervisor,82964.85,133.45,12197.12,37633.65,95295.42,132929.07,2016,,Las Vegas Convention and Visitors Authority,""
Rebecca K Deluca,Sales Executive,81798.40,0.00,15864.54,35099.93,97662.94,132762.87,2016,,Las Vegas Convention and Visitors Authority,""
Cheryl S Smith,Specialty Markets Manager,82297.60,0.00,11789.60,38506.05,94087.20,132593.25,2016,,Las Vegas Convention and Visitors Authority,""
Brenda J Williams,Human Resources Administrator,72862.40,0.00,20170.57,38873.40,93032.97,131906.37,2016,,Las Vegas Convention and Visitors Authority,""
Javier Mendez Ramirez,Senior Business Partner,84060.80,0.00,8432.70,38999.76,92493.50,131493.26,2016,,Las Vegas Convention and Visitors Authority,""
Joy L Holland,Lead Accountant,72862.45,0.00,23804.65,33623.78,96667.10,130290.88,2016,,Las Vegas Convention and Visitors Authority,""
Robin R Valenta,Sales Executive,85265.60,0.00,13848.38,31072.57,99113.98,130186.55,2016,,Las Vegas Convention and Visitors Authority,""
Craig L Brodsky,HR Information Systems Manager,83385.60,0.00,7509.89,38810.72,90895.49,129706.21,2016,,Las Vegas Convention and Visitors Authority,""
Ruth E Kim,International Market Manager,83926.40,0.00,10644.22,34550.55,94570.62,129121.17,2016,,Las Vegas Convention and Visitors Authority,""
Jill A Reynolds,Research Analyst,80323.20,0.00,13108.80,35603.79,93432.00,129035.79,2016,,Las Vegas Convention and Visitors Authority,""
Cherie L Westbrook,Sales Executive,83209.60,0.00,11167.26,34349.83,94376.86,128726.69,2016,,Las Vegas Convention and Visitors Authority,""
Christopher C Marsh,Telecommunications Supervisor,89752.04,0.00,6932.75,31044.43,96684.79,127729.22,2016,,Las Vegas Convention and Visitors Authority,""
William Tsang,Services Manager,81257.60,0.00,8880.99,37363.45,90138.59,127502.04,2016,,Las Vegas Convention and Visitors Authority,""
Cindy L Gruber,Associate Convention Services Manager,73510.42,0.00,19606.43,34002.15,93116.85,127119.00,2016,,Las Vegas Convention and Visitors Authority,""
Holly A Dennis,Administrative Services Coordinator,72862.47,0.00,15838.94,37901.14,88701.41,126602.55,2016,,Las Vegas Convention and Visitors Authority,""
Katja M Spitz,International Market Manager,82638.40,0.00,9725.49,33953.77,92363.89,126317.66,2016,,Las Vegas Convention and Visitors Authority,""
Jennelle S Brewer,Industry Relations Manager,73894.40,0.00,23558.17,28689.36,97452.57,126141.93,2016,,Las Vegas Convention and Visitors Authority,""
Blane A Blood,Services Supervisor,73707.26,1292.76,11475.05,39184.04,86475.07,125659.11,2016,,Las Vegas Convention and Visitors Authority,""
Heidi Hayes Pretty,Director of Communications,77851.20,0.00,10528.35,37261.06,88379.55,125640.61,2016,,Las Vegas Convention and Visitors Authority,""
Kevin L Aivaz,Convention Services Manager,81808.00,0.00,10536.26,33292.98,92344.26,125637.24,2016,,Las Vegas Convention and Visitors Authority,""
Glenda Damian,Industry Relations Manager,77488.00,0.00,10649.50,37159.34,88137.50,125296.84,2016,,Las Vegas Convention and Visitors Authority,""
Raymond P Youshock,Life Systems Coordinator,81877.60,2294.56,5455.86,35666.89,89628.02,125294.91,2016,,Las Vegas Convention and Visitors Authority,""
Miles A Rodela,Services Supervisor,73707.31,2615.63,13661.64,35281.85,89984.58,125266.43,2016,,Las Vegas Convention and Visitors Authority,""
Alfred Carletta,Facility Support Supervisor,82964.82,443.59,5630.40,35601.02,89038.81,124639.83,2016,,Las Vegas Convention and Visitors Authority,""
Anthony Christopher Duggan,Sales Executive,80300.80,0.00,14115.68,29522.27,94416.48,123938.75,2016,,Las Vegas Convention and Visitors Authority,""
Casey J Shields,Sales Executive,83998.43,0.00,10427.20,29433.39,94425.63,123859.02,2016,,Las Vegas Convention and Visitors Authority,""
Mary Grypeos,Graphics Supervisor,82964.87,0.00,9128.62,31643.98,92093.49,123737.47,2016,,Las Vegas Convention and Visitors Authority,""
Geraldine M Denman-Gray,Control Center Supervisor,76590.41,0.00,10147.21,36908.01,86737.62,123645.63,2016,,Las Vegas Convention and Visitors Authority,""
Carol A Chelian,Registration Services Senior Supervisor,76840.00,0.00,11917.51,34630.22,88757.51,123387.73,2016,,Las Vegas Convention and Visitors Authority,""
Leigh A Einstoss,Convention Services Manager,75860.82,0.00,9956.72,36703.74,85817.54,122521.28,2016,,Las Vegas Convention and Visitors Authority,""
Victor M Fernandez,Sales Executive,78908.81,0.00,5293.34,37557.19,84202.15,121759.34,2016,,Las Vegas Convention and Visitors Authority,""
Davy Ann Noahr,Administrative Traffic Supervisor,76830.40,0.00,14994.44,29747.60,91824.84,121572.44,2016,,Las Vegas Convention and Visitors Authority,""
Sherreth Y Jones,Administrative Assistant,71139.21,923.97,15812.80,32973.69,87875.98,120849.67,2016,,Las Vegas Convention and Visitors Authority,""
Anthony M Freitas,Services Supervisor,73707.29,875.64,12067.12,33916.24,86650.05,120566.29,2016,,Las Vegas Convention and Visitors Authority,""
Brian H Schreur,Graphics Technician,68211.25,389.04,14538.64,36661.77,83138.93,119800.70,2016,,Las Vegas Convention and Visitors Authority,""
Kelly M Sawyer,International Market Manager,76279.20,0.00,11056.06,32173.18,87335.26,119508.44,2016,,Las Vegas Convention and Visitors Authority,""
Adam M Gordon,Sales Executive,78569.62,0.00,12931.10,27913.37,91500.72,119414.09,2016,,Las Vegas Convention and Visitors Authority,""
Teri L Sundberg,Security Sergeant,73171.22,1796.97,10292.22,33508.87,85260.41,118769.28,2016,,Las Vegas Convention and Visitors Authority,""
Douglas Djr Medberry,Services Supervisor,73707.21,3203.65,11510.38,30012.76,88421.24,118434.00,2016,,Las Vegas Convention and Visitors Authority,""
Katrina N Trombley,Director of Purchasing & Business Services,83470.40,0.00,6652.55,28299.88,90122.95,118422.83,2016,,Las Vegas Convention and Visitors Authority,""
James R Bailey,HVAC Technician,68211.20,5462.28,11550.88,32808.10,85224.36,118032.46,2016,,Las Vegas Convention and Visitors Authority,""
Dennis W Logan,HVAC Technician,68211.26,149.26,12213.56,37097.37,80574.08,117671.45,2016,,Las Vegas Convention and Visitors Authority,""
Nicholas Giannetti,Sales Executive,71864.00,0.00,13499.78,32179.18,85363.78,117542.96,2016,,Las Vegas Convention and Visitors Authority,""
Alexander G Land,Sales Executive,73195.22,0.00,16887.31,27433.24,90082.53,117515.77,2016,,Las Vegas Convention and Visitors Authority,""
Robert A Anderson,Materials Management Manager,77768.08,0.00,7572.11,32161.78,85340.19,117501.97,2016,,Las Vegas Convention and Visitors Authority,""
Paula R Rodgers,News Bureau Assistant,72862.40,0.00,10055.01,33795.44,82917.41,116712.85,2016,,Las Vegas Convention and Visitors Authority,""
Marvin Menesini,Safety Manager,75267.03,0.00,9468.96,31889.78,84735.99,116625.77,2016,,Las Vegas Convention and Visitors Authority,""
Veronica A Cortez,Administrative Secretary,67433.61,1920.91,10626.01,36484.33,79980.53,116464.86,2016,,Las Vegas Convention and Visitors Authority,""
Arturo R Mendoza-Miranda,Building Engineer,68211.20,653.12,13879.14,33148.51,82743.46,115891.97,2016,,Las Vegas Convention and Visitors Authority,""
Nancy Ann Lee,Executive Assistant,75774.44,0.00,6124.21,33370.88,81898.65,115269.53,2016,,Las Vegas Convention and Visitors Authority,""
August L Hodges,Communications Technician,68211.20,2991.69,11390.52,32492.77,82593.41,115086.18,2016,,Las Vegas Convention and Visitors Authority,""
Brian P Edwards,International MICE Manager,73911.21,0.00,13306.41,27433.52,87217.62,114651.14,2016,,Las Vegas Convention and Visitors Authority,""
James R Null,Services Supervisor,73536.67,866.56,6743.93,33428.60,81147.16,114575.76,2016,,Las Vegas Convention and Visitors Authority,""
Lisa A Culpepper,Information Technology Coordinator,72862.43,0.00,12670.77,28809.16,85533.20,114342.36,2016,,Las Vegas Convention and Visitors Authority,""
Joseph M Gargiulo,Mechanic-Welder,68211.23,74.77,8995.20,37012.64,77281.20,114293.84,2016,,Las Vegas Convention and Visitors Authority,""
Mark W Hamilton,Systems Technician,72862.43,0.00,10222.60,31194.03,83085.03,114279.06,2016,,Las Vegas Convention and Visitors Authority,""
Jon L Lyttle,Electrician,68211.21,3355.47,9353.02,33305.34,80919.70,114225.04,2016,,Las Vegas Convention and Visitors Authority,""
Tony S Simos,Internal Auditor,74014.44,0.00,3643.12,36186.75,77657.56,113844.31,2016,,Las Vegas Convention and Visitors Authority,""
Dennis M Nowak,Graphics Technician,68211.23,598.45,12224.32,32543.37,81034.00,113577.37,2016,,Las Vegas Convention and Visitors Authority,""
William K Hoopii,Grounds Supervisor,69355.22,1783.71,9699.69,32443.67,80838.62,113282.29,2016,,Las Vegas Convention and Visitors Authority,""
Christopher M Moeslacher,Convention Services Manager,69699.20,0.00,8543.20,34978.51,78242.40,113220.91,2016,,Las Vegas Convention and Visitors Authority,""
Timothy S Lima,Communications Supervisor,72956.86,1465.55,9986.84,28697.01,84409.25,113106.26,2016,,Las Vegas Convention and Visitors Authority,""
Susan M Yoder,CMMS Coordinator,67433.62,0.00,12926.12,32680.28,80359.74,113040.02,2016,,Las Vegas Convention and Visitors Authority,""
Karen Choflet,Administrative Assistant,72286.47,0.00,12459.07,28075.91,84745.54,112821.45,2016,,Las Vegas Convention and Visitors Authority,""
Jill M Whitfield,Database Marketing Manager,69632.00,0.00,8225.76,34959.70,77857.76,112817.46,2016,,Las Vegas Convention and Visitors Authority,""
Michael J Smith,Building Engineer,68211.23,398.76,7485.65,36624.99,76095.64,112720.63,2016,,Las Vegas Convention and Visitors Authority,""
Neal D Carroll,HVAC Technician,68211.25,1768.91,10188.56,32535.67,80168.72,112704.39,2016,,Las Vegas Convention and Visitors Authority,""
Mark D Montoya,Portable Systems Technician,72862.46,302.13,3643.12,35864.21,76807.71,112671.92,2016,,Las Vegas Convention and Visitors Authority,""
Jean A Burdett,Transportation Coordinator,78873.60,0.00,5452.42,27998.48,84326.02,112324.50,2016,,Las Vegas Convention and Visitors Authority,""
Barbara L Munoz,Administrative Coordinator,74587.23,0.00,5885.57,31699.44,80472.80,112172.24,2016,,Las Vegas Convention and Visitors Authority,""
Kelly J Simons,Building Engineer,68211.21,1415.02,14060.84,28305.34,83687.07,111992.41,2016,,Las Vegas Convention and Visitors Authority,""
Fernando Hurtado,International Market Manager,68788.00,0.00,8036.94,34723.35,76824.94,111548.29,2016,,Las Vegas Convention and Visitors Authority,""
Fred F Day,Plumber,68211.21,658.37,9773.92,32821.80,78643.50,111465.30,2016,,Las Vegas Convention and Visitors Authority,""
Mark N Carlos,Building Engineer,68211.24,448.61,6116.98,36274.64,74776.83,111051.47,2016,,Las Vegas Convention and Visitors Authority,""
Maria R Ramirez,Destination Services Manager,72206.44,0.00,7671.70,31032.79,79878.14,110910.93,2016,,Las Vegas Convention and Visitors Authority,""
Tyler W Weiss,Services Supervisor,71212.80,1404.33,9682.99,28546.95,82300.12,110847.07,2016,,Las Vegas Convention and Visitors Authority,""
Johnny E Boggs,Electrician Supervisor,73171.23,785.58,8089.93,28591.24,82046.74,110637.98,2016,,Las Vegas Convention and Visitors Authority,""
Earl L Easterling,Security Sergeant,70992.01,2782.48,4729.91,31929.66,78504.40,110434.06,2016,,Las Vegas Convention and Visitors Authority,""
Thomas R Emme,HVAC Technician,68211.20,2373.12,8303.47,31466.56,78887.79,110354.35,2016,,Las Vegas Convention and Visitors Authority,""
Paul W Mccutcheon,Communications Technician,66463.21,3865.96,4887.00,35122.20,75216.17,110338.37,2016,,Las Vegas Convention and Visitors Authority,""
Joseph A Sullivan,HVAC Technician,68211.20,1889.27,7732.87,32414.60,77833.34,110247.94,2016,,Las Vegas Convention and Visitors Authority,""
Daniel L Rath,Building Engineer,65939.20,1424.87,7098.97,35699.81,74463.04,110162.85,2016,,Las Vegas Convention and Visitors Authority,""
Lori A Lewis,Digital Marketing Coordinator,75774.44,27.32,7212.44,27130.67,83014.20,110144.87,2016,,Las Vegas Convention and Visitors Authority,""
Todd M Messett,Project Manager,74902.40,0.00,8319.39,26886.53,83221.79,110108.32,2016,,Las Vegas Convention and Visitors Authority,""
Stacie R Lee Burgess,Administrative Secretary,67433.64,72.95,10411.75,31691.11,77918.34,109609.45,2016,,Las Vegas Convention and Visitors Authority,""
Laura C Haven,Project Analyst,76812.00,0.00,5355.17,27421.18,82167.17,109588.35,2016,,Las Vegas Convention and Visitors Authority,""
Rose F Rath,Database Marketing Administrator,75774.47,0.00,2373.23,31375.57,78147.70,109523.27,2016,,Las Vegas Convention and Visitors Authority,""
Derek A Pinnock,Senior Manager of Security,73846.40,0.00,8917.60,26590.83,82764.00,109354.83,2016,,Las Vegas Convention and Visitors Authority,""
Mark A Scalise,Engineering Supervisor,74393.60,2672.38,848.80,31350.43,77914.78,109265.21,2016,,Las Vegas Convention and Visitors Authority,""
Floridelisse H Laculeanu,Communications Assistant,67433.61,0.00,9858.79,31937.80,77292.40,109230.20,2016,,Las Vegas Convention and Visitors Authority,""
William G Flangas,Convention Services Manager,73894.40,0.00,8429.54,26604.24,82323.94,108928.18,2016,,Las Vegas Convention and Visitors Authority,""
Glenn B Gamatero,Building Engineer,66148.84,498.45,6520.36,35741.24,73167.65,108908.89,2016,,Las Vegas Convention and Visitors Authority,""
Jeffrey R Reber,Service Worker,53862.40,636.00,30203.31,23673.10,84701.71,108374.81,2016,,Las Vegas Convention and Visitors Authority,""
Mark J Gerhardson,Plumber,68211.23,2511.32,9415.50,28145.78,80138.05,108283.83,2016,,Las Vegas Convention and Visitors Authority,""
Stephen D Zahn,Building Engineer,68211.24,398.76,7833.55,31838.78,76443.55,108282.33,2016,,Las Vegas Convention and Visitors Authority,""
Jennifer L Curry-Eke,Financial Analyst,68177.61,0.00,5389.70,34552.43,73567.31,108119.74,2016,,Las Vegas Convention and Visitors Authority,""
Silvia Perez,Executive Assistant to the CFO,68685.60,0.00,5491.20,33843.28,74176.80,108020.08,2016,,Las Vegas Convention and Visitors Authority,""
Claribel Gutierrez,Sales Executive,70353.61,0.00,11850.75,25612.85,82204.36,107817.21,2016,,Las Vegas Convention and Visitors Authority,""
Brad N Wiltjer,Communications Technician,68211.20,811.06,6850.90,31869.73,75873.16,107742.89,2016,,Las Vegas Convention and Visitors Authority,""
Christine A Grommons,Contracts Administrator,69344.00,0.00,4348.19,34027.64,73692.19,107719.83,2016,,Las Vegas Convention and Visitors Authority,""
Diana G Thomas,Services Manager,67766.40,2055.77,6634.75,31099.62,76456.92,107556.54,2016,,Las Vegas Convention and Visitors Authority,""
Todd W Young,Building Engineer,64686.81,0.00,7161.45,35566.81,71848.26,107415.07,2016,,Las Vegas Convention and Visitors Authority,""
Jeffery F Mccutcheon,Building Engineer,68211.24,0.00,6944.74,32091.46,75155.98,107247.44,2016,,Las Vegas Convention and Visitors Authority,""
Shannon L Szostek,Lead Accounting Technician,66777.65,248.38,4718.07,35453.56,71744.10,107197.66,2016,,Las Vegas Convention and Visitors Authority,""
Elisa L Hernandez,Visitor Information Center Supervisor,68239.86,2374.20,9064.22,27444.63,79678.28,107122.91,2016,,Las Vegas Convention and Visitors Authority,""
Alicia Kostak,Registration Services Supervisor,68950.40,0.00,3371.68,34768.85,72322.08,107090.93,2016,,Las Vegas Convention and Visitors Authority,""
Benjamin R Hobson,Project Manager,66008.00,0.00,7134.43,33944.96,73142.43,107087.39,2016,,Las Vegas Convention and Visitors Authority,""
Michael H Mcnight,Communications Technician,68211.21,2046.09,8795.47,27881.58,79052.77,106934.35,2016,,Las Vegas Convention and Visitors Authority,""
Douglas K Wilks,Service Worker,53862.40,1988.37,18511.80,31948.06,74362.57,106310.63,2016,,Las Vegas Convention and Visitors Authority,""
Cheryl C Cooper,Visitor Information Center Supervisor,68854.40,3035.86,4046.02,30220.36,75936.28,106156.64,2016,,Las Vegas Convention and Visitors Authority,""
Alfonso A Garcia,Plumber,68211.23,1575.60,4905.02,31254.90,74691.85,105946.75,2016,,Las Vegas Convention and Visitors Authority,""
Lawrence Jr Carvalho,Security Sergeant,59225.64,7119.54,6477.09,32997.27,72822.27,105819.54,2016,,Las Vegas Convention and Visitors Authority,""
Ruth P Chan,Convention Services Administrator,71054.42,0.00,8831.56,25809.07,79885.98,105695.05,2016,,Las Vegas Convention and Visitors Authority,""
Kelly J Goebel,Security Sergeant,60152.02,5739.33,6015.89,33650.74,71907.24,105557.98,2016,,Las Vegas Convention and Visitors Authority,""
Carl D Temple,Groundskeeper,60491.21,1292.69,12055.18,31559.81,73839.08,105398.89,2016,,Las Vegas Convention and Visitors Authority,""
Danielle M Torres,Legal Assistant,67589.61,0.00,2694.85,34387.80,70284.46,104672.26,2016,,Las Vegas Convention and Visitors Authority,""
Arthur J Chong Tim,Security Officer,60491.20,5020.10,5554.80,33390.78,71066.10,104456.88,2016,,Las Vegas Convention and Visitors Authority,""
Michael Lepczyk,Groundskeeper,60491.29,0.00,9540.54,34220.28,70031.83,104252.11,2016,,Las Vegas Convention and Visitors Authority,""
Robert K Strandberg,Security Officer,59897.60,3603.63,6415.20,34289.89,69916.43,104206.32,2016,,Las Vegas Convention and Visitors Authority,""
Carol A Riggs-Bearup,Convention Services Coordinator,67433.60,0.00,9958.79,26800.48,77392.39,104192.87,2016,,Las Vegas Convention and Visitors Authority,""
Richard W Weber,Visitor Information Services Supervisor,71068.81,0.00,2805.50,30285.99,73874.31,104160.30,2016,,Las Vegas Convention and Visitors Authority,""
Troy D Lane,Exterior Engineering Supervisor,71654.43,1276.00,3987.62,27138.14,76918.05,104056.19,2016,,Las Vegas Convention and Visitors Authority,""
Morris G Pinkerton,Photographer,62974.41,1990.27,8421.47,30519.53,73386.15,103905.68,2016,,Las Vegas Convention and Visitors Authority,""
Marilyn M Freeman,Administrative Secretary,63407.23,0.00,9598.99,30462.23,73006.22,103468.45,2016,,Las Vegas Convention and Visitors Authority,""
Kala B Peterson,Communications Manager,71582.76,0.00,6664.28,24971.40,78247.04,103218.44,2016,,Las Vegas Convention and Visitors Authority,""
Keith Wayne A Vierra,Security Officer,60491.20,4911.77,12097.82,25404.52,77500.79,102905.31,2016,,Las Vegas Convention and Visitors Authority,""
Kimberly D Brown,Administrative Secretary,66800.02,0.00,9774.52,26179.90,76574.54,102754.44,2016,,Las Vegas Convention and Visitors Authority,""
Froilan E Sanchez,Security Officer,60491.22,1776.43,6801.73,33683.43,69069.38,102752.81,2016,,Las Vegas Convention and Visitors Authority,""
Tonya Y Jordan-Ferruzza,Facility Support Technician,68211.25,259.36,7204.35,26991.33,75674.96,102666.29,2016,,Las Vegas Convention and Visitors Authority,""
Kevin W Brassfield,HVAC Technician,65036.00,1121.93,5510.46,30995.81,71668.39,102664.20,2016,,Las Vegas Convention and Visitors Authority,""
Philip L Trischler,Security Sergeant,61072.02,7349.55,4147.82,29870.22,72569.39,102439.61,2016,,Las Vegas Convention and Visitors Authority,""
James Ferruzza,Building Engineer Supervisor,65939.23,2204.52,3190.85,30494.89,71334.60,101829.49,2016,,Las Vegas Convention and Visitors Authority,""
Clifford L Kealoha,Surveillance Investigator,62254.46,808.11,13191.26,25565.80,76253.83,101819.63,2016,,Las Vegas Convention and Visitors Authority,""
Randall D Watts,Financial Analyst,68806.41,0.00,7388.02,25179.65,76194.43,101374.08,2016,,Las Vegas Convention and Visitors Authority,""
Hilary B Murphy,Analyst,72862.44,0.00,2185.87,26315.32,75048.31,101363.63,2016,,Las Vegas Convention and Visitors Authority,""
Kathryn R Jordan,Executive Assistant,65993.60,0.00,5949.95,29293.19,71943.55,101236.74,2016,,Las Vegas Convention and Visitors Authority,""
Martha J Richardson,Administrative Secretary,62777.66,0.00,8450.60,29965.35,71228.26,101193.61,2016,,Las Vegas Convention and Visitors Authority,""
John K Heidenreich,Security Officer,60491.20,3175.20,7695.30,29814.67,71361.70,101176.37,2016,,Las Vegas Convention and Visitors Authority,""
Virginia K Poehling,Media Services Manager,69148.80,0.00,6751.30,25275.50,75900.10,101175.60,2016,,Las Vegas Convention and Visitors Authority,""
Richard S Robarts,Service Worker,53862.40,1980.69,11980.39,32505.71,67823.48,100329.19,2016,,Las Vegas Convention and Visitors Authority,""
Robert M Telles,Mechanic,64648.81,0.00,5177.71,30347.82,69826.52,100174.34,2016,,Las Vegas Convention and Visitors Authority,""
Greg J Gavin,Engineering Maintenance Supervisor,64842.40,2528.11,1915.76,30165.75,69286.27,99452.02,2016,,Las Vegas Convention and Visitors Authority,""
Karla J Nolan,Secretary,58257.64,0.00,7313.87,33822.76,65571.51,99394.27,2016,,Las Vegas Convention and Visitors Authority,""
Brian C Smith,HVAC Technician,65520.02,2279.52,5828.86,25628.38,73628.40,99256.78,2016,,Las Vegas Convention and Visitors Authority,""
Dennis J Porte,Building Engineer,64842.42,359.16,3816.43,30208.40,69018.01,99226.41,2016,,Las Vegas Convention and Visitors Authority,""
Sharon D Harris-Womack,Lead Records Management Technician,63630.42,0.00,3139.76,32427.83,66770.18,99198.01,2016,,Las Vegas Convention and Visitors Authority,""
Jonna M Arqueros,Financial Analyst,63387.23,0.00,2490.18,33211.14,65877.41,99088.55,2016,,Las Vegas Convention and Visitors Authority,""
Mark M Damon,Photography Manager,61412.80,0.00,9415.90,28246.74,70828.70,99075.44,2016,,Las Vegas Convention and Visitors Authority,""
Donald L Fulford,Security Officer,60491.20,8583.35,5225.14,24646.76,74299.69,98946.45,2016,,Las Vegas Convention and Visitors Authority,""
Jason A P Holmes,Security Officer,57360.02,5738.59,3239.55,32460.64,66338.16,98798.80,2016,,Las Vegas Convention and Visitors Authority,""
Raitis J Liepins,Security Officer,60491.21,707.28,7776.61,29760.93,68975.10,98736.03,2016,,Las Vegas Convention and Visitors Authority,""
Osato Ighodaro,Electrician,63272.01,4440.78,5655.86,25245.45,73368.65,98614.10,2016,,Las Vegas Convention and Visitors Authority,""
Woody W Chan,Canine Supervisor,58516.80,3586.20,14244.00,22226.97,76347.00,98573.97,2016,,Las Vegas Convention and Visitors Authority,""
Julie A Childs,Secretary,58257.62,1846.20,8928.35,29291.84,69032.17,98324.01,2016,,Las Vegas Convention and Visitors Authority,""
Richard B Alexander,Visitor Information Specialist,51712.02,589.92,17962.03,27946.16,70263.97,98210.13,2016,,Las Vegas Convention and Visitors Authority,""
James Bjr Rose,Video Specialist,62974.43,4549.40,5216.83,24803.57,72740.66,97544.23,2016,,Las Vegas Convention and Visitors Authority,""
Joni M Doubenmier,Purchasing Assistant,60321.65,0.00,3837.93,33357.36,64159.58,97516.94,2016,,Las Vegas Convention and Visitors Authority,""
Ely Mae M Nyman,Accounting Technician,64164.83,0.00,3405.71,29942.88,67570.54,97513.42,2016,,Las Vegas Convention and Visitors Authority,""
Robert S Fletcher,Traffic Field Supervisor,60700.80,0.00,4314.24,32458.93,65015.04,97473.97,2016,,Las Vegas Convention and Visitors Authority,""
Joshua J Finnan,Security Sergeant,57441.61,3561.61,3341.28,32629.73,64344.50,96974.23,2016,,Las Vegas Convention and Visitors Authority,""
Allen Austin,Groundskeeper,60491.21,0.00,7213.90,29233.92,67705.11,96939.03,2016,,Las Vegas Convention and Visitors Authority,""
Robert F Abell,Service Worker,53862.40,1858.56,8580.33,32379.33,64301.29,96680.62,2016,,Las Vegas Convention and Visitors Authority,""
Sharon L Evans,Facility Support Technician,63371.21,1799.84,5760.80,25647.51,70931.85,96579.36,2016,,Las Vegas Convention and Visitors Authority,""
John P Sheckells,Security Officer,60491.20,2087.28,8530.81,25042.97,71109.29,96152.26,2016,,Las Vegas Convention and Visitors Authority,""
Timothy Ajr Babcock,Senior Help Desk Specialist,60489.61,10.80,3095.20,32399.81,63595.61,95995.42,2016,,Las Vegas Convention and Visitors Authority,""
Akeem A Johnson,Building Engineer,62880.01,379.38,3894.75,28817.13,67154.14,95971.27,2016,,Las Vegas Convention and Visitors Authority,""
Taurence T Harris,Plumber,60781.66,2991.20,3831.33,28195.62,67604.19,95799.81,2016,,Las Vegas Convention and Visitors Authority,""
Alfonso Razo-Padilla,Service Worker,53862.40,633.81,10130.98,31061.46,64627.19,95688.65,2016,,Las Vegas Convention and Visitors Authority,""
Christine A Argier,Digital Communications Specialist,62252.43,12.77,4956.22,28245.67,67221.42,95467.09,2016,,Las Vegas Convention and Visitors Authority,""
Olivia A Huguet,Security Dispatcher,53780.80,3821.70,5663.29,32140.80,63265.79,95406.59,2016,,Las Vegas Convention and Visitors Authority,""
Richard Ajr Mason,Building Engineer,62502.44,736.32,2940.56,29187.66,66179.32,95366.98,2016,,Las Vegas Convention and Visitors Authority,""
Jesus T Mendiola,Building Engineer,62219.23,996.89,3526.01,28523.32,66742.13,95265.45,2016,,Las Vegas Convention and Visitors Authority,""
Dwaine Rjr Mcconnell,Visitor Information Center Supervisor,53891.21,2261.37,10051.09,29044.70,66203.67,95248.37,2016,,Las Vegas Convention and Visitors Authority,""
Shelley K Mysz,Lead Payroll Technician,62660.88,0.00,3831.52,28596.20,66492.40,95088.60,2016,,Las Vegas Convention and Visitors Authority,""
Molly D Castano,Communications Manager,56387.20,0.00,7818.11,30399.72,64205.31,94605.03,2016,,Las Vegas Convention and Visitors Authority,""
Ramon G Montez,Advertising Manager,61470.40,0.00,4788.00,28262.87,66258.40,94521.27,2016,,Las Vegas Convention and Visitors Authority,""
Carlos Ajr Ocampo,Purchasing Assistant,62974.46,0.00,6344.12,24917.25,69318.58,94235.83,2016,,Las Vegas Convention and Visitors Authority,""
Juan C Cervantes,Service Worker,53862.40,1126.40,8135.50,31048.27,63124.30,94172.57,2016,,Las Vegas Convention and Visitors Authority,""
Zebulun L Rasco,Programmer Analyst,67200.04,0.00,2040.64,24729.86,69240.68,93970.54,2016,,Las Vegas Convention and Visitors Authority,""
Maureen R Allred,Groundskeeper,58868.05,0.00,5877.99,28997.00,64746.04,93743.04,2016,,Las Vegas Convention and Visitors Authority,""
Barbara J Strong-Valenta,Secretary,58257.68,0.00,6294.03,29118.66,64551.71,93670.37,2016,,Las Vegas Convention and Visitors Authority,""
Richard Lizarraga,Security Officer,58606.40,2781.23,4083.32,28034.37,65470.95,93505.32,2016,,Las Vegas Convention and Visitors Authority,""
Matthew W Seltzer,Senior Research Analyst,58660.81,0.00,3455.71,31036.34,62116.52,93152.86,2016,,Las Vegas Convention and Visitors Authority,""
Michael A Lewis,Service Worker,53862.40,2757.92,5389.96,31082.21,62010.28,93092.49,2016,,Las Vegas Convention and Visitors Authority,""
Erick D Wiser,Financial Systems Technician,60922.53,0.00,7921.84,24133.80,68844.37,92978.17,2016,,Las Vegas Convention and Visitors Authority,""
Choong K Lee,Service Worker,53862.40,1988.64,9893.18,27211.51,65744.22,92955.73,2016,,Las Vegas Convention and Visitors Authority,""
Lori A Stroud,Security Dispatcher,56116.80,2386.74,9800.51,24384.29,68304.05,92688.34,2016,,Las Vegas Convention and Visitors Authority,""
Ronnie L Rowland,Service Worker,53862.40,1973.01,8953.04,27828.05,64788.45,92616.50,2016,,Las Vegas Convention and Visitors Authority,""
Anthony J Argier,Exterior Engineer,63172.88,820.82,3791.23,24744.33,67784.93,92529.26,2016,,Las Vegas Convention and Visitors Authority,""
Tami M Tino,Security Dispatcher,56116.81,2580.02,9862.90,23846.42,68559.73,92406.15,2016,,Las Vegas Convention and Visitors Authority,""
Jeffrey S Johnson,Security Dispatcher,56116.81,1860.79,6378.82,27881.76,64356.42,92238.18,2016,,Las Vegas Convention and Visitors Authority,""
Susan J Robison,Accounting Technician,63668.81,46.02,3403.18,24694.02,67118.01,91812.03,2016,,Las Vegas Convention and Visitors Authority,""
Jeffery Paul Ray,Service Worker,53862.40,942.36,5159.48,31399.81,59964.24,91364.05,2016,,Las Vegas Convention and Visitors Authority,""
Steven A Woods,Service Worker,53862.40,1303.18,8123.72,27887.22,63289.30,91176.52,2016,,Las Vegas Convention and Visitors Authority,""
James Djr Edwards,Groundskeeper,55075.99,732.86,3955.95,31161.33,59764.80,90926.13,2016,,Las Vegas Convention and Visitors Authority,""
Manchie R Light,Security Officer,59558.42,3193.83,4060.02,24053.84,66812.27,90866.11,2016,,Las Vegas Convention and Visitors Authority,""
Dustin R Amatori,Grounds Supervisor,56563.75,8152.94,2878.06,23072.38,67594.75,90667.13,2016,,Las Vegas Convention and Visitors Authority,""
Marco A Tapia,Financial Analyst,64702.40,0.00,1923.79,24030.48,66626.19,90656.67,2016,,Las Vegas Convention and Visitors Authority,""
Norma A Ibarra De La Rosa,Secretary,54918.41,9.60,3795.64,31888.56,58723.65,90612.21,2016,,Las Vegas Convention and Visitors Authority,""
Lisa K Cummins,Secretary,58480.83,0.00,3831.07,28262.31,62311.90,90574.21,2016,,Las Vegas Convention and Visitors Authority,""
Ellen J Saleres,Secretary,58257.69,0.00,3841.45,28199.82,62099.14,90298.96,2016,,Las Vegas Convention and Visitors Authority,""
William J Rapp,Building Engineer Supervisor,57441.63,2760.70,2242.53,27833.65,62444.86,90278.51,2016,,Las Vegas Convention and Visitors Authority,""
Ruth M Adams,Secretary,58257.66,10.64,3482.79,28338.43,61751.09,90089.52,2016,,Las Vegas Convention and Visitors Authority,""
Travis Coby,Service Worker,53862.40,1890.96,6428.04,27895.34,62181.40,90076.74,2016,,Las Vegas Convention and Visitors Authority,""
Edward P Chang,Groundskeeper,56945.05,2054.59,4220.82,26715.58,63220.46,89936.04,2016,,Las Vegas Convention and Visitors Authority,""
Frank L Hooper,Service Worker,53862.40,636.00,11602.57,23702.43,66100.97,89803.40,2016,,Las Vegas Convention and Visitors Authority,""
Janice M Little,Community Relations & Public Affairs Assistant,58179.10,0.00,4281.95,27341.29,62461.05,89802.34,2016,,Las Vegas Convention and Visitors Authority,""
Willie R Smith,Service Worker,53652.48,3359.10,9115.86,23607.98,66127.44,89735.42,2016,,Las Vegas Convention and Visitors Authority,""
Andrew T Angel,Security Officer,54478.42,5655.63,6073.27,23403.71,66207.32,89611.03,2016,,Las Vegas Convention and Visitors Authority,""
Dianna L Wright,Purchasing Specialist,55083.93,0.00,3422.18,30886.24,58506.11,89392.35,2016,,Las Vegas Convention and Visitors Authority,""
Colonel A Mccord,Building Engineer,56948.81,0.00,9480.76,22959.20,66429.57,89388.77,2016,,Las Vegas Convention and Visitors Authority,""
Angel R Lugo,Mechanic-Welder,58512.75,598.11,2967.23,27306.27,62078.09,89384.36,2016,,Las Vegas Convention and Visitors Authority,""
Byron J Melnik,Database Marketing Coordinator,58176.07,0.00,7678.41,23522.54,65854.48,89377.02,2016,,Las Vegas Convention and Visitors Authority,""
Susan M Ziobro,Human Resources Records Technician,58412.82,0.00,3488.16,27406.75,61900.98,89307.73,2016,,Las Vegas Convention and Visitors Authority,""
Abieser F Barrios,Service Worker,51129.61,1506.73,5831.18,30731.01,58467.52,89198.53,2016,,Las Vegas Convention and Visitors Authority,""
Nicole A Velez,Digital Engagement Manager,60814.40,0.00,5910.40,22449.05,66724.80,89173.85,2016,,Las Vegas Convention and Visitors Authority,""
George L Catarata,Service Worker,53209.60,2494.80,6102.94,27163.09,61807.34,88970.43,2016,,Las Vegas Convention and Visitors Authority,""
Juan G Fierro,Security Dispatcher,56116.80,3053.67,5667.86,24033.50,64838.33,88871.83,2016,,Las Vegas Convention and Visitors Authority,""
Milla J Zacarias,Total Rewards Administrator,55619.21,0.00,6769.17,26388.36,62388.38,88776.74,2016,,Las Vegas Convention and Visitors Authority,""
Jeffrey K Zimmer,Building Engineer,59599.38,257.72,5164.02,23681.48,65021.12,88702.60,2016,,Las Vegas Convention and Visitors Authority,""
Roderick E Edwards,Building Engineer,52883.20,4879.85,285.52,30608.87,58048.57,88657.44,2016,,Las Vegas Convention and Visitors Authority,""
Raul Vargas Delgadillo,Service Worker,53209.62,3470.85,5026.95,26484.53,61707.42,88191.95,2016,,Las Vegas Convention and Visitors Authority,""
Pedro J Romero Ramos,Services Supervisor,54478.40,1275.28,5132.08,27116.15,60885.76,88001.91,2016,,Las Vegas Convention and Visitors Authority,""
Mary E Fletcher,Secretary,58257.62,0.00,5797.57,23843.43,64055.19,87898.62,2016,,Las Vegas Convention and Visitors Authority,""
Joy L Bowles,Visitor Information Specialist,51712.02,892.20,8531.50,26760.48,61135.72,87896.20,2016,,Las Vegas Convention and Visitors Authority,""
Richard C Brooks,Security Officer,56366.40,1660.81,6793.32,22910.76,64820.53,87731.29,2016,,Las Vegas Convention and Visitors Authority,""
Gary A Perko,Security Officer,55688.80,3779.20,4518.72,23729.64,63986.72,87716.36,2016,,Las Vegas Convention and Visitors Authority,""
Pauline M Burkhart,Security Dispatcher,56116.80,2928.60,5032.75,23489.58,64078.15,87567.73,2016,,Las Vegas Convention and Visitors Authority,""
Miyuki Shinohara,Administrative Secretary,56884.89,0.00,3883.15,26742.77,60768.04,87510.81,2016,,Las Vegas Convention and Visitors Authority,""
Joseph A Botta,Security Officer,56031.20,1617.63,6142.12,23533.87,63790.95,87324.82,2016,,Las Vegas Convention and Visitors Authority,""
Boyet Rjr Galo,Services Supervisor,54830.40,2519.87,7195.06,22742.45,64545.33,87287.78,2016,,Las Vegas Convention and Visitors Authority,""
Lisa S Forsberg,Database Marketing Coordinator,57604.85,0.00,5564.00,23559.40,63168.85,86728.25,2016,,Las Vegas Convention and Visitors Authority,""
Adrian Degeratu,Service Worker,51880.00,924.60,6466.21,27076.51,59270.81,86347.32,2016,,Las Vegas Convention and Visitors Authority,""
Leiandra R Gaskill,Community Relations Manager,56636.80,0.00,7271.25,21772.14,63908.05,85680.19,2016,,Las Vegas Convention and Visitors Authority,""
Corinne D Carr,Business Services Specialist,57115.24,30.00,5243.33,22998.28,62388.57,85386.85,2016,,Las Vegas Convention and Visitors Authority,""
Kalani M Nolasco,Service Worker,52912.64,1006.08,4830.26,26608.48,58748.98,85357.46,2016,,Las Vegas Convention and Visitors Authority,""
Amanda K Arentsen,Communications Manager,56387.20,0.00,7261.92,21702.24,63649.12,85351.36,2016,,Las Vegas Convention and Visitors Authority,""
Sherman A Newman,Service Worker,51056.82,5092.01,3247.26,25931.32,59396.09,85327.41,2016,,Las Vegas Convention and Visitors Authority,""
Emilio Soto,Service Worker,48497.61,1730.91,5086.59,29778.30,55315.11,85093.41,2016,,Las Vegas Convention and Visitors Authority,""
Katherine E Vosburgh,Administrative Secretary,51595.21,0.00,3172.58,29909.38,54767.79,84677.17,2016,,Las Vegas Convention and Visitors Authority,""
Rachael D Mcgaha,Administrative Secretary,49241.66,0.00,2490.18,32498.27,51731.84,84230.11,2016,,Las Vegas Convention and Visitors Authority,""
Cynthia L Olson,Service Worker,51566.44,947.54,4668.81,26957.26,57182.79,84140.05,2016,,Las Vegas Convention and Visitors Authority,""
Darrell L Atkinson,Fire Prevention Technician,49948.80,1977.78,1882.48,30327.86,53809.06,84136.92,2016,,Las Vegas Convention and Visitors Authority,""
Maureen G Bridges,Security Officer,55745.00,0.00,5274.11,22995.35,61019.11,84014.46,2016,,Las Vegas Convention and Visitors Authority,""
Robert L Miller,Building Engineer,50023.22,1739.67,2182.55,29998.19,53945.44,83943.63,2016,,Las Vegas Convention and Visitors Authority,""
Gary L Veneklasen,Custodian,44334.40,769.32,9487.64,29156.09,54591.36,83747.45,2016,,Las Vegas Convention and Visitors Authority,""
Kathleen B Fie,Secretary,57595.23,10.38,4031.66,21674.36,61637.27,83311.63,2016,,Las Vegas Convention and Visitors Authority,""
Terry A Mew,Administrative Secretary,52992.01,0.00,4412.29,25888.93,57404.30,83293.23,2016,,Las Vegas Convention and Visitors Authority,""
Carla J Hampton,Contracts Administrator,57592.01,0.00,3528.26,22039.62,61120.27,83159.89,2016,,Las Vegas Convention and Visitors Authority,""
Ryan D Viers,Services Supervisor,55945.60,1050.18,3483.63,22632.50,60479.41,83111.91,2016,,Las Vegas Convention and Visitors Authority,""
Edward J Castro,Service Worker,50692.80,2645.06,4073.94,25585.80,57411.80,82997.60,2016,,Las Vegas Convention and Visitors Authority,""
James M Voss,Mechanic-Welder,54126.40,119.25,1872.00,26730.71,56117.65,82848.36,2016,,Las Vegas Convention and Visitors Authority,""
Joshua R Orfanos,Electrician,48276.83,2986.29,1946.30,29545.92,53209.42,82755.34,2016,,Las Vegas Convention and Visitors Authority,""
Stephen C Greathouse,Plumber,48129.62,8104.27,2086.78,24416.03,58320.67,82736.70,2016,,Las Vegas Convention and Visitors Authority,""
Kelli L Luchs,Archivist,49984.00,0.00,2955.26,29458.22,52939.26,82397.48,2016,,Las Vegas Convention and Visitors Authority,""
Richard J Covelski,Custodian,44334.40,3378.70,14650.57,19649.33,62363.67,82013.00,2016,,Las Vegas Convention and Visitors Authority,""
Dustin C Oligo,Service Worker,49998.73,1208.00,4908.54,25860.17,56115.27,81975.44,2016,,Las Vegas Convention and Visitors Authority,""
Rocco Andreassi,Mail Clerk,49041.88,17.75,3295.26,29207.80,52354.89,81562.69,2016,,Las Vegas Convention and Visitors Authority,""
Herni P Jurani,Senior Help Desk Specialist,53404.80,0.00,6155.22,21853.35,59560.02,81413.37,2016,,Las Vegas Convention and Visitors Authority,""
Richard L Brown,Visitor Information Specialist,51493.62,579.00,2904.78,26412.14,54977.40,81389.54,2016,,Las Vegas Convention and Visitors Authority,""
Christina L Velez,Administrative Specialist,51712.04,9.22,3710.25,25904.92,55431.51,81336.43,2016,,Las Vegas Convention and Visitors Authority,""
Dwight L Beasley,Service Worker,51964.00,4444.72,3266.84,21350.32,59675.56,81025.88,2016,,Las Vegas Convention and Visitors Authority,""
Guy A Ramiscal,Service Worker,52819.20,1159.68,5090.74,21912.98,59069.62,80982.60,2016,,Las Vegas Convention and Visitors Authority,""
Kristin M Bollinger,Security Dispatcher,52384.00,1829.52,4718.99,22048.82,58932.51,80981.33,2016,,Las Vegas Convention and Visitors Authority,""
Joel P Tomlinson,Electrician,47476.80,5638.19,2329.18,25372.91,55444.17,80817.08,2016,,Las Vegas Convention and Visitors Authority,""
Chantel L Baker,Administrative Secretary,49801.62,0.00,5445.34,25456.64,55246.96,80703.60,2016,,Las Vegas Convention and Visitors Authority,""
Michael G Shearer,Services Support Technician,48276.80,1141.52,8655.46,22586.49,58073.78,80660.27,2016,,Las Vegas Convention and Visitors Authority,""
Merlin Sarmiento,Administrative Assistant,53185.62,0.00,2126.59,25278.68,55312.21,80590.89,2016,,Las Vegas Convention and Visitors Authority,""
Duane L Gadbaw,Custodian,43421.81,1302.96,5931.76,29317.11,50656.53,79973.64,2016,,Las Vegas Convention and Visitors Authority,""
Courtney M Lipski,Executive Assistant to the Board,50713.61,0.00,4190.11,25014.80,54903.72,79918.52,2016,,Las Vegas Convention and Visitors Authority,""
Raymund Alastair C Andales,Service Worker,50911.22,1259.71,6174.06,21546.02,58344.99,79891.01,2016,,Las Vegas Convention and Visitors Authority,""
Arica L Gallo,Administrative Specialist,51493.60,0.00,2904.78,25357.58,54398.38,79755.96,2016,,Las Vegas Convention and Visitors Authority,""
Edward Wjr Murdock,Security Officer,47404.80,4348.35,2211.30,25398.91,53964.45,79363.36,2016,,Las Vegas Convention and Visitors Authority,""
Krista L Englemann,Administrative Secretary,53980.83,0.00,3769.89,21028.49,57750.72,78779.21,2016,,Las Vegas Convention and Visitors Authority,""
David Paul Sizemore,Building Engineer,47188.85,3067.72,197.92,28287.87,50454.49,78742.36,2016,,Las Vegas Convention and Visitors Authority,""
Larry T Bachand,Service Worker,51056.80,3841.05,2735.26,20943.57,57633.11,78576.68,2016,,Las Vegas Convention and Visitors Authority,""
Hector Rivera Frutos,Service Worker,42808.00,3294.36,4584.99,27872.00,50687.35,78559.35,2016,,Las Vegas Convention and Visitors Authority,""
Patricia A Foreman,Custodian,44334.42,1398.57,7298.24,25377.02,53031.23,78408.25,2016,,Las Vegas Convention and Visitors Authority,""
Francisco J Aguilar,Service Worker,48424.01,3985.05,5074.57,20896.82,57483.63,78380.45,2016,,Las Vegas Convention and Visitors Authority,""
John A Morris,Photographer,46900.80,3731.72,3698.16,23807.05,54330.68,78137.73,2016,,Las Vegas Convention and Visitors Authority,""
Victor Wii Palochak,Distribution Center Specialist,50023.29,17.75,2780.92,24915.84,52821.96,77737.80,2016,,Las Vegas Convention and Visitors Authority,""
Cyril C Griffin,Perimeter Security Supervisor,44650.10,2516.85,2226.98,28208.39,49393.93,77602.32,2016,,Las Vegas Convention and Visitors Authority,""
Leo J Downey,HVAC Technician,48571.21,1613.64,1915.20,25269.15,52100.05,77369.20,2016,,Las Vegas Convention and Visitors Authority,""
Justin A Tully,Internal Auditor,55898.41,0.00,1126.73,20086.92,57025.14,77112.06,2016,,Las Vegas Convention and Visitors Authority,""
Jonas David C Maratita,Accounting Technician,48129.66,0.00,0.00,28939.02,48129.66,77068.68,2016,,Las Vegas Convention and Visitors Authority,""
Bruce T Osborne,Security Sergeant,52216.00,718.85,2916.46,21217.03,55851.31,77068.34,2016,,Las Vegas Convention and Visitors Authority,""
Robert A Boardman,Engineering Assistant Supervisor,51420.87,94.46,424.72,24847.06,51940.05,76787.11,2016,,Las Vegas Convention and Visitors Authority,""
Veronica Avila,Custodian,44334.41,764.88,3453.88,28204.02,48553.17,76757.19,2016,,Las Vegas Convention and Visitors Authority,""
Ellen J Westbay,Custodian,44334.40,1769.88,3987.40,26570.67,50091.68,76662.35,2016,,Las Vegas Convention and Visitors Authority,""
Cecilia S Cadelina,Custodian,44334.40,1422.75,5708.49,24969.97,51465.64,76435.61,2016,,Las Vegas Convention and Visitors Authority,""
Scott J Carls,Business Partner,51894.40,0.00,3724.15,20444.24,55618.55,76062.79,2016,,Las Vegas Convention and Visitors Authority,""
Jason Carrillo,Security Officer,44662.42,1026.68,2689.72,27637.30,48378.82,76016.12,2016,,Las Vegas Convention and Visitors Authority,""
Sandor Matyas,Security Officer,47404.83,3816.24,186.72,24537.22,51407.79,75945.01,2016,,Las Vegas Convention and Visitors Authority,""
Luis B Gonzales,Service Worker,42404.80,1879.27,4302.94,27352.57,48587.01,75939.58,2016,,Las Vegas Convention and Visitors Authority,""
David B Van Ausdale,HVAC Technician,51712.02,638.62,2478.86,21083.97,54829.50,75913.47,2016,,Las Vegas Convention and Visitors Authority,""
Martin Chavez,Service Worker,41176.01,1638.49,5610.45,27438.31,48424.95,75863.26,2016,,Las Vegas Convention and Visitors Authority,""
Lisa D Wilburn,Administrative Secretary,49772.80,0.00,5443.90,20547.01,55216.70,75763.71,2016,,Las Vegas Convention and Visitors Authority,""
Francisco Salinas,Service Worker,42948.80,3936.65,4779.05,23281.44,51664.50,74945.94,2016,,Las Vegas Convention and Visitors Authority,""
Jeffrey C Belknap,Exterior Engineer,47260.82,2846.99,222.40,24204.03,50330.21,74534.24,2016,,Las Vegas Convention and Visitors Authority,""
Ryan R Paulson,Security Officer,42526.40,2071.84,2249.05,27605.95,46847.29,74453.24,2016,,Las Vegas Convention and Visitors Authority,""
Ferdie R Oberes,Custodian,44334.40,1024.08,4831.03,24211.81,50189.51,74401.32,2016,,Las Vegas Convention and Visitors Authority,""
Theodore A Saxman,Senior Manager of Financial Systems,52046.85,0.00,0.00,22304.50,52046.85,74351.35,2016,,Las Vegas Convention and Visitors Authority,""
Brian T Abelson,Security Officer,41736.00,2490.88,1659.60,28161.91,45886.48,74048.39,2016,,Las Vegas Convention and Visitors Authority,""
Jaime S Queano,Custodian,44334.40,1782.60,4061.65,23820.37,50178.65,73999.02,2016,,Las Vegas Convention and Visitors Authority,""
Felix M Canan,Custodian,44334.40,1270.56,3772.58,24590.15,49377.54,73967.69,2016,,Las Vegas Convention and Visitors Authority,""
Nilda Y Jacobs,Custodian,44334.41,829.68,4839.55,23918.05,50003.64,73921.69,2016,,Las Vegas Convention and Visitors Authority,""
Graciela K Luna,Custodian,44334.40,1740.66,3572.67,23950.28,49647.73,73598.01,2016,,Las Vegas Convention and Visitors Authority,""
Ramon A Sotelo,Service Worker,41918.42,1250.52,3251.96,27021.69,46420.90,73442.59,2016,,Las Vegas Convention and Visitors Authority,""
Jesus A Iturrios Castellanos,Security Officer,41979.20,1562.07,1980.50,27913.54,45521.77,73435.31,2016,,Las Vegas Convention and Visitors Authority,""
Jerry S Newcomb,Convention Services Manager,50527.20,0.00,900.00,21878.96,51427.20,73306.16,2016,,Las Vegas Convention and Visitors Authority,""
Rosario Ramiscal,Custodian,43470.53,505.68,5299.08,23955.80,49275.29,73231.09,2016,,Las Vegas Convention and Visitors Authority,""
Justin L Harrison,Security Officer,43577.61,1796.04,551.76,27257.13,45925.41,73182.54,2016,,Las Vegas Convention and Visitors Authority,""
Edward J Wozniak,Electrician,46164.80,2303.82,983.60,23285.48,49452.22,72737.70,2016,,Las Vegas Convention and Visitors Authority,""
Heather M Wisniewski,Damage Assessment Technician,51712.03,0.00,141.44,20393.20,51853.47,72246.67,2016,,Las Vegas Convention and Visitors Authority,""
Bradley D Gaskill,Distribution Center Specialist,49512.02,17.75,2235.47,20382.19,51765.24,72147.43,2016,,Las Vegas Convention and Visitors Authority,""
Ciro Jr Cantu,Electrician,46238.42,1130.22,1408.53,23176.98,48777.17,71954.15,2016,,Las Vegas Convention and Visitors Authority,""
Yong S Ogle,Custodian,44334.40,1294.08,4525.26,21683.89,50153.74,71837.63,2016,,Las Vegas Convention and Visitors Authority,""
Ralph R Vickrey,Security Officer,42747.39,2315.26,2754.26,23833.93,47816.91,71650.84,2016,,Las Vegas Convention and Visitors Authority,""
Jonathan M Comport,Security Officer,46606.40,3030.21,2159.52,19824.87,51796.13,71621.00,2016,,Las Vegas Convention and Visitors Authority,""
Dawn M Smith,Custodian,43556.80,518.40,3929.88,23579.14,48005.08,71584.22,2016,,Las Vegas Convention and Visitors Authority,""
Corey L Grant,Security Officer,41736.00,3466.85,2635.00,23711.17,47837.85,71549.02,2016,,Las Vegas Convention and Visitors Authority,""
Edward Mjr Jezioro,Mail Clerk,45569.61,0.00,2084.97,23709.96,47654.58,71364.54,2016,,Las Vegas Convention and Visitors Authority,""
Elvira Bakken,Custodian,41325.91,497.28,2601.06,26938.51,44424.25,71362.76,2016,,Las Vegas Convention and Visitors Authority,""
Ocean M Molina,Building Engineer,47620.80,1365.22,2143.74,19917.89,51129.76,71047.65,2016,,Las Vegas Convention and Visitors Authority,""
Stwdrella E Scott,Visitor Information Clerk,47332.82,1647.11,2151.37,19849.94,51131.30,70981.24,2016,,Las Vegas Convention and Visitors Authority,""
Leon Rayford,Custodian,44334.40,818.88,5749.90,19618.68,50903.18,70521.86,2016,,Las Vegas Convention and Visitors Authority,""
Sherwood L Atkinson,Customer Experience Specialist,47995.21,0.00,3010.44,19352.50,51005.65,70358.15,2016,,Las Vegas Convention and Visitors Authority,""
Patricia L Kennedy,Payroll Technician,46008.04,0.00,1215.30,23012.50,47223.34,70235.84,2016,,Las Vegas Convention and Visitors Authority,""
Leticia Beasley,Custodian,43440.04,2782.56,4495.51,19318.39,50718.11,70036.50,2016,,Las Vegas Convention and Visitors Authority,""
Weston E Newbold,Building Engineer,47260.81,392.72,2479.15,19745.51,50132.68,69878.19,2016,,Las Vegas Convention and Visitors Authority,""
Sunshine M Smith,Administrative Secretary,47553.65,8.68,3410.94,18862.73,50973.27,69836.00,2016,,Las Vegas Convention and Visitors Authority,""
Jerry L Rosas,Exterior Engineer,46164.80,4677.97,190.81,18493.64,51033.58,69527.22,2016,,Las Vegas Convention and Visitors Authority,""
Kil Y Yi,Service Worker,38196.80,3191.76,1915.20,26092.86,43303.76,69396.62,2016,,Las Vegas Convention and Visitors Authority,""
Eugene R Jahrling,Perimeter Security Supervisor,40376.00,829.20,911.76,27125.20,42116.96,69242.16,2016,,Las Vegas Convention and Visitors Authority,""
Ambrielle Normore,Communications Technician,46680.04,1512.13,1597.68,19415.60,49789.85,69205.45,2016,,Las Vegas Convention and Visitors Authority,""
Daniel M Cowman,Security Officer,46606.40,2018.42,1330.11,19241.25,49954.93,69196.18,2016,,Las Vegas Convention and Visitors Authority,""
Albert Iii Santos,Groundskeeper,41389.57,737.29,158.40,26246.35,42285.26,68531.61,2016,,Las Vegas Convention and Visitors Authority,""
Ronald Ja Mina,Custodian,36507.54,478.95,4198.62,26991.16,41185.11,68176.27,2016,,Las Vegas Convention and Visitors Authority,""
Jaye K Morton,Secretary,40776.02,0.00,4472.40,22803.14,45248.42,68051.56,2016,,Las Vegas Convention and Visitors Authority,""
Mark J Whitman,Security Officer,44465.62,1824.78,2425.51,19193.46,48715.91,67909.37,2016,,Las Vegas Convention and Visitors Authority,""
Paul K Juhala,Custodian,41111.99,497.28,3300.45,22654.00,44909.72,67563.72,2016,,Las Vegas Convention and Visitors Authority,""
Morgan P Shirley,Mechanic-Welder,47116.83,575.01,299.03,19267.43,47990.87,67258.30,2016,,Las Vegas Convention and Visitors Authority,""
Angelica Y Romero,Custodian,40926.42,1237.11,2361.85,22581.18,44525.38,67106.56,2016,,Las Vegas Convention and Visitors Authority,""
Nathan P Jucutan,Service Worker,40310.44,0.00,512.20,25900.25,40822.64,66722.89,2016,,Las Vegas Convention and Visitors Authority,""
Nelson M Wong,Security Officer,43784.01,1999.07,1938.09,18548.20,47721.17,66269.37,2016,,Las Vegas Convention and Visitors Authority,""
Steven J Fish,Custodian,39589.22,1603.56,2102.22,22816.73,43295.00,66111.73,2016,,Las Vegas Convention and Visitors Authority,""
Elizabeth Torres,Traffic Field Supervisor,46991.11,89.06,1769.77,17246.39,48849.94,66096.33,2016,,Las Vegas Convention and Visitors Authority,""
Jock S Jones,Service Worker,38605.21,2963.08,1899.90,22419.23,43468.19,65887.42,2016,,Las Vegas Convention and Visitors Authority,""
Stormi R D Leonardo,Service Worker,34812.80,2412.38,2498.02,25898.96,39723.20,65622.16,2016,,Las Vegas Convention and Visitors Authority,""
Christine L Hunt,Communications Coordinator,45950.41,41.01,1740.04,17794.33,47731.46,65525.79,2016,,Las Vegas Convention and Visitors Authority,""
Tiffany T Majors,Business Partnerships Manager,43057.21,0.00,1353.33,21075.95,44410.54,65486.49,2016,,Las Vegas Convention and Visitors Authority,""
Julie A Kruger,Security Officer,41425.60,2865.13,2364.08,18606.29,46654.81,65261.10,2016,,Las Vegas Convention and Visitors Authority,""
Jason S Severt,Perimeter Security Supervisor,40135.04,916.04,2272.64,21720.17,43323.72,65043.89,2016,,Las Vegas Convention and Visitors Authority,""
Felix A Gonzalez,Custodian,40926.41,717.84,4971.35,18358.02,46615.60,64973.62,2016,,Las Vegas Convention and Visitors Authority,""
Marita L Walton,Security Dispatcher,44334.42,2054.52,7.20,18538.68,46396.14,64934.82,2016,,Las Vegas Convention and Visitors Authority,""
Mark J Camio,Services Support Technician,40814.43,1418.04,964.62,21720.76,43197.09,64917.85,2016,,Las Vegas Convention and Visitors Authority,""
Margaret N Nabireka,Custodian,41488.02,2821.92,2329.53,18083.98,46639.47,64723.45,2016,,Las Vegas Convention and Visitors Authority,""
Jesus Gonzalez,Service Worker,39508.82,2197.07,761.28,22084.19,42467.17,64551.36,2016,,Las Vegas Convention and Visitors Authority,""
Kevin Fjr Duffley,Custodian,40988.80,482.61,4728.06,18305.46,46199.47,64504.93,2016,,Las Vegas Convention and Visitors Authority,""
Marq Blade P Finezza,Security Officer,40926.42,4160.04,2085.52,17256.90,47171.98,64428.88,2016,,Las Vegas Convention and Visitors Authority,""
Hilda Washington,Records Management Specialist,40554.68,0.00,785.51,22952.36,41340.19,64292.55,2016,,Las Vegas Convention and Visitors Authority,""
Mark D Martin,Custodian,39739.23,2145.39,3853.62,18177.17,45738.24,63915.41,2016,,Las Vegas Convention and Visitors Authority,""
Christal Harrison,Assistant to the Board,40865.66,499.33,731.70,21717.28,42096.69,63813.97,2016,,Las Vegas Convention and Visitors Authority,""
Edward M Finger,Senior Vice President of Finance,39235.20,0.00,12002.20,12274.41,51237.40,63511.81,2016,,Las Vegas Convention and Visitors Authority,""
Araseli Castaneda,Secretary,40520.03,0.00,4435.89,17826.68,44955.92,62782.60,2016,,Las Vegas Convention and Visitors Authority,""
Benjamin K Boulton,Visitor Information Specialist,41736.01,466.80,2422.70,17730.63,44625.51,62356.14,2016,,Las Vegas Convention and Visitors Authority,""
Sunny L Crews,Canine Officer,36703.42,615.84,6515.60,17306.31,43834.86,61141.17,2016,,Las Vegas Convention and Visitors Authority,""
Cyrus A Canovas,Custodian,34489.60,633.45,1263.88,24445.77,36386.93,60832.70,2016,,Las Vegas Convention and Visitors Authority,""
Andres Portillo,Groundskeeper,40849.24,1788.01,269.40,17669.88,42906.65,60576.53,2016,,Las Vegas Convention and Visitors Authority,""
Jacob Ljr Smith,Security Officer,34274.40,1562.58,2003.92,22060.43,37840.90,59901.33,2016,,Las Vegas Convention and Visitors Authority,""
Aurelio Quirino,Custodian,33716.00,584.25,518.40,25065.06,34818.65,59883.71,2016,,Las Vegas Convention and Visitors Authority,""
Donna M Jimenez,Custodian,33924.00,384.00,192.00,25068.96,34500.00,59568.96,2016,,Las Vegas Convention and Visitors Authority,""
Rodolfo M Concepcion,Security Officer,34310.40,1936.22,2721.76,20545.21,38968.38,59513.59,2016,,Las Vegas Convention and Visitors Authority,""
Alberto Jr Chavez,Service Worker,38500.80,1822.44,2047.36,16979.18,42370.60,59349.78,2016,,Las Vegas Convention and Visitors Authority,""
Myrna B Woods,Custodian,29933.33,1013.69,3926.66,24151.32,34873.68,59025.00,2016,,Las Vegas Convention and Visitors Authority,""
Jose Mosqueda,Service Worker,34075.21,1110.04,1270.98,20941.03,36456.23,57397.26,2016,,Las Vegas Convention and Visitors Authority,""
Michael J Desilets,Perimeter Security Officer,36041.62,1480.28,2792.80,16720.28,40314.70,57034.98,2016,,Las Vegas Convention and Visitors Authority,""
Carlo Dilena,Electrician,37269.62,896.80,322.45,17435.33,38488.87,55924.20,2016,,Las Vegas Convention and Visitors Authority,""
Cieon R Williams,Service Worker,35694.95,1945.86,1863.66,16352.19,39504.47,55856.66,2016,,Las Vegas Convention and Visitors Authority,""
Sara A Gonzalez,Secretary,39566.46,0.00,0.00,16164.01,39566.46,55730.47,2016,,Las Vegas Convention and Visitors Authority,""
Sandra Perez,Communications Coordinator,38780.00,0.00,693.72,15293.79,39473.72,54767.51,2016,,Las Vegas Convention and Visitors Authority,""
Jamie L Siddall,Security Officer,35728.07,936.33,1336.09,16326.75,38000.49,54327.24,2016,,Las Vegas Convention and Visitors Authority,""
David Robert Yoder,Visitor Information Specialist,36849.62,421.44,0.00,16347.91,37271.06,53618.97,2016,,Las Vegas Convention and Visitors Authority,""
Barbrajean Washington,Custodian,34892.81,204.60,2148.88,16268.28,37246.29,53514.57,2016,,Las Vegas Convention and Visitors Authority,""
George M Dickerson,Custodian,31902.41,1247.88,740.32,19470.32,33890.61,53360.93,2016,,Las Vegas Convention and Visitors Authority,""
Jacalyn-Jan T Zweig,Visitor Information Clerk,35315.20,1433.16,0.00,16203.39,36748.36,52951.75,2016,,Las Vegas Convention and Visitors Authority,""
Scott W K North,Custodian,30954.98,1792.64,121.12,19683.39,32868.74,52552.13,2016,,Las Vegas Convention and Visitors Authority,""
Ashley A Johannes,Administrative Specialist,36376.02,0.00,0.00,16099.12,36376.02,52475.14,2016,,Las Vegas Convention and Visitors Authority,""
Newaye B Beyene,Secretary,33051.60,0.00,1942.42,17084.62,34994.02,52078.64,2016,,Las Vegas Convention and Visitors Authority,""
Jean E Ross,Visitor Information Clerk,35422.40,204.60,0.00,15849.40,35627.00,51476.40,2016,,Las Vegas Convention and Visitors Authority,""
Yunior Silva-Rodriguez,Service Worker,31720.01,1935.33,2155.90,15615.48,35811.24,51426.72,2016,,Las Vegas Convention and Visitors Authority,""
Cristian O Guerrero Canedo,Service Worker,32721.97,814.68,1851.30,15808.89,35387.95,51196.84,2016,,Las Vegas Convention and Visitors Authority,""
Shirley A Cook,Custodian,32423.51,379.68,2302.61,15250.67,35105.80,50356.47,2016,,Las Vegas Convention and Visitors Authority,""
Barbara Miles,Custodian,32490.40,266.38,2260.68,15232.89,35017.46,50250.35,2016,,Las Vegas Convention and Visitors Authority,""
Stephanie M Williams,Perimeter Security Officer,32126.99,570.24,2304.28,15230.26,35001.51,50231.77,2016,,Las Vegas Convention and Visitors Authority,""
Alvin L Harris,Service Worker,31032.00,2123.28,1915.20,14976.80,35070.48,50047.28,2016,,Las Vegas Convention and Visitors Authority,""
Silverio Gonzalez-Cruz,Security Officer,32101.41,930.84,1480.94,14799.23,34513.19,49312.42,2016,,Las Vegas Convention and Visitors Authority,""
Yu Li,Custodian,29249.60,192.00,2834.64,16841.14,32276.24,49117.38,2016,,Las Vegas Convention and Visitors Authority,""
Renee V Rivera,Perimeter Security Officer,31223.21,757.71,1259.32,14868.52,33240.24,48108.76,2016,,Las Vegas Convention and Visitors Authority,""
Joanne M Hamilton,Custodian,29686.17,886.56,2409.70,14038.16,32982.43,47020.59,2016,,Las Vegas Convention and Visitors Authority,""
Robert J K Cockett,Perimeter Security Officer,30020.80,1315.61,395.54,14224.99,31731.95,45956.94,2016,,Las Vegas Convention and Visitors Authority,""
Bruce J Radel,Security Officer,30823.18,986.47,1551.25,12084.36,33360.90,45445.26,2016,,Las Vegas Convention and Visitors Authority,""
Sheree Cunningham,Senior Director of Human Resources,33656.00,0.00,300.00,10712.24,33956.00,44668.24,2016,,Las Vegas Convention and Visitors Authority,""
Aron A Benham,Custodian,29366.60,525.30,631.28,12307.40,30523.18,42830.58,2016,,Las Vegas Convention and Visitors Authority,""
Roger C Verany,Perimeter Security Officer,29049.60,864.96,294.48,12133.66,30209.04,42342.70,2016,,Las Vegas Convention and Visitors Authority,""
Adela B Carrion Garcia,Custodian,28869.60,690.24,525.60,12231.90,30085.44,42317.34,2016,,Las Vegas Convention and Visitors Authority,""
James A Clowney,Perimeter Security Officer,27074.25,180.05,1963.08,12439.14,29217.38,41656.52,2016,,Las Vegas Convention and Visitors Authority,""
Stephen D Petty,Security Officer,28049.00,489.36,1973.35,10685.51,30511.71,41197.22,2016,,Las Vegas Convention and Visitors Authority,""
Armando Duarte,Security Officer,28462.95,1056.01,1035.90,10080.61,30554.86,40635.47,2016,,Las Vegas Convention and Visitors Authority,""
Stacy A Tsouras,Executive Assistant to the CHRO,28672.00,0.00,0.00,11633.16,28672.00,40305.16,2016,,Las Vegas Convention and Visitors Authority,""
La Toya T Hildreth,Custodian,20632.93,658.78,1215.65,16460.79,22507.36,38968.15,2016,,Las Vegas Convention and Visitors Authority,""
David A Yocum,Groundskeeper,26554.78,1742.64,248.96,9113.52,28546.38,37659.90,2016,,Las Vegas Convention and Visitors Authority,""
Michael F Bond,Director of Internal Audit,28274.40,0.00,300.00,8837.76,28574.40,37412.16,2016,,Las Vegas Convention and Visitors Authority,""
Heather M Garrison,Visitor Information Specialist,20948.81,212.64,100.00,15992.56,21261.45,37254.01,2016,,Las Vegas Convention and Visitors Authority,""
Tena M Hough,Perimeter Security Officer,25573.66,524.16,783.60,10168.66,26881.42,37050.08,2016,,Las Vegas Convention and Visitors Authority,""
Lynette Smith,Custodian,24973.60,0.00,1789.44,10097.74,26763.04,36860.78,2016,,Las Vegas Convention and Visitors Authority,""
Antonia V Genov,Digital Content Manager,28237.44,0.00,600.00,7906.48,28837.44,36743.92,2016,,Las Vegas Convention and Visitors Authority,""
Iulia Poleacov,Secretary,24369.56,0.00,0.00,11428.13,24369.56,35797.69,2016,,Las Vegas Convention and Visitors Authority,""
Oscar Garcia-Ortega,Security Officer,25233.70,317.43,1290.96,7908.74,26842.09,34750.83,2016,,Las Vegas Convention and Visitors Authority,""
Heather M Manning,Advertising Coordinator,7577.60,0.00,100.00,26620.99,7677.60,34298.59,2016,,Las Vegas Convention and Visitors Authority,""
Rachelle M Downing,Visitor Information Specialist,23951.28,204.60,0.00,9720.56,24155.88,33876.44,2016,,Las Vegas Convention and Visitors Authority,""
Scott R Fujinaga,Sales Executive,23965.92,0.00,420.00,7696.10,24385.92,32082.02,2016,,Las Vegas Convention and Visitors Authority,""
Jason K Ballard,Communications Technician,19729.60,1536.52,930.63,9613.47,22196.75,31810.22,2016,,Las Vegas Convention and Visitors Authority,""
Javier Rodriguez-Jimenez,Perimeter Security Officer,19566.11,524.16,1316.40,9858.40,21406.67,31265.07,2016,,Las Vegas Convention and Visitors Authority,""
Glenda Jones,Perimeter Security Officer,21334.60,568.23,1231.58,7649.23,23134.41,30783.64,2016,,Las Vegas Convention and Visitors Authority,""
Chester John Gallagher,Custodian,16927.35,534.96,1002.08,5646.47,18464.39,24110.86,2016,,Las Vegas Convention and Visitors Authority,""
Detrick L Craney,Custodian,17138.80,349.44,116.48,6389.18,17604.72,23993.90,2016,,Las Vegas Convention and Visitors Authority,""
Jian Zhao,Marketing Specialist,18871.97,0.00,0.00,4655.14,18871.97,23527.11,2016,,Las Vegas Convention and Visitors Authority,""
Alexis M Fradella,Visitor Information Specialist,4252.80,0.00,0.00,18582.18,4252.80,22834.98,2016,,Las Vegas Convention and Visitors Authority,""
Robert E Hogan,Perimeter Security Officer,15138.20,547.35,796.88,5707.79,16482.43,22190.22,2016,,Las Vegas Convention and Visitors Authority,""
Robert W Moss,Perimeter Security Officer,17225.40,197.91,831.84,3686.52,18255.15,21941.67,2016,,Las Vegas Convention and Visitors Authority,""
Jonathan J Dotton,Custodian,15713.70,7.88,880.96,4102.38,16602.54,20704.92,2016,,Las Vegas Convention and Visitors Authority,""
Jazmin Behr,Custodian,12463.36,5.79,1003.36,6245.13,13472.51,19717.64,2016,,Las Vegas Convention and Visitors Authority,""
Bertha L Jardine,Convention Services Manager,15021.60,0.00,300.00,4206.04,15321.60,19527.64,2016,,Las Vegas Convention and Visitors Authority,""
Jorge E De La Torre,Perimeter Security Officer,15680.20,529.41,367.56,1541.05,16577.17,18118.22,2016,,Las Vegas Convention and Visitors Authority,""
Colleen K Boyle,Accounting Manager,13848.01,0.00,0.00,3877.45,13848.01,17725.46,2016,,Las Vegas Convention and Visitors Authority,""
Collin B Doebler,Grounds Manager,13490.15,0.00,200.00,3338.72,13690.15,17028.87,2016,,Las Vegas Convention and Visitors Authority,""
Sidney Sjr Liufau,Perimeter Security Officer,13409.13,184.85,430.96,1735.08,14024.94,15760.02,2016,,Las Vegas Convention and Visitors Authority,""
Milion G Adamkie,Custodian,10119.20,193.40,753.92,1385.22,11066.52,12451.74,2016,,Las Vegas Convention and Visitors Authority,""
Justin W Cannon,Contracts Coordinator,9622.81,0.00,0.00,2694.39,9622.81,12317.20,2016,,Las Vegas Convention and Visitors Authority,""
Joel C Gregorio,Business Partner,8654.40,0.00,120.00,2423.23,8774.40,11197.63,2016,,Las Vegas Convention and Visitors Authority,""
Tiffany G Miller,Fire Prevention Technician,8111.85,291.12,0.00,1168.36,8402.97,9571.33,2016,,Las Vegas Convention and Visitors Authority,""
Donna M Houston,Executive Assistant,6882.40,0.00,0.00,1927.07,6882.40,8809.47,2016,,Las Vegas Convention and Visitors Authority,""
Danna J Valdovino,Custodian,5908.47,349.44,418.88,1454.47,6676.79,8131.26,2016,,Las Vegas Convention and Visitors Authority,""
Webb Jr Hill,Custodian,4426.24,174.72,284.40,1367.90,4885.36,6253.26,2016,,Las Vegas Convention and Visitors Authority,""
William J Adams,Sales Executive,4616.40,0.00,230.82,1357.22,4847.22,6204.44,2016,,Las Vegas Convention and Visitors Authority,""
Roberto Vargas,Groundskeeper,767.69,0.00,0.00,214.95,767.69,982.64,2016,,Las Vegas Convention and Visitors Authority,""
