Employee Name,Job Title,Base Pay,Overtime Pay,Other Pay,Benefits,Total Pay,Total Pay & Benefits,Year,Notes,Agency,Status
Brenda Erdoes,Legislative Counsel,125344.00,48843.46,0.00,43502.15,174187.46,217689.61,2016,,Legislative Counsel Bureau,""
Kevin Powers,Chief Litigation Counsel,137560.48,37100.51,0.00,28352.20,174660.99,203013.19,2016,,Legislative Counsel Bureau,""
Bradley Wilkinson,Chief Deputy Leg Counsel,137560.48,32135.62,0.00,28352.20,169696.10,198048.30,2016,,Legislative Counsel Bureau,""
Eileen O'grady,Chief Deputy Leg Counsel,137560.48,31811.39,0.00,28352.20,169371.87,197724.07,2016,,Legislative Counsel Bureau,""
Judith Wytock,Administrator,109873.92,37248.12,0.00,39170.56,147122.04,186292.60,2016,,Legislative Counsel Bureau,""
Richard Combs,Director,131841.69,14352.07,0.00,39391.02,146193.76,185584.78,2016,,Legislative Counsel Bureau,""
William Keane,Sr Principal Deputy Legis Counsel,115155.20,22316.00,0.00,40649.29,137471.20,178120.49,2016,,Legislative Counsel Bureau,""
Ruby Yeckley,Sr Principal Deputy Legis Counsel,115155.20,19128.00,0.00,40649.29,134283.20,174932.49,2016,,Legislative Counsel Bureau,""
Risa Lang,Chief Deputy Leg Counsel,137560.48,8406.27,0.00,28352.20,145966.75,174318.95,2016,,Legislative Counsel Bureau,""
Kristin Roberts,Sr Principal Legis Counsel,131280.80,8511.96,0.00,27441.70,139792.76,167234.46,2016,,Legislative Counsel Bureau,""
Susan Furlong,Chief Clerk of the Assembly,98936.32,29444.25,2363.24,36108.00,130743.81,166851.81,2016,,Legislative Counsel Bureau,""
Nicolas Anthony,Sr Principal Deputy Legis Counsel,131280.80,5929.68,0.00,27441.70,137210.48,164652.18,2016,,Legislative Counsel Bureau,""
Heidi Chlarson,Principal Deputy Legis Counsel,125250.72,11535.76,0.00,26567.21,136786.48,163353.69,2016,,Legislative Counsel Bureau,""
James Penrose,Senior Principal Deputy Legislative Counsel,115155.20,5990.32,0.00,40649.29,121145.52,161794.81,2016,,Legislative Counsel Bureau,""
J Randall Stephenson,Principal Deputy Legis Counsel,104841.60,18916.67,0.00,37761.58,123758.27,161519.85,2016,,Legislative Counsel Bureau,""
Matthew Nichols,Senior Principal Deputy Legislative Counsel,130821.98,3219.88,0.00,27375.16,134041.86,161417.02,2016,,Legislative Counsel Bureau,""
Russell Guindon,Principal Deputy Fiscal Analyst,125250.72,8942.02,0.00,26567.21,134192.74,160759.95,2016,,Legislative Counsel Bureau,""
Bryan Fernley,Senior Principal Deputy Legislative Counsel,128204.16,9819.04,0.00,22085.85,138023.20,160109.05,2016,,Legislative Counsel Bureau,""
Mark Krmpotic,Senate Fiscal Analyst,115321.60,2394.39,0.00,40695.83,117715.99,158411.82,2016,,Legislative Counsel Bureau,""
Cynthia Jones,Assembly Fiscal Analyst,115321.60,702.35,0.00,40695.83,116023.95,156719.78,2016,,Legislative Counsel Bureau,""
Rocky Cooper,Legislative Auditor,115321.60,0.00,290.80,40777.26,115612.40,156389.66,2016,,Legislative Counsel Bureau,""
Susan Scholley,Research Director,115321.60,0.00,0.00,40695.83,115321.60,156017.43,2016,,Legislative Counsel Bureau,""
Michael Stewart,Deputy Research Director,118677.12,3132.76,0.00,31953.14,121809.88,153763.02,2016,,Legislative Counsel Bureau,""
John Wilkerson,Chief of the Administrative Division,117810.79,7662.61,0.00,27138.30,125473.40,152611.70,2016,,Legislative Counsel Bureau,""
Alexander Haartz,Deputy Fiscal Analyst,108598.24,4714.33,0.00,38813.31,113312.57,152125.88,2016,,Legislative Counsel Bureau,""
Karen Hoppe,Senior Program Analyst,100058.88,11855.60,0.00,36422.42,111914.48,148336.90,2016,,Legislative Counsel Bureau,""
Julie Waller,Senior Program Analyst,100058.88,9875.05,0.00,36422.42,109933.93,146356.35,2016,,Legislative Counsel Bureau,""
Marsheilah Lyons,Chief Principal Research Analyst,119521.92,1044.90,0.00,25736.61,120566.82,146303.43,2016,,Legislative Counsel Bureau,""
Carol Stonefield,Chief Principal Research Analyst,119521.92,0.00,0.00,25736.61,119521.92,145258.53,2016,,Legislative Counsel Bureau,""
Jeffrey Ferguson,Senior Program Analyst,100058.88,6620.30,0.00,36422.42,106679.18,143101.60,2016,,Legislative Counsel Bureau,""
Shannon Ryan,Audit Supervisor,100051.20,6517.21,0.00,36420.27,106568.41,142988.68,2016,,Legislative Counsel Bureau,""
Paul Mouritsen,Manager of Constituent Services,104841.60,0.00,0.00,37761.58,104841.60,142603.18,2016,,Legislative Counsel Bureau,""
William Rolleston-Daines,Senior Deputy Legis Counsel,95453.28,11468.46,0.00,35132.75,106921.74,142054.49,2016,,Legislative Counsel Bureau,""
Sten Miles,Senior Application Developer,83039.52,25792.02,0.00,31717.24,108831.54,140548.78,2016,,Legislative Counsel Bureau,""
Darla Zumbro,Mgr. of Info Tech Services,95453.28,8484.21,0.00,35132.75,103937.49,139070.24,2016,,Legislative Counsel Bureau,""
Michelle Van Geel,Administrator of Publications and Tech Services,114063.52,0.00,0.00,24945.14,114063.52,139008.66,2016,,Legislative Counsel Bureau,""
Joi Davis,Senior Program Analyst,100058.88,2409.90,0.00,36422.42,102468.78,138891.20,2016,,Legislative Counsel Bureau,""
Richard Neil,Audit Supervisor,100058.88,2253.87,0.00,36422.42,102312.75,138735.17,2016,,Legislative Counsel Bureau,""
Ann Iverson,Senior Deputy Legis Counsel,95453.28,6579.85,0.00,35132.75,102033.13,137165.88,2016,,Legislative Counsel Bureau,""
S Douglas Peterson,Info Sys Audit Super,100058.88,0.00,0.00,36422.42,100058.88,136481.30,2016,,Legislative Counsel Bureau,""
Jane Giovacchini,Audit Supervisor,100055.04,0.00,0.00,36421.34,100055.04,136476.38,2016,,Legislative Counsel Bureau,""
Sarah Coffman,Principal Deputy Fiscal Analyst,97711.20,1717.40,0.00,35765.02,99428.60,135193.62,2016,,Legislative Counsel Bureau,""
Claire Clift,Secretary of Senate,98938.20,0.00,0.00,36108.52,98938.20,135046.72,2016,,Legislative Counsel Bureau,""
Janice Hill,Editor,75730.56,28739.13,0.00,29610.36,104469.69,134080.05,2016,,Legislative Counsel Bureau,""
Kathleen Fox-Williams,Development Services Manager,86969.44,14089.15,0.00,32757.32,101058.59,133815.91,2016,,Legislative Counsel Bureau,""
Stephen Lang,Manager of Publications and Printing,95818.08,1101.29,0.00,35432.58,96919.37,132351.95,2016,,Legislative Counsel Bureau,""
Debra Corp,Paralegal Manager,83039.52,17257.10,0.00,31656.97,100296.62,131953.59,2016,,Legislative Counsel Bureau,""
Brody Leiser,Senior Program Analyst,94034.88,1849.75,0.00,34735.61,95884.63,130620.24,2016,,Legislative Counsel Bureau,""
Daniel Crossman,Audit Supervisor,106256.00,0.00,0.00,23813.00,106256.00,130069.00,2016,,Legislative Counsel Bureau,""
Kelly Service,Programmer/QA,72307.16,28949.83,0.00,28707.43,101256.99,129964.42,2016,,Legislative Counsel Bureau,""
Patrick Guinan,Principal Research Analyst,103853.92,1008.80,0.00,23464.65,104862.72,128327.37,2016,,Legislative Counsel Bureau,""
Michael Nakamoto,Deputy Fiscal Analyst,94673.60,11357.06,0.00,22133.60,106030.66,128164.26,2016,,Legislative Counsel Bureau,""
Asher Killian,Senior Deputy Legis Counsel,95859.52,5674.50,0.00,26606.60,101534.02,128140.62,2016,,Legislative Counsel Bureau,""
Marjorie Paslov-Thomas,Principal Research Analyst,103853.92,0.00,0.00,23464.65,103853.92,127318.57,2016,,Legislative Counsel Bureau,""
Beverly Mobley,Manager of Constituent Services,103853.92,0.00,0.00,23464.65,103853.92,127318.57,2016,,Legislative Counsel Bureau,""
Eric Dugger,Network Services Manager,96860.96,6075.47,360.64,22515.33,103297.07,125812.40,2016,,Legislative Counsel Bureau,""
Jennifer Ruedy,Principal Research Analyst,91107.36,479.18,0.00,33915.91,91586.54,125502.45,2016,,Legislative Counsel Bureau,""
Maura Smith,Manager of Technical Services,86969.44,5604.78,0.00,32757.32,92574.22,125331.54,2016,,Legislative Counsel Bureau,""
Adam Drost,Program Analyst,94673.60,7828.11,0.00,22133.60,102501.71,124635.31,2016,,Legislative Counsel Bureau,""
Todd Peterson,Audit Supervisor,90717.76,0.00,0.00,33806.82,90717.76,124524.58,2016,,Legislative Counsel Bureau,""
Joseph Reel,Deputy Fiscal Analyst,83039.52,9609.82,0.00,31656.97,92649.34,124306.31,2016,,Legislative Counsel Bureau,""
Gail Kane,ITS Computer Manager,88995.52,613.97,0.00,33496.48,89609.49,123105.97,2016,,Legislative Counsel Bureau,""
Kristen Kolbe,Program Analyst,94673.60,6023.38,0.00,22133.60,100696.98,122830.58,2016,,Legislative Counsel Bureau,""
Daniel Peinado,Deputy Legislative Counsel,85014.88,4801.15,0.00,32210.07,89816.03,122026.10,2016,,Legislative Counsel Bureau,""
Karolyn O'krent,Senior Deputy Legis Counsel,87314.08,12804.38,0.00,21066.40,100118.46,121184.86,2016,,Legislative Counsel Bureau,""
Darcy Johnson,Senior Deputy Legis Counsel,86980.48,1059.95,0.00,32760.44,88040.43,120800.87,2016,,Legislative Counsel Bureau,""
Jon Stieber,Program Analyst,90369.28,7987.99,0.00,21509.40,98357.27,119866.67,2016,,Legislative Counsel Bureau,""
Teresa Wilt,Legislative Librarian,86969.44,0.00,0.00,32757.32,86969.44,119726.76,2016,,Legislative Counsel Bureau,""
Sandra Mcguirk,Child Welfare Specialist,86966.12,0.00,0.00,32756.39,86966.12,119722.51,2016,,Legislative Counsel Bureau,""
Tammy Goetze,Deputy Legislative Auditor,86966.12,0.00,0.00,32756.39,86966.12,119722.51,2016,,Legislative Counsel Bureau,""
Melissa Mundy,Senior Deputy Legis Counsel,96860.96,0.00,0.00,22450.75,96860.96,119311.71,2016,,Legislative Counsel Bureau,""
Mandi Davis,Program Analyst,83039.52,4172.69,0.00,31656.97,87212.21,118869.18,2016,,Legislative Counsel Bureau,""
Diana Giovannoni,Deputy Legislative Auditor,86221.44,0.00,0.00,32547.92,86221.44,118769.36,2016,,Legislative Counsel Bureau,""
Amber Little,Web Developer,72307.16,17035.24,0.00,28772.83,89342.40,118115.23,2016,,Legislative Counsel Bureau,""
Kevin Bergenheier,Application Developer,73558.40,25141.87,0.00,19100.33,98700.27,117800.60,2016,,Legislative Counsel Bureau,""
Barbara Dimmitt,Senior Research Analyst,94673.60,0.00,0.00,22133.60,94673.60,116807.20,2016,,Legislative Counsel Bureau,""
Diane Thornton,Senior Research Analyst,94673.60,0.00,0.00,22133.60,94673.60,116807.20,2016,,Legislative Counsel Bureau,""
James Corbett,Network Specialist,86328.80,8802.24,0.00,20975.90,95131.04,116106.94,2016,,Legislative Counsel Bureau,""
Gabe Anguiano,Senior Developer,77538.00,7804.01,0.00,30152.04,85342.01,115494.05,2016,,Legislative Counsel Bureau,""
Sumiko Mckenna,ITS Computer Programmer,82436.32,10920.28,0.00,21716.18,93356.60,115072.78,2016,,Legislative Counsel Bureau,""
Todd Butterworth,Senior Research Analyst,83039.52,0.00,0.00,31656.97,83039.52,114696.49,2016,,Legislative Counsel Bureau,""
Jered Mcdonald,Senior Research Analyst,82085.44,1057.54,0.00,31389.78,83142.98,114532.76,2016,,Legislative Counsel Bureau,""
Craig Hoffecker,Constituent Services Supervisory Analyst,92476.00,0.00,0.00,21814.95,92476.00,114290.95,2016,,Legislative Counsel Bureau,""
Alysa Keller,Senior Research Analyst,92476.00,0.00,0.00,21814.95,92476.00,114290.95,2016,,Legislative Counsel Bureau,""
Edwin Nesbit,Senior Developer,86335.36,19144.24,0.00,8405.88,105479.60,113885.48,2016,,Legislative Counsel Bureau,""
Jennifer Ouellette,Program Analyst,88311.04,3116.20,0.00,21210.98,91427.24,112638.22,2016,,Legislative Counsel Bureau,""
Stephen Avillo,Deputy Legislative Counsel,90881.80,0.00,0.00,21583.74,90881.80,112465.54,2016,,Legislative Counsel Bureau,""
David Steele,Deputy Legislative Auditor,90365.84,0.00,0.00,21508.90,90365.84,111874.74,2016,,Legislative Counsel Bureau,""
Joy Cain,Law Indexer,89369.44,0.00,0.00,21364.45,89369.44,110733.89,2016,,Legislative Counsel Bureau,""
Eugene Allara,Deputy Legislative Auditor,79277.50,0.00,0.00,30603.58,79277.50,109881.08,2016,,Legislative Counsel Bureau,""
Debra Clark,Deputy Legislative Auditor,88302.70,0.00,0.00,21209.78,88302.70,109512.48,2016,,Legislative Counsel Bureau,""
Melissa Bue,Associate Manager Technical Service,75730.56,4053.13,0.00,29610.36,79783.69,109394.05,2016,,Legislative Counsel Bureau,""
Eric Robbins,Senior Deputy Legis Counsel,87314.08,845.64,0.00,21066.40,88159.72,109226.12,2016,,Legislative Counsel Bureau,""
Kelly Richard,Principal Research Analyst,78638.39,0.00,0.00,30424.68,78638.39,109063.07,2016,,Legislative Counsel Bureau,""
Michael Reeley,State Printer,83414.08,3243.35,0.00,20500.98,86657.43,107158.41,2016,,Legislative Counsel Bureau,""
Mary O'hair,Communications Specialist,71334.36,5805.94,0.00,28437.25,77140.30,105577.55,2016,,Legislative Counsel Bureau,""
Michael Morton,Senior Deputy Legis Counsel,79292.48,5866.82,0.00,19903.26,85159.30,105062.56,2016,,Legislative Counsel Bureau,""
Jaimarie Dagdagan,Program Analyst,70680.48,3903.90,0.00,28196.39,74584.38,102780.77,2016,,Legislative Counsel Bureau,""
Beth Mammen,Paralegal,66009.44,9591.55,0.00,26888.45,75600.99,102489.44,2016,,Legislative Counsel Bureau,""
James Feser,Facilities Manager,80581.76,1604.61,0.00,20090.16,82186.37,102276.53,2016,,Legislative Counsel Bureau,""
Megan Comlossy,Senior Research Analyst,81529.28,0.00,0.00,20227.62,81529.28,101756.90,2016,,Legislative Counsel Bureau,""
Richard Tillis,Systems & Hardware Specialist,69118.08,3998.57,0.00,27871.00,73116.65,100987.65,2016,,Legislative Counsel Bureau,""
Erin Roohan,Deputy Legislative Counsel,78405.44,836.72,0.00,19774.74,79242.16,99016.90,2016,,Legislative Counsel Bureau,""
Janice Wolfley,Senior Assistant Librarian,69118.08,0.00,0.00,27758.91,69118.08,96876.99,2016,,Legislative Counsel Bureau,""
Glenn Galloway,Associate Law Indexer,76985.92,0.00,0.00,19568.84,76985.92,96554.76,2016,,Legislative Counsel Bureau,""
Jeffery Loflin Ii,Unit Chief BPS,69737.84,6480.92,0.00,19581.32,76218.76,95800.08,2016,,Legislative Counsel Bureau,""
John Van Geel,Application Developer,66009.44,2178.78,0.00,26924.36,68188.22,95112.58,2016,,Legislative Counsel Bureau,""
Randall Bird,Facilities Supervisor,75272.16,341.64,0.00,19320.34,75613.80,94934.14,2016,,Legislative Counsel Bureau,""
Jolanta Astronomo,Chief Accountant,71974.60,0.00,0.00,22830.31,71974.60,94804.91,2016,,Legislative Counsel Bureau,""
Janet Krysztof,Data Specialist Supervisor,71142.24,3987.32,0.00,18721.51,75129.56,93851.07,2016,,Legislative Counsel Bureau,""
Yerania Martell-De Luca,Deputy Legislative Auditor,74423.71,0.00,0.00,19197.37,74423.71,93621.08,2016,,Legislative Counsel Bureau,""
Ken Baxter,Application Specialist,65285.44,443.08,0.00,26809.93,65728.52,92538.45,2016,,Legislative Counsel Bureau,""
Melisa Aguon,Legislative Services Officer,64519.36,657.91,0.00,26471.30,65177.27,91648.57,2016,,Legislative Counsel Bureau,""
Angela Hartzler,Deputy Administrator,64519.36,0.00,0.00,26471.30,64519.36,90990.66,2016,,Legislative Counsel Bureau,""
Danielle Mayabb,IT Professional II,69428.96,2443.47,0.00,18504.24,71872.43,90376.67,2016,,Legislative Counsel Bureau,""
Michael Morelli,Grounds Supervisor,60124.96,12255.96,0.00,17742.07,72380.92,90122.99,2016,,Legislative Counsel Bureau,""
Kristi Geiser,Editor,63098.08,0.00,0.00,26073.39,63098.08,89171.47,2016,,Legislative Counsel Bureau,""
Daniel Reich,Deputy Legislative Counsel,70531.28,38.27,600.46,17933.62,71170.01,89103.63,2016,,Legislative Counsel Bureau,""
Randolph Dumbauld,Systems & Hardware Specialist,36890.88,0.00,36799.32,15239.02,73690.20,88929.22,2016,,Legislative Counsel Bureau,""
Fiona Jones,Document Specialist Supervisor,64313.28,6732.49,0.00,17731.30,71045.77,88777.07,2016,,Legislative Counsel Bureau,""
Kevin Jackson,HVAC Specialist II,55217.44,8312.92,0.00,25141.95,63530.36,88672.31,2016,,Legislative Counsel Bureau,""
Leanndra Copeland,Program Analyst,61561.12,2218.69,0.00,24290.80,63779.81,88070.61,2016,,Legislative Counsel Bureau,""
Jennifer Brito,Deputy Legislative Auditor,69555.68,0.00,0.00,18491.43,69555.68,88047.11,2016,,Legislative Counsel Bureau,""
Daniel Dalluhn,Unit Chief BPS,29713.44,7807.20,37710.61,12589.97,75231.25,87821.22,2016,,Legislative Counsel Bureau,""
Michael Zajac,Customer Support Technician,60312.16,1695.16,0.00,25382.33,62007.32,87389.65,2016,,Legislative Counsel Bureau,""
Africa Camacho-Polkow,Deputy Legislative Auditor,68800.35,0.00,0.00,18381.98,68800.35,87182.33,2016,,Legislative Counsel Bureau,""
Kay Capurro,Asst. Mgr. of Publications,68754.40,0.00,0.00,18375.17,68754.40,87129.57,2016,,Legislative Counsel Bureau,""
Jeanine Wittenberg,Director of Administrative Services,58965.10,2429.13,0.00,24916.10,61394.23,86310.33,2016,,Legislative Counsel Bureau,""
Sean Jordan,Journey Binder III,60124.96,7808.17,479.52,17170.83,68412.65,85583.48,2016,,Legislative Counsel Bureau,""
Lucinda Benjamin,Chief Deputy Clerk,58961.44,1051.79,0.00,24915.08,60013.23,84928.31,2016,,Legislative Counsel Bureau,""
Dennis Richardson,IT Professional II,64313.28,2749.28,0.00,17753.52,67062.56,84816.08,2016,,Legislative Counsel Bureau,""
Paul Casey,Deputy Legislative Auditor,66708.48,0.00,0.00,18078.58,66708.48,84787.06,2016,,Legislative Counsel Bureau,""
Shirlee Eitel-Bingham,Deputy Legislative Auditor,61305.12,0.00,0.00,23466.07,61305.12,84771.19,2016,,Legislative Counsel Bureau,""
Cliff Rutherford,Offset Press Operator,62942.40,3984.15,69.20,17540.37,66995.75,84536.12,2016,,Legislative Counsel Bureau,""
Paula Scotland,Associate Law Indexer,62519.68,4509.23,0.00,17471.27,67028.91,84500.18,2016,,Legislative Counsel Bureau,""
Arsenio Escudero,Deputy Legislative Auditor,66182.88,0.00,0.00,18002.40,66182.88,84185.28,2016,,Legislative Counsel Bureau,""
Donald Glaze,Tech Communication Sys Spec II,55217.44,4556.03,0.00,24107.71,59773.47,83881.18,2016,,Legislative Counsel Bureau,""
Janice Mcclure,Manager of Administrative Services,65739.04,0.00,0.00,17938.06,65739.04,83677.10,2016,,Legislative Counsel Bureau,""
"Kennedy, Kennedy",Design & Prod Spec for Pubs,65739.04,0.00,0.00,17938.06,65739.04,83677.10,2016,,Legislative Counsel Bureau,""
Susan Young,Office Manager,65739.04,0.00,0.00,17938.06,65739.04,83677.10,2016,,Legislative Counsel Bureau,""
Gregory Suarez,Journey Binder III,60124.96,5669.83,0.00,17124.03,65794.79,82918.82,2016,,Legislative Counsel Bureau,""
Rebecca Lowe,Office Manager,57671.20,0.00,0.00,24553.72,57671.20,82224.92,2016,,Legislative Counsel Bureau,""
Patricia Sullivan,Management Analyst II,64313.28,0.00,0.00,17731.30,64313.28,82044.58,2016,,Legislative Counsel Bureau,""
Sherry Rodriguez,Assistant Secretary of the Senate,56403.20,0.00,1022.88,24198.78,57426.08,81624.86,2016,,Legislative Counsel Bureau,""
Melinda Martini,Principal Research Analyst,59873.76,0.00,0.00,21661.87,59873.76,81535.63,2016,,Legislative Counsel Bureau,""
Joshua Schneider Sr,Offset Press Operator,62942.40,206.35,800.00,17532.48,63948.75,81481.23,2016,,Legislative Counsel Bureau,""
Karen Bondi,Receptionist,62942.40,871.25,0.00,17532.48,63813.65,81346.13,2016,,Legislative Counsel Bureau,""
Sean Findley,IT Professional II,48999.04,9828.05,0.00,22125.57,58827.09,80952.66,2016,,Legislative Counsel Bureau,""
Mary Shope,Coordinator Silver Haired Frm,62942.41,0.00,0.00,17532.48,62942.41,80474.89,2016,,Legislative Counsel Bureau,""
Emiko Van Geel,Assistant Law Indexer,62942.40,0.00,0.00,17532.48,62942.40,80474.88,2016,,Legislative Counsel Bureau,""
Charles Anderson Iv,Unit Supervisor -  TCSS III,50909.28,5778.70,0.00,23396.39,56687.98,80084.37,2016,,Legislative Counsel Bureau,""
Terry Zimmerman,HVAC Specialist II,50484.00,5999.29,0.00,23530.21,56483.29,80013.50,2016,,Legislative Counsel Bureau,""
Pamela Anderson,Electrician II,55215.33,416.94,0.00,23888.33,55632.27,79520.60,2016,,Legislative Counsel Bureau,""
Sylvia Wiese,Executive Assistant,55217.46,0.00,78.87,23888.92,55296.33,79185.25,2016,,Legislative Counsel Bureau,""
Mary Veno,Account Technician,55217.49,0.00,0.00,23866.84,55217.49,79084.33,2016,,Legislative Counsel Bureau,""
Felicia Burkett,Administrative Assistant,55217.47,0.00,0.00,23866.84,55217.47,79084.31,2016,,Legislative Counsel Bureau,""
Marvin Johnson,ITS Technician,61505.92,0.00,0.00,17324.24,61505.92,78830.16,2016,,Legislative Counsel Bureau,""
Barbara Cramer,Journey Composing,60124.96,1572.62,0.00,17124.03,61697.58,78821.61,2016,,Legislative Counsel Bureau,""
Ken Kruse,Safety Officer,60852.01,664.90,0.00,17229.37,61516.91,78746.28,2016,,Legislative Counsel Bureau,""
Brian Lester,Tech Communication Sys Spec II,57934.08,3082.57,0.00,17693.19,61016.65,78709.84,2016,,Legislative Counsel Bureau,""
Rhonda Sheldon,Senior Document Specialist,57525.60,3911.91,0.00,16746.99,61437.51,78184.50,2016,,Legislative Counsel Bureau,""
Dinah Bell,Senior Data Specialist,50466.24,5058.59,0.00,22536.35,55524.83,78061.18,2016,,Legislative Counsel Bureau,""
Jay Kriebel,Program Analyst,63272.65,0.00,0.00,14773.54,63272.65,78046.19,2016,,Legislative Counsel Bureau,""
Patricia Stefonowicz,Accountant,54307.24,0.00,91.68,23637.54,54398.92,78036.46,2016,,Legislative Counsel Bureau,""
Timothy Fodor,Deputy Legislative Auditor,60437.25,0.00,0.00,17169.31,60437.25,77606.56,2016,,Legislative Counsel Bureau,""
Jann Stinnesbeck,Senior Research Analyst,59691.52,0.00,0.00,17061.17,59691.52,76752.69,2016,,Legislative Counsel Bureau,""
Jeff Rauh,Deputy Legislative Auditor,49320.48,0.00,8668.15,18719.42,57988.63,76708.05,2016,,Legislative Counsel Bureau,""
Janet Coons,Principal Administrative Assistant,58795.68,416.10,0.00,16931.20,59211.78,76142.98,2016,,Legislative Counsel Bureau,""
Jean Gage,Support Services Technician,55048.60,4452.66,0.00,16418.73,59501.26,75919.99,2016,,Legislative Counsel Bureau,""
Donna Thomas,Lead Fiscal Secretary,52732.80,0.00,0.00,23170.96,52732.80,75903.76,2016,,Legislative Counsel Bureau,""
Rebecca Wood,Control Room Coordinator,52732.80,0.00,0.00,23170.96,52732.80,75903.76,2016,,Legislative Counsel Bureau,""
Englisa Parker,Library Technician III,58807.36,0.00,0.00,16932.95,58807.36,75740.31,2016,,Legislative Counsel Bureau,""
Sanford Graves,IT Professional,64075.36,2209.71,-1018.38,9186.22,65266.69,74452.91,2016,,Legislative Counsel Bureau,""
Diane Abbott,Assistant Manager of  Gift Shop,57357.96,209.55,0.00,16722.69,57567.51,74290.20,2016,,Legislative Counsel Bureau,""
Paul Willis,Maintenance Specialist,44290.56,8248.14,0.00,21546.23,52538.70,74084.93,2016,,Legislative Counsel Bureau,""
Teri Greene,Session Police Sergeant,61509.80,1375.65,2778.31,8405.88,65663.76,74069.64,2016,,Legislative Counsel Bureau,""
Erin Burger,Paralegal,56180.96,901.07,87.02,16564.66,57169.05,73733.71,2016,,Legislative Counsel Bureau,""
Stephanie Elliott,Proofreader,55384.16,828.20,797.12,16551.17,57009.48,73560.65,2016,,Legislative Counsel Bureau,""
Luann Lehr,Account Technician,55065.66,2047.42,0.00,16390.39,57113.08,73503.47,2016,,Legislative Counsel Bureau,""
Tom Rolfe,Legislative Officer,62196.60,0.00,2893.39,8405.88,65089.99,73495.87,2016,,Legislative Counsel Bureau,""
Lauren Heggen,Office Services Coordinator,53850.40,2754.75,0.00,16214.09,56605.15,72819.24,2016,,Legislative Counsel Bureau,""
Virginia Williams,JOURNEY BINDERY II,50697.04,5766.11,402.92,15795.86,56866.07,72661.93,2016,,Legislative Counsel Bureau,""
Cheryl Harvey,Lead Fiscal Secretary,49362.08,0.00,0.00,22227.21,49362.08,71589.29,2016,,Legislative Counsel Bureau,""
Tarron Collins,Senior Research Secretary,55061.76,0.00,0.00,16389.76,55061.76,71451.52,2016,,Legislative Counsel Bureau,""
Christina Harper,Senior Research Secretary,55061.76,0.00,0.00,16389.76,55061.76,71451.52,2016,,Legislative Counsel Bureau,""
Carla Ulrych,Management Assistant,55061.76,0.00,0.00,16389.76,55061.76,71451.52,2016,,Legislative Counsel Bureau,""
Jill Tanner,Senior Document Specialist,50474.56,5238.08,0.00,15724.72,55712.64,71437.36,2016,,Legislative Counsel Bureau,""
Maysha Watson,Editor,55025.60,0.00,0.00,16384.52,55025.60,71410.12,2016,,Legislative Counsel Bureau,""
Jelena Williams,Deputy Legislative Auditor,49568.32,0.00,563.23,20886.56,50131.55,71018.11,2016,,Legislative Counsel Bureau,""
Charlene Morehead,Janitorial Supervisor,45742.08,1373.40,2101.10,21783.34,49216.58,70999.92,2016,,Legislative Counsel Bureau,""
Deborah Gleason,Senior Research Secretary,48303.68,461.27,0.00,21930.86,48764.95,70695.81,2016,,Legislative Counsel Bureau,""
Suzanne Fruth,Senior Document Specialist,50474.56,4474.06,0.00,15724.72,54948.62,70673.34,2016,,Legislative Counsel Bureau,""
Sharyon Jara,Project Specialist Supervisor,61505.92,733.68,0.00,8405.88,62239.60,70645.48,2016,,Legislative Counsel Bureau,""
Roy Jara,Document Control Clerk,52691.20,1626.87,0.00,16046.00,54318.07,70364.07,2016,,Legislative Counsel Bureau,""
Doris Zielinski,Senior Document Specialist,50474.56,4143.93,0.00,15724.72,54618.49,70343.21,2016,,Legislative Counsel Bureau,""
Natalie Pieretti,Senior Research Secretary,48303.68,0.00,0.00,21930.86,48303.68,70234.54,2016,,Legislative Counsel Bureau,""
John Drew,Chief Legislative Police,67214.90,985.01,800.00,0.00,68999.91,68999.91,2016,,Legislative Counsel Bureau,""
Brian Van Geel,Tech Communication Sys Spec II,51565.60,1397.19,0.00,15957.29,52962.79,68920.08,2016,,Legislative Counsel Bureau,""
Michael Pickern,Communication Surv Tech,50477.60,1540.59,993.17,15869.17,53011.36,68880.53,2016,,Legislative Counsel Bureau,""
Gabriela Anguiano,Sr Research Tech,52691.20,0.00,0.00,16046.00,52691.20,68737.20,2016,,Legislative Counsel Bureau,""
Jason Hataway,Technical Assistant,45238.08,633.35,0.00,22701.85,45871.43,68573.28,2016,,Legislative Counsel Bureau,""
Gena Plummer,Administrative Services Analyst,51568.70,0.00,631.05,15883.24,52199.75,68082.99,2016,,Legislative Counsel Bureau,""
Bradley Wallace,Maintenance Repair Specialist II,47818.88,4733.43,0.00,15339.57,52552.31,67891.88,2016,,Legislative Counsel Bureau,""
Kristin Wood,Office Manager,51341.60,457.22,0.00,15850.33,51798.82,67649.15,2016,,Legislative Counsel Bureau,""
Frances Sullivan,Principal Research Tech,46224.32,0.00,0.00,21348.64,46224.32,67572.96,2016,,Legislative Counsel Bureau,""
Laurel Armbrust,Paralegal,58795.68,0.00,0.00,8525.32,58795.68,67321.00,2016,,Legislative Counsel Bureau,""
Roman Edwards,Senior Deputy Legis Counsel,52385.60,0.00,1034.55,13204.80,53420.15,66624.95,2016,,Legislative Counsel Bureau,""
Jill Butler,Document Specialist,46286.88,4940.42,0.00,15117.48,51227.30,66344.78,2016,,Legislative Counsel Bureau,""
Esthefany Arochi,Receptionist,50487.04,55.17,0.00,15726.42,50542.21,66268.63,2016,,Legislative Counsel Bureau,""
Kristina Shea,Program Analyst,57786.40,0.00,0.00,8378.99,57786.40,66165.39,2016,,Legislative Counsel Bureau,""
Susan Hoffman,Assembly Assistant Clerk,56264.48,754.38,0.00,8405.88,57018.86,65424.74,2016,,Legislative Counsel Bureau,""
Catherine Crocket,Program Analyst,51065.60,0.00,2524.48,11607.48,53590.08,65197.56,2016,,Legislative Counsel Bureau,""
Kathy Eaton,General Services Manager,41968.40,3053.63,0.00,20156.94,45022.03,65178.97,2016,,Legislative Counsel Bureau,""
Greg Sisneros,Session Police Sergeant,54447.20,656.40,1967.94,8064.17,57071.54,65135.71,2016,,Legislative Counsel Bureau,""
Lisa Gardner,Senior Research Secretary,48794.50,0.00,0.00,15481.09,48794.50,64275.59,2016,,Legislative Counsel Bureau,""
Cindy Matheus,Senior Data Specialist,46286.88,2657.26,0.00,15117.48,48944.14,64061.62,2016,,Legislative Counsel Bureau,""
Anthony Andazola,Building Maintenance Repair Specialist 1,46286.88,2191.61,0.00,15117.48,48478.49,63595.97,2016,,Legislative Counsel Bureau,""
Ryan Dombrowski,Tech Communication Sys Spec II,41940.16,1367.44,0.00,20224.54,43307.60,63532.14,2016,,Legislative Counsel Bureau,""
Roger Mcclellan,Health Care Policy Specialist,45321.60,0.00,7331.24,10782.06,52652.84,63434.90,2016,,Legislative Counsel Bureau,""
Rod Countryman,"Lieutenant, Legislative Police",61490.40,596.12,800.00,0.00,62886.52,62886.52,2016,,Legislative Counsel Bureau,""
Deborah Anderson,Audit Secretary,42390.80,0.00,0.00,20275.25,42390.80,62666.05,2016,,Legislative Counsel Bureau,""
Elaine Coburn,Receptionist,47304.82,0.00,0.00,15265.00,47304.82,62569.82,2016,,Legislative Counsel Bureau,""
Judith Lyons,Management Assistant,47285.28,0.00,0.00,15262.29,47285.28,62547.57,2016,,Legislative Counsel Bureau,""
Jennifer Scaffidi,Control Room Supervisor,45424.16,2045.60,0.00,14994.32,47469.76,62464.08,2016,,Legislative Counsel Bureau,""
Linda Hiller,Senate Committee Secretary II,46786.75,57.58,243.28,15189.89,47087.61,62277.50,2016,,Legislative Counsel Bureau,""
Heidi Christeson,Administrative Assistant III,46214.93,0.00,0.00,15106.95,46214.93,61321.88,2016,,Legislative Counsel Bureau,""
Ibran Garcia-Lopez,JOURNEY BINDERY II,42568.16,3608.70,0.00,14578.24,46176.86,60755.10,2016,,Legislative Counsel Bureau,""
Andrea Dion,Project Specialist,39731.20,724.98,0.00,19530.67,40456.18,59986.85,2016,,Legislative Counsel Bureau,""
George Aldrich Iii,Support Services Tech,35630.44,607.70,7101.51,16284.63,43339.65,59624.28,2016,,Legislative Counsel Bureau,""
Lyndsey Callison,Account Technician,44545.01,0.00,0.00,14864.97,44545.01,59409.98,2016,,Legislative Counsel Bureau,""
George Hines,Shipping & Delivery Clerk,44332.16,0.00,0.00,14834.12,44332.16,59166.28,2016,,Legislative Counsel Bureau,""
Donna Amundsen,Administrative Assistant,42124.64,1632.13,0.00,14513.98,43756.77,58270.75,2016,,Legislative Counsel Bureau,""
Jennifer Gamroth,Program Analyst,53476.00,4483.05,0.00,0.00,57959.05,57959.05,2016,,Legislative Counsel Bureau,""
Jose Torres-Landeros,Research Analyst,38681.13,0.00,0.00,19236.58,38681.13,57917.71,2016,,Legislative Counsel Bureau,""
Brian Polkow,Grounds Maint Spec,39501.60,4064.49,0.00,14294.60,43566.09,57860.69,2016,,Legislative Counsel Bureau,""
Wakonda Ivy-Carter,Video Technician,42568.16,399.46,0.00,14578.24,42967.62,57545.86,2016,,Legislative Counsel Bureau,""
William Bennett,Janitor,35015.36,2018.58,1594.77,18634.51,38628.71,57263.22,2016,,Legislative Counsel Bureau,""
Sharon Meginness,Janitor,40337.76,385.92,1804.25,14513.98,42527.93,57041.91,2016,,Legislative Counsel Bureau,""
Sarah Silveira,Data Specialist,39879.36,2938.45,0.00,14188.46,42817.81,57006.27,2016,,Legislative Counsel Bureau,""
John Brown,Communication Surv Tech,47293.20,0.00,2100.75,7161.90,49393.95,56555.85,2016,,Legislative Counsel Bureau,""
Diane Castleman,Administrative Assistant,41429.44,0.00,0.00,14413.16,41429.44,55842.60,2016,,Legislative Counsel Bureau,""
April Van Wyke,Document Control Clerk,38589.12,2201.43,0.00,14001.35,40790.55,54791.90,2016,,Legislative Counsel Bureau,""
Sarah Gasporra,Deputy Legislative Auditor,43203.04,0.00,0.00,11161.69,43203.04,54364.73,2016,,Legislative Counsel Bureau,""
Robert Mcdonald,Session Police Sergeant,49942.60,1315.13,1446.25,0.00,52703.98,52703.98,2016,,Legislative Counsel Bureau,""
Lynn Drake,Communication Surv Tech,43421.60,0.00,839.78,8405.88,44261.38,52667.26,2016,,Legislative Counsel Bureau,""
Lisbette Stinnesbeck,Account Technician,38629.98,0.00,0.00,14007.28,38629.98,52637.26,2016,,Legislative Counsel Bureau,""
Jordan Green,Paralegal,40377.49,0.00,0.00,12162.81,40377.49,52540.30,2016,,Legislative Counsel Bureau,""
Billie Calvin,Publications Clerk,41642.24,558.36,0.00,10233.65,42200.60,52434.25,2016,,Legislative Counsel Bureau,""
John Gould,Police Officer,49942.60,0.00,1689.50,0.00,51632.10,51632.10,2016,,Legislative Counsel Bureau,""
Maria De La Luz Aguayo,Research Secretary,37530.24,0.00,0.00,13847.74,37530.24,51377.98,2016,,Legislative Counsel Bureau,""
Diane Favia,Storeroom Clerk II,36283.20,756.69,0.00,13666.99,37039.89,50706.88,2016,,Legislative Counsel Bureau,""
Evelyn Nadeau,Senior Research Secretary,50146.73,0.00,0.00,0.00,50146.73,50146.73,2016,,Legislative Counsel Bureau,""
Lori Mcgrath,Police Officer,47518.80,0.00,1008.76,0.00,48527.56,48527.56,2016,,Legislative Counsel Bureau,""
Kevin Honkomp,Mgr of Publications & Printing,27955.20,3571.79,5172.35,11634.49,36699.34,48333.83,2016,,Legislative Counsel Bureau,""
Leo Eich,Janitor,31265.12,1359.26,1346.42,13124.55,33970.80,47095.35,2016,,Legislative Counsel Bureau,""
Zachary Bucher,Research Analyst,33810.30,0.00,3131.38,9812.12,36941.68,46753.80,2016,,Legislative Counsel Bureau,""
Linzey O'brien,Management Assistant,34537.13,0.00,0.00,12010.26,34537.13,46547.39,2016,,Legislative Counsel Bureau,""
Heidi Ellsworth,Document Specialist,38589.12,1612.74,0.00,5595.47,40201.86,45797.33,2016,,Legislative Counsel Bureau,""
Stuart Moon,Janitor,31265.12,0.00,1303.36,13120.84,32568.48,45689.32,2016,,Legislative Counsel Bureau,""
Kevin Gray,Communication Surv Tech,43434.20,0.00,1859.73,0.00,45293.93,45293.93,2016,,Legislative Counsel Bureau,""
James Anderson,Janitor,27431.04,0.00,1127.70,16397.73,28558.74,44956.47,2016,,Legislative Counsel Bureau,""
Jessica Dummer,Deputy Legislative Counsel,35493.52,0.00,0.00,9342.01,35493.52,44835.53,2016,,Legislative Counsel Bureau,""
Kaitlin Mcgrath,Research Technician,31742.70,0.00,0.00,13008.48,31742.70,44751.18,2016,,Legislative Counsel Bureau,""
Scott Hoover,Janitor,30081.44,279.20,1194.93,12939.27,31555.57,44494.84,2016,,Legislative Counsel Bureau,""
Brenda Adrian,Bindery I,30962.72,624.15,0.00,12895.45,31586.87,44482.32,2016,,Legislative Counsel Bureau,""
Stephen Davis,Janitor,29273.91,1038.59,1179.27,12815.47,31491.77,44307.24,2016,,Legislative Counsel Bureau,""
Neil Derosa,Storeroom Clerk,30770.73,301.53,0.00,12867.60,31072.26,43939.86,2016,,Legislative Counsel Bureau,""
David Tubridy,Session Officer,31910.40,427.84,5821.13,5608.88,38159.37,43768.25,2016,,Legislative Counsel Bureau,""
Victoria Gonzalez,Deputy Legislative Counsel,29349.60,1642.18,0.00,7751.90,30991.78,38743.68,2016,,Legislative Counsel Bureau,""
Rosanne Kruckenberg,Administrative Assistant,29391.36,0.00,165.79,9171.35,29557.15,38728.50,2016,,Legislative Counsel Bureau,""
Christine Seay,Account Technician,32370.65,178.48,0.00,4693.80,32549.13,37242.93,2016,,Legislative Counsel Bureau,""
Colin Colt,Deputy Legislative Counsel,29349.60,0.00,0.00,7751.90,29349.60,37101.50,2016,,Legislative Counsel Bureau,""
Robert Puterski,GIS Specialist,36787.07,0.00,0.00,0.00,36787.07,36787.07,2016,,Legislative Counsel Bureau,""
Valery Kukatov,Support Services Tech,23997.92,1583.37,0.00,11025.09,25581.29,36606.38,2016,,Legislative Counsel Bureau,""
Janet Traut,Associate Law Indexer,25384.06,0.00,0.00,10603.74,25384.06,35987.80,2016,,Legislative Counsel Bureau,""
Mark Vorderbruggen,Police Officer,33538.64,1197.99,1117.00,0.00,35853.63,35853.63,2016,,Legislative Counsel Bureau,""
Dean Reynolds,Session Officer,32119.23,739.94,1122.95,0.00,33982.12,33982.12,2016,,Legislative Counsel Bureau,""
Daniel Hawkins,"Large 40"" Offset Press Operator",25113.60,1677.51,0.00,7137.77,26791.11,33928.88,2016,,Legislative Counsel Bureau,""
Robert Renaud,Storeroom Clerk II,24371.68,0.00,0.00,9142.82,24371.68,33514.50,2016,,Legislative Counsel Bureau,""
Christopher Land,Deputy Legislative Counsel,26274.88,375.61,0.00,6606.82,26650.49,33257.31,2016,,Legislative Counsel Bureau,""
Allan Amburn,Deputy Legislative Counsel,26554.40,0.00,0.00,6647.35,26554.40,33201.75,2016,,Legislative Counsel Bureau,""
Kristin Rossiter,Senior Research Analyst,21705.25,0.00,1773.32,5954.18,23478.57,29432.75,2016,,Legislative Counsel Bureau,""
Vance Hughey,Senior Research Analyst,29059.36,0.00,0.00,0.00,29059.36,29059.36,2016,,Legislative Counsel Bureau,""
Misty Levis,Customer Support Specialist,22046.18,0.00,104.40,6705.34,22150.58,28855.92,2016,,Legislative Counsel Bureau,""
Marge Griffin,Administrative Service Manager - Assembly,23343.98,0.00,0.00,3384.90,23343.98,26728.88,2016,,Legislative Counsel Bureau,""
Angelo Gagliano,"Large 40"" Offset Press Operator",19025.60,977.13,0.00,6254.98,20002.73,26257.71,2016,,Legislative Counsel Bureau,""
Michelle Scheinman,Deputy Legislative Counsel,20125.44,506.63,0.00,5015.91,20632.07,25647.98,2016,,Legislative Counsel Bureau,""
Sylvia Brown,Executive Assistant - Assembly,22377.09,0.00,0.00,3244.70,22377.09,25621.79,2016,,Legislative Counsel Bureau,""
James Thorne,Deputy Legislative Auditor,17702.32,0.00,0.00,7054.37,17702.32,24756.69,2016,,Legislative Counsel Bureau,""
Amanda Barlow,Deputy Legislative Auditor,20787.60,0.00,0.00,3014.19,20787.60,23801.79,2016,,Legislative Counsel Bureau,""
Mark Sharp,Session Officer,22237.43,721.22,93.09,0.00,23051.74,23051.74,2016,,Legislative Counsel Bureau,""
Allison Bolognani,Document Specialist,14890.40,879.36,1374.15,5667.80,17143.91,22811.71,2016,,Legislative Counsel Bureau,""
Brent Sisneros,Janitor,15999.16,347.82,635.45,5620.71,16982.43,22603.14,2016,,Legislative Counsel Bureau,""
Mike Longmore,Offset Press Operator,15283.62,0.00,2415.80,4321.29,17699.42,22020.71,2016,,Legislative Counsel Bureau,""
Nathan Miller,Law Indexer,17883.15,503.16,0.00,0.00,18386.31,18386.31,2016,,Legislative Counsel Bureau,""
Leslie Smith,Support Services Specialist,18085.20,169.28,0.00,0.00,18254.48,18254.48,2016,,Legislative Counsel Bureau,""
Spencer O'brien,Network Services Specialist,13069.76,372.24,0.00,3992.88,13442.00,17434.88,2016,,Legislative Counsel Bureau,""
Todd Crowell,Support Services Specialist,13069.76,170.61,0.00,3992.88,13240.37,17233.25,2016,,Legislative Counsel Bureau,""
Bill Ferguson,Support Services Specialist,12635.48,666.93,0.00,3929.91,13302.41,17232.32,2016,,Legislative Counsel Bureau,""
Brian Burke,Senior Program Analyst,16343.00,595.55,0.00,0.00,16938.55,16938.55,2016,,Legislative Counsel Bureau,""
Jeng-Daw Yu,Principal Deputy Legis Counsel,8111.04,0.00,6360.01,1877.83,14471.05,16348.88,2016,,Legislative Counsel Bureau,""
Stephen Hatch,Support Services Specialist,12242.56,124.08,0.00,3872.92,12366.64,16239.56,2016,,Legislative Counsel Bureau,""
Jodene Poley,Senate Legislative Assistant IV,11978.74,225.90,0.00,3834.67,12204.64,16039.31,2016,,Legislative Counsel Bureau,""
Beverly Torres,Janitor,13014.12,64.53,501.63,1959.38,13580.28,15539.66,2016,,Legislative Counsel Bureau,""
Jennifer Sturm,Research Analyst,12228.00,0.00,0.00,3171.55,12228.00,15399.55,2016,,Legislative Counsel Bureau,""
Michael Williams,Janitor,10898.40,64.53,75.25,4335.34,11038.18,15373.52,2016,,Legislative Counsel Bureau,""
Jorge Guevara Carrillo,Janitor,12842.61,32.27,493.82,1933.61,13368.70,15302.31,2016,,Legislative Counsel Bureau,""
Trinity Thom,Assistant Sergeant at Arms,9272.25,0.00,0.00,5441.49,9272.25,14713.74,2016,,Legislative Counsel Bureau,""
Lisa Innis,Network Services Specialist,11319.36,0.00,0.00,3169.44,11319.36,14488.80,2016,,Legislative Counsel Bureau,""
Susan Whitford,Media Clerk,13771.79,596.12,0.00,0.00,14367.91,14367.91,2016,,Legislative Counsel Bureau,""
Lisa Ravenscroft,Document Specialist,9800.00,879.38,0.00,3518.75,10679.38,14198.13,2016,,Legislative Counsel Bureau,""
Joe Reeley,Job Planner,14075.48,0.00,0.00,0.00,14075.48,14075.48,2016,,Legislative Counsel Bureau,""
Ellen Davenport,Document Control Clerk,9800.00,708.75,0.00,3518.75,10508.75,14027.50,2016,,Legislative Counsel Bureau,""
Courtney Duke,Document Clerk,9712.50,800.63,0.00,3506.06,10513.13,14019.19,2016,,Legislative Counsel Bureau,""
Cory Bowder,Document Control Clerk,9625.00,787.50,0.00,3493.38,10412.50,13905.88,2016,,Legislative Counsel Bureau,""
Kenia Jones,Support Services Specialist,11415.36,527.34,0.00,1655.24,11942.70,13597.94,2016,,Legislative Counsel Bureau,""
Curtis Sakamoto,Session Officer,11238.82,0.00,382.38,1876.68,11621.20,13497.88,2016,,Legislative Counsel Bureau,""
Jordan Jones,Document Clerk,9800.00,0.00,0.00,3518.75,9800.00,13318.75,2016,,Legislative Counsel Bureau,""
James Warne,Session Officer,12647.45,0.00,177.73,0.00,12825.18,12825.18,2016,,Legislative Counsel Bureau,""
James Moss,Bindery III,9439.20,2202.48,1094.31,0.00,12735.99,12735.99,2016,,Legislative Counsel Bureau,""
Talisha Anderson,Composing & Quick Print Supervisor,9811.20,0.00,61.67,2826.07,9872.87,12698.94,2016,,Legislative Counsel Bureau,""
Lauren Renda,Document Specialist,7746.40,0.00,1573.64,3228.44,9320.04,12548.48,2016,,Legislative Counsel Bureau,""
Jasmine Shackley,Clerical Services Supervisor,10956.27,0.00,0.00,1588.66,10956.27,12544.93,2016,,Legislative Counsel Bureau,""
Emily Kidd,Deputy Legislative Auditor,8271.36,0.00,418.09,3719.45,8689.45,12408.90,2016,,Legislative Counsel Bureau,""
Charles Mahoney,Chief Accountant,6625.60,0.00,3151.27,2556.89,9776.87,12333.76,2016,,Legislative Counsel Bureau,""
Lona Domenici,Finance Committee Manager,10746.27,74.47,0.00,1398.50,10820.74,12219.24,2016,,Legislative Counsel Bureau,""
Ashlee Kalina,Research Analyst,9396.00,0.00,0.00,2760.90,9396.00,12156.90,2016,,Legislative Counsel Bureau,""
John Klinsmann,Mail Clerk,8256.00,464.40,0.00,3294.90,8720.40,12015.30,2016,,Legislative Counsel Bureau,""
Diana Jones,Senate Recording Clerk,10737.99,0.00,0.00,1271.99,10737.99,12009.98,2016,,Legislative Counsel Bureau,""
Abbey Butler,Document Clerk,9800.00,0.00,0.00,1421.00,9800.00,11221.00,2016,,Legislative Counsel Bureau,""
Katherine Madson,Mail Clerk,7712.48,206.40,0.00,3216.07,7918.88,11134.95,2016,,Legislative Counsel Bureau,""
Meghan Egli,Clerical Assistant,8064.00,0.00,0.00,2567.78,8064.00,10631.78,2016,,Legislative Counsel Bureau,""
Tina Ashdown,Research Assistant/Program Facilitator,7869.22,177.62,0.00,2539.54,8046.84,10586.38,2016,,Legislative Counsel Bureau,""
Lynn Hendricks,Senate Lead Committee Secretary,7918.83,0.00,0.00,2546.73,7918.83,10465.56,2016,,Legislative Counsel Bureau,""
Lynette Jones,Senate Committee Manager II,9026.19,0.00,0.00,1398.50,9026.19,10424.69,2016,,Legislative Counsel Bureau,""
Shirley Litton,Administrative Assistant,7031.20,6.83,0.00,3367.23,7038.03,10405.26,2016,,Legislative Counsel Bureau,""
Gina Hall,Assembly Committee Secretary,7187.48,0.00,30.92,3137.37,7218.40,10355.77,2016,,Legislative Counsel Bureau,""
Daniel Riggs,Press Helper,7032.50,1876.95,0.00,1403.46,8909.45,10312.91,2016,,Legislative Counsel Bureau,""
Paul Murphy,Janitor,6461.98,0.00,273.04,3508.65,6735.02,10243.67,2016,,Legislative Counsel Bureau,""
Stephanie Heyroth,Assistant Librarian,8886.24,0.00,0.00,1288.50,8886.24,10174.74,2016,,Legislative Counsel Bureau,""
Michael Ebright,Intermittent Police Officer,9433.84,0.00,553.12,0.00,9986.96,9986.96,2016,,Legislative Counsel Bureau,""
Arthur Sistare,Session Officer,9264.87,567.62,142.58,0.00,9975.07,9975.07,2016,,Legislative Counsel Bureau,""
Jeffrey Tlachac,Mail Clerk,9687.12,0.00,0.00,0.00,9687.12,9687.12,2016,,Legislative Counsel Bureau,""
Patricia Devereux,Senate Finance Lead Committee Secretary,6595.36,0.00,0.00,3054.09,6595.36,9649.45,2016,,Legislative Counsel Bureau,""
Rachel Parker,Janitor,6883.20,64.53,266.48,2434.82,7214.21,9649.03,2016,,Legislative Counsel Bureau,""
Juliet Newman,Senate Legislative Assistant IV,8201.28,0.00,0.00,1189.19,8201.28,9390.47,2016,,Legislative Counsel Bureau,""
Gail Herstead,Senate Proofreader,8158.42,0.00,0.00,1183.00,8158.42,9341.42,2016,,Legislative Counsel Bureau,""
Terri Miller,Senate Legislative Assistant IV,8076.25,0.00,0.00,1171.05,8076.25,9247.30,2016,,Legislative Counsel Bureau,""
Jason Udey,Janitor,6457.16,64.53,250.15,2370.71,6771.84,9142.55,2016,,Legislative Counsel Bureau,""
Bradley Smith,Session Officer,8928.73,0.00,95.15,0.00,9023.88,9023.88,2016,,Legislative Counsel Bureau,""
Cynthia Clampitt,Senate Finance Lead Committee Secretary,8966.69,34.75,0.00,0.00,9001.44,9001.44,2016,,Legislative Counsel Bureau,""
Connie Deyoung,Bindery I,6984.00,1760.55,0.00,0.00,8744.55,8744.55,2016,,Legislative Counsel Bureau,""
Jeffrey Hagedorn,Session Officer,7754.18,0.00,258.06,0.00,8012.24,8012.24,2016,,Legislative Counsel Bureau,""
Brian Montes,Bindery II,5216.40,1285.47,0.00,1403.46,6501.87,7905.33,2016,,Legislative Counsel Bureau,""
Marge Breister,Lobbyist Registration Clerk,6889.60,0.00,0.00,999.00,6889.60,7888.60,2016,,Legislative Counsel Bureau,""
Chris Graham,Document Control Clerk,3612.00,0.00,1573.06,2414.82,5185.06,7599.88,2016,,Legislative Counsel Bureau,""
Randy Halligan,Session CST,7540.46,0.00,0.00,0.00,7540.46,7540.46,2016,,Legislative Counsel Bureau,""
Susan Browning,Document Control Clerk,4118.40,0.00,1285.46,2000.64,5403.86,7404.50,2016,,Legislative Counsel Bureau,""
Charles Salerno,Janitor,6883.20,64.53,266.48,0.00,7214.21,7214.21,2016,,Legislative Counsel Bureau,""
Erandie Guevara,Janitor,6080.16,0.00,212.58,912.45,6292.74,7205.19,2016,,Legislative Counsel Bureau,""
Arzella Moots,Senate Finance Committee Senior Proofreader,7145.28,0.00,0.00,0.00,7145.28,7145.28,2016,,Legislative Counsel Bureau,""
Susan Hanshew,Senate Senior Proofreader,7082.08,0.00,0.00,0.00,7082.08,7082.08,2016,,Legislative Counsel Bureau,""
Karyn Werner,Committee Secretary,6958.64,0.00,53.99,0.00,7012.63,7012.63,2016,,Legislative Counsel Bureau,""
Betty Kaminski,Senior Committee Manager,6841.06,0.00,0.00,0.00,6841.06,6841.06,2016,,Legislative Counsel Bureau,""
Robin Bates,Sergeant at Arms,6777.17,58.59,0.00,0.00,6835.76,6835.76,2016,,Legislative Counsel Bureau,""
Elizabeth Teixeira,Executive Assistant,6609.87,0.00,0.00,0.00,6609.87,6609.87,2016,,Legislative Counsel Bureau,""
Justin Jackson,Bindery I,3936.80,1149.41,0.00,1403.46,5086.21,6489.67,2016,,Legislative Counsel Bureau,""
David Castleman,"Large 40"" Offset Press Operator",5356.72,715.07,167.25,0.00,6239.04,6239.04,2016,,Legislative Counsel Bureau,""
Patricia Manning,Executive Assistant - Assembly,6034.46,0.00,0.00,0.00,6034.46,6034.46,2016,,Legislative Counsel Bureau,""
Valerie Spell,Deputy Sergeant at Arms,5680.46,0.00,0.00,0.00,5680.46,5680.46,2016,,Legislative Counsel Bureau,""
James Gunn,Intermittent Police Officer,5594.10,0.00,37.62,0.00,5631.72,5631.72,2016,,Legislative Counsel Bureau,""
Daniel King,Bindery I,3936.80,1434.12,140.40,0.00,5511.32,5511.32,2016,,Legislative Counsel Bureau,""
Stephen Williams,Bindery Helper,3237.60,1163.51,147.77,701.73,4548.88,5250.61,2016,,Legislative Counsel Bureau,""
Nancy Davis,Committee Secretary,5075.80,0.00,48.99,0.00,5124.79,5124.79,2016,,Legislative Counsel Bureau,""
Marcia Peterson,Sr Proofreader,4976.18,0.00,26.25,0.00,5002.43,5002.43,2016,,Legislative Counsel Bureau,""
David Parks,Senator,4978.28,0.00,0.00,0.00,4978.28,4978.28,2016,,Legislative Counsel Bureau,""
Lisa Mcalister,"Assembly Committee Assistant, Ways & Means",3237.60,890.34,143.07,701.73,4271.01,4972.74,2016,,Legislative Counsel Bureau,""
Ronald Larson,Session Officer,4883.44,0.00,42.97,0.00,4926.41,4926.41,2016,,Legislative Counsel Bureau,""
Niki Panetti,Bindery Helper,3210.62,789.16,129.53,701.73,4129.31,4831.04,2016,,Legislative Counsel Bureau,""
Kristen Torvinen,Administrative Assistant,4166.40,0.00,0.00,604.13,4166.40,4770.53,2016,,Legislative Counsel Bureau,""
James Settelmeyer,Senator,4681.28,0.00,0.00,0.00,4681.28,4681.28,2016,,Legislative Counsel Bureau,""
Benjamin Kieckhefer,Senator,4534.99,0.00,0.00,0.00,4534.99,4534.99,2016,,Legislative Counsel Bureau,""
Marisol Huijon-Rosillo,Bindery Helper,3129.68,657.64,0.00,701.73,3787.32,4489.05,2016,,Legislative Counsel Bureau,""
Dawn Gadwill,Bindery Helper,3237.60,323.76,0.00,701.73,3561.36,4263.09,2016,,Legislative Counsel Bureau,""
Pete Goicoechea,Senator,4251.25,0.00,0.00,0.00,4251.25,4251.25,2016,,Legislative Counsel Bureau,""
Deanna Keirstead,Data Information Technician,4122.64,0.00,0.00,88.08,4122.64,4210.72,2016,,Legislative Counsel Bureau,""
Philip Elorreaga,Bindery I,3754.02,411.26,0.00,0.00,4165.28,4165.28,2016,,Legislative Counsel Bureau,""
Chelsea Zimmerman,Bindery Helper,2967.80,991.52,147.35,0.00,4106.67,4106.67,2016,,Legislative Counsel Bureau,""
Joyce Woodhouse,Senator,4096.12,0.00,0.00,0.00,4096.12,4096.12,2016,,Legislative Counsel Bureau,""
Daniel Topping,Bindery Helper,2967.80,910.58,143.93,0.00,4022.31,4022.31,2016,,Legislative Counsel Bureau,""
Shawna Martin,Bindery Helper,3237.60,768.93,0.00,0.00,4006.53,4006.53,2016,,Legislative Counsel Bureau,""
Mary Matheus,Deputy Sergeant at Arms,3991.14,0.00,0.00,0.00,3991.14,3991.14,2016,,Legislative Counsel Bureau,""
Joe Hardy,Senator,3949.83,0.00,0.00,0.00,3949.83,3949.83,2016,,Legislative Counsel Bureau,""
John Hambrick,Assemblyman,3812.38,0.00,0.00,0.00,3812.38,3812.38,2016,,Legislative Counsel Bureau,""
Laura Monti,Bindery Helper,3035.25,728.46,0.00,0.00,3763.71,3763.71,2016,,Legislative Counsel Bureau,""
Donald Wass,Bindery Helper,3102.70,637.40,0.00,0.00,3740.10,3740.10,2016,,Legislative Counsel Bureau,""
Irene Bustamante-Adams,Assemblywoman,3674.93,0.00,0.00,0.00,3674.93,3674.93,2016,,Legislative Counsel Bureau,""
Dawn Garcia,Bindery Helper,3075.72,596.93,0.00,0.00,3672.65,3672.65,2016,,Legislative Counsel Bureau,""
James Oscarson,Assemblyman,3666.09,0.00,0.00,0.00,3666.09,3666.09,2016,,Legislative Counsel Bureau,""
Robin Titus,Assemblywoman,3519.80,0.00,0.00,0.00,3519.80,3519.80,2016,,Legislative Counsel Bureau,""
Teresa Benitez-Thompson,Assemblywoman,3373.51,0.00,0.00,0.00,3373.51,3373.51,2016,,Legislative Counsel Bureau,""
Colleen Brennan,Senate Journal Clerk,3279.93,19.44,8.98,0.00,3308.35,3308.35,2016,,Legislative Counsel Bureau,""
Diane Hudson,Assembly Proofreader,2855.44,0.00,0.00,414.04,2855.44,3269.48,2016,,Legislative Counsel Bureau,""
Aaron Ford,Senator,3222.80,0.00,0.00,0.00,3222.80,3222.80,2016,,Legislative Counsel Bureau,""
Heidi Swank,Assemblywoman,2930.22,0.00,0.00,0.00,2930.22,2930.22,2016,,Legislative Counsel Bureau,""
Lynn Stewart,Assemblyman,2925.80,0.00,0.00,0.00,2925.80,2925.80,2016,,Legislative Counsel Bureau,""
Donald Gustavson,Senator,2925.80,0.00,0.00,0.00,2925.80,2925.80,2016,,Legislative Counsel Bureau,""
Terry Harmon,Senate Journal Clerk,2516.92,0.00,0.00,364.96,2516.92,2881.88,2016,,Legislative Counsel Bureau,""
Dean Sanger,"Large 40"" Offset Press Operator",0.00,0.00,2835.83,0.00,2835.83,2835.83,2016,,Legislative Counsel Bureau,""
Margaret Carlton,Assemblywoman,2788.35,0.00,0.00,0.00,2788.35,2788.35,2016,,Legislative Counsel Bureau,""
Patricia Spearman,Senator,2783.93,0.00,0.00,0.00,2783.93,2783.93,2016,,Legislative Counsel Bureau,""
Ellen Spiegel,Assemblywoman,2779.51,0.00,0.00,0.00,2779.51,2779.51,2016,,Legislative Counsel Bureau,""
Randall Kirner,Assemblyman,2779.51,0.00,0.00,0.00,2779.51,2779.51,2016,,Legislative Counsel Bureau,""
Marie Cavin,Senate Committee Minutes Coordinator,2777.76,0.00,0.00,0.00,2777.76,2777.76,2016,,Legislative Counsel Bureau,""
Ralph Ives,Bindery Helper,2158.40,445.18,78.67,0.00,2682.25,2682.25,2016,,Legislative Counsel Bureau,""
Christopher Edwards,Assemblyman,2637.64,0.00,0.00,0.00,2637.64,2637.64,2016,,Legislative Counsel Bureau,""
Kelvin Atkinson,Senator,2637.64,0.00,0.00,0.00,2637.64,2637.64,2016,,Legislative Counsel Bureau,""
Elise Sala,Document Center Manager,2258.99,0.00,0.00,327.55,2258.99,2586.54,2016,,Legislative Counsel Bureau,""
Michael Roberson,Senator,2486.93,0.00,0.00,0.00,2486.93,2486.93,2016,,Legislative Counsel Bureau,""
Wendy Doebbeling,Janitor,2064.96,0.00,79.20,310.90,2144.16,2455.06,2016,,Legislative Counsel Bureau,""
Mary Sullivan,Senate Finance Committee Secretary,2420.97,0.00,0.00,0.00,2420.97,2420.97,2016,,Legislative Counsel Bureau,""
Edgar Cervantes,Senate Finance Committee Secretary,2109.44,0.00,0.00,305.87,2109.44,2415.31,2016,,Legislative Counsel Bureau,""
Felicia Archer,Senate Finance Committee Secretary,2394.27,0.00,0.00,0.00,2394.27,2394.27,2016,,Legislative Counsel Bureau,""
Michael Sprinkle,Assemblyman,2345.06,0.00,0.00,0.00,2345.06,2345.06,2016,,Legislative Counsel Bureau,""
Stephen Silberkraus,Assemblyman,2340.64,0.00,0.00,0.00,2340.64,2340.64,2016,,Legislative Counsel Bureau,""
Roxanne Duer,Senior Research Secretary,2259.53,0.00,0.00,0.00,2259.53,2259.53,2016,,Legislative Counsel Bureau,""
Victoria Kieffer,Assistant Sergeant at Arms,1947.69,0.00,0.00,282.41,1947.69,2230.10,2016,,Legislative Counsel Bureau,""
Nelson Araujo,Assemblyman,2203.19,0.00,0.00,0.00,2203.19,2203.19,2016,,Legislative Counsel Bureau,""
Sylvia Dominguez-Curry,Personal Attaché,2195.60,0.00,0.00,0.00,2195.60,2195.60,2016,,Legislative Counsel Bureau,""
Glenn Trowbridge,Assemblyman,2194.35,0.00,0.00,0.00,2194.35,2194.35,2016,,Legislative Counsel Bureau,""
Becky Harris,Senator,2194.35,0.00,0.00,0.00,2194.35,2194.35,2016,,Legislative Counsel Bureau,""
Michele Burke,Media Clerk,2167.91,0.00,0.00,0.00,2167.91,2167.91,2016,,Legislative Counsel Bureau,""
Chris Tiedeman,Bindery Helper,1510.88,607.05,49.59,0.00,2167.52,2167.52,2016,,Legislative Counsel Bureau,""
Ira Hansen,Assemblyman,2052.48,0.00,0.00,0.00,2052.48,2052.48,2016,,Legislative Counsel Bureau,""
Philip O'neill,Assemblyman,2048.06,0.00,0.00,0.00,2048.06,2048.06,2016,,Legislative Counsel Bureau,""
Colby Nichols,Senate Finance Committee Secretary,1708.92,0.00,0.00,247.80,1708.92,1956.72,2016,,Legislative Counsel Bureau,""
Floyd Wheeler,Assemblyman,1901.77,0.00,0.00,0.00,1901.77,1901.77,2016,,Legislative Counsel Bureau,""
Moises Denis,Senator,1901.77,0.00,0.00,0.00,1901.77,1901.77,2016,,Legislative Counsel Bureau,""
Amy Peterson,Office Applications Specialist,0.00,0.00,1892.31,0.00,1892.31,1892.31,2016,,Legislative Counsel Bureau,""
Celssie Hardy,Executive Assistant - Assembly,1595.85,0.00,0.00,231.40,1595.85,1827.25,2016,,Legislative Counsel Bureau,""
Vicki Kemp,Senate Finance Committee Secretary,1076.98,0.00,0.00,699.25,1076.98,1776.23,2016,,Legislative Counsel Bureau,""
Olivia Diaz,Assemblywoman,1755.48,0.00,0.00,0.00,1755.48,1755.48,2016,,Legislative Counsel Bureau,""
Elliot Anderson,Assemblyman,1755.48,0.00,0.00,0.00,1755.48,1755.48,2016,,Legislative Counsel Bureau,""
Mark Manendo,Senator,1755.48,0.00,0.00,0.00,1755.48,1755.48,2016,,Legislative Counsel Bureau,""
James Ohrenschall,Assemblyman,1755.48,0.00,0.00,0.00,1755.48,1755.48,2016,,Legislative Counsel Bureau,""
Jill Dickman,Assemblywoman,1755.48,0.00,0.00,0.00,1755.48,1755.48,2016,,Legislative Counsel Bureau,""
Mark Lipparelli,Senator,1755.48,0.00,0.00,0.00,1755.48,1755.48,2016,,Legislative Counsel Bureau,""
Janet Meredith,Senate Document Center Manager,1530.76,0.00,0.00,221.96,1530.76,1752.72,2016,,Legislative Counsel Bureau,""
Theresa Peterson,Senate Assistant Sergeant at Arms,1429.66,0.00,0.00,207.30,1429.66,1636.96,2016,,Legislative Counsel Bureau,""
Scott Hammond,Senator,1609.19,0.00,0.00,0.00,1609.19,1609.19,2016,,Legislative Counsel Bureau,""
David Gardner,Assemblyman,1609.19,0.00,0.00,0.00,1609.19,1609.19,2016,,Legislative Counsel Bureau,""
Sara Menke,Personal Attaché,1371.31,0.00,0.00,198.84,1371.31,1570.15,2016,,Legislative Counsel Bureau,""
Martin Fitzgerald,Chief of Staff to the Speaker of the Assembly,1348.20,0.00,0.00,195.49,1348.20,1543.69,2016,,Legislative Counsel Bureau,""
Linda Law,Personal Attaché,1532.68,0.00,0.00,0.00,1532.68,1532.68,2016,,Legislative Counsel Bureau,""
Mary Lee,Personal Attaché,1478.45,0.00,0.00,0.00,1478.45,1478.45,2016,,Legislative Counsel Bureau,""
Odis Thompson,Assemblyman,1467.32,0.00,0.00,0.00,1467.32,1467.32,2016,,Legislative Counsel Bureau,""
Derek Armstrong,Assemblyman,1462.90,0.00,0.00,0.00,1462.90,1462.90,2016,,Legislative Counsel Bureau,""
John Ellison,Assemblyman,1462.90,0.00,0.00,0.00,1462.90,1462.90,2016,,Legislative Counsel Bureau,""
Stella Blood,Senate Legislative Assistant IV,1246.73,0.00,0.00,180.78,1246.73,1427.51,2016,,Legislative Counsel Bureau,""
Virginia Taylor,Janitor,533.05,0.00,25.34,782.15,558.39,1340.54,2016,,Legislative Counsel Bureau,""
Julia Ratti,Senator,1334.29,0.00,0.00,0.00,1334.29,1334.29,2016,,Legislative Counsel Bureau,""
Paul Anderson,Assemblyman,1321.03,0.00,0.00,0.00,1321.03,1321.03,2016,,Legislative Counsel Bureau,""
John Moore,Assemblyman,1316.61,0.00,0.00,0.00,1316.61,1316.61,2016,,Legislative Counsel Bureau,""
Brent Jones,Assemblyman,1316.61,0.00,0.00,0.00,1316.61,1316.61,2016,,Legislative Counsel Bureau,""
Melissa Woodbury,Assemblywoman,1316.61,0.00,0.00,0.00,1316.61,1316.61,2016,,Legislative Counsel Bureau,""
Steven Brummer,Senate Assistant Sergeant at Arms,1255.17,0.00,0.00,0.00,1255.17,1255.17,2016,,Legislative Counsel Bureau,""
Todd Westergard,Senate Legislative Assistant III,1197.04,0.00,0.00,0.00,1197.04,1197.04,2016,,Legislative Counsel Bureau,""
Alice Silva,"Assembly Lead Committee Secretary, Ways & Means",1111.19,0.00,0.00,0.00,1111.19,1111.19,2016,,Legislative Counsel Bureau,""
Mario Avila,Paralegal,939.60,0.00,0.00,136.24,939.60,1075.84,2016,,Legislative Counsel Bureau,""
Dina Neal,Assemblywoman,1024.03,0.00,0.00,0.00,1024.03,1024.03,2016,,Legislative Counsel Bureau,""
Patricia Farley,Senator,1024.03,0.00,0.00,0.00,1024.03,1024.03,2016,,Legislative Counsel Bureau,""
Edgar Flores,Assemblyman,877.74,0.00,0.00,0.00,877.74,877.74,2016,,Legislative Counsel Bureau,""
Richard Carrillo,Assemblyman,877.74,0.00,0.00,0.00,877.74,877.74,2016,,Legislative Counsel Bureau,""
Steve Yeager,Assemblyman,753.55,0.00,0.00,0.00,753.55,753.55,2016,,Legislative Counsel Bureau,""
Jill Tolles,Assemblywoman,753.55,0.00,0.00,0.00,753.55,753.55,2016,,Legislative Counsel Bureau,""
Justin Watkins,Assemblyman,753.55,0.00,0.00,0.00,753.55,753.55,2016,,Legislative Counsel Bureau,""
James Marchant,Assemblyman,753.55,0.00,0.00,0.00,753.55,753.55,2016,,Legislative Counsel Bureau,""
Alvin Kramer,Assemblyman,753.55,0.00,0.00,0.00,753.55,753.55,2016,,Legislative Counsel Bureau,""
Osvaldo Fumo,Assemblyman,753.55,0.00,0.00,0.00,753.55,753.55,2016,,Legislative Counsel Bureau,""
William Mccurdy Ii,Assemblyman,753.55,0.00,0.00,0.00,753.55,753.55,2016,,Legislative Counsel Bureau,""
Daniele Monroe-Moreno,Assemblywoman,753.55,0.00,0.00,0.00,753.55,753.55,2016,,Legislative Counsel Bureau,""
Keith Pickard,Assemblyman,753.55,0.00,0.00,0.00,753.55,753.55,2016,,Legislative Counsel Bureau,""
Brittney Miller,Assemblywoman,753.55,0.00,0.00,0.00,753.55,753.55,2016,,Legislative Counsel Bureau,""
Nicole Cannizzaro,Senator,753.55,0.00,0.00,0.00,753.55,753.55,2016,,Legislative Counsel Bureau,""
Lisa Krasner,Assemblywoman,753.55,0.00,0.00,0.00,753.55,753.55,2016,,Legislative Counsel Bureau,""
Shannon Bilbray-Axelrod,Assemblywoman,753.55,0.00,0.00,0.00,753.55,753.55,2016,,Legislative Counsel Bureau,""
Michele Fiore,Assemblywoman,731.45,0.00,0.00,0.00,731.45,731.45,2016,,Legislative Counsel Bureau,""
Richard Segerblom,Senator,731.45,0.00,0.00,0.00,731.45,731.45,2016,,Legislative Counsel Bureau,""
Dominic Brunetti,Assemblyman,731.45,0.00,0.00,0.00,731.45,731.45,2016,,Legislative Counsel Bureau,""
Victoria Seaman,Assemblywoman,731.45,0.00,0.00,0.00,731.45,731.45,2016,,Legislative Counsel Bureau,""
Stephanie Smith,Assemblywoman,731.45,0.00,0.00,0.00,731.45,731.45,2016,,Legislative Counsel Bureau,""
Kyle Stephens,Assemblyman,731.45,0.00,0.00,0.00,731.45,731.45,2016,,Legislative Counsel Bureau,""
Harvey Munford,Assemblyman,731.45,0.00,0.00,0.00,731.45,731.45,2016,,Legislative Counsel Bureau,""
Vicki Dooling,Assemblywoman,731.45,0.00,0.00,0.00,731.45,731.45,2016,,Legislative Counsel Bureau,""
Ruben Kihuen,Senator,731.45,0.00,0.00,0.00,731.45,731.45,2016,,Legislative Counsel Bureau,""
Amber Joiner,Assemblywoman,731.45,0.00,0.00,0.00,731.45,731.45,2016,,Legislative Counsel Bureau,""
Shelly Shelton,Assemblywoman,731.45,0.00,0.00,0.00,731.45,731.45,2016,,Legislative Counsel Bureau,""
Jesse Haw,Senator,731.45,0.00,0.00,0.00,731.45,731.45,2016,,Legislative Counsel Bureau,""
Dawn Berger,Clerical Assistant,323.76,0.00,366.53,0.00,690.29,690.29,2016,,Legislative Counsel Bureau,""
Deborah Paul,Personal Attaché,671.92,0.00,0.00,0.00,671.92,671.92,2016,,Legislative Counsel Bureau,""
Sandra Jauregui,Assemblywoman,602.84,0.00,0.00,0.00,602.84,602.84,2016,,Legislative Counsel Bureau,""
Jordan Haas,Secretary,496.32,0.00,0.00,71.97,496.32,568.29,2016,,Legislative Counsel Bureau,""
Tamara Nash,Senate History Clerk,454.47,0.00,7.93,0.00,462.40,462.40,2016,,Legislative Counsel Bureau,""
Richard Mcarthur,Assemblyman,452.13,0.00,0.00,0.00,452.13,452.13,2016,,Legislative Counsel Bureau,""
Erven Nelson,Assemblyman,438.87,0.00,0.00,0.00,438.87,438.87,2016,,Legislative Counsel Bureau,""
Linda Corbett,Executive Assistant - Assembly,332.08,0.00,0.00,0.00,332.08,332.08,2016,,Legislative Counsel Bureau,""
Lesley Cohen,Assemblywoman,301.42,0.00,0.00,0.00,301.42,301.42,2016,,Legislative Counsel Bureau,""
Christopher Brooks,Assemblyman,301.42,0.00,0.00,0.00,301.42,301.42,2016,,Legislative Counsel Bureau,""
Barbara Eiche,Assembly Personal Secretary,163.91,0.00,0.00,0.00,163.91,163.91,2016,,Legislative Counsel Bureau,""
Sheree Rosevear,Personal Attaché,115.59,0.00,0.00,16.76,115.59,132.35,2016,,Legislative Counsel Bureau,""
Betty Vonderheide,Executive Assistant - Assembly,110.08,0.00,0.00,0.00,110.08,110.08,2016,,Legislative Counsel Bureau,""
Robert Milby,Sergeant At Arms,0.00,0.00,84.37,0.00,84.37,84.37,2016,,Legislative Counsel Bureau,""
