Employee Name,Job Title,Base Pay,Overtime Pay,Other Pay,Benefits,Total Pay,Total Pay & Benefits,Year,Notes,Agency,Status
Frank T Johnson,District Manager,98870.04,0.00,0.00,39182.74,98870.04,138052.78,2016,,Minden-Gardnerville Sanitation District,""
Brian D Buffo,Operations Supervisor,78546.25,3583.24,3473.25,33971.75,85602.74,119574.49,2016,,Minden-Gardnerville Sanitation District,""
Jr Clifford Simpson Jr.,Operator I,88383.12,0.00,0.00,24011.14,88383.12,112394.26,2016,,Minden-Gardnerville Sanitation District,""
"Timothy G Sheets, Timothy",Lab Technician,67424.60,2796.71,3991.50,31452.82,74212.81,105665.63,2016,,Minden-Gardnerville Sanitation District,""
Peter V Baratti,Operator II,56508.66,5214.60,4115.25,28513.78,65838.51,94352.29,2016,,Minden-Gardnerville Sanitation District,""
Andrew T Marshall,Operator III,56825.35,3570.03,3873.75,28183.33,64269.13,92452.46,2016,,Minden-Gardnerville Sanitation District,""
April L Burchett,Administrative Assistant,62897.78,0.00,0.00,29085.59,62897.78,91983.37,2016,,Minden-Gardnerville Sanitation District,""
Christopher M Baracosa,Operator II,61474.84,411.83,288.00,28379.85,62174.67,90554.52,2016,,Minden-Gardnerville Sanitation District,""
Sarah M King,Administrative Assistant,56243.12,0.00,0.00,26986.44,56243.12,83229.56,2016,,Minden-Gardnerville Sanitation District,""
Anthony D LaRocca,Operator II,52445.43,1679.18,1956.00,26313.51,56080.61,82394.12,2016,,Minden-Gardnerville Sanitation District,""
David R Glover,Operator-In-Training,36242.60,0.00,0.00,18771.64,36242.60,55014.24,2016,,Minden-Gardnerville Sanitation District,""
Marshall S Morris,Laborer,12800.03,0.00,0.00,0.00,12800.03,12800.03,2016,,Minden-Gardnerville Sanitation District,""
Raymond G Wilson,Trustee/Board Chairman,7200.00,0.00,0.00,2016.00,7200.00,9216.00,2016,,Minden-Gardnerville Sanitation District,""
Barbara S Smallwood,Trustee/Board Vice Chairman,7200.00,0.00,0.00,2016.00,7200.00,9216.00,2016,,Minden-Gardnerville Sanitation District,""
Mark R Dudley,Trustee,7200.00,0.00,0.00,2016.00,7200.00,9216.00,2016,,Minden-Gardnerville Sanitation District,""
Robert L Allgeier,Trustee/Board Treasurer,7200.00,0.00,0.00,2016.00,7200.00,9216.00,2016,,Minden-Gardnerville Sanitation District,""
Michael B King,Trustee,7200.00,0.00,0.00,0.00,7200.00,7200.00,2016,,Minden-Gardnerville Sanitation District,""
