Employee Name,Job Title,Base Pay,Overtime Pay,Other Pay,Benefits,Total Pay,Total Pay & Benefits,Year,Notes,Agency,Status
Joseph Davis,General Manager,94248.00,0.00,4760.00,37590.21,99008.00,136598.21,2016,,Moapa Valley Water District,""
Bryan Mortensen,Water Production Superintendent,72663.09,10033.78,4009.50,34208.06,86706.37,120914.43,2016,,Moapa Valley Water District,""
Lon Dalley,Water Distribution Superintendent,80922.69,0.00,4087.00,34474.88,85009.69,119484.57,2016,,Moapa Valley Water District,""
Kiley Bradshaw,Lead Serviceman,62953.85,9737.75,3513.40,31369.24,76205.00,107574.24,2016,,Moapa Valley Water District,""
Brian Greig,Lead Serviceman,63353.31,9210.74,3194.00,30757.31,75758.05,106515.36,2016,,Moapa Valley Water District,""
Daniel Bevan,Serviceman,60008.43,9529.52,3347.30,30194.59,72885.25,103079.84,2016,,Moapa Valley Water District,""
Jeannie Poynor,Office Manager,63241.20,742.62,3194.00,24810.33,67177.82,91988.15,2016,,Moapa Valley Water District,""
Kenneth Bessey,Accounts Clerk III,59962.35,239.67,3347.30,27476.94,63549.32,91026.26,2016,,Moapa Valley Water District,""
Burton Cox,Engineering Technician,53836.27,0.00,2719.00,26465.00,56555.27,83020.27,2016,,Moapa Valley Water District,""
Victor Bitter,Meter Reading Specialist,51698.12,195.86,2611.00,25279.57,54504.98,79784.55,2016,,Moapa Valley Water District,""
Susan Rose,Executive Assistant,51771.60,630.74,2890.80,22925.86,55293.14,78219.00,2016,,Moapa Valley Water District,""
Michael Palmer,Serviceman,45877.60,4265.49,2330.20,24298.66,52473.29,76771.95,2016,,Moapa Valley Water District,""
Mason Stratton,Serviceman,45591.01,5373.67,2558.90,23203.54,53523.58,76727.12,2016,,Moapa Valley Water District,""
Mica Leatham,Serviceman,45787.32,4666.60,2330.20,22725.52,52784.12,75509.64,2016,,Moapa Valley Water District,""
Nicolas Shakespear,Serviceman,45720.25,3978.06,2558.90,21764.80,52257.21,74022.01,2016,,Moapa Valley Water District,""
Denna Anderson,Receptionist,31758.62,0.00,1779.20,23331.61,33537.82,56869.43,2016,,Moapa Valley Water District,""
Julie Nelsen,Account Clerk I,40269.61,0.00,2016.60,12856.25,42286.21,55142.46,2016,,Moapa Valley Water District,""
